path,verdict,detail,samplerate,cutoff_hz,nyquist_hz,slope_db_per_khz
/home/adam/driveBig/Music/New unformated songs/(2022) The Dream  (Deluxe)/01. Bane.flac,SUSPECT,"hard cutoff at ~21756Hz, steep 13.1dB/kHz -> likely transcoded from 320kbps (or near-transparent) MP3/lossy",48000,21756,24000,13.1
/home/adam/driveBig/Music/New unformated songs/(2022) The Dream  (Deluxe)/02. U&ME.flac,SUSPECT,"hard cutoff at ~22266Hz, steep 18.2dB/kHz -> likely transcoded from 320kbps (or near-transparent) MP3/lossy",48000,22266,24000,18.2
/home/adam/driveBig/Music/New unformated songs/(2022) The Dream  (Deluxe)/03. Hard Drive Gold.flac,SUSPECT,"hard cutoff at ~21902Hz, steep 12.9dB/kHz -> likely transcoded from 320kbps (or near-transparent) MP3/lossy",48000,21902,24000,12.9
/home/adam/driveBig/Music/New unformated songs/(2022) The Dream  (Deluxe)/04. Happier When You're Gone.flac,SUSPECT,"hard cutoff at ~21727Hz, steep 12.3dB/kHz -> likely transcoded from 320kbps (or near-transparent) MP3/lossy",48000,21727,24000,12.3
/home/adam/driveBig/Music/New unformated songs/(2022) The Dream  (Deluxe)/05. The Actor.flac,GRADUAL_ROLLOFF,"rolloff at ~21439Hz but gentle (7.6dB/kHz) - could be an old master/analog source, not necessarily transcoded",48000,21439,24000,7.6
/home/adam/driveBig/Music/New unformated songs/(2022) The Dream  (Deluxe)/06. Get Better.flac,SUSPECT,"hard cutoff at ~21967Hz, steep 13.5dB/kHz -> likely transcoded from 320kbps (or near-transparent) MP3/lossy",48000,21967,24000,13.5
/home/adam/driveBig/Music/New unformated songs/(2022) The Dream  (Deluxe)/07. Chicago.flac,GRADUAL_ROLLOFF,"rolloff at ~21832Hz but gentle (12.0dB/kHz) - could be an old master/analog source, not necessarily transcoded",48000,21832,24000,12
/home/adam/driveBig/Music/New unformated songs/(2022) The Dream  (Deluxe)/08. Philadelphia.flac,SUSPECT,"hard cutoff at ~21961Hz, steep 17.3dB/kHz -> likely transcoded from 320kbps (or near-transparent) MP3/lossy",48000,21961,24000,17.3
/home/adam/driveBig/Music/New unformated songs/(2022) The Dream  (Deluxe)/09. Walk a Mile.flac,SUSPECT,"hard cutoff at ~21762Hz, steep 12.8dB/kHz -> likely transcoded from 320kbps (or near-transparent) MP3/lossy",48000,21762,24000,12.8
/home/adam/driveBig/Music/New unformated songs/(2022) The Dream  (Deluxe)/10. Delta.flac,SUSPECT,"hard cutoff at ~22201Hz, steep 13.8dB/kHz -> likely transcoded from 320kbps (or near-transparent) MP3/lossy",48000,22201,24000,13.8
/home/adam/driveBig/Music/New unformated songs/(2022) The Dream  (Deluxe)/11. Losing My Mind.flac,SUSPECT,"hard cutoff at ~21902Hz, steep 14.1dB/kHz -> likely transcoded from 320kbps (or near-transparent) MP3/lossy",48000,21902,24000,14.1
/home/adam/driveBig/Music/New unformated songs/(2022) The Dream  (Deluxe)/12. Powders.flac,GRADUAL_ROLLOFF,"rolloff at ~21316Hz but gentle (9.3dB/kHz) - could be an old master/analog source, not necessarily transcoded",48000,21316,24000,9.3
/home/adam/driveBig/Music/New unformated songs/(2022) The Dream  (Deluxe)/13. The Actor.flac,GRADUAL_ROLLOFF,"rolloff at ~21996Hz but gentle (6.0dB/kHz) - could be an old master/analog source, not necessarily transcoded",48000,21996,24000,6
/home/adam/driveBig/Music/New unformated songs/(2022) The Dream  (Deluxe)/14. U&ME.flac,SUSPECT,"hard cutoff at ~22963Hz, steep 17.3dB/kHz -> likely transcoded from 320kbps (or near-transparent) MP3/lossy",48000,22963,24000,17.3
/home/adam/driveBig/Music/New unformated songs/(2022) The Dream  (Deluxe)/15. Hard Drive Gold.flac,GRADUAL_ROLLOFF,"rolloff at ~20876Hz but gentle (8.3dB/kHz) - could be an old master/analog source, not necessarily transcoded",44100,20876,22050,8.3
/home/adam/driveBig/Music/New unformated songs/(2022) The Dream  (Deluxe)/16. Hard Drive Gold.flac,CLEAN,content extends to 21226Hz (Nyquist 22050Hz) - looks genuine,44100,21226,22050,11.2
/home/adam/driveBig/Music/New unformated songs/(2022) The Dream  (Deluxe)/17. U&ME.flac,SUSPECT,"hard cutoff at ~22811Hz, steep 13.3dB/kHz -> likely transcoded from 320kbps (or near-transparent) MP3/lossy",48000,22811,24000,13.3
/home/adam/driveBig/Music/New unformated songs/01  - Girls &amp; Boys.flac,GRADUAL_ROLLOFF,"rolloff at ~17501Hz but gentle (4.3dB/kHz) - could be an old master/analog source, not necessarily transcoded",44100,17501,22050,4.3
"/home/adam/driveBig/Music/New unformated songs/01 - Slow Night, So Long (Original Mix) - Kings Of Leon.flac",GRADUAL_ROLLOFF,"rolloff at ~17162Hz but gentle (1.5dB/kHz) - could be an old master/analog source, not necessarily transcoded",44100,17162,22050,1.5
/home/adam/driveBig/Music/New unformated songs/01 The Next Episode [Explicit].flac,SUSPECT,"hard cutoff at ~19418Hz, steep 25.4dB/kHz -> likely transcoded from 192kbps MP3",44100,19418,22050,25.4
/home/adam/driveBig/Music/New unformated songs/02  - Tracy Jacks.flac,GRADUAL_ROLLOFF,"rolloff at ~15988Hz but gentle (3.9dB/kHz) - could be an old master/analog source, not necessarily transcoded",44100,15988,22050,3.9
/home/adam/driveBig/Music/New unformated songs/02 - King of the Rodeo (Original Mix) - Kings Of Leon.flac,GRADUAL_ROLLOFF,"rolloff at ~17539Hz but gentle (2.1dB/kHz) - could be an old master/analog source, not necessarily transcoded",44100,17539,22050,2.1
/home/adam/driveBig/Music/New unformated songs/02 Ila Nzour Nebra.flac,SUSPECT,"hard cutoff at ~19014Hz, steep 14.1dB/kHz -> likely transcoded from 192kbps MP3",44100,19014,22050,14.1
/home/adam/driveBig/Music/New unformated songs/03  - End of a Century.flac,GRADUAL_ROLLOFF,"rolloff at ~16548Hz but gentle (4.3dB/kHz) - could be an old master/analog source, not necessarily transcoded",44100,16548,22050,4.3
/home/adam/driveBig/Music/New unformated songs/03 - Taper Jean Girl (Original Mix) - Kings Of Leon.flac,GRADUAL_ROLLOFF,"rolloff at ~18798Hz but gentle (2.8dB/kHz) - could be an old master/analog source, not necessarily transcoded",44100,18798,22050,2.8
/home/adam/driveBig/Music/New unformated songs/03 Habibi.flac,SUSPECT,"hard cutoff at ~19418Hz, steep 29.4dB/kHz -> likely transcoded from 192kbps MP3",44100,19418,22050,29.4
/home/adam/driveBig/Music/New unformated songs/04  - Parklife.flac,GRADUAL_ROLLOFF,"rolloff at ~15768Hz but gentle (4.9dB/kHz) - could be an old master/analog source, not necessarily transcoded",44100,15768,22050,4.9
/home/adam/driveBig/Music/New unformated songs/04 - Pistol of Fire (Original Mix) - Kings Of Leon.flac,GRADUAL_ROLLOFF,"rolloff at ~18885Hz but gentle (2.0dB/kHz) - could be an old master/analog source, not necessarily transcoded",44100,18885,22050,2
/home/adam/driveBig/Music/New unformated songs/04 Everybody Hurts.flac,SUSPECT,"hard cutoff at ~19541Hz, steep 30.0dB/kHz -> likely transcoded from 256/224kbps MP3/AAC",44100,19541,22050,30
/home/adam/driveBig/Music/New unformated songs/05  - Bank Holiday.flac,GRADUAL_ROLLOFF,"rolloff at ~17183Hz but gentle (1.8dB/kHz) - could be an old master/analog source, not necessarily transcoded",44100,17183,22050,1.8
/home/adam/driveBig/Music/New unformated songs/05 - Milk (Original Mix) - Kings Of Leon.flac,GRADUAL_ROLLOFF,"rolloff at ~13857Hz but gentle (1.9dB/kHz) - could be an old master/analog source, not necessarily transcoded",44100,13857,22050,1.9
/home/adam/driveBig/Music/New unformated songs/05 Wahrane Wahrane.flac,SUSPECT,"hard cutoff at ~19466Hz, steep 26.4dB/kHz -> likely transcoded from 192kbps MP3",44100,19466,22050,26.4
/home/adam/driveBig/Music/New unformated songs/06  - Badhead.flac,GRADUAL_ROLLOFF,"rolloff at ~15838Hz but gentle (3.5dB/kHz) - could be an old master/analog source, not necessarily transcoded",44100,15838,22050,3.5
/home/adam/driveBig/Music/New unformated songs/06 - The Bucket (Original Mix) - Kings Of Leon.flac,GRADUAL_ROLLOFF,"rolloff at ~16225Hz but gentle (2.3dB/kHz) - could be an old master/analog source, not necessarily transcoded",44100,16225,22050,2.3
/home/adam/driveBig/Music/New unformated songs/06 9 to 5.flac,SUSPECT,"hard cutoff at ~19434Hz, steep 27.8dB/kHz -> likely transcoded from 192kbps MP3",44100,19434,22050,27.8
/home/adam/driveBig/Music/New unformated songs/07  - The Debt Collector.flac,GRADUAL_ROLLOFF,"rolloff at ~17011Hz but gentle (3.0dB/kHz) - could be an old master/analog source, not necessarily transcoded",44100,17011,22050,3
/home/adam/driveBig/Music/New unformated songs/07 - Soft (Original Mix) - Kings Of Leon.flac,GRADUAL_ROLLOFF,"rolloff at ~16015Hz but gentle (2.0dB/kHz) - could be an old master/analog source, not necessarily transcoded",44100,16015,22050,2
/home/adam/driveBig/Music/New unformated songs/07 Goulou L'Mama.flac,SUSPECT,"hard cutoff at ~19477Hz, steep 33.2dB/kHz -> likely transcoded from 192kbps MP3",44100,19477,22050,33.2
/home/adam/driveBig/Music/New unformated songs/08  - Far Out.flac,GRADUAL_ROLLOFF,"rolloff at ~15725Hz but gentle (1.7dB/kHz) - could be an old master/analog source, not necessarily transcoded",44100,15725,22050,1.7
/home/adam/driveBig/Music/New unformated songs/08 - Razz (Original Mix) - Kings Of Leon.flac,GRADUAL_ROLLOFF,"rolloff at ~17426Hz but gentle (3.1dB/kHz) - could be an old master/analog source, not necessarily transcoded",44100,17426,22050,3.1
/home/adam/driveBig/Music/New unformated songs/08 The Song of Admiral General Sargeant Aladeen (feat. Omar Fadel).flac,SUSPECT,"hard cutoff at ~19504Hz, steep 33.4dB/kHz -> likely transcoded from 256/224kbps MP3/AAC",44100,19504,22050,33.4
/home/adam/driveBig/Music/New unformated songs/09  - To the End.flac,GRADUAL_ROLLOFF,"rolloff at ~19245Hz but gentle (4.1dB/kHz) - could be an old master/analog source, not necessarily transcoded",44100,19245,22050,4.1
/home/adam/driveBig/Music/New unformated songs/09 - Day Old Blues (Original Mix) - Kings Of Leon.flac,GRADUAL_ROLLOFF,"rolloff at ~14616Hz but gentle (2.1dB/kHz) - could be an old master/analog source, not necessarily transcoded",44100,14616,22050,2.1
/home/adam/driveBig/Music/New unformated songs/09 Let's Get It On.flac,SUSPECT,"hard cutoff at ~19407Hz, steep 25.7dB/kHz -> likely transcoded from 192kbps MP3",44100,19407,22050,25.7
/home/adam/driveBig/Music/New unformated songs/10  - London Loves.flac,GRADUAL_ROLLOFF,"rolloff at ~15030Hz but gentle (0.2dB/kHz) - could be an old master/analog source, not necessarily transcoded",44100,15030,22050,0.2
/home/adam/driveBig/Music/New unformated songs/10 - Four Kicks (Original Mix) - Kings Of Leon.flac,GRADUAL_ROLLOFF,"rolloff at ~19558Hz but gentle (3.4dB/kHz) - could be an old master/analog source, not necessarily transcoded",44100,19558,22050,3.4
/home/adam/driveBig/Music/New unformated songs/10 Raoui.flac,SUSPECT,"hard cutoff at ~19321Hz, steep 20.5dB/kHz -> likely transcoded from 192kbps MP3",44100,19321,22050,20.5
/home/adam/driveBig/Music/New unformated songs/11  - Trouble in the Message Centre.flac,GRADUAL_ROLLOFF,"rolloff at ~13577Hz but gentle (2.5dB/kHz) - could be an old master/analog source, not necessarily transcoded",44100,13577,22050,2.5
/home/adam/driveBig/Music/New unformated songs/11 - Velvet Snow (Original Mix) - Kings Of Leon.flac,GRADUAL_ROLLOFF,"rolloff at ~18879Hz but gentle (1.8dB/kHz) - could be an old master/analog source, not necessarily transcoded",44100,18879,22050,1.8
/home/adam/driveBig/Music/New unformated songs/11 Money's On the Dresser (feat. Jules Brookes) [Explicit].flac,SUSPECT,"hard cutoff at ~19434Hz, steep 28.2dB/kHz -> likely transcoded from 192kbps MP3",44100,19434,22050,28.2
/home/adam/driveBig/Music/New unformated songs/12  - Clover Over Dover.flac,GRADUAL_ROLLOFF,"rolloff at ~16484Hz but gentle (4.5dB/kHz) - could be an old master/analog source, not necessarily transcoded",44100,16484,22050,4.5
/home/adam/driveBig/Music/New unformated songs/12 - Rememo (Original Mix) - Kings Of Leon.flac,GRADUAL_ROLLOFF,"rolloff at ~15477Hz but gentle (0.8dB/kHz) - could be an old master/analog source, not necessarily transcoded",44100,15477,22050,0.8
/home/adam/driveBig/Music/New unformated songs/12 Our Beloved Leader [Explicit].flac,SUSPECT,"hard cutoff at ~19014Hz, steep 21.2dB/kHz -> likely transcoded from 192kbps MP3",44100,19014,22050,21.2
/home/adam/driveBig/Music/New unformated songs/13  - Magic America.flac,GRADUAL_ROLLOFF,"rolloff at ~16204Hz but gentle (2.9dB/kHz) - could be an old master/analog source, not necessarily transcoded",44100,16204,22050,2.9
/home/adam/driveBig/Music/New unformated songs/13 - Where Nobody Knows (Original Mix) - Kings Of Leon.flac,GRADUAL_ROLLOFF,"rolloff at ~18895Hz but gentle (0.9dB/kHz) - could be an old master/analog source, not necessarily transcoded",44100,18895,22050,0.9
/home/adam/driveBig/Music/New unformated songs/14  - Jubilee.flac,GRADUAL_ROLLOFF,"rolloff at ~16236Hz but gentle (1.8dB/kHz) - could be an old master/analog source, not necessarily transcoded",44100,16236,22050,1.8
/home/adam/driveBig/Music/New unformated songs/15  - This Is a Low.flac,GRADUAL_ROLLOFF,"rolloff at ~15628Hz but gentle (1.7dB/kHz) - could be an old master/analog source, not necessarily transcoded",44100,15628,22050,1.7
/home/adam/driveBig/Music/New unformated songs/16  - Lot 105.flac,GRADUAL_ROLLOFF,"rolloff at ~15622Hz but gentle (2.7dB/kHz) - could be an old master/analog source, not necessarily transcoded",44100,15622,22050,2.7
/home/adam/driveBig/Music/New unformated songs/3rd Secret - 3rd Secret (2022) [FLAC] [16B-44100kHz]/01. 3rd Secret - Rhythm of the Ride.flac,SUSPECT,"hard cutoff at ~16505Hz, steep 20.3dB/kHz -> likely transcoded from 128kbps MP3",44100,16505,22050,20.3
/home/adam/driveBig/Music/New unformated songs/3rd Secret - 3rd Secret (2022) [FLAC] [16B-44100kHz]/02. 3rd Secret - I Choose Me.flac,SUSPECT,"hard cutoff at ~16634Hz, steep 29.4dB/kHz -> likely transcoded from 128kbps MP3",44100,16634,22050,29.4
/home/adam/driveBig/Music/New unformated songs/3rd Secret - 3rd Secret (2022) [FLAC] [16B-44100kHz]/03. 3rd Secret - Last Day of August.flac,SUSPECT,"hard cutoff at ~16677Hz, steep 22.8dB/kHz -> likely transcoded from 128kbps MP3",44100,16677,22050,22.8
/home/adam/driveBig/Music/New unformated songs/3rd Secret - 3rd Secret (2022) [FLAC] [16B-44100kHz]/04. 3rd Secret - Winter Solstice.flac,SUSPECT,"hard cutoff at ~16527Hz, steep 25.0dB/kHz -> likely transcoded from 128kbps MP3",44100,16527,22050,25
/home/adam/driveBig/Music/New unformated songs/3rd Secret - 3rd Secret (2022) [FLAC] [16B-44100kHz]/05. 3rd Secret - Lies Fade Away.flac,SUSPECT,"hard cutoff at ~16527Hz, steep 22.2dB/kHz -> likely transcoded from 128kbps MP3",44100,16527,22050,22.2
/home/adam/driveBig/Music/New unformated songs/3rd Secret - 3rd Secret (2022) [FLAC] [16B-44100kHz]/06. 3rd Secret - Live Without You.flac,SUSPECT,"hard cutoff at ~16629Hz, steep 26.3dB/kHz -> likely transcoded from 128kbps MP3",44100,16629,22050,26.3
/home/adam/driveBig/Music/New unformated songs/3rd Secret - 3rd Secret (2022) [FLAC] [16B-44100kHz]/07. 3rd Secret - Right Stuff.flac,SUSPECT,"hard cutoff at ~16527Hz, steep 25.6dB/kHz -> likely transcoded from 128kbps MP3",44100,16527,22050,25.6
/home/adam/driveBig/Music/New unformated songs/3rd Secret - 3rd Secret (2022) [FLAC] [16B-44100kHz]/08. 3rd Secret - Dead Sea.flac,SUSPECT,"hard cutoff at ~16532Hz, steep 23.6dB/kHz -> likely transcoded from 128kbps MP3",44100,16532,22050,23.6
/home/adam/driveBig/Music/New unformated songs/3rd Secret - 3rd Secret (2022) [FLAC] [16B-44100kHz]/09. 3rd Secret - Diamond in the Cold.flac,SUSPECT,"hard cutoff at ~16699Hz, steep 30.3dB/kHz -> likely transcoded from 128kbps MP3",44100,16699,22050,30.3
/home/adam/driveBig/Music/New unformated songs/3rd Secret - 3rd Secret (2022) [FLAC] [16B-44100kHz]/10. 3rd Secret - Somewhere in Time.flac,SUSPECT,"hard cutoff at ~16683Hz, steep 31.1dB/kHz -> likely transcoded from 128kbps MP3",44100,16683,22050,31.1
/home/adam/driveBig/Music/New unformated songs/3rd Secret - 3rd Secret (2022) [FLAC] [16B-44100kHz]/11. 3rd Secret - The Yellow Dress.flac,SUSPECT,"hard cutoff at ~16715Hz, steep 29.3dB/kHz -> likely transcoded from 128kbps MP3",44100,16715,22050,29.3
/home/adam/driveBig/Music/New unformated songs/Alice In Chains - Dirt (2022 Remaster) (1992) [FLAC] [16B-44100kHz]/01. Alice In Chains - Them Bones (2022 Remaster).flac,SUSPECT,"hard cutoff at ~16758Hz, steep 31.7dB/kHz -> likely transcoded from 128kbps MP3",44100,16758,22050,31.7
/home/adam/driveBig/Music/New unformated songs/Alice In Chains - Dirt (2022 Remaster) (1992) [FLAC] [16B-44100kHz]/02. Alice In Chains - Dam That River (2022 Remaster).flac,SUSPECT,"hard cutoff at ~16715Hz, steep 31.2dB/kHz -> likely transcoded from 128kbps MP3",44100,16715,22050,31.2
/home/adam/driveBig/Music/New unformated songs/Alice In Chains - Dirt (2022 Remaster) (1992) [FLAC] [16B-44100kHz]/03. Alice In Chains - Rain When I Die (2022 Remaster).flac,SUSPECT,"hard cutoff at ~16688Hz, steep 33.4dB/kHz -> likely transcoded from 128kbps MP3",44100,16688,22050,33.4
/home/adam/driveBig/Music/New unformated songs/Alice In Chains - Dirt (2022 Remaster) (1992) [FLAC] [16B-44100kHz]/04. Alice In Chains - Down In A Hole (2022 Remaster).flac,SUSPECT,"hard cutoff at ~16721Hz, steep 28.2dB/kHz -> likely transcoded from 128kbps MP3",44100,16721,22050,28.2
/home/adam/driveBig/Music/New unformated songs/Alice In Chains - Dirt (2022 Remaster) (1992) [FLAC] [16B-44100kHz]/05. Alice In Chains - Sickman (2022 Remaster).flac,SUSPECT,"hard cutoff at ~16699Hz, steep 26.4dB/kHz -> likely transcoded from 128kbps MP3",44100,16699,22050,26.4
/home/adam/driveBig/Music/New unformated songs/Alice In Chains - Dirt (2022 Remaster) (1992) [FLAC] [16B-44100kHz]/06. Alice In Chains - Rooster (2022 Remaster).flac,SUSPECT,"hard cutoff at ~16747Hz, steep 26.6dB/kHz -> likely transcoded from 128kbps MP3",44100,16747,22050,26.6
/home/adam/driveBig/Music/New unformated songs/Alice In Chains - Dirt (2022 Remaster) (1992) [FLAC] [16B-44100kHz]/07. Alice In Chains - Junkhead (2022 Remaster).flac,SUSPECT,"hard cutoff at ~16677Hz, steep 29.2dB/kHz -> likely transcoded from 128kbps MP3",44100,16677,22050,29.2
/home/adam/driveBig/Music/New unformated songs/Alice In Chains - Dirt (2022 Remaster) (1992) [FLAC] [16B-44100kHz]/08. Alice In Chains - Dirt (2022 Remaster).flac,SUSPECT,"hard cutoff at ~16747Hz, steep 26.8dB/kHz -> likely transcoded from 128kbps MP3",44100,16747,22050,26.8
/home/adam/driveBig/Music/New unformated songs/Alice In Chains - Dirt (2022 Remaster) (1992) [FLAC] [16B-44100kHz]/09. Alice In Chains - God Smack (2022 Remaster).flac,SUSPECT,"hard cutoff at ~16597Hz, steep 25.6dB/kHz -> likely transcoded from 128kbps MP3",44100,16597,22050,25.6
/home/adam/driveBig/Music/New unformated songs/Alice In Chains - Dirt (2022 Remaster) (1992) [FLAC] [16B-44100kHz]/10. Alice In Chains - Untitled (2022 Remaster).flac,SUSPECT,"hard cutoff at ~16554Hz, steep 25.6dB/kHz -> likely transcoded from 128kbps MP3",44100,16554,22050,25.6
/home/adam/driveBig/Music/New unformated songs/Alice In Chains - Dirt (2022 Remaster) (1992) [FLAC] [16B-44100kHz]/11. Alice In Chains - Hate To Feel (2022 Remaster) (Explicit).flac,SUSPECT,"hard cutoff at ~16715Hz, steep 28.2dB/kHz -> likely transcoded from 128kbps MP3",44100,16715,22050,28.2
/home/adam/driveBig/Music/New unformated songs/Alice In Chains - Dirt (2022 Remaster) (1992) [FLAC] [16B-44100kHz]/12. Alice In Chains - Angry Chair (2022 Remaster).flac,SUSPECT,"hard cutoff at ~16721Hz, steep 28.8dB/kHz -> likely transcoded from 128kbps MP3",44100,16721,22050,28.8
/home/adam/driveBig/Music/New unformated songs/Alice In Chains - Dirt (2022 Remaster) (1992) [FLAC] [16B-44100kHz]/13. Alice In Chains - Would (2022 Remaster).flac,SUSPECT,"hard cutoff at ~16758Hz, steep 29.9dB/kHz -> likely transcoded from 128kbps MP3",44100,16758,22050,29.9
/home/adam/driveBig/Music/New unformated songs/Alison Mosshart - It Ain't Water (2020) [FLAC] [16B-44100kHz]/01. Alison Mosshart - It Ain't Water.flac,SUSPECT,"hard cutoff at ~16468Hz, steep 21.0dB/kHz -> likely transcoded from 128kbps MP3",44100,16468,22050,21
/home/adam/driveBig/Music/New unformated songs/Alison Mosshart - It Ain't Water (2020) [FLAC] [16B-44100kHz]/02. Alison Mosshart - Rise.flac,SUSPECT,"hard cutoff at ~16026Hz, steep 22.2dB/kHz -> likely transcoded from 128kbps MP3",44100,16026,22050,22.2
/home/adam/driveBig/Music/New unformated songs/Ally Nicholas - All Summer Long (2023) [FLAC] [16B-44100kHz]/01. Ally Nicholas - All Summer Long (Explicit).flac,SUSPECT,"hard cutoff at ~16785Hz, steep 25.3dB/kHz -> likely transcoded from 128kbps MP3",44100,16785,22050,25.3
/home/adam/driveBig/Music/New unformated songs/Ally Nicholas - Bored (2024) [FLAC] [16B-44100kHz]/01. Ally Nicholas - Bored.flac,SUSPECT,"hard cutoff at ~16710Hz, steep 25.0dB/kHz -> likely transcoded from 128kbps MP3",44100,16710,22050,25
/home/adam/driveBig/Music/New unformated songs/Ally Nicholas - Bullets (2024) [FLAC] [16B-44100kHz]/01. Ally Nicholas - Bullets.flac,SUSPECT,"hard cutoff at ~16516Hz, steep 18.3dB/kHz -> likely transcoded from 128kbps MP3",44100,16516,22050,18.3
/home/adam/driveBig/Music/New unformated songs/Ally Nicholas - Fall Into (2023) [FLAC] [16B-44100kHz]/01. Ally Nicholas - Fall Into.flac,SUSPECT,"hard cutoff at ~16624Hz, steep 19.9dB/kHz -> likely transcoded from 128kbps MP3",44100,16624,22050,19.9
/home/adam/driveBig/Music/New unformated songs/Ally Nicholas - Feels Like Dying (2024) [FLAC] [16B-44100kHz]/01. Ally Nicholas - Feels Like Dying.flac,SUSPECT,"hard cutoff at ~16796Hz, steep 29.2dB/kHz -> likely transcoded from 128kbps MP3",44100,16796,22050,29.2
/home/adam/driveBig/Music/New unformated songs/Ally Nicholas - I Know You Too Well (2023) [FLAC] [16B-44100kHz]/01. Ally Nicholas - I Know You Too Well.flac,SUSPECT,"hard cutoff at ~16564Hz, steep 22.7dB/kHz -> likely transcoded from 128kbps MP3",44100,16564,22050,22.7
/home/adam/driveBig/Music/New unformated songs/Ally Nicholas - Nevermind the Hurry (2025) [FLAC] [16B-44100kHz]/01. Ally Nicholas - Red.flac,SUSPECT,"hard cutoff at ~16694Hz, steep 27.2dB/kHz -> likely transcoded from 128kbps MP3",44100,16694,22050,27.2
/home/adam/driveBig/Music/New unformated songs/Ally Nicholas - Nevermind the Hurry (2025) [FLAC] [16B-44100kHz]/02. Ally Nicholas - Nevermind the Hurry.flac,SUSPECT,"hard cutoff at ~16607Hz, steep 23.0dB/kHz -> likely transcoded from 128kbps MP3",44100,16607,22050,23
/home/adam/driveBig/Music/New unformated songs/Ally Nicholas - Nevermind the Hurry (2025) [FLAC] [16B-44100kHz]/03. Ally Nicholas - Right.flac,SUSPECT,"hard cutoff at ~16521Hz, steep 19.6dB/kHz -> likely transcoded from 128kbps MP3",44100,16521,22050,19.6
/home/adam/driveBig/Music/New unformated songs/Ally Nicholas - Nevermind the Hurry (2025) [FLAC] [16B-44100kHz]/04. Ally Nicholas - Killing.flac,SUSPECT,"hard cutoff at ~16737Hz, steep 27.5dB/kHz -> likely transcoded from 128kbps MP3",44100,16737,22050,27.5
/home/adam/driveBig/Music/New unformated songs/Ally Nicholas - Nevermind the Hurry (2025) [FLAC] [16B-44100kHz]/05. Ally Nicholas - I Wanna Believe.flac,SUSPECT,"hard cutoff at ~16796Hz, steep 32.6dB/kHz -> likely transcoded from 128kbps MP3",44100,16796,22050,32.6
/home/adam/driveBig/Music/New unformated songs/Ally Nicholas - Seventeen (2023) [FLAC] [16B-44100kHz]/01. Ally Nicholas - Seventeen.flac,SUSPECT,"hard cutoff at ~16704Hz, steep 25.9dB/kHz -> likely transcoded from 128kbps MP3",44100,16704,22050,25.9
/home/adam/driveBig/Music/New unformated songs/Ally Nicholas - Warning Signs (2024) [FLAC] [16B-44100kHz]/01. Ally Nicholas - Warning Signs.flac,SUSPECT,"hard cutoff at ~16699Hz, steep 29.0dB/kHz -> likely transcoded from 128kbps MP3",44100,16699,22050,29
/home/adam/driveBig/Music/New unformated songs/Ally Nicholas - Whisper (2025) [FLAC] [16B-44100kHz]/01. Ally Nicholas - Whisper.flac,SUSPECT,"hard cutoff at ~16672Hz, steep 27.8dB/kHz -> likely transcoded from 128kbps MP3",44100,16672,22050,27.8
/home/adam/driveBig/Music/New unformated songs/An Awesome Wave (Deluxe Version)/01 alt-J - Intro.flac,SUSPECT,"hard cutoff at ~20812Hz, steep 20.6dB/kHz -> likely transcoded from 320kbps (or near-transparent) MP3/lossy",44100,20812,22050,20.6
/home/adam/driveBig/Music/New unformated songs/An Awesome Wave (Deluxe Version)/02 alt-J - Interlude I (The Ripe & Ruin).flac,GRADUAL_ROLLOFF,"rolloff at ~20241Hz but gentle (10.7dB/kHz) - could be an old master/analog source, not necessarily transcoded",44100,20241,22050,10.7
/home/adam/driveBig/Music/New unformated songs/An Awesome Wave (Deluxe Version)/03 alt-J - Tessellate.flac,SUSPECT,"hard cutoff at ~20855Hz, steep 21.0dB/kHz -> likely transcoded from 320kbps (or near-transparent) MP3/lossy",44100,20855,22050,21
/home/adam/driveBig/Music/New unformated songs/An Awesome Wave (Deluxe Version)/04 alt-J - Breezeblocks.flac,SUSPECT,"hard cutoff at ~20790Hz, steep 17.4dB/kHz -> likely transcoded from 256/224kbps MP3/AAC",44100,20790,22050,17.4
/home/adam/driveBig/Music/New unformated songs/An Awesome Wave (Deluxe Version)/05 alt-J - Interlude II.flac,SUSPECT,"hard cutoff at ~20591Hz, steep 13.8dB/kHz -> likely transcoded from 256/224kbps MP3/AAC",44100,20591,22050,13.8
/home/adam/driveBig/Music/New unformated songs/An Awesome Wave (Deluxe Version)/06 alt-J - Something Good.flac,SUSPECT,"hard cutoff at ~20839Hz, steep 18.7dB/kHz -> likely transcoded from 320kbps (or near-transparent) MP3/lossy",44100,20839,22050,18.7
/home/adam/driveBig/Music/New unformated songs/An Awesome Wave (Deluxe Version)/07 alt-J - Dissolve Me.flac,SUSPECT,"hard cutoff at ~20833Hz, steep 18.4dB/kHz -> likely transcoded from 320kbps (or near-transparent) MP3/lossy",44100,20833,22050,18.4
/home/adam/driveBig/Music/New unformated songs/An Awesome Wave (Deluxe Version)/08 alt-J - Matilda.flac,SUSPECT,"hard cutoff at ~20742Hz, steep 17.1dB/kHz -> likely transcoded from 256/224kbps MP3/AAC",44100,20742,22050,17.1
/home/adam/driveBig/Music/New unformated songs/An Awesome Wave (Deluxe Version)/09 alt-J - Ms.flac,SUSPECT,"hard cutoff at ~20591Hz, steep 14.9dB/kHz -> likely transcoded from 256/224kbps MP3/AAC",44100,20591,22050,14.9
/home/adam/driveBig/Music/New unformated songs/An Awesome Wave (Deluxe Version)/10 alt-J - Fitzpleasure.flac,SUSPECT,"hard cutoff at ~20726Hz, steep 17.3dB/kHz -> likely transcoded from 256/224kbps MP3/AAC",44100,20726,22050,17.3
/home/adam/driveBig/Music/New unformated songs/An Awesome Wave (Deluxe Version)/11 alt-J - Interlude III.flac,GRADUAL_ROLLOFF,"rolloff at ~20123Hz but gentle (7.7dB/kHz) - could be an old master/analog source, not necessarily transcoded",44100,20123,22050,7.7
/home/adam/driveBig/Music/New unformated songs/An Awesome Wave (Deluxe Version)/12 alt-J - Bloodflood.flac,SUSPECT,"hard cutoff at ~20553Hz, steep 13.5dB/kHz -> likely transcoded from 256/224kbps MP3/AAC",44100,20553,22050,13.5
/home/adam/driveBig/Music/New unformated songs/An Awesome Wave (Deluxe Version)/13 alt-J - Taro.flac,GRADUAL_ROLLOFF,"rolloff at ~20080Hz but gentle (7.9dB/kHz) - could be an old master/analog source, not necessarily transcoded",44100,20080,22050,7.9
/home/adam/driveBig/Music/New unformated songs/An Awesome Wave (Deluxe Version)/14 alt-J - Hand-Made.flac,GRADUAL_ROLLOFF,"rolloff at ~20327Hz but gentle (9.0dB/kHz) - could be an old master/analog source, not necessarily transcoded",44100,20327,22050,9
/home/adam/driveBig/Music/New unformated songs/An Awesome Wave (Deluxe Version)/15 alt-J - Taro (Live from the Africa Centre 14.04.12).flac,CLEAN,content extends to 21205Hz (Nyquist 22050Hz) - looks genuine,44100,21205,22050,15.1
/home/adam/driveBig/Music/New unformated songs/An Awesome Wave (Deluxe Version)/17 alt-J - Tessellate (Live from the Africa Centre 14.04.12).flac,SUSPECT,"hard cutoff at ~21167Hz, steep 13.3dB/kHz -> likely transcoded from 320kbps (or near-transparent) MP3/lossy",44100,21167,22050,13.3
/home/adam/driveBig/Music/New unformated songs/An Awesome Wave (Deluxe Version)/18 alt-J - Bloodflood (Sarm Acoustic Version).flac,GRADUAL_ROLLOFF,"rolloff at ~21043Hz but gentle (11.3dB/kHz) - could be an old master/analog source, not necessarily transcoded",44100,21043,22050,11.3
/home/adam/driveBig/Music/New unformated songs/An Awesome Wave (Deluxe Version)/19 alt-J - Matilda (Sarm Acoustic Version).flac,CLEAN,content extends to 21210Hz (Nyquist 22050Hz) - looks genuine,44100,21210,22050,14.1
/home/adam/driveBig/Music/New unformated songs/An Awesome Wave (Deluxe Version)/20 alt-J - Something Good (Sarm Acoustic Version).flac,CLEAN,content extends to 21393Hz (Nyquist 22050Hz) - looks genuine,44100,21393,22050,21.1
/home/adam/driveBig/Music/New unformated songs/An Awesome Wave (Deluxe Version)/21 alt-J - Fitzpleasure (bretonLABS Remix).flac,CLEAN,content extends to 21237Hz (Nyquist 22050Hz) - looks genuine,44100,21237,22050,19.6
/home/adam/driveBig/Music/New unformated songs/An Awesome Wave (Deluxe Version)/22 alt-J - Matilda (Ghostpoet 'Gang Panang Adlit' Remix).flac,CLEAN,content extends to 21490Hz (Nyquist 22050Hz) - looks genuine,44100,21490,22050,27.5
/home/adam/driveBig/Music/New unformated songs/An Awesome Wave (Deluxe Version)/23 alt-J - Tessellate (Dam Mantle Remix).flac,CLEAN,content extends to 21377Hz (Nyquist 22050Hz) - looks genuine,44100,21377,22050,20.6
/home/adam/driveBig/Music/New unformated songs/An Awesome Wave (Deluxe Version)/24 alt-J - Breezeblocks (Tom Vek's Sfx Remix).flac,CLEAN,content extends to 21339Hz (Nyquist 22050Hz) - looks genuine,44100,21339,22050,17.7
/home/adam/driveBig/Music/New unformated songs/An Awesome Wave (Deluxe Version)/25 alt-J - Something Good (BlackBox Remix).flac,CLEAN,content extends to 21458Hz (Nyquist 22050Hz) - looks genuine,44100,21458,22050,25.4
/home/adam/driveBig/Music/New unformated songs/Arctic Monkeys - Humbug (2009) [FLAC] [16B-44100kHz]/01. Arctic Monkeys - My Propeller.flac,SUSPECT,"hard cutoff at ~16677Hz, steep 24.9dB/kHz -> likely transcoded from 128kbps MP3",44100,16677,22050,24.9
/home/adam/driveBig/Music/New unformated songs/Arctic Monkeys - Humbug (2009) [FLAC] [16B-44100kHz]/02. Arctic Monkeys - Crying Lightning.flac,SUSPECT,"hard cutoff at ~16683Hz, steep 24.3dB/kHz -> likely transcoded from 128kbps MP3",44100,16683,22050,24.3
/home/adam/driveBig/Music/New unformated songs/Arctic Monkeys - Humbug (2009) [FLAC] [16B-44100kHz]/03. Arctic Monkeys - Dangerous Animals.flac,SUSPECT,"hard cutoff at ~16656Hz, steep 24.8dB/kHz -> likely transcoded from 128kbps MP3",44100,16656,22050,24.8
/home/adam/driveBig/Music/New unformated songs/Arctic Monkeys - Humbug (2009) [FLAC] [16B-44100kHz]/04. Arctic Monkeys - Secret Door (Explicit).flac,SUSPECT,"hard cutoff at ~16699Hz, steep 25.2dB/kHz -> likely transcoded from 128kbps MP3",44100,16699,22050,25.2
/home/adam/driveBig/Music/New unformated songs/Arctic Monkeys - Humbug (2009) [FLAC] [16B-44100kHz]/05. Arctic Monkeys - Potion Approaching.flac,SUSPECT,"hard cutoff at ~16624Hz, steep 23.1dB/kHz -> likely transcoded from 128kbps MP3",44100,16624,22050,23.1
/home/adam/driveBig/Music/New unformated songs/Arctic Monkeys - Humbug (2009) [FLAC] [16B-44100kHz]/06. Arctic Monkeys - Fire And The Thud.flac,SUSPECT,"hard cutoff at ~16613Hz, steep 27.7dB/kHz -> likely transcoded from 128kbps MP3",44100,16613,22050,27.7
/home/adam/driveBig/Music/New unformated songs/Arctic Monkeys - Humbug (2009) [FLAC] [16B-44100kHz]/07. Arctic Monkeys - Cornerstone.flac,SUSPECT,"hard cutoff at ~16667Hz, steep 24.3dB/kHz -> likely transcoded from 128kbps MP3",44100,16667,22050,24.3
/home/adam/driveBig/Music/New unformated songs/Arctic Monkeys - Humbug (2009) [FLAC] [16B-44100kHz]/08. Arctic Monkeys - Dance Little Liar.flac,SUSPECT,"hard cutoff at ~16677Hz, steep 25.9dB/kHz -> likely transcoded from 128kbps MP3",44100,16677,22050,25.9
/home/adam/driveBig/Music/New unformated songs/Arctic Monkeys - Humbug (2009) [FLAC] [16B-44100kHz]/09. Arctic Monkeys - Pretty Visitors.flac,SUSPECT,"hard cutoff at ~16677Hz, steep 24.5dB/kHz -> likely transcoded from 128kbps MP3",44100,16677,22050,24.5
/home/adam/driveBig/Music/New unformated songs/Arctic Monkeys - Humbug (2009) [FLAC] [16B-44100kHz]/10. Arctic Monkeys - The Jeweller's Hands.flac,SUSPECT,"hard cutoff at ~16667Hz, steep 26.9dB/kHz -> likely transcoded from 128kbps MP3",44100,16667,22050,26.9
"/home/adam/driveBig/Music/New unformated songs/Arctic Monkeys - Whatever People Say I Am, That's What I'm Not (2006) [FLAC] [16B-44100kHz]/01. Arctic Monkeys - The View From The Afternoon.flac",SUSPECT,"hard cutoff at ~16699Hz, steep 24.7dB/kHz -> likely transcoded from 128kbps MP3",44100,16699,22050,24.7
"/home/adam/driveBig/Music/New unformated songs/Arctic Monkeys - Whatever People Say I Am, That's What I'm Not (2006) [FLAC] [16B-44100kHz]/02. Arctic Monkeys - I Bet You Look Good On The Dancefloor.flac",SUSPECT,"hard cutoff at ~16672Hz, steep 26.2dB/kHz -> likely transcoded from 128kbps MP3",44100,16672,22050,26.2
"/home/adam/driveBig/Music/New unformated songs/Arctic Monkeys - Whatever People Say I Am, That's What I'm Not (2006) [FLAC] [16B-44100kHz]/03. Arctic Monkeys - Fake Tales Of San Francisco (Explicit).flac",SUSPECT,"hard cutoff at ~16564Hz, steep 23.7dB/kHz -> likely transcoded from 128kbps MP3",44100,16564,22050,23.7
"/home/adam/driveBig/Music/New unformated songs/Arctic Monkeys - Whatever People Say I Am, That's What I'm Not (2006) [FLAC] [16B-44100kHz]/04. Arctic Monkeys - Dancing Shoes.flac",SUSPECT,"hard cutoff at ~16446Hz, steep 23.4dB/kHz -> likely transcoded from 128kbps MP3",44100,16446,22050,23.4
"/home/adam/driveBig/Music/New unformated songs/Arctic Monkeys - Whatever People Say I Am, That's What I'm Not (2006) [FLAC] [16B-44100kHz]/05. Arctic Monkeys - You Probably Couldn't See For The Lights But You Were Staring Straight At Me.flac",SUSPECT,"hard cutoff at ~16624Hz, steep 26.2dB/kHz -> likely transcoded from 128kbps MP3",44100,16624,22050,26.2
"/home/adam/driveBig/Music/New unformated songs/Arctic Monkeys - Whatever People Say I Am, That's What I'm Not (2006) [FLAC] [16B-44100kHz]/06. Arctic Monkeys - Still Take You Home.flac",SUSPECT,"hard cutoff at ~16667Hz, steep 28.4dB/kHz -> likely transcoded from 128kbps MP3",44100,16667,22050,28.4
"/home/adam/driveBig/Music/New unformated songs/Arctic Monkeys - Whatever People Say I Am, That's What I'm Not (2006) [FLAC] [16B-44100kHz]/07. Arctic Monkeys - Riot Van.flac",SUSPECT,"hard cutoff at ~16532Hz, steep 19.8dB/kHz -> likely transcoded from 128kbps MP3",44100,16532,22050,19.8
"/home/adam/driveBig/Music/New unformated songs/Arctic Monkeys - Whatever People Say I Am, That's What I'm Not (2006) [FLAC] [16B-44100kHz]/08. Arctic Monkeys - Red Light Indicates Doors Are Secured.flac",SUSPECT,"hard cutoff at ~16651Hz, steep 26.3dB/kHz -> likely transcoded from 128kbps MP3",44100,16651,22050,26.3
"/home/adam/driveBig/Music/New unformated songs/Arctic Monkeys - Whatever People Say I Am, That's What I'm Not (2006) [FLAC] [16B-44100kHz]/09. Arctic Monkeys - Mardy Bum.flac",SUSPECT,"hard cutoff at ~16640Hz, steep 24.0dB/kHz -> likely transcoded from 128kbps MP3",44100,16640,22050,24
"/home/adam/driveBig/Music/New unformated songs/Arctic Monkeys - Whatever People Say I Am, That's What I'm Not (2006) [FLAC] [16B-44100kHz]/10. Arctic Monkeys - Perhaps Vampires Is A Bit Strong But….flac",SUSPECT,"hard cutoff at ~16667Hz, steep 26.7dB/kHz -> likely transcoded from 128kbps MP3",44100,16667,22050,26.7
"/home/adam/driveBig/Music/New unformated songs/Arctic Monkeys - Whatever People Say I Am, That's What I'm Not (2006) [FLAC] [16B-44100kHz]/11. Arctic Monkeys - When The Sun Goes Down (Explicit).flac",SUSPECT,"hard cutoff at ~16651Hz, steep 27.2dB/kHz -> likely transcoded from 128kbps MP3",44100,16651,22050,27.2
"/home/adam/driveBig/Music/New unformated songs/Arctic Monkeys - Whatever People Say I Am, That's What I'm Not (2006) [FLAC] [16B-44100kHz]/12. Arctic Monkeys - From The Ritz To The Rubble.flac",SUSPECT,"hard cutoff at ~16640Hz, steep 26.1dB/kHz -> likely transcoded from 128kbps MP3",44100,16640,22050,26.1
"/home/adam/driveBig/Music/New unformated songs/Arctic Monkeys - Whatever People Say I Am, That's What I'm Not (2006) [FLAC] [16B-44100kHz]/13. Arctic Monkeys - A Certain Romance.flac",SUSPECT,"hard cutoff at ~16645Hz, steep 23.7dB/kHz -> likely transcoded from 128kbps MP3",44100,16645,22050,23.7
/home/adam/driveBig/Music/New unformated songs/Audioslave - Out of Exile (2005) [FLAC] [16B-44100kHz]/01. Audioslave - Your Time Has Come.flac,SUSPECT,"hard cutoff at ~16258Hz, steep 19.5dB/kHz -> likely transcoded from 128kbps MP3",44100,16258,22050,19.5
/home/adam/driveBig/Music/New unformated songs/Audioslave - Out of Exile (2005) [FLAC] [16B-44100kHz]/02. Audioslave - Out Of Exile.flac,SUSPECT,"hard cutoff at ~16651Hz, steep 28.5dB/kHz -> likely transcoded from 128kbps MP3",44100,16651,22050,28.5
/home/adam/driveBig/Music/New unformated songs/Audioslave - Out of Exile (2005) [FLAC] [16B-44100kHz]/03. Audioslave - Be Yourself.flac,SUSPECT,"hard cutoff at ~16564Hz, steep 24.9dB/kHz -> likely transcoded from 128kbps MP3",44100,16564,22050,24.9
/home/adam/driveBig/Music/New unformated songs/Audioslave - Out of Exile (2005) [FLAC] [16B-44100kHz]/04. Audioslave - Doesn't Remind Me.flac,SUSPECT,"hard cutoff at ~16645Hz, steep 25.6dB/kHz -> likely transcoded from 128kbps MP3",44100,16645,22050,25.6
/home/adam/driveBig/Music/New unformated songs/Audioslave - Out of Exile (2005) [FLAC] [16B-44100kHz]/05. Audioslave - Drown Me Slowly.flac,SUSPECT,"hard cutoff at ~16607Hz, steep 25.7dB/kHz -> likely transcoded from 128kbps MP3",44100,16607,22050,25.7
/home/adam/driveBig/Music/New unformated songs/Audioslave - Out of Exile (2005) [FLAC] [16B-44100kHz]/06. Audioslave - Heaven's Dead.flac,SUSPECT,"hard cutoff at ~16677Hz, steep 29.1dB/kHz -> likely transcoded from 128kbps MP3",44100,16677,22050,29.1
/home/adam/driveBig/Music/New unformated songs/Audioslave - Out of Exile (2005) [FLAC] [16B-44100kHz]/07. Audioslave - The Worm.flac,SUSPECT,"hard cutoff at ~16607Hz, steep 24.9dB/kHz -> likely transcoded from 128kbps MP3",44100,16607,22050,24.9
/home/adam/driveBig/Music/New unformated songs/Audioslave - Out of Exile (2005) [FLAC] [16B-44100kHz]/08. Audioslave - Man Or Animal.flac,SUSPECT,"hard cutoff at ~16053Hz, steep 18.0dB/kHz -> likely transcoded from 128kbps MP3",44100,16053,22050,18
/home/adam/driveBig/Music/New unformated songs/Audioslave - Out of Exile (2005) [FLAC] [16B-44100kHz]/09. Audioslave - Yesterday To Tomorrow.flac,SUSPECT,"hard cutoff at ~16704Hz, steep 28.1dB/kHz -> likely transcoded from 128kbps MP3",44100,16704,22050,28.1
/home/adam/driveBig/Music/New unformated songs/Audioslave - Out of Exile (2005) [FLAC] [16B-44100kHz]/10. Audioslave - Dandelion.flac,SUSPECT,"hard cutoff at ~16672Hz, steep 27.1dB/kHz -> likely transcoded from 128kbps MP3",44100,16672,22050,27.1
/home/adam/driveBig/Music/New unformated songs/Audioslave - Out of Exile (2005) [FLAC] [16B-44100kHz]/11. Audioslave - #1 Zero.flac,SUSPECT,"hard cutoff at ~16699Hz, steep 29.0dB/kHz -> likely transcoded from 128kbps MP3",44100,16699,22050,29
/home/adam/driveBig/Music/New unformated songs/Audioslave - Out of Exile (2005) [FLAC] [16B-44100kHz]/12. Audioslave - The Curse.flac,SUSPECT,"hard cutoff at ~16564Hz, steep 26.0dB/kHz -> likely transcoded from 128kbps MP3",44100,16564,22050,26
/home/adam/driveBig/Music/New unformated songs/Audioslave - Revelations (2006) [FLAC] [16B-44100kHz]/01. Audioslave - Revelations.flac,SUSPECT,"hard cutoff at ~16586Hz, steep 27.1dB/kHz -> likely transcoded from 128kbps MP3",44100,16586,22050,27.1
/home/adam/driveBig/Music/New unformated songs/Audioslave - Revelations (2006) [FLAC] [16B-44100kHz]/02. Audioslave - One And The Same (Album Version).flac,SUSPECT,"hard cutoff at ~16672Hz, steep 26.9dB/kHz -> likely transcoded from 128kbps MP3",44100,16672,22050,26.9
/home/adam/driveBig/Music/New unformated songs/Audioslave - Revelations (2006) [FLAC] [16B-44100kHz]/03. Audioslave - Sound Of A Gun (Album Version).flac,SUSPECT,"hard cutoff at ~16667Hz, steep 24.1dB/kHz -> likely transcoded from 128kbps MP3",44100,16667,22050,24.1
/home/adam/driveBig/Music/New unformated songs/Audioslave - Revelations (2006) [FLAC] [16B-44100kHz]/04. Audioslave - Until We Fall (Album Version).flac,SUSPECT,"hard cutoff at ~16651Hz, steep 25.2dB/kHz -> likely transcoded from 128kbps MP3",44100,16651,22050,25.2
/home/adam/driveBig/Music/New unformated songs/Audioslave - Revelations (2006) [FLAC] [16B-44100kHz]/05. Audioslave - Original Fire.flac,SUSPECT,"hard cutoff at ~16683Hz, steep 25.1dB/kHz -> likely transcoded from 128kbps MP3",44100,16683,22050,25.1
/home/adam/driveBig/Music/New unformated songs/Audioslave - Revelations (2006) [FLAC] [16B-44100kHz]/06. Audioslave - Broken City (Album Version).flac,SUSPECT,"hard cutoff at ~16721Hz, steep 30.3dB/kHz -> likely transcoded from 128kbps MP3",44100,16721,22050,30.3
/home/adam/driveBig/Music/New unformated songs/Audioslave - Revelations (2006) [FLAC] [16B-44100kHz]/07. Audioslave - Somedays (Album Version).flac,SUSPECT,"hard cutoff at ~16570Hz, steep 25.2dB/kHz -> likely transcoded from 128kbps MP3",44100,16570,22050,25.2
/home/adam/driveBig/Music/New unformated songs/Audioslave - Revelations (2006) [FLAC] [16B-44100kHz]/08. Audioslave - Shape of Things to Come.flac,SUSPECT,"hard cutoff at ~16688Hz, steep 27.8dB/kHz -> likely transcoded from 128kbps MP3",44100,16688,22050,27.8
/home/adam/driveBig/Music/New unformated songs/Audioslave - Revelations (2006) [FLAC] [16B-44100kHz]/09. Audioslave - Jewel Of The Summertime (Album Version).flac,SUSPECT,"hard cutoff at ~16441Hz, steep 23.4dB/kHz -> likely transcoded from 128kbps MP3",44100,16441,22050,23.4
/home/adam/driveBig/Music/New unformated songs/Audioslave - Revelations (2006) [FLAC] [16B-44100kHz]/10. Audioslave - Wide Awake (Album Version).flac,SUSPECT,"hard cutoff at ~16607Hz, steep 23.6dB/kHz -> likely transcoded from 128kbps MP3",44100,16607,22050,23.6
/home/adam/driveBig/Music/New unformated songs/Audioslave - Revelations (2006) [FLAC] [16B-44100kHz]/11. Audioslave - Nothing Left To Say But Goodbye (Album Version).flac,SUSPECT,"hard cutoff at ~16570Hz, steep 24.5dB/kHz -> likely transcoded from 128kbps MP3",44100,16570,22050,24.5
/home/adam/driveBig/Music/New unformated songs/Audioslave - Revelations (2006) [FLAC] [16B-44100kHz]/12. Audioslave - Moth (Album Version).flac,SUSPECT,"hard cutoff at ~16651Hz, steep 26.3dB/kHz -> likely transcoded from 128kbps MP3",44100,16651,22050,26.3
/home/adam/driveBig/Music/New unformated songs/Bad Bad Hats - Bad Bad Hats (2024) [FLAC] [16B-44100kHz]/01. Bad Bad Hats - Let Me In.flac,SUSPECT,"hard cutoff at ~16317Hz, steep 21.4dB/kHz -> likely transcoded from 128kbps MP3",44100,16317,22050,21.4
/home/adam/driveBig/Music/New unformated songs/Bad Bad Hats - Bad Bad Hats (2024) [FLAC] [16B-44100kHz]/02. Bad Bad Hats - TPA.flac,SUSPECT,"hard cutoff at ~16564Hz, steep 23.8dB/kHz -> likely transcoded from 128kbps MP3",44100,16564,22050,23.8
/home/adam/driveBig/Music/New unformated songs/Bad Bad Hats - Bad Bad Hats (2024) [FLAC] [16B-44100kHz]/03. Bad Bad Hats - Bored In The Summer.flac,SUSPECT,"hard cutoff at ~16651Hz, steep 24.0dB/kHz -> likely transcoded from 128kbps MP3",44100,16651,22050,24
/home/adam/driveBig/Music/New unformated songs/Bad Bad Hats - Bad Bad Hats (2024) [FLAC] [16B-44100kHz]/04. Bad Bad Hats - Back To My Body.flac,SUSPECT,"hard cutoff at ~16710Hz, steep 27.0dB/kHz -> likely transcoded from 128kbps MP3",44100,16710,22050,27
/home/adam/driveBig/Music/New unformated songs/Bad Bad Hats - Bad Bad Hats (2024) [FLAC] [16B-44100kHz]/05. Bad Bad Hats - The New Stuff.flac,SUSPECT,"hard cutoff at ~16521Hz, steep 21.9dB/kHz -> likely transcoded from 128kbps MP3",44100,16521,22050,21.9
/home/adam/driveBig/Music/New unformated songs/Bad Bad Hats - Bad Bad Hats (2024) [FLAC] [16B-44100kHz]/06. Bad Bad Hats - Lay Low.flac,SUSPECT,"hard cutoff at ~16747Hz, steep 29.4dB/kHz -> likely transcoded from 128kbps MP3",44100,16747,22050,29.4
/home/adam/driveBig/Music/New unformated songs/Bad Bad Hats - Bad Bad Hats (2024) [FLAC] [16B-44100kHz]/07. Bad Bad Hats - My Heart Your Heart.flac,SUSPECT,"hard cutoff at ~16667Hz, steep 25.2dB/kHz -> likely transcoded from 128kbps MP3",44100,16667,22050,25.2
/home/adam/driveBig/Music/New unformated songs/Bad Bad Hats - Bad Bad Hats (2024) [FLAC] [16B-44100kHz]/08. Bad Bad Hats - Meter Run.flac,SUSPECT,"hard cutoff at ~16564Hz, steep 25.0dB/kHz -> likely transcoded from 128kbps MP3",44100,16564,22050,25
/home/adam/driveBig/Music/New unformated songs/Bad Bad Hats - Bad Bad Hats (2024) [FLAC] [16B-44100kHz]/09. Bad Bad Hats - Lime Green.flac,SUSPECT,"hard cutoff at ~16564Hz, steep 22.0dB/kHz -> likely transcoded from 128kbps MP3",44100,16564,22050,22
/home/adam/driveBig/Music/New unformated songs/Bad Bad Hats - Bad Bad Hats (2024) [FLAC] [16B-44100kHz]/10. Bad Bad Hats - Happy.flac,SUSPECT,"hard cutoff at ~16624Hz, steep 26.1dB/kHz -> likely transcoded from 128kbps MP3",44100,16624,22050,26.1
/home/adam/driveBig/Music/New unformated songs/Bad Bad Hats - Psychic Readings (2025) [FLAC] [16B-44100kHz]/01. Bad Bad Hats - Midway (Hippo Campus Version).flac,SUSPECT,"hard cutoff at ~16371Hz, steep 21.2dB/kHz -> likely transcoded from 128kbps MP3",44100,16371,22050,21.2
/home/adam/driveBig/Music/New unformated songs/Bad Bad Hats - Psychic Readings (2025) [FLAC] [16B-44100kHz]/02. Bad Bad Hats - Shame (Gully Boys Version).flac,SUSPECT,"hard cutoff at ~16737Hz, steep 28.3dB/kHz -> likely transcoded from 128kbps MP3",44100,16737,22050,28.3
/home/adam/driveBig/Music/New unformated songs/Bad Bad Hats - Psychic Readings (2025) [FLAC] [16B-44100kHz]/03. Bad Bad Hats - Joseph (Ratboys Version).flac,SUSPECT,"hard cutoff at ~16564Hz, steep 22.7dB/kHz -> likely transcoded from 128kbps MP3",44100,16564,22050,22.7
/home/adam/driveBig/Music/New unformated songs/Bad Bad Hats - Psychic Readings (2025) [FLAC] [16B-44100kHz]/04. Bad Bad Hats - Psychic Reader (Party Nails Version).flac,SUSPECT,"hard cutoff at ~16209Hz, steep 19.8dB/kHz -> likely transcoded from 128kbps MP3",44100,16209,22050,19.8
/home/adam/driveBig/Music/New unformated songs/Bad Bad Hats - Psychic Readings (2025) [FLAC] [16B-44100kHz]/05. Bad Bad Hats - Fight Song (The Ophelias Version).flac,SUSPECT,"hard cutoff at ~16064Hz, steep 23.5dB/kHz -> likely transcoded from 128kbps MP3",44100,16064,22050,23.5
/home/adam/driveBig/Music/New unformated songs/Bad Bad Hats - Psychic Readings (2025) [FLAC] [16B-44100kHz]/06. Bad Bad Hats - Things We Never Say (Mom Jeans Version).flac,SUSPECT,"hard cutoff at ~16780Hz, steep 30.8dB/kHz -> likely transcoded from 128kbps MP3",44100,16780,22050,30.8
/home/adam/driveBig/Music/New unformated songs/Bad Bad Hats - Psychic Readings (2025) [FLAC] [16B-44100kHz]/07. Bad Bad Hats - Cruella (Sombear Remix).flac,SUSPECT,"hard cutoff at ~16683Hz, steep 24.4dB/kHz -> likely transcoded from 128kbps MP3",44100,16683,22050,24.4
/home/adam/driveBig/Music/New unformated songs/Bad Bad Hats - Psychic Readings (2025) [FLAC] [16B-44100kHz]/08. Bad Bad Hats - Say Nothing (Cumulus Version).flac,SUSPECT,"hard cutoff at ~16796Hz, steep 33.9dB/kHz -> likely transcoded from 128kbps MP3",44100,16796,22050,33.9
/home/adam/driveBig/Music/New unformated songs/Bad Bad Hats - Psychic Readings (2025) [FLAC] [16B-44100kHz]/09. Bad Bad Hats - All-Nighter (Squirrel Flower Version).flac,SUSPECT,"hard cutoff at ~16634Hz, steep 21.4dB/kHz -> likely transcoded from 128kbps MP3",44100,16634,22050,21.4
/home/adam/driveBig/Music/New unformated songs/Bad Bad Hats - Psychic Readings (2025) [FLAC] [16B-44100kHz]/10. Bad Bad Hats - Spin (The Front Bottoms Version).flac,SUSPECT,"hard cutoff at ~16710Hz, steep 28.4dB/kHz -> likely transcoded from 128kbps MP3",44100,16710,22050,28.4
/home/adam/driveBig/Music/New unformated songs/Bad Bad Hats - Psychic Readings (2025) [FLAC] [16B-44100kHz]/11. Bad Bad Hats - Psychic Reader (Deep Glens Remix).flac,SUSPECT,"hard cutoff at ~16468Hz, steep 18.8dB/kHz -> likely transcoded from 128kbps MP3",44100,16468,22050,18.8
/home/adam/driveBig/Music/New unformated songs/Bakar - Alive! (2023) [FLAC] [16B-44100kHz]/01. Bakar - Alive!.flac,SUSPECT,"hard cutoff at ~16645Hz, steep 20.3dB/kHz -> likely transcoded from 128kbps MP3",44100,16645,22050,20.3
/home/adam/driveBig/Music/New unformated songs/Balu Brigada - Portal (2025) [FLAC] [16B-44100kHz]/01. Balu Brigada - The Portal.flac,SUSPECT,"hard cutoff at ~16618Hz, steep 34.4dB/kHz -> likely transcoded from 128kbps MP3",44100,16618,22050,34.4
/home/adam/driveBig/Music/New unformated songs/Balu Brigada - Portal (2025) [FLAC] [16B-44100kHz]/02. Balu Brigada - So Cold.flac,SUSPECT,"hard cutoff at ~16570Hz, steep 26.8dB/kHz -> likely transcoded from 128kbps MP3",44100,16570,22050,26.8
/home/adam/driveBig/Music/New unformated songs/Balu Brigada - Portal (2025) [FLAC] [16B-44100kHz]/03. Balu Brigada - Golden Gate Girl.flac,SUSPECT,"hard cutoff at ~16473Hz, steep 18.2dB/kHz -> likely transcoded from 128kbps MP3",44100,16473,22050,18.2
/home/adam/driveBig/Music/New unformated songs/Balu Brigada - Portal (2025) [FLAC] [16B-44100kHz]/04. Balu Brigada - Sideways.flac,SUSPECT,"hard cutoff at ~16532Hz, steep 24.5dB/kHz -> likely transcoded from 128kbps MP3",44100,16532,22050,24.5
/home/adam/driveBig/Music/New unformated songs/Balu Brigada - Portal (2025) [FLAC] [16B-44100kHz]/05. Balu Brigada - Birthday Interlude.flac,SUSPECT,"hard cutoff at ~16710Hz, steep 31.0dB/kHz -> likely transcoded from 128kbps MP3",44100,16710,22050,31
/home/adam/driveBig/Music/New unformated songs/Balu Brigada - Portal (2025) [FLAC] [16B-44100kHz]/06. Balu Brigada - Backseat.flac,SUSPECT,"hard cutoff at ~16683Hz, steep 28.5dB/kHz -> likely transcoded from 128kbps MP3",44100,16683,22050,28.5
/home/adam/driveBig/Music/New unformated songs/Balu Brigada - Portal (2025) [FLAC] [16B-44100kHz]/07. Balu Brigada - Politix.flac,SUSPECT,"hard cutoff at ~16112Hz, steep 21.2dB/kHz -> likely transcoded from 128kbps MP3",44100,16112,22050,21.2
/home/adam/driveBig/Music/New unformated songs/Balu Brigada - Portal (2025) [FLAC] [16B-44100kHz]/08. Balu Brigada - The Question.flac,SUSPECT,"hard cutoff at ~16532Hz, steep 21.7dB/kHz -> likely transcoded from 128kbps MP3",44100,16532,22050,21.7
/home/adam/driveBig/Music/New unformated songs/Balu Brigada - Portal (2025) [FLAC] [16B-44100kHz]/09. Balu Brigada - 425 (Explicit).flac,SUSPECT,"hard cutoff at ~16640Hz, steep 22.8dB/kHz -> likely transcoded from 128kbps MP3",44100,16640,22050,22.8
/home/adam/driveBig/Music/New unformated songs/Balu Brigada - Portal (2025) [FLAC] [16B-44100kHz]/10. Balu Brigada - Isolation.flac,SUSPECT,"hard cutoff at ~16607Hz, steep 19.2dB/kHz -> likely transcoded from 128kbps MP3",44100,16607,22050,19.2
/home/adam/driveBig/Music/New unformated songs/Balu Brigada - Portal (2025) [FLAC] [16B-44100kHz]/11. Balu Brigada - What Do We Ever Really Know.flac,SUSPECT,"hard cutoff at ~16527Hz, steep 21.2dB/kHz -> likely transcoded from 128kbps MP3",44100,16527,22050,21.2
/home/adam/driveBig/Music/New unformated songs/Balu Brigada - Portal (2025) [FLAC] [16B-44100kHz]/12. Balu Brigada - Butterfly Boy.flac,SUSPECT,"hard cutoff at ~16543Hz, steep 24.2dB/kHz -> likely transcoded from 128kbps MP3",44100,16543,22050,24.2
/home/adam/driveBig/Music/New unformated songs/Bastille - All This Bad Blood (2013) [FLAC] [16B-44100kHz]/Disc 1/01. Bastille - Pompeii.flac,SUSPECT,"hard cutoff at ~16651Hz, steep 25.7dB/kHz -> likely transcoded from 128kbps MP3",44100,16651,22050,25.7
/home/adam/driveBig/Music/New unformated songs/Bastille - All This Bad Blood (2013) [FLAC] [16B-44100kHz]/Disc 1/02. Bastille - Things We Lost In The Fire.flac,SUSPECT,"hard cutoff at ~16704Hz, steep 29.0dB/kHz -> likely transcoded from 128kbps MP3",44100,16704,22050,29
/home/adam/driveBig/Music/New unformated songs/Bastille - All This Bad Blood (2013) [FLAC] [16B-44100kHz]/Disc 1/03. Bastille - Bad Blood.flac,SUSPECT,"hard cutoff at ~16629Hz, steep 25.6dB/kHz -> likely transcoded from 128kbps MP3",44100,16629,22050,25.6
/home/adam/driveBig/Music/New unformated songs/Bastille - All This Bad Blood (2013) [FLAC] [16B-44100kHz]/Disc 1/04. Bastille - Overjoyed.flac,SUSPECT,"hard cutoff at ~16559Hz, steep 23.3dB/kHz -> likely transcoded from 128kbps MP3",44100,16559,22050,23.3
/home/adam/driveBig/Music/New unformated songs/Bastille - All This Bad Blood (2013) [FLAC] [16B-44100kHz]/Disc 1/05. Bastille - These Streets.flac,SUSPECT,"hard cutoff at ~16564Hz, steep 27.1dB/kHz -> likely transcoded from 128kbps MP3",44100,16564,22050,27.1
"/home/adam/driveBig/Music/New unformated songs/Bastille - All This Bad Blood (2013) [FLAC] [16B-44100kHz]/Disc 1/06. Bastille - Weight Of Living, Pt. II.flac",SUSPECT,"hard cutoff at ~16607Hz, steep 26.3dB/kHz -> likely transcoded from 128kbps MP3",44100,16607,22050,26.3
/home/adam/driveBig/Music/New unformated songs/Bastille - All This Bad Blood (2013) [FLAC] [16B-44100kHz]/Disc 1/07. Bastille - Icarus.flac,SUSPECT,"hard cutoff at ~16597Hz, steep 24.2dB/kHz -> likely transcoded from 128kbps MP3",44100,16597,22050,24.2
/home/adam/driveBig/Music/New unformated songs/Bastille - All This Bad Blood (2013) [FLAC] [16B-44100kHz]/Disc 1/08. Bastille - Oblivion.flac,SUSPECT,"hard cutoff at ~16629Hz, steep 26.9dB/kHz -> likely transcoded from 128kbps MP3",44100,16629,22050,26.9
/home/adam/driveBig/Music/New unformated songs/Bastille - All This Bad Blood (2013) [FLAC] [16B-44100kHz]/Disc 1/09. Bastille - Flaws.flac,SUSPECT,"hard cutoff at ~16737Hz, steep 24.2dB/kHz -> likely transcoded from 128kbps MP3",44100,16737,22050,24.2
/home/adam/driveBig/Music/New unformated songs/Bastille - All This Bad Blood (2013) [FLAC] [16B-44100kHz]/Disc 1/10. Bastille - Daniel In The Den.flac,SUSPECT,"hard cutoff at ~16683Hz, steep 24.8dB/kHz -> likely transcoded from 128kbps MP3",44100,16683,22050,24.8
/home/adam/driveBig/Music/New unformated songs/Bastille - All This Bad Blood (2013) [FLAC] [16B-44100kHz]/Disc 1/11. Bastille - Laura Palmer.flac,SUSPECT,"hard cutoff at ~16629Hz, steep 24.7dB/kHz -> likely transcoded from 128kbps MP3",44100,16629,22050,24.7
/home/adam/driveBig/Music/New unformated songs/Bastille - All This Bad Blood (2013) [FLAC] [16B-44100kHz]/Disc 1/12. Bastille - Get Home.flac,SUSPECT,"hard cutoff at ~16651Hz, steep 25.2dB/kHz -> likely transcoded from 128kbps MP3",44100,16651,22050,25.2
/home/adam/driveBig/Music/New unformated songs/Bastille - All This Bad Blood (2013) [FLAC] [16B-44100kHz]/Disc 2/01. Bastille - Poet.flac,SUSPECT,"hard cutoff at ~16398Hz, steep 21.3dB/kHz -> likely transcoded from 128kbps MP3",44100,16398,22050,21.3
/home/adam/driveBig/Music/New unformated songs/Bastille - All This Bad Blood (2013) [FLAC] [16B-44100kHz]/Disc 2/02. Bastille - The Silence.flac,SUSPECT,"hard cutoff at ~16516Hz, steep 22.6dB/kHz -> likely transcoded from 128kbps MP3",44100,16516,22050,22.6
/home/adam/driveBig/Music/New unformated songs/Bastille - All This Bad Blood (2013) [FLAC] [16B-44100kHz]/Disc 2/03. Bastille - Haunt (Demo).flac,SUSPECT,"hard cutoff at ~16554Hz, steep 24.8dB/kHz -> likely transcoded from 128kbps MP3",44100,16554,22050,24.8
"/home/adam/driveBig/Music/New unformated songs/Bastille - All This Bad Blood (2013) [FLAC] [16B-44100kHz]/Disc 2/04. Bastille - Weight Of Living, Pt. I.flac",SUSPECT,"hard cutoff at ~16677Hz, steep 26.7dB/kHz -> likely transcoded from 128kbps MP3",44100,16677,22050,26.7
/home/adam/driveBig/Music/New unformated songs/Bastille - All This Bad Blood (2013) [FLAC] [16B-44100kHz]/Disc 2/05. Bastille - Sleepsong.flac,SUSPECT,"hard cutoff at ~16731Hz, steep 24.7dB/kHz -> likely transcoded from 128kbps MP3",44100,16731,22050,24.7
/home/adam/driveBig/Music/New unformated songs/Bastille - All This Bad Blood (2013) [FLAC] [16B-44100kHz]/Disc 2/06. Bastille - Durban Skies.flac,SUSPECT,"hard cutoff at ~16564Hz, steep 21.8dB/kHz -> likely transcoded from 128kbps MP3",44100,16564,22050,21.8
/home/adam/driveBig/Music/New unformated songs/Bastille - All This Bad Blood (2013) [FLAC] [16B-44100kHz]/Disc 2/07. Bastille - Laughter Lines.flac,SUSPECT,"hard cutoff at ~16564Hz, steep 23.2dB/kHz -> likely transcoded from 128kbps MP3",44100,16564,22050,23.2
/home/adam/driveBig/Music/New unformated songs/Bastille - All This Bad Blood (2013) [FLAC] [16B-44100kHz]/Disc 2/08. Bastille - Previously On Other People's Heartache.flac,GRADUAL_ROLLOFF,"rolloff at ~14217Hz but gentle (3.3dB/kHz) - could be an old master/analog source, not necessarily transcoded",44100,14217,22050,3.3
/home/adam/driveBig/Music/New unformated songs/Bastille - All This Bad Blood (2013) [FLAC] [16B-44100kHz]/Disc 2/09. Bastille - Of The Night.flac,SUSPECT,"hard cutoff at ~16559Hz, steep 23.2dB/kHz -> likely transcoded from 128kbps MP3",44100,16559,22050,23.2
/home/adam/driveBig/Music/New unformated songs/Bastille - All This Bad Blood (2013) [FLAC] [16B-44100kHz]/Disc 2/10. Bastille - The Draw.flac,SUSPECT,"hard cutoff at ~16021Hz, steep 14.8dB/kHz -> likely transcoded from 128kbps MP3",44100,16021,22050,14.8
/home/adam/driveBig/Music/New unformated songs/Bastille - All This Bad Blood (2013) [FLAC] [16B-44100kHz]/Disc 2/11. Bastille - What Would You Do.flac,SUSPECT,"hard cutoff at ~16688Hz, steep 26.7dB/kHz -> likely transcoded from 128kbps MP3",44100,16688,22050,26.7
/home/adam/driveBig/Music/New unformated songs/Bastille - All This Bad Blood (2013) [FLAC] [16B-44100kHz]/Disc 2/12. Bastille - Skulls.flac,SUSPECT,"hard cutoff at ~16096Hz, steep 17.5dB/kHz -> likely transcoded from 128kbps MP3",44100,16096,22050,17.5
/home/adam/driveBig/Music/New unformated songs/Bastille - All This Bad Blood (2013) [FLAC] [16B-44100kHz]/Disc 2/13. Bastille - Tuning Out.flac,SUSPECT,"hard cutoff at ~16005Hz, steep 12.0dB/kHz -> likely transcoded from 128kbps MP3",44100,16005,22050,12
/home/adam/driveBig/Music/New unformated songs/Bloodhound Gang - Hefty Fine (2005) [FLAC] [16B-44100kHz]/01. Bloodhound Gang - Strictly For The Tardcore (Album Version) (Explicit).flac,SUSPECT,"hard cutoff at ~16785Hz, steep 31.5dB/kHz -> likely transcoded from 128kbps MP3",44100,16785,22050,31.5
/home/adam/driveBig/Music/New unformated songs/Bloodhound Gang - Hefty Fine (2005) [FLAC] [16B-44100kHz]/02. Bloodhound Gang - Balls Out (Album Version) (Explicit).flac,SUSPECT,"hard cutoff at ~16629Hz, steep 27.0dB/kHz -> likely transcoded from 128kbps MP3",44100,16629,22050,27
/home/adam/driveBig/Music/New unformated songs/Bloodhound Gang - Hefty Fine (2005) [FLAC] [16B-44100kHz]/03. Bloodhound Gang - Foxtrot Uniform Charlie Kilo.flac,SUSPECT,"hard cutoff at ~16710Hz, steep 26.5dB/kHz -> likely transcoded from 128kbps MP3",44100,16710,22050,26.5
/home/adam/driveBig/Music/New unformated songs/Bloodhound Gang - Hefty Fine (2005) [FLAC] [16B-44100kHz]/04. Bloodhound Gang - I'm The Least You Could Do (Album Version) (Explicit).flac,SUSPECT,"hard cutoff at ~16602Hz, steep 24.5dB/kHz -> likely transcoded from 128kbps MP3",44100,16602,22050,24.5
/home/adam/driveBig/Music/New unformated songs/Bloodhound Gang - Hefty Fine (2005) [FLAC] [16B-44100kHz]/05. Bloodhound Gang - Farting With A Walkman On (Album Version) (Explicit).flac,SUSPECT,"hard cutoff at ~16731Hz, steep 31.3dB/kHz -> likely transcoded from 128kbps MP3",44100,16731,22050,31.3
/home/adam/driveBig/Music/New unformated songs/Bloodhound Gang - Hefty Fine (2005) [FLAC] [16B-44100kHz]/06. Bloodhound Gang - Diarrhea Runs In The Family (Album Version) (Explicit).flac,SUSPECT,"hard cutoff at ~16710Hz, steep 26.4dB/kHz -> likely transcoded from 128kbps MP3",44100,16710,22050,26.4
/home/adam/driveBig/Music/New unformated songs/Bloodhound Gang - Hefty Fine (2005) [FLAC] [16B-44100kHz]/07. Bloodhound Gang - Ralph Wiggum (Album Version).flac,SUSPECT,"hard cutoff at ~16554Hz, steep 25.9dB/kHz -> likely transcoded from 128kbps MP3",44100,16554,22050,25.9
/home/adam/driveBig/Music/New unformated songs/Bloodhound Gang - Hefty Fine (2005) [FLAC] [16B-44100kHz]/08. Bloodhound Gang - Something Diabolical (Album Version).flac,SUSPECT,"hard cutoff at ~16753Hz, steep 26.6dB/kHz -> likely transcoded from 128kbps MP3",44100,16753,22050,26.6
/home/adam/driveBig/Music/New unformated songs/Bloodhound Gang - Hefty Fine (2005) [FLAC] [16B-44100kHz]/09. Bloodhound Gang - Overheard In A Wawa Parking Lot (Album Version) (Explicit).flac,SKIP,too short to analyze,,,,
/home/adam/driveBig/Music/New unformated songs/Bloodhound Gang - Hefty Fine (2005) [FLAC] [16B-44100kHz]/10. Bloodhound Gang - Pennsylvania (Album Version) (Explicit).flac,SUSPECT,"hard cutoff at ~16559Hz, steep 23.7dB/kHz -> likely transcoded from 128kbps MP3",44100,16559,22050,23.7
/home/adam/driveBig/Music/New unformated songs/Bloodhound Gang - Hefty Fine (2005) [FLAC] [16B-44100kHz]/11. Bloodhound Gang - Uhn Tiss Uhn Tiss Uhn Tiss (Explicit).flac,SUSPECT,"hard cutoff at ~16753Hz, steep 29.0dB/kHz -> likely transcoded from 128kbps MP3",44100,16753,22050,29
/home/adam/driveBig/Music/New unformated songs/Bloodhound Gang - Hefty Fine (2005) [FLAC] [16B-44100kHz]/12. Bloodhound Gang - No Hard Feelings (Album Version) (Explicit).flac,SUSPECT,"hard cutoff at ~16817Hz, steep 29.8dB/kHz -> likely transcoded from 128kbps MP3",44100,16817,22050,29.8
/home/adam/driveBig/Music/New unformated songs/Bloodhound Gang - Hefty Fine (2005) [FLAC] [16B-44100kHz]/13. Bloodhound Gang - Hefty Fine (Album Version) (Explicit).flac,SKIP,too short to analyze,,,,
/home/adam/driveBig/Music/New unformated songs/Bloodhound Gang - Hooray For Boobies (2012) [FLAC] [16B-44100kHz]/01. Bloodhound Gang - I Hope You Die (Explicit).flac,SUSPECT,"hard cutoff at ~16667Hz, steep 30.0dB/kHz -> likely transcoded from 128kbps MP3",44100,16667,22050,30
/home/adam/driveBig/Music/New unformated songs/Bloodhound Gang - Hooray For Boobies (2012) [FLAC] [16B-44100kHz]/02. Bloodhound Gang - The Inevitable Return Of The Great White Dope.flac,SUSPECT,"hard cutoff at ~16791Hz, steep 27.6dB/kHz -> likely transcoded from 128kbps MP3",44100,16791,22050,27.6
/home/adam/driveBig/Music/New unformated songs/Bloodhound Gang - Hooray For Boobies (2012) [FLAC] [16B-44100kHz]/03. Bloodhound Gang - Mama's Boy (Explicit).flac,SUSPECT,"hard cutoff at ~16774Hz, steep 30.1dB/kHz -> likely transcoded from 128kbps MP3",44100,16774,22050,30.1
/home/adam/driveBig/Music/New unformated songs/Bloodhound Gang - Hooray For Boobies (2012) [FLAC] [16B-44100kHz]/04. Bloodhound Gang - Three Point One Four (Explicit).flac,SUSPECT,"hard cutoff at ~16710Hz, steep 27.0dB/kHz -> likely transcoded from 128kbps MP3",44100,16710,22050,27
/home/adam/driveBig/Music/New unformated songs/Bloodhound Gang - Hooray For Boobies (2012) [FLAC] [16B-44100kHz]/05. Bloodhound Gang - Mope (Explicit).flac,SUSPECT,"hard cutoff at ~16758Hz, steep 28.6dB/kHz -> likely transcoded from 128kbps MP3",44100,16758,22050,28.6
/home/adam/driveBig/Music/New unformated songs/Bloodhound Gang - Hooray For Boobies (2012) [FLAC] [16B-44100kHz]/06. Bloodhound Gang - Yummy Down On This (Explicit).flac,SUSPECT,"hard cutoff at ~16726Hz, steep 29.0dB/kHz -> likely transcoded from 128kbps MP3",44100,16726,22050,29
/home/adam/driveBig/Music/New unformated songs/Bloodhound Gang - Hooray For Boobies (2012) [FLAC] [16B-44100kHz]/07. Bloodhound Gang - The Ballad Of Chasey Lain (Explicit).flac,SUSPECT,"hard cutoff at ~16747Hz, steep 29.0dB/kHz -> likely transcoded from 128kbps MP3",44100,16747,22050,29
/home/adam/driveBig/Music/New unformated songs/Bloodhound Gang - Hooray For Boobies (2012) [FLAC] [16B-44100kHz]/08. Bloodhound Gang - R.S.V.P.flac,SUSPECT,"hard cutoff at ~16796Hz, steep 33.7dB/kHz -> likely transcoded from 128kbps MP3",44100,16796,22050,33.7
/home/adam/driveBig/Music/New unformated songs/Bloodhound Gang - Hooray For Boobies (2012) [FLAC] [16B-44100kHz]/09. Bloodhound Gang - Magna Cum Nada (Explicit).flac,SUSPECT,"hard cutoff at ~16645Hz, steep 20.1dB/kHz -> likely transcoded from 128kbps MP3",44100,16645,22050,20.1
/home/adam/driveBig/Music/New unformated songs/Bloodhound Gang - Hooray For Boobies (2012) [FLAC] [16B-44100kHz]/10. Bloodhound Gang - The Bad Touch (Explicit).flac,SUSPECT,"hard cutoff at ~16672Hz, steep 26.0dB/kHz -> likely transcoded from 128kbps MP3",44100,16672,22050,26
/home/adam/driveBig/Music/New unformated songs/Bloodhound Gang - Hooray For Boobies (2012) [FLAC] [16B-44100kHz]/11. Bloodhound Gang - That Cough Came With A Prize.flac,SUSPECT,"hard cutoff at ~16742Hz, steep 28.0dB/kHz -> likely transcoded from 128kbps MP3",44100,16742,22050,28
/home/adam/driveBig/Music/New unformated songs/Bloodhound Gang - Hooray For Boobies (2012) [FLAC] [16B-44100kHz]/12. Bloodhound Gang - Take The Long Way Home.flac,SUSPECT,"hard cutoff at ~16721Hz, steep 25.5dB/kHz -> likely transcoded from 128kbps MP3",44100,16721,22050,25.5
/home/adam/driveBig/Music/New unformated songs/Bloodhound Gang - Hooray For Boobies (2012) [FLAC] [16B-44100kHz]/13. Bloodhound Gang - Hell Yeah.flac,SUSPECT,"hard cutoff at ~16661Hz, steep 24.4dB/kHz -> likely transcoded from 128kbps MP3",44100,16661,22050,24.4
/home/adam/driveBig/Music/New unformated songs/Bloodhound Gang - Hooray For Boobies (2012) [FLAC] [16B-44100kHz]/14. Bloodhound Gang - Right Turn Clyde.flac,SUSPECT,"hard cutoff at ~16747Hz, steep 28.2dB/kHz -> likely transcoded from 128kbps MP3",44100,16747,22050,28.2
/home/adam/driveBig/Music/New unformated songs/Bloodhound Gang - Hooray For Boobies (2012) [FLAC] [16B-44100kHz]/15. Bloodhound Gang - This Is Stupid.flac,SUSPECT,"hard cutoff at ~16516Hz, steep 25.1dB/kHz -> likely transcoded from 128kbps MP3",44100,16516,22050,25.1
/home/adam/driveBig/Music/New unformated songs/Bloodhound Gang - Hooray For Boobies (2012) [FLAC] [16B-44100kHz]/16. Bloodhound Gang - A Lap Dance Is So Much Better When The Stripper Is Crying (Explicit).flac,SUSPECT,"hard cutoff at ~16791Hz, steep 32.5dB/kHz -> likely transcoded from 128kbps MP3",44100,16791,22050,32.5
/home/adam/driveBig/Music/New unformated songs/Bloodhound Gang - Hooray For Boobies (2012) [FLAC] [16B-44100kHz]/17. Bloodhound Gang - The Ten Coolest Things About New Jersey.flac,SUSPECT,"hard cutoff at ~17060Hz, steep 46.8dB/kHz -> likely transcoded from 160kbps MP3",44100,17060,22050,46.8
/home/adam/driveBig/Music/New unformated songs/Bloodhound Gang - Hooray For Boobies (2012) [FLAC] [16B-44100kHz]/18. Bloodhound Gang - Along Comes Mary (Explicit).flac,SUSPECT,"hard cutoff at ~16699Hz, steep 29.3dB/kHz -> likely transcoded from 128kbps MP3",44100,16699,22050,29.3
/home/adam/driveBig/Music/New unformated songs/Bloodhound Gang - Hooray For Boobies (2012) [FLAC] [16B-44100kHz]/19. Bloodhound Gang - Hidden Track (Explicit).flac,SUSPECT,"hard cutoff at ~16672Hz, steep 24.0dB/kHz -> likely transcoded from 128kbps MP3",44100,16672,22050,24
/home/adam/driveBig/Music/New unformated songs/Bloodhound Gang - One Fierce Beer Coaster (1996) [FLAC] [16B-44100kHz]/01. Bloodhound Gang - Kiss Me Where It Smells Funny (Explicit).flac,SUSPECT,"hard cutoff at ~16667Hz, steep 26.9dB/kHz -> likely transcoded from 128kbps MP3",44100,16667,22050,26.9
/home/adam/driveBig/Music/New unformated songs/Bloodhound Gang - One Fierce Beer Coaster (1996) [FLAC] [16B-44100kHz]/02. Bloodhound Gang - Lift Your Head Up High (And Blow Your Brains Out).flac,SUSPECT,"hard cutoff at ~16645Hz, steep 23.1dB/kHz -> likely transcoded from 128kbps MP3",44100,16645,22050,23.1
/home/adam/driveBig/Music/New unformated songs/Bloodhound Gang - One Fierce Beer Coaster (1996) [FLAC] [16B-44100kHz]/03. Bloodhound Gang - Fire Water Burn (Explicit).flac,SUSPECT,"hard cutoff at ~16645Hz, steep 28.8dB/kHz -> likely transcoded from 128kbps MP3",44100,16645,22050,28.8
/home/adam/driveBig/Music/New unformated songs/Bloodhound Gang - One Fierce Beer Coaster (1996) [FLAC] [16B-44100kHz]/04. Bloodhound Gang - I Wish I Was Queer So I Could Get Chicks (Explicit).flac,SUSPECT,"hard cutoff at ~16640Hz, steep 29.9dB/kHz -> likely transcoded from 128kbps MP3",44100,16640,22050,29.9
/home/adam/driveBig/Music/New unformated songs/Bloodhound Gang - One Fierce Beer Coaster (1996) [FLAC] [16B-44100kHz]/05. Bloodhound Gang - Why's Everybody Always Pickin' On Me (Explicit).flac,SUSPECT,"hard cutoff at ~16624Hz, steep 22.4dB/kHz -> likely transcoded from 128kbps MP3",44100,16624,22050,22.4
/home/adam/driveBig/Music/New unformated songs/Bloodhound Gang - One Fierce Beer Coaster (1996) [FLAC] [16B-44100kHz]/06. Bloodhound Gang - It's Tricky.flac,SUSPECT,"hard cutoff at ~16511Hz, steep 20.8dB/kHz -> likely transcoded from 128kbps MP3",44100,16511,22050,20.8
/home/adam/driveBig/Music/New unformated songs/Bloodhound Gang - One Fierce Beer Coaster (1996) [FLAC] [16B-44100kHz]/07. Bloodhound Gang - Asleep At The Wheel.flac,SUSPECT,"hard cutoff at ~16640Hz, steep 27.2dB/kHz -> likely transcoded from 128kbps MP3",44100,16640,22050,27.2
/home/adam/driveBig/Music/New unformated songs/Bloodhound Gang - One Fierce Beer Coaster (1996) [FLAC] [16B-44100kHz]/08. Bloodhound Gang - Shut Up.flac,SUSPECT,"hard cutoff at ~16484Hz, steep 23.8dB/kHz -> likely transcoded from 128kbps MP3",44100,16484,22050,23.8
/home/adam/driveBig/Music/New unformated songs/Bloodhound Gang - One Fierce Beer Coaster (1996) [FLAC] [16B-44100kHz]/09. Bloodhound Gang - Your Only Friends Are Make Believe.flac,SUSPECT,"hard cutoff at ~16618Hz, steep 25.2dB/kHz -> likely transcoded from 128kbps MP3",44100,16618,22050,25.2
/home/adam/driveBig/Music/New unformated songs/Bloodhound Gang - One Fierce Beer Coaster (1996) [FLAC] [16B-44100kHz]/10. Bloodhound Gang - Boom.flac,SUSPECT,"hard cutoff at ~16645Hz, steep 28.9dB/kHz -> likely transcoded from 128kbps MP3",44100,16645,22050,28.9
/home/adam/driveBig/Music/New unformated songs/Bloodhound Gang - One Fierce Beer Coaster (1996) [FLAC] [16B-44100kHz]/11. Bloodhound Gang - Going Nowhere Slow.flac,SUSPECT,"hard cutoff at ~16064Hz, steep 24.1dB/kHz -> likely transcoded from 128kbps MP3",44100,16064,22050,24.1
/home/adam/driveBig/Music/New unformated songs/Bloodhound Gang - One Fierce Beer Coaster (1996) [FLAC] [16B-44100kHz]/12. Bloodhound Gang - Reflections Of Remoh.flac,SUSPECT,"hard cutoff at ~16559Hz, steep 27.3dB/kHz -> likely transcoded from 128kbps MP3",44100,16559,22050,27.3
/home/adam/driveBig/Music/New unformated songs/Blur - 13 (1998) [FLAC] [16B-44100kHz]/01. Blur - Tender.flac,SUSPECT,"hard cutoff at ~16661Hz, steep 26.1dB/kHz -> likely transcoded from 128kbps MP3",44100,16661,22050,26.1
/home/adam/driveBig/Music/New unformated songs/Blur - 13 (1998) [FLAC] [16B-44100kHz]/02. Blur - Bugman.flac,SUSPECT,"hard cutoff at ~16677Hz, steep 25.6dB/kHz -> likely transcoded from 128kbps MP3",44100,16677,22050,25.6
/home/adam/driveBig/Music/New unformated songs/Blur - 13 (1998) [FLAC] [16B-44100kHz]/03. Blur - Coffee & TV.flac,SUSPECT,"hard cutoff at ~16677Hz, steep 25.1dB/kHz -> likely transcoded from 128kbps MP3",44100,16677,22050,25.1
/home/adam/driveBig/Music/New unformated songs/Blur - 13 (1998) [FLAC] [16B-44100kHz]/04. Blur - Swamp Song.flac,SUSPECT,"hard cutoff at ~16570Hz, steep 24.8dB/kHz -> likely transcoded from 128kbps MP3",44100,16570,22050,24.8
/home/adam/driveBig/Music/New unformated songs/Blur - 13 (1998) [FLAC] [16B-44100kHz]/05. Blur - 1992.flac,SUSPECT,"hard cutoff at ~16527Hz, steep 25.5dB/kHz -> likely transcoded from 128kbps MP3",44100,16527,22050,25.5
/home/adam/driveBig/Music/New unformated songs/Blur - 13 (1998) [FLAC] [16B-44100kHz]/06. Blur - B.L.U.R.E.M.I.flac,SUSPECT,"hard cutoff at ~16564Hz, steep 22.5dB/kHz -> likely transcoded from 128kbps MP3",44100,16564,22050,22.5
/home/adam/driveBig/Music/New unformated songs/Blur - 13 (1998) [FLAC] [16B-44100kHz]/07. Blur - Battle.flac,SUSPECT,"hard cutoff at ~16607Hz, steep 21.1dB/kHz -> likely transcoded from 128kbps MP3",44100,16607,22050,21.1
/home/adam/driveBig/Music/New unformated songs/Blur - 13 (1998) [FLAC] [16B-44100kHz]/08. Blur - Mellow Song.flac,SUSPECT,"hard cutoff at ~16613Hz, steep 22.7dB/kHz -> likely transcoded from 128kbps MP3",44100,16613,22050,22.7
/home/adam/driveBig/Music/New unformated songs/Blur - 13 (1998) [FLAC] [16B-44100kHz]/09. Blur - Trailerpark.flac,SUSPECT,"hard cutoff at ~15353Hz, steep 19.5dB/kHz -> likely transcoded from very low bitrate (<128kbps) or heavily filtered source",44100,15353,22050,19.5
/home/adam/driveBig/Music/New unformated songs/Blur - 13 (1998) [FLAC] [16B-44100kHz]/10. Blur - Caramel.flac,SUSPECT,"hard cutoff at ~16602Hz, steep 22.4dB/kHz -> likely transcoded from 128kbps MP3",44100,16602,22050,22.4
/home/adam/driveBig/Music/New unformated songs/Blur - 13 (1998) [FLAC] [16B-44100kHz]/11. Blur - Trimm Trabb.flac,SUSPECT,"hard cutoff at ~16564Hz, steep 20.9dB/kHz -> likely transcoded from 128kbps MP3",44100,16564,22050,20.9
/home/adam/driveBig/Music/New unformated songs/Blur - 13 (1998) [FLAC] [16B-44100kHz]/12. Blur - No Distance Left to Run.flac,SUSPECT,"hard cutoff at ~16532Hz, steep 17.8dB/kHz -> likely transcoded from 128kbps MP3",44100,16532,22050,17.8
/home/adam/driveBig/Music/New unformated songs/Blur - 13 (1998) [FLAC] [16B-44100kHz]/13. Blur - Optigan I.flac,SUSPECT,"hard cutoff at ~16069Hz, steep 19.2dB/kHz -> likely transcoded from 128kbps MP3",44100,16069,22050,19.2
/home/adam/driveBig/Music/New unformated songs/Blur - Blur (1997) [FLAC] [16B-44100kHz]/01. Blur - Beetlebum (2012 Remaster).flac,SUSPECT,"hard cutoff at ~16737Hz, steep 27.5dB/kHz -> likely transcoded from 128kbps MP3",44100,16737,22050,27.5
/home/adam/driveBig/Music/New unformated songs/Blur - Blur (1997) [FLAC] [16B-44100kHz]/02. Blur - Song 2 (2012 Remaster).flac,SUSPECT,"hard cutoff at ~16780Hz, steep 28.0dB/kHz -> likely transcoded from 128kbps MP3",44100,16780,22050,28
/home/adam/driveBig/Music/New unformated songs/Blur - Blur (1997) [FLAC] [16B-44100kHz]/03. Blur - Country Sad Ballad Man (2012 Remaster).flac,SUSPECT,"hard cutoff at ~16634Hz, steep 19.9dB/kHz -> likely transcoded from 128kbps MP3",44100,16634,22050,19.9
/home/adam/driveBig/Music/New unformated songs/Blur - Blur (1997) [FLAC] [16B-44100kHz]/04. Blur - M.O.R. (2012 Remaster).flac,SUSPECT,"hard cutoff at ~16408Hz, steep 29.2dB/kHz -> likely transcoded from 128kbps MP3",44100,16408,22050,29.2
/home/adam/driveBig/Music/New unformated songs/Blur - Blur (1997) [FLAC] [16B-44100kHz]/05. Blur - On Your Own (2012 Remaster).flac,SUSPECT,"hard cutoff at ~16721Hz, steep 30.2dB/kHz -> likely transcoded from 128kbps MP3",44100,16721,22050,30.2
/home/adam/driveBig/Music/New unformated songs/Blur - Blur (1997) [FLAC] [16B-44100kHz]/06. Blur - Theme from Retro (2012 Remaster).flac,SUSPECT,"hard cutoff at ~16548Hz, steep 22.3dB/kHz -> likely transcoded from 128kbps MP3",44100,16548,22050,22.3
/home/adam/driveBig/Music/New unformated songs/Blur - Blur (1997) [FLAC] [16B-44100kHz]/07. Blur - You're so Great (2012 Remaster).flac,SUSPECT,"hard cutoff at ~16780Hz, steep 29.7dB/kHz -> likely transcoded from 128kbps MP3",44100,16780,22050,29.7
/home/adam/driveBig/Music/New unformated songs/Blur - Blur (1997) [FLAC] [16B-44100kHz]/08. Blur - Death of a Party (2012 Remaster).flac,SUSPECT,"hard cutoff at ~16107Hz, steep 29.1dB/kHz -> likely transcoded from 128kbps MP3",44100,16107,22050,29.1
/home/adam/driveBig/Music/New unformated songs/Blur - Blur (1997) [FLAC] [16B-44100kHz]/09. Blur - Chinese Bombs (2012 Remaster).flac,SUSPECT,"hard cutoff at ~16747Hz, steep 33.3dB/kHz -> likely transcoded from 128kbps MP3",44100,16747,22050,33.3
/home/adam/driveBig/Music/New unformated songs/Blur - Blur (1997) [FLAC] [16B-44100kHz]/10. Blur - I'm Just a Killer for Your Love (2012 Remaster).flac,SUSPECT,"hard cutoff at ~16602Hz, steep 26.4dB/kHz -> likely transcoded from 128kbps MP3",44100,16602,22050,26.4
/home/adam/driveBig/Music/New unformated songs/Blur - Blur (1997) [FLAC] [16B-44100kHz]/11. Blur - Look Inside America (2012 Remaster).flac,SUSPECT,"hard cutoff at ~16677Hz, steep 29.2dB/kHz -> likely transcoded from 128kbps MP3",44100,16677,22050,29.2
/home/adam/driveBig/Music/New unformated songs/Blur - Blur (1997) [FLAC] [16B-44100kHz]/12. Blur - Strange News from Another Star (2012 Remaster).flac,SUSPECT,"hard cutoff at ~16624Hz, steep 21.6dB/kHz -> likely transcoded from 128kbps MP3",44100,16624,22050,21.6
/home/adam/driveBig/Music/New unformated songs/Blur - Blur (1997) [FLAC] [16B-44100kHz]/13. Blur - Movin' On (2012 Remaster).flac,SUSPECT,"hard cutoff at ~16758Hz, steep 27.2dB/kHz -> likely transcoded from 128kbps MP3",44100,16758,22050,27.2
/home/adam/driveBig/Music/New unformated songs/Blur - Blur (1997) [FLAC] [16B-44100kHz]/14. Blur - Essex Dogs (2012 Remaster).flac,SUSPECT,"hard cutoff at ~16651Hz, steep 22.8dB/kHz -> likely transcoded from 128kbps MP3",44100,16651,22050,22.8
/home/adam/driveBig/Music/New unformated songs/Bob Dylan - Highway 61 Revisited (1965) [FLAC] [16B-44100kHz]/01. Bob Dylan - Like a Rolling Stone.flac,SUSPECT,"hard cutoff at ~16699Hz, steep 28.0dB/kHz -> likely transcoded from 128kbps MP3",44100,16699,22050,28
/home/adam/driveBig/Music/New unformated songs/Bob Dylan - Highway 61 Revisited (1965) [FLAC] [16B-44100kHz]/02. Bob Dylan - Tombstone Blues.flac,SUSPECT,"hard cutoff at ~16511Hz, steep 27.8dB/kHz -> likely transcoded from 128kbps MP3",44100,16511,22050,27.8
"/home/adam/driveBig/Music/New unformated songs/Bob Dylan - Highway 61 Revisited (1965) [FLAC] [16B-44100kHz]/03. Bob Dylan - It Takes a Lot to Laugh, It Takes a Train to Cry.flac",SUSPECT,"hard cutoff at ~16618Hz, steep 24.0dB/kHz -> likely transcoded from 128kbps MP3",44100,16618,22050,24
/home/adam/driveBig/Music/New unformated songs/Bob Dylan - Highway 61 Revisited (1965) [FLAC] [16B-44100kHz]/04. Bob Dylan - From a Buick 6.flac,SUSPECT,"hard cutoff at ~16607Hz, steep 24.7dB/kHz -> likely transcoded from 128kbps MP3",44100,16607,22050,24.7
/home/adam/driveBig/Music/New unformated songs/Bob Dylan - Highway 61 Revisited (1965) [FLAC] [16B-44100kHz]/05. Bob Dylan - Ballad of a Thin Man.flac,SUSPECT,"hard cutoff at ~16333Hz, steep 23.6dB/kHz -> likely transcoded from 128kbps MP3",44100,16333,22050,23.6
/home/adam/driveBig/Music/New unformated songs/Bob Dylan - Highway 61 Revisited (1965) [FLAC] [16B-44100kHz]/06. Bob Dylan - Queen Jane Approximately.flac,SUSPECT,"hard cutoff at ~16559Hz, steep 22.1dB/kHz -> likely transcoded from 128kbps MP3",44100,16559,22050,22.1
/home/adam/driveBig/Music/New unformated songs/Bob Dylan - Highway 61 Revisited (1965) [FLAC] [16B-44100kHz]/07. Bob Dylan - Highway 61 Revisited.flac,SUSPECT,"hard cutoff at ~16500Hz, steep 23.5dB/kHz -> likely transcoded from 128kbps MP3",44100,16500,22050,23.5
/home/adam/driveBig/Music/New unformated songs/Bob Dylan - Highway 61 Revisited (1965) [FLAC] [16B-44100kHz]/08. Bob Dylan - Just Like Tom Thumb's Blues.flac,SUSPECT,"hard cutoff at ~16521Hz, steep 24.0dB/kHz -> likely transcoded from 128kbps MP3",44100,16521,22050,24
/home/adam/driveBig/Music/New unformated songs/Bob Dylan - Highway 61 Revisited (1965) [FLAC] [16B-44100kHz]/09. Bob Dylan - Desolation Row.flac,SUSPECT,"hard cutoff at ~16564Hz, steep 23.5dB/kHz -> likely transcoded from 128kbps MP3",44100,16564,22050,23.5
/home/adam/driveBig/Music/New unformated songs/Bon Jovi - Crush (2000) [FLAC] [16B-44100kHz]/01. Bon Jovi - It's My Life.flac,SUSPECT,"hard cutoff at ~16532Hz, steep 29.0dB/kHz -> likely transcoded from 128kbps MP3",44100,16532,22050,29
/home/adam/driveBig/Music/New unformated songs/Bon Jovi - Crush (2000) [FLAC] [16B-44100kHz]/02. Bon Jovi - Say It Isn't So.flac,SUSPECT,"hard cutoff at ~16564Hz, steep 26.5dB/kHz -> likely transcoded from 128kbps MP3",44100,16564,22050,26.5
/home/adam/driveBig/Music/New unformated songs/Bon Jovi - Crush (2000) [FLAC] [16B-44100kHz]/03. Bon Jovi - Thank You For Loving Me.flac,SUSPECT,"hard cutoff at ~16559Hz, steep 22.9dB/kHz -> likely transcoded from 128kbps MP3",44100,16559,22050,22.9
/home/adam/driveBig/Music/New unformated songs/Bon Jovi - Crush (2000) [FLAC] [16B-44100kHz]/04. Bon Jovi - Two Story Town.flac,SUSPECT,"hard cutoff at ~16661Hz, steep 27.7dB/kHz -> likely transcoded from 128kbps MP3",44100,16661,22050,27.7
/home/adam/driveBig/Music/New unformated songs/Bon Jovi - Crush (2000) [FLAC] [16B-44100kHz]/05. Bon Jovi - Next 100 Years.flac,SUSPECT,"hard cutoff at ~16414Hz, steep 22.2dB/kHz -> likely transcoded from 128kbps MP3",44100,16414,22050,22.2
/home/adam/driveBig/Music/New unformated songs/Bon Jovi - Crush (2000) [FLAC] [16B-44100kHz]/06. Bon Jovi - Just Older.flac,SUSPECT,"hard cutoff at ~16484Hz, steep 20.0dB/kHz -> likely transcoded from 128kbps MP3",44100,16484,22050,20
/home/adam/driveBig/Music/New unformated songs/Bon Jovi - Crush (2000) [FLAC] [16B-44100kHz]/07. Bon Jovi - Mystery Train.flac,SUSPECT,"hard cutoff at ~16715Hz, steep 32.3dB/kHz -> likely transcoded from 128kbps MP3",44100,16715,22050,32.3
/home/adam/driveBig/Music/New unformated songs/Bon Jovi - Crush (2000) [FLAC] [16B-44100kHz]/08. Bon Jovi - Save The World.flac,SUSPECT,"hard cutoff at ~16667Hz, steep 29.3dB/kHz -> likely transcoded from 128kbps MP3",44100,16667,22050,29.3
/home/adam/driveBig/Music/New unformated songs/Bon Jovi - Crush (2000) [FLAC] [16B-44100kHz]/09. Bon Jovi - Captain Crash & The Beauty Queen From Mars.flac,SUSPECT,"hard cutoff at ~16554Hz, steep 23.4dB/kHz -> likely transcoded from 128kbps MP3",44100,16554,22050,23.4
/home/adam/driveBig/Music/New unformated songs/Bon Jovi - Crush (2000) [FLAC] [16B-44100kHz]/10. Bon Jovi - She's A Mystery.flac,SUSPECT,"hard cutoff at ~16640Hz, steep 25.4dB/kHz -> likely transcoded from 128kbps MP3",44100,16640,22050,25.4
/home/adam/driveBig/Music/New unformated songs/Bon Jovi - Crush (2000) [FLAC] [16B-44100kHz]/11. Bon Jovi - I Got The Girl.flac,SUSPECT,"hard cutoff at ~16656Hz, steep 27.0dB/kHz -> likely transcoded from 128kbps MP3",44100,16656,22050,27
/home/adam/driveBig/Music/New unformated songs/Bon Jovi - Crush (2000) [FLAC] [16B-44100kHz]/12. Bon Jovi - One Wild Night.flac,SUSPECT,"hard cutoff at ~16667Hz, steep 25.9dB/kHz -> likely transcoded from 128kbps MP3",44100,16667,22050,25.9
/home/adam/driveBig/Music/New unformated songs/Boston - Boston (1999) [FLAC] [16B-44100kHz]/01. Boston - More Than a Feeling.flac,SUSPECT,"hard cutoff at ~16570Hz, steep 26.6dB/kHz -> likely transcoded from 128kbps MP3",44100,16570,22050,26.6
/home/adam/driveBig/Music/New unformated songs/Boston - Boston (1999) [FLAC] [16B-44100kHz]/02. Boston - Peace of Mind.flac,SUSPECT,"hard cutoff at ~16715Hz, steep 30.6dB/kHz -> likely transcoded from 128kbps MP3",44100,16715,22050,30.6
/home/adam/driveBig/Music/New unformated songs/Boston - Boston (1999) [FLAC] [16B-44100kHz]/03. Boston - Foreplay  Long Time.flac,SUSPECT,"hard cutoff at ~16656Hz, steep 27.7dB/kHz -> likely transcoded from 128kbps MP3",44100,16656,22050,27.7
/home/adam/driveBig/Music/New unformated songs/Boston - Boston (1999) [FLAC] [16B-44100kHz]/04. Boston - Rock & Roll Band.flac,SUSPECT,"hard cutoff at ~16602Hz, steep 25.4dB/kHz -> likely transcoded from 128kbps MP3",44100,16602,22050,25.4
/home/adam/driveBig/Music/New unformated songs/Boston - Boston (1999) [FLAC] [16B-44100kHz]/05. Boston - Smokin'.flac,SUSPECT,"hard cutoff at ~16521Hz, steep 26.0dB/kHz -> likely transcoded from 128kbps MP3",44100,16521,22050,26
/home/adam/driveBig/Music/New unformated songs/Boston - Boston (1999) [FLAC] [16B-44100kHz]/06. Boston - Hitch a Ride.flac,SUSPECT,"hard cutoff at ~16677Hz, steep 27.9dB/kHz -> likely transcoded from 128kbps MP3",44100,16677,22050,27.9
/home/adam/driveBig/Music/New unformated songs/Boston - Boston (1999) [FLAC] [16B-44100kHz]/07. Boston - Something About You.flac,SUSPECT,"hard cutoff at ~16446Hz, steep 23.0dB/kHz -> likely transcoded from 128kbps MP3",44100,16446,22050,23
/home/adam/driveBig/Music/New unformated songs/Boston - Boston (1999) [FLAC] [16B-44100kHz]/08. Boston - Let Me Take You Home Tonight.flac,SUSPECT,"hard cutoff at ~16651Hz, steep 31.1dB/kHz -> likely transcoded from 128kbps MP3",44100,16651,22050,31.1
/home/adam/driveBig/Music/New unformated songs/Breezeblocks (Remixes) (2012)/alt‐J - Breezeblocks (Remixes) - 01 - Breezeblocks.flac,SUSPECT,"hard cutoff at ~20785Hz, steep 15.5dB/kHz -> likely transcoded from 256/224kbps MP3/AAC",44100,20785,22050,15.5
/home/adam/driveBig/Music/New unformated songs/Breezeblocks (Remixes) (2012)/alt‐J - Breezeblocks (Remixes) - 02 - Breezeblocks (Tom Vek's SFX remix).flac,GRADUAL_ROLLOFF,"rolloff at ~20058Hz but gentle (1.7dB/kHz) - could be an old master/analog source, not necessarily transcoded",44100,20058,22050,1.7
/home/adam/driveBig/Music/New unformated songs/Breezeblocks (Remixes) (2012)/alt‐J - Breezeblocks (Remixes) - 03 - Breezeblocks (B-Ju remix).flac,GRADUAL_ROLLOFF,"rolloff at ~6966Hz but gentle (3.1dB/kHz) - could be an old master/analog source, not necessarily transcoded",44100,6966,22050,3.1
/home/adam/driveBig/Music/New unformated songs/Breezeblocks (Remixes) (2012)/alt‐J - Breezeblocks (Remixes) - 04 - Breezeblocks (Rockdaworld remix).flac,GRADUAL_ROLLOFF,"rolloff at ~20365Hz but gentle (4.8dB/kHz) - could be an old master/analog source, not necessarily transcoded",44100,20365,22050,4.8
/home/adam/driveBig/Music/New unformated songs/Cage The Elephant - Beaches In Tennessee (2026) [FLAC] [16B-44100kHz]/01. Cage The Elephant - Beaches In Tennessee.flac,SUSPECT,"hard cutoff at ~16031Hz, steep 16.4dB/kHz -> likely transcoded from 128kbps MP3",44100,16031,22050,16.4
/home/adam/driveBig/Music/New unformated songs/Cage The Elephant - Thank You Happy Birthday (2011) [FLAC] [16B-44100kHz]/01. Cage The Elephant - Always Something.flac,SUSPECT,"hard cutoff at ~16656Hz, steep 26.9dB/kHz -> likely transcoded from 128kbps MP3",44100,16656,22050,26.9
/home/adam/driveBig/Music/New unformated songs/Cage The Elephant - Thank You Happy Birthday (2011) [FLAC] [16B-44100kHz]/02. Cage The Elephant - Aberdeen.flac,SUSPECT,"hard cutoff at ~16494Hz, steep 22.5dB/kHz -> likely transcoded from 128kbps MP3",44100,16494,22050,22.5
/home/adam/driveBig/Music/New unformated songs/Cage The Elephant - Thank You Happy Birthday (2011) [FLAC] [16B-44100kHz]/03. Cage The Elephant - Indy Kidz.flac,SUSPECT,"hard cutoff at ~16494Hz, steep 20.1dB/kHz -> likely transcoded from 128kbps MP3",44100,16494,22050,20.1
/home/adam/driveBig/Music/New unformated songs/Cage The Elephant - Thank You Happy Birthday (2011) [FLAC] [16B-44100kHz]/04. Cage The Elephant - Shake Me Down.flac,SUSPECT,"hard cutoff at ~16618Hz, steep 22.7dB/kHz -> likely transcoded from 128kbps MP3",44100,16618,22050,22.7
/home/adam/driveBig/Music/New unformated songs/Cage The Elephant - Thank You Happy Birthday (2011) [FLAC] [16B-44100kHz]/05. Cage The Elephant - 2024.flac,SUSPECT,"hard cutoff at ~16527Hz, steep 23.1dB/kHz -> likely transcoded from 128kbps MP3",44100,16527,22050,23.1
/home/adam/driveBig/Music/New unformated songs/Cage The Elephant - Thank You Happy Birthday (2011) [FLAC] [16B-44100kHz]/06. Cage The Elephant - Sell Yourself.flac,SUSPECT,"hard cutoff at ~16564Hz, steep 19.1dB/kHz -> likely transcoded from 128kbps MP3",44100,16564,22050,19.1
/home/adam/driveBig/Music/New unformated songs/Cage The Elephant - Thank You Happy Birthday (2011) [FLAC] [16B-44100kHz]/07. Cage The Elephant - Rubber Ball.flac,SUSPECT,"hard cutoff at ~16667Hz, steep 23.9dB/kHz -> likely transcoded from 128kbps MP3",44100,16667,22050,23.9
/home/adam/driveBig/Music/New unformated songs/Cage The Elephant - Thank You Happy Birthday (2011) [FLAC] [16B-44100kHz]/08. Cage The Elephant - Right Before My Eyes.flac,SUSPECT,"hard cutoff at ~16597Hz, steep 25.0dB/kHz -> likely transcoded from 128kbps MP3",44100,16597,22050,25
/home/adam/driveBig/Music/New unformated songs/Cage The Elephant - Thank You Happy Birthday (2011) [FLAC] [16B-44100kHz]/09. Cage The Elephant - Around My Head.flac,SUSPECT,"hard cutoff at ~16527Hz, steep 23.5dB/kHz -> likely transcoded from 128kbps MP3",44100,16527,22050,23.5
/home/adam/driveBig/Music/New unformated songs/Cage The Elephant - Thank You Happy Birthday (2011) [FLAC] [16B-44100kHz]/10. Cage The Elephant - Sabertooth Tiger.flac,SUSPECT,"hard cutoff at ~16478Hz, steep 20.1dB/kHz -> likely transcoded from 128kbps MP3",44100,16478,22050,20.1
/home/adam/driveBig/Music/New unformated songs/Cage The Elephant - Thank You Happy Birthday (2011) [FLAC] [16B-44100kHz]/11. Cage The Elephant - Japanese Buffalo.flac,SUSPECT,"hard cutoff at ~16058Hz, steep 18.7dB/kHz -> likely transcoded from 128kbps MP3",44100,16058,22050,18.7
/home/adam/driveBig/Music/New unformated songs/Cage The Elephant - Thank You Happy Birthday (2011) [FLAC] [16B-44100kHz]/12. Cage The Elephant - Flow.flac,SUSPECT,"hard cutoff at ~16376Hz, steep 21.1dB/kHz -> likely transcoded from 128kbps MP3",44100,16376,22050,21.1
/home/adam/driveBig/Music/New unformated songs/Cage The Elephant - Thank You Happy Birthday (2011) [FLAC] [16B-44100kHz]/13. Cage The Elephant - Doctor Doctor Doctor Help Me Help Me Help Me.flac,SUSPECT,"hard cutoff at ~16446Hz, steep 21.9dB/kHz -> likely transcoded from 128kbps MP3",44100,16446,22050,21.9
/home/adam/driveBig/Music/New unformated songs/Cage The Elephant - Thank You Happy Birthday (2011) [FLAC] [16B-44100kHz]/14. Cage The Elephant - Carry Me In.flac,SUSPECT,"hard cutoff at ~16640Hz, steep 25.0dB/kHz -> likely transcoded from 128kbps MP3",44100,16640,22050,25
/home/adam/driveBig/Music/New unformated songs/Car Seat Headrest - How to Leave Town (2014) [FLAC] [16B-44100kHz]/01. Car Seat Headrest - The Ending of Dramamine (Explicit).flac,SUSPECT,"hard cutoff at ~16796Hz, steep 23.0dB/kHz -> likely transcoded from 128kbps MP3",44100,16796,22050,23
/home/adam/driveBig/Music/New unformated songs/Car Seat Headrest - How to Leave Town (2014) [FLAC] [16B-44100kHz]/02. Car Seat Headrest - Beast Monster Thing (Love Isn't Love Enough).flac,SUSPECT,"hard cutoff at ~16613Hz, steep 21.8dB/kHz -> likely transcoded from 128kbps MP3",44100,16613,22050,21.8
/home/adam/driveBig/Music/New unformated songs/Car Seat Headrest - How to Leave Town (2014) [FLAC] [16B-44100kHz]/03. Car Seat Headrest - Kimochi Warui (When When When When When When When) (Explicit).flac,SUSPECT,"hard cutoff at ~16489Hz, steep 24.3dB/kHz -> likely transcoded from 128kbps MP3",44100,16489,22050,24.3
/home/adam/driveBig/Music/New unformated songs/Car Seat Headrest - How to Leave Town (2014) [FLAC] [16B-44100kHz]/04. Car Seat Headrest - I-94 W (832 Mi).flac,SUSPECT,"hard cutoff at ~16026Hz, steep 17.4dB/kHz -> likely transcoded from 128kbps MP3",44100,16026,22050,17.4
/home/adam/driveBig/Music/New unformated songs/Car Seat Headrest - How to Leave Town (2014) [FLAC] [16B-44100kHz]/05. Car Seat Headrest - You're in Love with Me.flac,SUSPECT,"hard cutoff at ~16683Hz, steep 27.8dB/kHz -> likely transcoded from 128kbps MP3",44100,16683,22050,27.8
/home/adam/driveBig/Music/New unformated songs/Car Seat Headrest - How to Leave Town (2014) [FLAC] [16B-44100kHz]/06. Car Seat Headrest - America (Never Been).flac,SUSPECT,"hard cutoff at ~16737Hz, steep 22.5dB/kHz -> likely transcoded from 128kbps MP3",44100,16737,22050,22.5
/home/adam/driveBig/Music/New unformated songs/Car Seat Headrest - How to Leave Town (2014) [FLAC] [16B-44100kHz]/07. Car Seat Headrest - I Want You to Know That I'm Awakei Hope That You're Asleep (Explicit).flac,SUSPECT,"hard cutoff at ~16758Hz, steep 28.1dB/kHz -> likely transcoded from 128kbps MP3",44100,16758,22050,28.1
/home/adam/driveBig/Music/New unformated songs/Car Seat Headrest - How to Leave Town (2014) [FLAC] [16B-44100kHz]/08. Car Seat Headrest - Is This Dust Really from the Titanic (Explicit).flac,SUSPECT,"hard cutoff at ~16602Hz, steep 21.1dB/kHz -> likely transcoded from 128kbps MP3",44100,16602,22050,21.1
"/home/adam/driveBig/Music/New unformated songs/Car Seat Headrest - How to Leave Town (2014) [FLAC] [16B-44100kHz]/09. Car Seat Headrest - Hey, Space Cadet (Beast Monster Thing in Space).flac",SUSPECT,"hard cutoff at ~16742Hz, steep 26.5dB/kHz -> likely transcoded from 128kbps MP3",44100,16742,22050,26.5
/home/adam/driveBig/Music/New unformated songs/Car Seat Headrest - Making a Door Less Open (2020) [FLAC] [16B-44100kHz]/01. Car Seat Headrest - Weightlifters.flac,SUSPECT,"hard cutoff at ~16651Hz, steep 19.4dB/kHz -> likely transcoded from 128kbps MP3",44100,16651,22050,19.4
/home/adam/driveBig/Music/New unformated songs/Car Seat Headrest - Making a Door Less Open (2020) [FLAC] [16B-44100kHz]/02. Car Seat Headrest - Can't Cool Me Down.flac,SUSPECT,"hard cutoff at ~16677Hz, steep 22.3dB/kHz -> likely transcoded from 128kbps MP3",44100,16677,22050,22.3
/home/adam/driveBig/Music/New unformated songs/Car Seat Headrest - Making a Door Less Open (2020) [FLAC] [16B-44100kHz]/03. Car Seat Headrest - Deadlines (Hostile).flac,SUSPECT,"hard cutoff at ~16554Hz, steep 21.0dB/kHz -> likely transcoded from 128kbps MP3",44100,16554,22050,21
/home/adam/driveBig/Music/New unformated songs/Car Seat Headrest - Making a Door Less Open (2020) [FLAC] [16B-44100kHz]/04. Car Seat Headrest - Hollywood (Explicit).flac,SUSPECT,"hard cutoff at ~16548Hz, steep 18.4dB/kHz -> likely transcoded from 128kbps MP3",44100,16548,22050,18.4
/home/adam/driveBig/Music/New unformated songs/Car Seat Headrest - Making a Door Less Open (2020) [FLAC] [16B-44100kHz]/05. Car Seat Headrest - Hymn (Remix).flac,SUSPECT,"hard cutoff at ~16667Hz, steep 25.1dB/kHz -> likely transcoded from 128kbps MP3",44100,16667,22050,25.1
/home/adam/driveBig/Music/New unformated songs/Car Seat Headrest - Making a Door Less Open (2020) [FLAC] [16B-44100kHz]/06. Car Seat Headrest - Martin.flac,SUSPECT,"hard cutoff at ~16220Hz, steep 24.0dB/kHz -> likely transcoded from 128kbps MP3",44100,16220,22050,24
/home/adam/driveBig/Music/New unformated songs/Car Seat Headrest - Making a Door Less Open (2020) [FLAC] [16B-44100kHz]/07. Car Seat Headrest - Deadlines (Thoughtful).flac,SUSPECT,"hard cutoff at ~16715Hz, steep 24.0dB/kHz -> likely transcoded from 128kbps MP3",44100,16715,22050,24
/home/adam/driveBig/Music/New unformated songs/Car Seat Headrest - Making a Door Less Open (2020) [FLAC] [16B-44100kHz]/08. Car Seat Headrest - What's With You Lately.flac,SUSPECT,"hard cutoff at ~16683Hz, steep 25.0dB/kHz -> likely transcoded from 128kbps MP3",44100,16683,22050,25
/home/adam/driveBig/Music/New unformated songs/Car Seat Headrest - Making a Door Less Open (2020) [FLAC] [16B-44100kHz]/09. Car Seat Headrest - Life Worth Missing.flac,SUSPECT,"hard cutoff at ~16521Hz, steep 21.0dB/kHz -> likely transcoded from 128kbps MP3",44100,16521,22050,21
/home/adam/driveBig/Music/New unformated songs/Car Seat Headrest - Making a Door Less Open (2020) [FLAC] [16B-44100kHz]/10. Car Seat Headrest - There Must Be More Than Blood.flac,SUSPECT,"hard cutoff at ~16683Hz, steep 25.3dB/kHz -> likely transcoded from 128kbps MP3",44100,16683,22050,25.3
/home/adam/driveBig/Music/New unformated songs/Car Seat Headrest - Making a Door Less Open (2020) [FLAC] [16B-44100kHz]/11. Car Seat Headrest - Famous.flac,SUSPECT,"hard cutoff at ~16726Hz, steep 28.6dB/kHz -> likely transcoded from 128kbps MP3",44100,16726,22050,28.6
/home/adam/driveBig/Music/New unformated songs/Car Seat Headrest - Nervous Young Man (2013) [FLAC] [16B-44100kHz]/01. Car Seat Headrest - Boxing Day.flac,SUSPECT,"hard cutoff at ~16494Hz, steep 25.0dB/kHz -> likely transcoded from 128kbps MP3",44100,16494,22050,25
/home/adam/driveBig/Music/New unformated songs/Car Seat Headrest - Nervous Young Man (2013) [FLAC] [16B-44100kHz]/02. Car Seat Headrest - We Can't Afford (Your Depression Anymore).flac,SUSPECT,"hard cutoff at ~16758Hz, steep 26.4dB/kHz -> likely transcoded from 128kbps MP3",44100,16758,22050,26.4
/home/adam/driveBig/Music/New unformated songs/Car Seat Headrest - Nervous Young Man (2013) [FLAC] [16B-44100kHz]/03. Car Seat Headrest - Don't Remind Me.flac,SUSPECT,"hard cutoff at ~16031Hz, steep 14.7dB/kHz -> likely transcoded from 128kbps MP3",44100,16031,22050,14.7
/home/adam/driveBig/Music/New unformated songs/Car Seat Headrest - Nervous Young Man (2013) [FLAC] [16B-44100kHz]/04. Car Seat Headrest - Homes.flac,SUSPECT,"hard cutoff at ~16026Hz, steep 17.5dB/kHz -> likely transcoded from 128kbps MP3",44100,16026,22050,17.5
/home/adam/driveBig/Music/New unformated songs/Car Seat Headrest - Nervous Young Man (2013) [FLAC] [16B-44100kHz]/05. Car Seat Headrest - Afterglow.flac,SUSPECT,"hard cutoff at ~16710Hz, steep 24.3dB/kHz -> likely transcoded from 128kbps MP3",44100,16710,22050,24.3
/home/adam/driveBig/Music/New unformated songs/Car Seat Headrest - Nervous Young Man (2013) [FLAC] [16B-44100kHz]/06. Car Seat Headrest - Jerks.flac,SUSPECT,"hard cutoff at ~16624Hz, steep 24.5dB/kHz -> likely transcoded from 128kbps MP3",44100,16624,22050,24.5
/home/adam/driveBig/Music/New unformated songs/Car Seat Headrest - Nervous Young Man (2013) [FLAC] [16B-44100kHz]/07. Car Seat Headrest - Broken Birds (Rest in Pieces).flac,SUSPECT,"hard cutoff at ~16683Hz, steep 23.5dB/kHz -> likely transcoded from 128kbps MP3",44100,16683,22050,23.5
/home/adam/driveBig/Music/New unformated songs/Car Seat Headrest - Nervous Young Man (2013) [FLAC] [16B-44100kHz]/08. Car Seat Headrest - The Gun Song (No Trigger Version).flac,SUSPECT,"hard cutoff at ~16521Hz, steep 21.3dB/kHz -> likely transcoded from 128kbps MP3",44100,16521,22050,21.3
/home/adam/driveBig/Music/New unformated songs/Car Seat Headrest - Nervous Young Man (2013) [FLAC] [16B-44100kHz]/09. Car Seat Headrest - Goodbye Love.flac,SUSPECT,"hard cutoff at ~16031Hz, steep 12.9dB/kHz -> likely transcoded from 128kbps MP3",44100,16031,22050,12.9
/home/adam/driveBig/Music/New unformated songs/Car Seat Headrest - Nervous Young Man (2013) [FLAC] [16B-44100kHz]/10. Car Seat Headrest - I Can Play the Piano.flac,SUSPECT,"hard cutoff at ~16015Hz, steep 13.1dB/kHz -> likely transcoded from 128kbps MP3",44100,16015,22050,13.1
/home/adam/driveBig/Music/New unformated songs/Car Seat Headrest - Nervous Young Man (2013) [FLAC] [16B-44100kHz]/11. Car Seat Headrest - Crows (Rest in Bigger Pieces Mix).flac,SUSPECT,"hard cutoff at ~16634Hz, steep 22.8dB/kHz -> likely transcoded from 128kbps MP3",44100,16634,22050,22.8
/home/adam/driveBig/Music/New unformated songs/Car Seat Headrest - Nervous Young Man (2013) [FLAC] [16B-44100kHz]/12. Car Seat Headrest - I Wanna Sweat.flac,SUSPECT,"hard cutoff at ~16543Hz, steep 18.7dB/kHz -> likely transcoded from 128kbps MP3",44100,16543,22050,18.7
/home/adam/driveBig/Music/New unformated songs/Car Seat Headrest - Nervous Young Man (2013) [FLAC] [16B-44100kHz]/13. Car Seat Headrest - Burning Man.flac,SUSPECT,"hard cutoff at ~16629Hz, steep 18.8dB/kHz -> likely transcoded from 128kbps MP3",44100,16629,22050,18.8
/home/adam/driveBig/Music/New unformated songs/Car Seat Headrest - Nervous Young Man (2013) [FLAC] [16B-44100kHz]/14. Car Seat Headrest - Dreams Fall Hard.flac,SUSPECT,"hard cutoff at ~16570Hz, steep 24.5dB/kHz -> likely transcoded from 128kbps MP3",44100,16570,22050,24.5
/home/adam/driveBig/Music/New unformated songs/Car Seat Headrest - Nervous Young Man (2013) [FLAC] [16B-44100kHz]/15. Car Seat Headrest - Plane Crash Blues (I Can't Play the Piano).flac,SUSPECT,"hard cutoff at ~16516Hz, steep 15.6dB/kHz -> likely transcoded from 128kbps MP3",44100,16516,22050,15.6
/home/adam/driveBig/Music/New unformated songs/Car Seat Headrest - Nervous Young Man (2013) [FLAC] [16B-44100kHz]/16. Car Seat Headrest - Big Jacket.flac,SUSPECT,"hard cutoff at ~16672Hz, steep 22.7dB/kHz -> likely transcoded from 128kbps MP3",44100,16672,22050,22.7
/home/adam/driveBig/Music/New unformated songs/Car Seat Headrest - Nervous Young Man (2013) [FLAC] [16B-44100kHz]/17. Car Seat Headrest - Death at the Movies.flac,GRADUAL_ROLLOFF,"rolloff at ~14890Hz but gentle (2.5dB/kHz) - could be an old master/analog source, not necessarily transcoded",44100,14890,22050,2.5
/home/adam/driveBig/Music/New unformated songs/Car Seat Headrest - Nervous Young Man (2013) [FLAC] [16B-44100kHz]/18. Car Seat Headrest - Jus' Tired.flac,SUSPECT,"hard cutoff at ~16484Hz, steep 22.6dB/kHz -> likely transcoded from 128kbps MP3",44100,16484,22050,22.6
/home/adam/driveBig/Music/New unformated songs/Car Seat Headrest - Nervous Young Man (2013) [FLAC] [16B-44100kHz]/19. Car Seat Headrest - Some Strange Angel.flac,GRADUAL_ROLLOFF,"rolloff at ~12301Hz but gentle (1.9dB/kHz) - could be an old master/analog source, not necessarily transcoded",44100,12301,22050,1.9
/home/adam/driveBig/Music/New unformated songs/Car Seat Headrest - Nervous Young Man (2013) [FLAC] [16B-44100kHz]/20. Car Seat Headrest - Knife in the Coffee.flac,SUSPECT,"hard cutoff at ~16322Hz, steep 24.6dB/kHz -> likely transcoded from 128kbps MP3",44100,16322,22050,24.6
/home/adam/driveBig/Music/New unformated songs/Car Seat Headrest - Teens of Style (2015) [FLAC] [16B-44100kHz]/01. Car Seat Headrest - Sunburned Shirts.flac,SUSPECT,"hard cutoff at ~16451Hz, steep 12.3dB/kHz -> likely transcoded from 128kbps MP3",44100,16451,22050,12.3
/home/adam/driveBig/Music/New unformated songs/Car Seat Headrest - Teens of Style (2015) [FLAC] [16B-44100kHz]/02. Car Seat Headrest - The Drum (Explicit).flac,SUSPECT,"hard cutoff at ~16785Hz, steep 24.7dB/kHz -> likely transcoded from 128kbps MP3",44100,16785,22050,24.7
/home/adam/driveBig/Music/New unformated songs/Car Seat Headrest - Teens of Style (2015) [FLAC] [16B-44100kHz]/03. Car Seat Headrest - Something Soon.flac,SUSPECT,"hard cutoff at ~16532Hz, steep 21.1dB/kHz -> likely transcoded from 128kbps MP3",44100,16532,22050,21.1
/home/adam/driveBig/Music/New unformated songs/Car Seat Headrest - Teens of Style (2015) [FLAC] [16B-44100kHz]/04. Car Seat Headrest - No Passion.flac,SUSPECT,"hard cutoff at ~16785Hz, steep 29.2dB/kHz -> likely transcoded from 128kbps MP3",44100,16785,22050,29.2
/home/adam/driveBig/Music/New unformated songs/Car Seat Headrest - Teens of Style (2015) [FLAC] [16B-44100kHz]/05. Car Seat Headrest - Times to Die.flac,SUSPECT,"hard cutoff at ~16758Hz, steep 25.6dB/kHz -> likely transcoded from 128kbps MP3",44100,16758,22050,25.6
"/home/adam/driveBig/Music/New unformated songs/Car Seat Headrest - Teens of Style (2015) [FLAC] [16B-44100kHz]/06. Car Seat Headrest - psst, teenagers, take off your clo.flac",SUSPECT,"hard cutoff at ~16683Hz, steep 25.3dB/kHz -> likely transcoded from 128kbps MP3",44100,16683,22050,25.3
/home/adam/driveBig/Music/New unformated songs/Car Seat Headrest - Teens of Style (2015) [FLAC] [16B-44100kHz]/07. Car Seat Headrest - Strangers (Explicit).flac,SUSPECT,"hard cutoff at ~16489Hz, steep 17.7dB/kHz -> likely transcoded from 128kbps MP3",44100,16489,22050,17.7
/home/adam/driveBig/Music/New unformated songs/Car Seat Headrest - Teens of Style (2015) [FLAC] [16B-44100kHz]/08. Car Seat Headrest - Maud Gone.flac,GRADUAL_ROLLOFF,"rolloff at ~15439Hz but gentle (5.9dB/kHz) - could be an old master/analog source, not necessarily transcoded",44100,15439,22050,5.9
"/home/adam/driveBig/Music/New unformated songs/Car Seat Headrest - Teens of Style (2015) [FLAC] [16B-44100kHz]/09. Car Seat Headrest - Los Barrachos (I Don't Have Any Hope Left, But the Weather is Nice).flac",SUSPECT,"hard cutoff at ~16640Hz, steep 24.3dB/kHz -> likely transcoded from 128kbps MP3",44100,16640,22050,24.3
"/home/adam/driveBig/Music/New unformated songs/Car Seat Headrest - Teens of Style (2015) [FLAC] [16B-44100kHz]/10. Car Seat Headrest - Bad Role Models, Old Idols Exhumed (psst, teenagers, put your clothes back o).flac",SUSPECT,"hard cutoff at ~16645Hz, steep 23.1dB/kHz -> likely transcoded from 128kbps MP3",44100,16645,22050,23.1
/home/adam/driveBig/Music/New unformated songs/Car Seat Headrest - Teens of Style (2015) [FLAC] [16B-44100kHz]/11. Car Seat Headrest - Oh! Starving.flac,SUSPECT,"hard cutoff at ~16747Hz, steep 28.2dB/kHz -> likely transcoded from 128kbps MP3",44100,16747,22050,28.2
"/home/adam/driveBig/Music/New unformated songs/Cast of Mamma Mia! The Movie - Mamma Mia! The Movie Soundtrack (2008) [FLAC] [16B-44100kHz]/01. Amanda Seyfried - Honey, Honey (From 'Mamma Mia!' Original Motion Picture Soundtrack).flac",SUSPECT,"hard cutoff at ~16559Hz, steep 21.8dB/kHz -> likely transcoded from 128kbps MP3",44100,16559,22050,21.8
"/home/adam/driveBig/Music/New unformated songs/Cast of Mamma Mia! The Movie - Mamma Mia! The Movie Soundtrack (2008) [FLAC] [16B-44100kHz]/02. Meryl Streep - Money, Money, Money (From 'Mamma Mia!' Original Motion Picture Soundtrack).flac",SUSPECT,"hard cutoff at ~16543Hz, steep 21.7dB/kHz -> likely transcoded from 128kbps MP3",44100,16543,22050,21.7
/home/adam/driveBig/Music/New unformated songs/Cast of Mamma Mia! The Movie - Mamma Mia! The Movie Soundtrack (2008) [FLAC] [16B-44100kHz]/03. Meryl Streep - Mamma Mia (From 'Mamma Mia!' Original Motion Picture Soundtrack).flac,SUSPECT,"hard cutoff at ~16527Hz, steep 17.9dB/kHz -> likely transcoded from 128kbps MP3",44100,16527,22050,17.9
/home/adam/driveBig/Music/New unformated songs/Cast of Mamma Mia! The Movie - Mamma Mia! The Movie Soundtrack (2008) [FLAC] [16B-44100kHz]/04. Meryl Streep - Dancing Queen (From 'Mamma Mia!' Original Motion Picture Soundtrack).flac,SUSPECT,"hard cutoff at ~16667Hz, steep 24.1dB/kHz -> likely transcoded from 128kbps MP3",44100,16667,22050,24.1
/home/adam/driveBig/Music/New unformated songs/Cast of Mamma Mia! The Movie - Mamma Mia! The Movie Soundtrack (2008) [FLAC] [16B-44100kHz]/05. Colin Firth - Our Last Summer (From 'Mamma Mia!' Original Motion Picture Soundtrack).flac,SUSPECT,"hard cutoff at ~16564Hz, steep 24.4dB/kHz -> likely transcoded from 128kbps MP3",44100,16564,22050,24.4
/home/adam/driveBig/Music/New unformated songs/Cast of Mamma Mia! The Movie - Mamma Mia! The Movie Soundtrack (2008) [FLAC] [16B-44100kHz]/06. Dominic Cooper - Lay All Your Love On Me (From 'Mamma Mia!' Original Motion Picture Soundtrack).flac,SUSPECT,"hard cutoff at ~16656Hz, steep 26.3dB/kHz -> likely transcoded from 128kbps MP3",44100,16656,22050,26.3
/home/adam/driveBig/Music/New unformated songs/Cast of Mamma Mia! The Movie - Mamma Mia! The Movie Soundtrack (2008) [FLAC] [16B-44100kHz]/07. Meryl Streep - Super Trouper (From 'Mamma Mia!' Original Motion Picture Soundtrack).flac,SUSPECT,"hard cutoff at ~16629Hz, steep 27.2dB/kHz -> likely transcoded from 128kbps MP3",44100,16629,22050,27.2
/home/adam/driveBig/Music/New unformated songs/Cast of Mamma Mia! The Movie - Mamma Mia! The Movie Soundtrack (2008) [FLAC] [16B-44100kHz]/08. Amanda Seyfried - Gimme! Gimme! Gimme! (A Man After Midnight) (From 'Mamma Mia!' Original Motion Picture Soundtrack).flac,SUSPECT,"hard cutoff at ~16602Hz, steep 24.2dB/kHz -> likely transcoded from 128kbps MP3",44100,16602,22050,24.2
/home/adam/driveBig/Music/New unformated songs/Cast of Mamma Mia! The Movie - Mamma Mia! The Movie Soundtrack (2008) [FLAC] [16B-44100kHz]/09. Amanda Seyfried - The Name Of The Game (From 'Mamma Mia!' Original Motion Picture Soundtrack).flac,SUSPECT,"hard cutoff at ~16607Hz, steep 25.1dB/kHz -> likely transcoded from 128kbps MP3",44100,16607,22050,25.1
/home/adam/driveBig/Music/New unformated songs/Cast of Mamma Mia! The Movie - Mamma Mia! The Movie Soundtrack (2008) [FLAC] [16B-44100kHz]/10. Cast of Mamma Mia! The Movie - Voulez-Vous (From 'Mamma Mia!' Original Motion Picture Soundtrack).flac,SUSPECT,"hard cutoff at ~16645Hz, steep 23.5dB/kHz -> likely transcoded from 128kbps MP3",44100,16645,22050,23.5
/home/adam/driveBig/Music/New unformated songs/Cast of Mamma Mia! The Movie - Mamma Mia! The Movie Soundtrack (2008) [FLAC] [16B-44100kHz]/11. Pierce Brosnan - SOS (From 'Mamma Mia!' Original Motion Picture Soundtrack).flac,SUSPECT,"hard cutoff at ~16489Hz, steep 19.0dB/kHz -> likely transcoded from 128kbps MP3",44100,16489,22050,19
/home/adam/driveBig/Music/New unformated songs/Cast of Mamma Mia! The Movie - Mamma Mia! The Movie Soundtrack (2008) [FLAC] [16B-44100kHz]/12. Christine Baranski - Does Your Mother Know (From 'Mamma Mia!' Original Motion Picture Soundtrack).flac,SUSPECT,"hard cutoff at ~16629Hz, steep 26.7dB/kHz -> likely transcoded from 128kbps MP3",44100,16629,22050,26.7
/home/adam/driveBig/Music/New unformated songs/Cast of Mamma Mia! The Movie - Mamma Mia! The Movie Soundtrack (2008) [FLAC] [16B-44100kHz]/13. Meryl Streep - Slipping Through My Fingers (From 'Mamma Mia!' Original Motion Picture Soundtrack).flac,SUSPECT,"hard cutoff at ~16640Hz, steep 26.5dB/kHz -> likely transcoded from 128kbps MP3",44100,16640,22050,26.5
/home/adam/driveBig/Music/New unformated songs/Cast of Mamma Mia! The Movie - Mamma Mia! The Movie Soundtrack (2008) [FLAC] [16B-44100kHz]/14. Meryl Streep - The Winner Takes It All (From Mamma Mia!).flac,SUSPECT,"hard cutoff at ~16575Hz, steep 22.0dB/kHz -> likely transcoded from 128kbps MP3",44100,16575,22050,22
/home/adam/driveBig/Music/New unformated songs/Cast of Mamma Mia! The Movie - Mamma Mia! The Movie Soundtrack (2008) [FLAC] [16B-44100kHz]/15. Pierce Brosnan - When All Is Said And Done (From 'Mamma Mia!' Original Motion Picture Soundtrack).flac,SUSPECT,"hard cutoff at ~16532Hz, steep 23.7dB/kHz -> likely transcoded from 128kbps MP3",44100,16532,22050,23.7
/home/adam/driveBig/Music/New unformated songs/Cast of Mamma Mia! The Movie - Mamma Mia! The Movie Soundtrack (2008) [FLAC] [16B-44100kHz]/16. Julie Walters - Take A Chance On Me (From 'Mamma Mia!' Original Motion Picture Soundtrack).flac,SUSPECT,"hard cutoff at ~16629Hz, steep 26.3dB/kHz -> likely transcoded from 128kbps MP3",44100,16629,22050,26.3
/home/adam/driveBig/Music/New unformated songs/Cast of Mamma Mia! The Movie - Mamma Mia! The Movie Soundtrack (2008) [FLAC] [16B-44100kHz]/17. Amanda Seyfried - I Have A Dream (From 'Mamma Mia!' Original Motion Picture Soundtrack).flac,SUSPECT,"hard cutoff at ~16683Hz, steep 28.0dB/kHz -> likely transcoded from 128kbps MP3",44100,16683,22050,28
/home/adam/driveBig/Music/New unformated songs/Cast of Mamma Mia! The Movie - Mamma Mia! The Movie Soundtrack (2008) [FLAC] [16B-44100kHz]/18. Amanda Seyfried - Thank You For The Music (From 'Mamma Mia!' Original Motion Picture Soundtrack).flac,SUSPECT,"hard cutoff at ~16721Hz, steep 31.2dB/kHz -> likely transcoded from 128kbps MP3",44100,16721,22050,31.2
/home/adam/driveBig/Music/New unformated songs/Catfish and the Bottlemen - The Balcony (2014) [FLAC] [16B-44100kHz]/01. Catfish and the Bottlemen - Homesick.flac,SUSPECT,"hard cutoff at ~16624Hz, steep 23.9dB/kHz -> likely transcoded from 128kbps MP3",44100,16624,22050,23.9
/home/adam/driveBig/Music/New unformated songs/Catfish and the Bottlemen - The Balcony (2014) [FLAC] [16B-44100kHz]/02. Catfish and the Bottlemen - Kathleen.flac,SUSPECT,"hard cutoff at ~16677Hz, steep 28.5dB/kHz -> likely transcoded from 128kbps MP3",44100,16677,22050,28.5
/home/adam/driveBig/Music/New unformated songs/Catfish and the Bottlemen - The Balcony (2014) [FLAC] [16B-44100kHz]/03. Catfish and the Bottlemen - Cocoon (Explicit).flac,SUSPECT,"hard cutoff at ~16629Hz, steep 25.3dB/kHz -> likely transcoded from 128kbps MP3",44100,16629,22050,25.3
/home/adam/driveBig/Music/New unformated songs/Catfish and the Bottlemen - The Balcony (2014) [FLAC] [16B-44100kHz]/04. Catfish and the Bottlemen - Fallout (Explicit).flac,SUSPECT,"hard cutoff at ~16554Hz, steep 22.7dB/kHz -> likely transcoded from 128kbps MP3",44100,16554,22050,22.7
/home/adam/driveBig/Music/New unformated songs/Catfish and the Bottlemen - The Balcony (2014) [FLAC] [16B-44100kHz]/05. Catfish and the Bottlemen - Pacifier.flac,SUSPECT,"hard cutoff at ~16543Hz, steep 19.4dB/kHz -> likely transcoded from 128kbps MP3",44100,16543,22050,19.4
/home/adam/driveBig/Music/New unformated songs/Catfish and the Bottlemen - The Balcony (2014) [FLAC] [16B-44100kHz]/06. Catfish and the Bottlemen - Hourglass (Explicit).flac,SUSPECT,"hard cutoff at ~16667Hz, steep 25.5dB/kHz -> likely transcoded from 128kbps MP3",44100,16667,22050,25.5
/home/adam/driveBig/Music/New unformated songs/Catfish and the Bottlemen - The Balcony (2014) [FLAC] [16B-44100kHz]/07. Catfish and the Bottlemen - Business (Explicit).flac,SUSPECT,"hard cutoff at ~16484Hz, steep 20.9dB/kHz -> likely transcoded from 128kbps MP3",44100,16484,22050,20.9
/home/adam/driveBig/Music/New unformated songs/Catfish and the Bottlemen - The Balcony (2014) [FLAC] [16B-44100kHz]/08. Catfish and the Bottlemen - 26.flac,SUSPECT,"hard cutoff at ~16564Hz, steep 22.3dB/kHz -> likely transcoded from 128kbps MP3",44100,16564,22050,22.3
/home/adam/driveBig/Music/New unformated songs/Catfish and the Bottlemen - The Balcony (2014) [FLAC] [16B-44100kHz]/09. Catfish and the Bottlemen - Rango.flac,SUSPECT,"hard cutoff at ~16618Hz, steep 23.8dB/kHz -> likely transcoded from 128kbps MP3",44100,16618,22050,23.8
/home/adam/driveBig/Music/New unformated songs/Catfish and the Bottlemen - The Balcony (2014) [FLAC] [16B-44100kHz]/10. Catfish and the Bottlemen - Sidewinder.flac,SUSPECT,"hard cutoff at ~16527Hz, steep 24.8dB/kHz -> likely transcoded from 128kbps MP3",44100,16527,22050,24.8
/home/adam/driveBig/Music/New unformated songs/Catfish and the Bottlemen - The Balcony (2014) [FLAC] [16B-44100kHz]/11. Catfish and the Bottlemen - Tyrants.flac,SUSPECT,"hard cutoff at ~16101Hz, steep 20.7dB/kHz -> likely transcoded from 128kbps MP3",44100,16101,22050,20.7
/home/adam/driveBig/Music/New unformated songs/chandol - What's the Rush (2026) [FLAC] [16B-44100kHz]/01. chandol - What's the Rush (Explicit).flac,SUSPECT,"hard cutoff at ~16699Hz, steep 23.6dB/kHz -> likely transcoded from 128kbps MP3",44100,16699,22050,23.6
/home/adam/driveBig/Music/New unformated songs/Clairo - Immunity (2019) [FLAC] [16B-44100kHz]/01. Clairo - Alewife.flac,SUSPECT,"hard cutoff at ~16069Hz, steep 15.2dB/kHz -> likely transcoded from 128kbps MP3",44100,16069,22050,15.2
/home/adam/driveBig/Music/New unformated songs/Clairo - Immunity (2019) [FLAC] [16B-44100kHz]/02. Clairo - Impossible.flac,SUSPECT,"hard cutoff at ~16381Hz, steep 20.4dB/kHz -> likely transcoded from 128kbps MP3",44100,16381,22050,20.4
/home/adam/driveBig/Music/New unformated songs/Clairo - Immunity (2019) [FLAC] [16B-44100kHz]/03. Clairo - Closer To You (Explicit).flac,SUSPECT,"hard cutoff at ~16715Hz, steep 26.1dB/kHz -> likely transcoded from 128kbps MP3",44100,16715,22050,26.1
/home/adam/driveBig/Music/New unformated songs/Clairo - Immunity (2019) [FLAC] [16B-44100kHz]/04. Clairo - North.flac,SUSPECT,"hard cutoff at ~16548Hz, steep 21.7dB/kHz -> likely transcoded from 128kbps MP3",44100,16548,22050,21.7
/home/adam/driveBig/Music/New unformated songs/Clairo - Immunity (2019) [FLAC] [16B-44100kHz]/05. Clairo - Bags.flac,SUSPECT,"hard cutoff at ~16511Hz, steep 27.5dB/kHz -> likely transcoded from 128kbps MP3",44100,16511,22050,27.5
/home/adam/driveBig/Music/New unformated songs/Clairo - Immunity (2019) [FLAC] [16B-44100kHz]/06. Clairo - Softly.flac,SUSPECT,"hard cutoff at ~16629Hz, steep 23.3dB/kHz -> likely transcoded from 128kbps MP3",44100,16629,22050,23.3
/home/adam/driveBig/Music/New unformated songs/Clairo - Immunity (2019) [FLAC] [16B-44100kHz]/07. Clairo - Sofia.flac,SUSPECT,"hard cutoff at ~16796Hz, steep 31.0dB/kHz -> likely transcoded from 128kbps MP3",44100,16796,22050,31
/home/adam/driveBig/Music/New unformated songs/Clairo - Immunity (2019) [FLAC] [16B-44100kHz]/08. Clairo - White Flag.flac,SUSPECT,"hard cutoff at ~16478Hz, steep 19.9dB/kHz -> likely transcoded from 128kbps MP3",44100,16478,22050,19.9
/home/adam/driveBig/Music/New unformated songs/Clairo - Immunity (2019) [FLAC] [16B-44100kHz]/09. Clairo - Feel Something.flac,SUSPECT,"hard cutoff at ~16494Hz, steep 26.2dB/kHz -> likely transcoded from 128kbps MP3",44100,16494,22050,26.2
/home/adam/driveBig/Music/New unformated songs/Clairo - Immunity (2019) [FLAC] [16B-44100kHz]/10. Clairo - Sinking.flac,SUSPECT,"hard cutoff at ~16521Hz, steep 26.8dB/kHz -> likely transcoded from 128kbps MP3",44100,16521,22050,26.8
/home/adam/driveBig/Music/New unformated songs/Clairo - Immunity (2019) [FLAC] [16B-44100kHz]/11. Clairo - I Wouldn't Ask You (Explicit).flac,SUSPECT,"hard cutoff at ~16721Hz, steep 25.7dB/kHz -> likely transcoded from 128kbps MP3",44100,16721,22050,25.7
/home/adam/driveBig/Music/New unformated songs/Creed - Human Clay (2011) [FLAC] [16B-44100kHz]/01. Creed - Are You Ready.flac,SUSPECT,"hard cutoff at ~16737Hz, steep 27.9dB/kHz -> likely transcoded from 128kbps MP3",44100,16737,22050,27.9
/home/adam/driveBig/Music/New unformated songs/Creed - Human Clay (2011) [FLAC] [16B-44100kHz]/02. Creed - What If.flac,SUSPECT,"hard cutoff at ~16677Hz, steep 27.6dB/kHz -> likely transcoded from 128kbps MP3",44100,16677,22050,27.6
/home/adam/driveBig/Music/New unformated songs/Creed - Human Clay (2011) [FLAC] [16B-44100kHz]/03. Creed - Beautiful.flac,SUSPECT,"hard cutoff at ~16677Hz, steep 29.1dB/kHz -> likely transcoded from 128kbps MP3",44100,16677,22050,29.1
/home/adam/driveBig/Music/New unformated songs/Creed - Human Clay (2011) [FLAC] [16B-44100kHz]/04. Creed - Say I.flac,SUSPECT,"hard cutoff at ~16747Hz, steep 27.3dB/kHz -> likely transcoded from 128kbps MP3",44100,16747,22050,27.3
/home/adam/driveBig/Music/New unformated songs/Creed - Human Clay (2011) [FLAC] [16B-44100kHz]/05. Creed - Wrong Way.flac,SUSPECT,"hard cutoff at ~16710Hz, steep 28.0dB/kHz -> likely transcoded from 128kbps MP3",44100,16710,22050,28
/home/adam/driveBig/Music/New unformated songs/Creed - Human Clay (2011) [FLAC] [16B-44100kHz]/06. Creed - Faceless Man.flac,SUSPECT,"hard cutoff at ~16785Hz, steep 28.4dB/kHz -> likely transcoded from 128kbps MP3",44100,16785,22050,28.4
/home/adam/driveBig/Music/New unformated songs/Creed - Human Clay (2011) [FLAC] [16B-44100kHz]/07. Creed - Never Die.flac,SUSPECT,"hard cutoff at ~16764Hz, steep 30.1dB/kHz -> likely transcoded from 128kbps MP3",44100,16764,22050,30.1
/home/adam/driveBig/Music/New unformated songs/Creed - Human Clay (2011) [FLAC] [16B-44100kHz]/08. Creed - With Arms Wide Open.flac,SUSPECT,"hard cutoff at ~16742Hz, steep 29.0dB/kHz -> likely transcoded from 128kbps MP3",44100,16742,22050,29
/home/adam/driveBig/Music/New unformated songs/Creed - Human Clay (2011) [FLAC] [16B-44100kHz]/09. Creed - Higher.flac,SUSPECT,"hard cutoff at ~16737Hz, steep 28.7dB/kHz -> likely transcoded from 128kbps MP3",44100,16737,22050,28.7
/home/adam/driveBig/Music/New unformated songs/Creed - Human Clay (2011) [FLAC] [16B-44100kHz]/10. Creed - Wash Away Those Years.flac,SUSPECT,"hard cutoff at ~16742Hz, steep 29.0dB/kHz -> likely transcoded from 128kbps MP3",44100,16742,22050,29
/home/adam/driveBig/Music/New unformated songs/Creed - Human Clay (2011) [FLAC] [16B-44100kHz]/11. Creed - Inside Us All.flac,SUSPECT,"hard cutoff at ~16688Hz, steep 26.0dB/kHz -> likely transcoded from 128kbps MP3",44100,16688,22050,26
/home/adam/driveBig/Music/New unformated songs/Creed - Human Clay (2011) [FLAC] [16B-44100kHz]/12. Creed - With Arms Wide Open (New Version With Strings).flac,SUSPECT,"hard cutoff at ~16661Hz, steep 25.1dB/kHz -> likely transcoded from 128kbps MP3",44100,16661,22050,25.1
/home/adam/driveBig/Music/New unformated songs/Creed - My Own Prison (2009) [FLAC] [16B-44100kHz]/01. Creed - Torn.flac,SUSPECT,"hard cutoff at ~16624Hz, steep 25.1dB/kHz -> likely transcoded from 128kbps MP3",44100,16624,22050,25.1
/home/adam/driveBig/Music/New unformated songs/Creed - My Own Prison (2009) [FLAC] [16B-44100kHz]/02. Creed - Ode.flac,SUSPECT,"hard cutoff at ~16667Hz, steep 25.4dB/kHz -> likely transcoded from 128kbps MP3",44100,16667,22050,25.4
/home/adam/driveBig/Music/New unformated songs/Creed - My Own Prison (2009) [FLAC] [16B-44100kHz]/03. Creed - My Own Prison.flac,SUSPECT,"hard cutoff at ~16629Hz, steep 23.6dB/kHz -> likely transcoded from 128kbps MP3",44100,16629,22050,23.6
/home/adam/driveBig/Music/New unformated songs/Creed - My Own Prison (2009) [FLAC] [16B-44100kHz]/04. Creed - Pity For A Dime.flac,SUSPECT,"hard cutoff at ~16710Hz, steep 28.1dB/kHz -> likely transcoded from 128kbps MP3",44100,16710,22050,28.1
/home/adam/driveBig/Music/New unformated songs/Creed - My Own Prison (2009) [FLAC] [16B-44100kHz]/05. Creed - In America.flac,SUSPECT,"hard cutoff at ~16694Hz, steep 26.4dB/kHz -> likely transcoded from 128kbps MP3",44100,16694,22050,26.4
/home/adam/driveBig/Music/New unformated songs/Creed - My Own Prison (2009) [FLAC] [16B-44100kHz]/06. Creed - Illusion.flac,SUSPECT,"hard cutoff at ~16624Hz, steep 22.0dB/kHz -> likely transcoded from 128kbps MP3",44100,16624,22050,22
/home/adam/driveBig/Music/New unformated songs/Creed - My Own Prison (2009) [FLAC] [16B-44100kHz]/07. Creed - Unforgiven.flac,SUSPECT,"hard cutoff at ~16661Hz, steep 23.7dB/kHz -> likely transcoded from 128kbps MP3",44100,16661,22050,23.7
/home/adam/driveBig/Music/New unformated songs/Creed - My Own Prison (2009) [FLAC] [16B-44100kHz]/08. Creed - Sister.flac,SUSPECT,"hard cutoff at ~16581Hz, steep 22.0dB/kHz -> likely transcoded from 128kbps MP3",44100,16581,22050,22
/home/adam/driveBig/Music/New unformated songs/Creed - My Own Prison (2009) [FLAC] [16B-44100kHz]/09. Creed - What's This Life For.flac,SUSPECT,"hard cutoff at ~16704Hz, steep 27.7dB/kHz -> likely transcoded from 128kbps MP3",44100,16704,22050,27.7
/home/adam/driveBig/Music/New unformated songs/Creed - My Own Prison (2009) [FLAC] [16B-44100kHz]/10. Creed - One.flac,SUSPECT,"hard cutoff at ~16532Hz, steep 20.1dB/kHz -> likely transcoded from 128kbps MP3",44100,16532,22050,20.1
/home/adam/driveBig/Music/New unformated songs/Crowded House - Woodface (1991) [FLAC] [16B-44100kHz]/01. Crowded House - Chocolate Cake.flac,SUSPECT,"hard cutoff at ~16791Hz, steep 34.4dB/kHz -> likely transcoded from 128kbps MP3",44100,16791,22050,34.4
/home/adam/driveBig/Music/New unformated songs/Crowded House - Woodface (1991) [FLAC] [16B-44100kHz]/02. Crowded House - It's Only Natural.flac,SUSPECT,"hard cutoff at ~16688Hz, steep 28.7dB/kHz -> likely transcoded from 128kbps MP3",44100,16688,22050,28.7
/home/adam/driveBig/Music/New unformated songs/Crowded House - Woodface (1991) [FLAC] [16B-44100kHz]/03. Crowded House - Fall At Your Feet.flac,SUSPECT,"hard cutoff at ~16791Hz, steep 29.2dB/kHz -> likely transcoded from 128kbps MP3",44100,16791,22050,29.2
/home/adam/driveBig/Music/New unformated songs/Crowded House - Woodface (1991) [FLAC] [16B-44100kHz]/04. Crowded House - Tall Trees.flac,SUSPECT,"hard cutoff at ~16791Hz, steep 32.5dB/kHz -> likely transcoded from 128kbps MP3",44100,16791,22050,32.5
/home/adam/driveBig/Music/New unformated songs/Crowded House - Woodface (1991) [FLAC] [16B-44100kHz]/05. Crowded House - Weather With You.flac,SUSPECT,"hard cutoff at ~16801Hz, steep 35.9dB/kHz -> likely transcoded from 128kbps MP3",44100,16801,22050,35.9
/home/adam/driveBig/Music/New unformated songs/Crowded House - Woodface (1991) [FLAC] [16B-44100kHz]/06. Crowded House - Whispers And Moans.flac,SUSPECT,"hard cutoff at ~16769Hz, steep 33.3dB/kHz -> likely transcoded from 128kbps MP3",44100,16769,22050,33.3
/home/adam/driveBig/Music/New unformated songs/Crowded House - Woodface (1991) [FLAC] [16B-44100kHz]/07. Crowded House - Four Seasons In One Day.flac,SUSPECT,"hard cutoff at ~16677Hz, steep 27.3dB/kHz -> likely transcoded from 128kbps MP3",44100,16677,22050,27.3
/home/adam/driveBig/Music/New unformated songs/Crowded House - Woodface (1991) [FLAC] [16B-44100kHz]/08. Crowded House - There Goes God.flac,SUSPECT,"hard cutoff at ~16753Hz, steep 30.2dB/kHz -> likely transcoded from 128kbps MP3",44100,16753,22050,30.2
/home/adam/driveBig/Music/New unformated songs/Crowded House - Woodface (1991) [FLAC] [16B-44100kHz]/09. Crowded House - Fame Is.flac,SUSPECT,"hard cutoff at ~16677Hz, steep 30.6dB/kHz -> likely transcoded from 128kbps MP3",44100,16677,22050,30.6
/home/adam/driveBig/Music/New unformated songs/Crowded House - Woodface (1991) [FLAC] [16B-44100kHz]/10. Crowded House - All I Ask.flac,SUSPECT,"hard cutoff at ~16704Hz, steep 29.5dB/kHz -> likely transcoded from 128kbps MP3",44100,16704,22050,29.5
/home/adam/driveBig/Music/New unformated songs/Crowded House - Woodface (1991) [FLAC] [16B-44100kHz]/11. Crowded House - As Sure As I Am.flac,SUSPECT,"hard cutoff at ~16715Hz, steep 27.9dB/kHz -> likely transcoded from 128kbps MP3",44100,16715,22050,27.9
/home/adam/driveBig/Music/New unformated songs/Crowded House - Woodface (1991) [FLAC] [16B-44100kHz]/12. Crowded House - Italian Plastic.flac,SUSPECT,"hard cutoff at ~16791Hz, steep 30.4dB/kHz -> likely transcoded from 128kbps MP3",44100,16791,22050,30.4
/home/adam/driveBig/Music/New unformated songs/Crowded House - Woodface (1991) [FLAC] [16B-44100kHz]/13. Crowded House - She Goes On.flac,SUSPECT,"hard cutoff at ~16704Hz, steep 26.6dB/kHz -> likely transcoded from 128kbps MP3",44100,16704,22050,26.6
/home/adam/driveBig/Music/New unformated songs/Crowded House - Woodface (1991) [FLAC] [16B-44100kHz]/14. Crowded House - How Will You GoI'm Still Here (Medley).flac,SUSPECT,"hard cutoff at ~16672Hz, steep 27.8dB/kHz -> likely transcoded from 128kbps MP3",44100,16672,22050,27.8
/home/adam/driveBig/Music/New unformated songs/Daughtry - Daughtry (2006) [FLAC] [16B-44100kHz]/01. Daughtry - It's Not Over.flac,SUSPECT,"hard cutoff at ~16559Hz, steep 22.1dB/kHz -> likely transcoded from 128kbps MP3",44100,16559,22050,22.1
/home/adam/driveBig/Music/New unformated songs/Daughtry - Daughtry (2006) [FLAC] [16B-44100kHz]/02. Daughtry - Used To.flac,SUSPECT,"hard cutoff at ~16554Hz, steep 21.4dB/kHz -> likely transcoded from 128kbps MP3",44100,16554,22050,21.4
/home/adam/driveBig/Music/New unformated songs/Daughtry - Daughtry (2006) [FLAC] [16B-44100kHz]/03. Daughtry - Home.flac,SUSPECT,"hard cutoff at ~16667Hz, steep 25.1dB/kHz -> likely transcoded from 128kbps MP3",44100,16667,22050,25.1
/home/adam/driveBig/Music/New unformated songs/Daughtry - Daughtry (2006) [FLAC] [16B-44100kHz]/04. Daughtry - Over You.flac,SUSPECT,"hard cutoff at ~16532Hz, steep 21.9dB/kHz -> likely transcoded from 128kbps MP3",44100,16532,22050,21.9
/home/adam/driveBig/Music/New unformated songs/Daughtry - Daughtry (2006) [FLAC] [16B-44100kHz]/05. Daughtry - Crashed.flac,SUSPECT,"hard cutoff at ~16661Hz, steep 26.5dB/kHz -> likely transcoded from 128kbps MP3",44100,16661,22050,26.5
/home/adam/driveBig/Music/New unformated songs/Daughtry - Daughtry (2006) [FLAC] [16B-44100kHz]/06. Daughtry - Feels Like Tonight.flac,SUSPECT,"hard cutoff at ~16527Hz, steep 22.3dB/kHz -> likely transcoded from 128kbps MP3",44100,16527,22050,22.3
/home/adam/driveBig/Music/New unformated songs/Daughtry - Daughtry (2006) [FLAC] [16B-44100kHz]/07. Daughtry - What I Want (feat. Slash).flac,SUSPECT,"hard cutoff at ~16446Hz, steep 20.3dB/kHz -> likely transcoded from 128kbps MP3",44100,16446,22050,20.3
/home/adam/driveBig/Music/New unformated songs/Daughtry - Daughtry (2006) [FLAC] [16B-44100kHz]/08. Daughtry - Breakdown.flac,SUSPECT,"hard cutoff at ~16640Hz, steep 23.6dB/kHz -> likely transcoded from 128kbps MP3",44100,16640,22050,23.6
/home/adam/driveBig/Music/New unformated songs/Daughtry - Daughtry (2006) [FLAC] [16B-44100kHz]/09. Daughtry - Gone.flac,SUSPECT,"hard cutoff at ~16570Hz, steep 22.3dB/kHz -> likely transcoded from 128kbps MP3",44100,16570,22050,22.3
/home/adam/driveBig/Music/New unformated songs/Daughtry - Daughtry (2006) [FLAC] [16B-44100kHz]/10. Daughtry - There And Back Again.flac,SUSPECT,"hard cutoff at ~16570Hz, steep 22.4dB/kHz -> likely transcoded from 128kbps MP3",44100,16570,22050,22.4
/home/adam/driveBig/Music/New unformated songs/Daughtry - Daughtry (2006) [FLAC] [16B-44100kHz]/11. Daughtry - All These Lives.flac,SUSPECT,"hard cutoff at ~16570Hz, steep 20.4dB/kHz -> likely transcoded from 128kbps MP3",44100,16570,22050,20.4
/home/adam/driveBig/Music/New unformated songs/Daughtry - Daughtry (2006) [FLAC] [16B-44100kHz]/12. Daughtry - What About Now.flac,SUSPECT,"hard cutoff at ~16570Hz, steep 26.2dB/kHz -> likely transcoded from 128kbps MP3",44100,16570,22050,26.2
/home/adam/driveBig/Music/New unformated songs/Daughtry - Daughtry (2006) [FLAC] [16B-44100kHz]/13. Daughtry - Sorry.flac,SUSPECT,"hard cutoff at ~16559Hz, steep 24.8dB/kHz -> likely transcoded from 128kbps MP3",44100,16559,22050,24.8
/home/adam/driveBig/Music/New unformated songs/Dead By Sunrise - Out Of Ashes (2009) [FLAC] [16B-44100kHz]/01. Dead By Sunrise - Fire.flac,SUSPECT,"hard cutoff at ~16451Hz, steep 21.1dB/kHz -> likely transcoded from 128kbps MP3",44100,16451,22050,21.1
/home/adam/driveBig/Music/New unformated songs/Dead By Sunrise - Out Of Ashes (2009) [FLAC] [16B-44100kHz]/02. Dead By Sunrise - Crawl Back In.flac,SUSPECT,"hard cutoff at ~16521Hz, steep 18.1dB/kHz -> likely transcoded from 128kbps MP3",44100,16521,22050,18.1
/home/adam/driveBig/Music/New unformated songs/Dead By Sunrise - Out Of Ashes (2009) [FLAC] [16B-44100kHz]/03. Dead By Sunrise - Too Late.flac,SUSPECT,"hard cutoff at ~16645Hz, steep 28.3dB/kHz -> likely transcoded from 128kbps MP3",44100,16645,22050,28.3
/home/adam/driveBig/Music/New unformated songs/Dead By Sunrise - Out Of Ashes (2009) [FLAC] [16B-44100kHz]/04. Dead By Sunrise - Inside of Me.flac,SUSPECT,"hard cutoff at ~16058Hz, steep 19.7dB/kHz -> likely transcoded from 128kbps MP3",44100,16058,22050,19.7
/home/adam/driveBig/Music/New unformated songs/Dead By Sunrise - Out Of Ashes (2009) [FLAC] [16B-44100kHz]/05. Dead By Sunrise - Let Down.flac,SUSPECT,"hard cutoff at ~16516Hz, steep 22.3dB/kHz -> likely transcoded from 128kbps MP3",44100,16516,22050,22.3
/home/adam/driveBig/Music/New unformated songs/Dead By Sunrise - Out Of Ashes (2009) [FLAC] [16B-44100kHz]/06. Dead By Sunrise - Give Me Your Name.flac,SUSPECT,"hard cutoff at ~16446Hz, steep 24.7dB/kHz -> likely transcoded from 128kbps MP3",44100,16446,22050,24.7
/home/adam/driveBig/Music/New unformated songs/Dead By Sunrise - Out Of Ashes (2009) [FLAC] [16B-44100kHz]/07. Dead By Sunrise - My Suffering.flac,SUSPECT,"hard cutoff at ~16101Hz, steep 20.9dB/kHz -> likely transcoded from 128kbps MP3",44100,16101,22050,20.9
/home/adam/driveBig/Music/New unformated songs/Dead By Sunrise - Out Of Ashes (2009) [FLAC] [16B-44100kHz]/08. Dead By Sunrise - Condemned.flac,SUSPECT,"hard cutoff at ~16500Hz, steep 21.8dB/kHz -> likely transcoded from 128kbps MP3",44100,16500,22050,21.8
/home/adam/driveBig/Music/New unformated songs/Dead By Sunrise - Out Of Ashes (2009) [FLAC] [16B-44100kHz]/09. Dead By Sunrise - Into You.flac,SUSPECT,"hard cutoff at ~16505Hz, steep 22.2dB/kHz -> likely transcoded from 128kbps MP3",44100,16505,22050,22.2
/home/adam/driveBig/Music/New unformated songs/Dead By Sunrise - Out Of Ashes (2009) [FLAC] [16B-44100kHz]/10. Dead By Sunrise - End of the World.flac,SUSPECT,"hard cutoff at ~16295Hz, steep 20.5dB/kHz -> likely transcoded from 128kbps MP3",44100,16295,22050,20.5
/home/adam/driveBig/Music/New unformated songs/Dead By Sunrise - Out Of Ashes (2009) [FLAC] [16B-44100kHz]/11. Dead By Sunrise - Walking in Circles.flac,SUSPECT,"hard cutoff at ~16618Hz, steep 25.9dB/kHz -> likely transcoded from 128kbps MP3",44100,16618,22050,25.9
/home/adam/driveBig/Music/New unformated songs/Dead By Sunrise - Out Of Ashes (2009) [FLAC] [16B-44100kHz]/12. Dead By Sunrise - In the Darkness.flac,SUSPECT,"hard cutoff at ~16564Hz, steep 22.0dB/kHz -> likely transcoded from 128kbps MP3",44100,16564,22050,22
/home/adam/driveBig/Music/New unformated songs/Death Cab For Cutie - Plans (2005) [FLAC] [16B-44100kHz]/01. Death Cab For Cutie - Marching Bands of Manhattan.flac,SUSPECT,"hard cutoff at ~16543Hz, steep 25.8dB/kHz -> likely transcoded from 128kbps MP3",44100,16543,22050,25.8
/home/adam/driveBig/Music/New unformated songs/Death Cab For Cutie - Plans (2005) [FLAC] [16B-44100kHz]/02. Death Cab For Cutie - Soul Meets Body.flac,SUSPECT,"hard cutoff at ~16758Hz, steep 27.1dB/kHz -> likely transcoded from 128kbps MP3",44100,16758,22050,27.1
/home/adam/driveBig/Music/New unformated songs/Death Cab For Cutie - Plans (2005) [FLAC] [16B-44100kHz]/03. Death Cab For Cutie - Summer Skin.flac,SUSPECT,"hard cutoff at ~16704Hz, steep 27.0dB/kHz -> likely transcoded from 128kbps MP3",44100,16704,22050,27
/home/adam/driveBig/Music/New unformated songs/Death Cab For Cutie - Plans (2005) [FLAC] [16B-44100kHz]/04. Death Cab For Cutie - Different Names for the Same Thing.flac,SUSPECT,"hard cutoff at ~16570Hz, steep 24.0dB/kHz -> likely transcoded from 128kbps MP3",44100,16570,22050,24
/home/adam/driveBig/Music/New unformated songs/Death Cab For Cutie - Plans (2005) [FLAC] [16B-44100kHz]/05. Death Cab For Cutie - I Will Follow You into the Dark.flac,SUSPECT,"hard cutoff at ~16710Hz, steep 28.5dB/kHz -> likely transcoded from 128kbps MP3",44100,16710,22050,28.5
/home/adam/driveBig/Music/New unformated songs/Death Cab For Cutie - Plans (2005) [FLAC] [16B-44100kHz]/06. Death Cab For Cutie - Your Heart Is an Empty Room.flac,SUSPECT,"hard cutoff at ~16774Hz, steep 28.1dB/kHz -> likely transcoded from 128kbps MP3",44100,16774,22050,28.1
/home/adam/driveBig/Music/New unformated songs/Death Cab For Cutie - Plans (2005) [FLAC] [16B-44100kHz]/07. Death Cab For Cutie - Someday You Will Be Loved.flac,SUSPECT,"hard cutoff at ~16672Hz, steep 23.9dB/kHz -> likely transcoded from 128kbps MP3",44100,16672,22050,23.9
/home/adam/driveBig/Music/New unformated songs/Death Cab For Cutie - Plans (2005) [FLAC] [16B-44100kHz]/08. Death Cab For Cutie - Crooked Teeth.flac,SUSPECT,"hard cutoff at ~16516Hz, steep 21.6dB/kHz -> likely transcoded from 128kbps MP3",44100,16516,22050,21.6
/home/adam/driveBig/Music/New unformated songs/Death Cab For Cutie - Plans (2005) [FLAC] [16B-44100kHz]/09. Death Cab For Cutie - What Sarah Said.flac,SUSPECT,"hard cutoff at ~16677Hz, steep 27.9dB/kHz -> likely transcoded from 128kbps MP3",44100,16677,22050,27.9
/home/adam/driveBig/Music/New unformated songs/Death Cab For Cutie - Plans (2005) [FLAC] [16B-44100kHz]/10. Death Cab For Cutie - Brothers on a Hotel Bed.flac,SUSPECT,"hard cutoff at ~16731Hz, steep 24.6dB/kHz -> likely transcoded from 128kbps MP3",44100,16731,22050,24.6
/home/adam/driveBig/Music/New unformated songs/Death Cab For Cutie - Plans (2005) [FLAC] [16B-44100kHz]/11. Death Cab For Cutie - Stable Song.flac,SUSPECT,"hard cutoff at ~16747Hz, steep 27.8dB/kHz -> likely transcoded from 128kbps MP3",44100,16747,22050,27.8
/home/adam/driveBig/Music/New unformated songs/Death Cab For Cutie - Plans (2005) [FLAC] [16B-44100kHz]/12. Death Cab For Cutie - Start Again.flac,SUSPECT,"hard cutoff at ~16634Hz, steep 19.0dB/kHz -> likely transcoded from 128kbps MP3",44100,16634,22050,19
/home/adam/driveBig/Music/New unformated songs/Death Cab For Cutie - Plans (2005) [FLAC] [16B-44100kHz]/13. Death Cab For Cutie - Bad Reputation.flac,SUSPECT,"hard cutoff at ~16704Hz, steep 24.6dB/kHz -> likely transcoded from 128kbps MP3",44100,16704,22050,24.6
/home/adam/driveBig/Music/New unformated songs/Death Cab For Cutie - Transatlanticism (2013) [FLAC] [16B-44100kHz]/01. Death Cab For Cutie - The New Year.flac,SUSPECT,"hard cutoff at ~16640Hz, steep 25.7dB/kHz -> likely transcoded from 128kbps MP3",44100,16640,22050,25.7
/home/adam/driveBig/Music/New unformated songs/Death Cab For Cutie - Transatlanticism (2013) [FLAC] [16B-44100kHz]/02. Death Cab For Cutie - Lightness.flac,SUSPECT,"hard cutoff at ~16774Hz, steep 29.3dB/kHz -> likely transcoded from 128kbps MP3",44100,16774,22050,29.3
/home/adam/driveBig/Music/New unformated songs/Death Cab For Cutie - Transatlanticism (2013) [FLAC] [16B-44100kHz]/03. Death Cab For Cutie - Title and Registration.flac,SUSPECT,"hard cutoff at ~16721Hz, steep 26.5dB/kHz -> likely transcoded from 128kbps MP3",44100,16721,22050,26.5
/home/adam/driveBig/Music/New unformated songs/Death Cab For Cutie - Transatlanticism (2013) [FLAC] [16B-44100kHz]/04. Death Cab For Cutie - Expo '86.flac,SUSPECT,"hard cutoff at ~16634Hz, steep 24.4dB/kHz -> likely transcoded from 128kbps MP3",44100,16634,22050,24.4
/home/adam/driveBig/Music/New unformated songs/Death Cab For Cutie - Transatlanticism (2013) [FLAC] [16B-44100kHz]/05. Death Cab For Cutie - The Sound of Settling.flac,SUSPECT,"hard cutoff at ~16570Hz, steep 27.4dB/kHz -> likely transcoded from 128kbps MP3",44100,16570,22050,27.4
/home/adam/driveBig/Music/New unformated songs/Death Cab For Cutie - Transatlanticism (2013) [FLAC] [16B-44100kHz]/06. Death Cab For Cutie - Tiny Vessels.flac,SUSPECT,"hard cutoff at ~16764Hz, steep 28.4dB/kHz -> likely transcoded from 128kbps MP3",44100,16764,22050,28.4
/home/adam/driveBig/Music/New unformated songs/Death Cab For Cutie - Transatlanticism (2013) [FLAC] [16B-44100kHz]/07. Death Cab For Cutie - Transatlanticism.flac,SUSPECT,"hard cutoff at ~16058Hz, steep 16.1dB/kHz -> likely transcoded from 128kbps MP3",44100,16058,22050,16.1
/home/adam/driveBig/Music/New unformated songs/Death Cab For Cutie - Transatlanticism (2013) [FLAC] [16B-44100kHz]/08. Death Cab For Cutie - Passenger Seat.flac,SUSPECT,"hard cutoff at ~16554Hz, steep 21.3dB/kHz -> likely transcoded from 128kbps MP3",44100,16554,22050,21.3
/home/adam/driveBig/Music/New unformated songs/Death Cab For Cutie - Transatlanticism (2013) [FLAC] [16B-44100kHz]/09. Death Cab For Cutie - Death of an Interior Decorator.flac,SUSPECT,"hard cutoff at ~16758Hz, steep 30.9dB/kHz -> likely transcoded from 128kbps MP3",44100,16758,22050,30.9
/home/adam/driveBig/Music/New unformated songs/Death Cab For Cutie - Transatlanticism (2013) [FLAC] [16B-44100kHz]/10. Death Cab For Cutie - We Looked Like Giants.flac,SUSPECT,"hard cutoff at ~16683Hz, steep 27.2dB/kHz -> likely transcoded from 128kbps MP3",44100,16683,22050,27.2
/home/adam/driveBig/Music/New unformated songs/Death Cab For Cutie - Transatlanticism (2013) [FLAC] [16B-44100kHz]/11. Death Cab For Cutie - A Lack of Color.flac,SUSPECT,"hard cutoff at ~16656Hz, steep 29.0dB/kHz -> likely transcoded from 128kbps MP3",44100,16656,22050,29
/home/adam/driveBig/Music/New unformated songs/Deftones - Adrenaline (1995) [FLAC] [16B-44100kHz]/01. Deftones - Bored.flac,SUSPECT,"hard cutoff at ~16548Hz, steep 23.0dB/kHz -> likely transcoded from 128kbps MP3",44100,16548,22050,23
/home/adam/driveBig/Music/New unformated songs/Deftones - Adrenaline (1995) [FLAC] [16B-44100kHz]/02. Deftones - Minus Blindfold (Explicit).flac,SUSPECT,"hard cutoff at ~16715Hz, steep 28.8dB/kHz -> likely transcoded from 128kbps MP3",44100,16715,22050,28.8
/home/adam/driveBig/Music/New unformated songs/Deftones - Adrenaline (1995) [FLAC] [16B-44100kHz]/03. Deftones - One Weak (Explicit).flac,SUSPECT,"hard cutoff at ~16527Hz, steep 20.8dB/kHz -> likely transcoded from 128kbps MP3",44100,16527,22050,20.8
/home/adam/driveBig/Music/New unformated songs/Deftones - Adrenaline (1995) [FLAC] [16B-44100kHz]/04. Deftones - Nosebleed (Explicit).flac,SUSPECT,"hard cutoff at ~16661Hz, steep 28.4dB/kHz -> likely transcoded from 128kbps MP3",44100,16661,22050,28.4
/home/adam/driveBig/Music/New unformated songs/Deftones - Adrenaline (1995) [FLAC] [16B-44100kHz]/05. Deftones - Lifter (Explicit).flac,SUSPECT,"hard cutoff at ~16634Hz, steep 24.4dB/kHz -> likely transcoded from 128kbps MP3",44100,16634,22050,24.4
/home/adam/driveBig/Music/New unformated songs/Deftones - Adrenaline (1995) [FLAC] [16B-44100kHz]/06. Deftones - Root (Explicit).flac,SUSPECT,"hard cutoff at ~16602Hz, steep 24.3dB/kHz -> likely transcoded from 128kbps MP3",44100,16602,22050,24.3
/home/adam/driveBig/Music/New unformated songs/Deftones - Adrenaline (1995) [FLAC] [16B-44100kHz]/07. Deftones - 7 Words (Explicit).flac,SUSPECT,"hard cutoff at ~16624Hz, steep 24.5dB/kHz -> likely transcoded from 128kbps MP3",44100,16624,22050,24.5
/home/adam/driveBig/Music/New unformated songs/Deftones - Adrenaline (1995) [FLAC] [16B-44100kHz]/08. Deftones - Birthmark (Explicit).flac,SUSPECT,"hard cutoff at ~16602Hz, steep 25.6dB/kHz -> likely transcoded from 128kbps MP3",44100,16602,22050,25.6
/home/adam/driveBig/Music/New unformated songs/Deftones - Adrenaline (1995) [FLAC] [16B-44100kHz]/09. Deftones - Engine No. 9 (Explicit).flac,SUSPECT,"hard cutoff at ~16564Hz, steep 25.4dB/kHz -> likely transcoded from 128kbps MP3",44100,16564,22050,25.4
/home/adam/driveBig/Music/New unformated songs/Deftones - Adrenaline (1995) [FLAC] [16B-44100kHz]/10. Deftones - Fireal (Explicit).flac,SUSPECT,"hard cutoff at ~16613Hz, steep 20.9dB/kHz -> likely transcoded from 128kbps MP3",44100,16613,22050,20.9
/home/adam/driveBig/Music/New unformated songs/Deftones - Adrenaline (1995) [FLAC] [16B-44100kHz]/11. Deftones - Fist.flac,SUSPECT,"hard cutoff at ~16774Hz, steep 27.5dB/kHz -> likely transcoded from 128kbps MP3",44100,16774,22050,27.5
/home/adam/driveBig/Music/New unformated songs/Deftones - Deftones (2003) [FLAC] [16B-44100kHz]/01. Deftones - Hexagram.flac,SUSPECT,"hard cutoff at ~16101Hz, steep 19.1dB/kHz -> likely transcoded from 128kbps MP3",44100,16101,22050,19.1
/home/adam/driveBig/Music/New unformated songs/Deftones - Deftones (2003) [FLAC] [16B-44100kHz]/02. Deftones - Needles and Pins (Explicit).flac,SUSPECT,"hard cutoff at ~16607Hz, steep 27.7dB/kHz -> likely transcoded from 128kbps MP3",44100,16607,22050,27.7
/home/adam/driveBig/Music/New unformated songs/Deftones - Deftones (2003) [FLAC] [16B-44100kHz]/03. Deftones - Minerva.flac,SUSPECT,"hard cutoff at ~16543Hz, steep 20.4dB/kHz -> likely transcoded from 128kbps MP3",44100,16543,22050,20.4
/home/adam/driveBig/Music/New unformated songs/Deftones - Deftones (2003) [FLAC] [16B-44100kHz]/04. Deftones - Good Morning Beautiful.flac,SUSPECT,"hard cutoff at ~16564Hz, steep 26.1dB/kHz -> likely transcoded from 128kbps MP3",44100,16564,22050,26.1
/home/adam/driveBig/Music/New unformated songs/Deftones - Deftones (2003) [FLAC] [16B-44100kHz]/05. Deftones - Deathblow.flac,SUSPECT,"hard cutoff at ~16710Hz, steep 27.1dB/kHz -> likely transcoded from 128kbps MP3",44100,16710,22050,27.1
/home/adam/driveBig/Music/New unformated songs/Deftones - Deftones (2003) [FLAC] [16B-44100kHz]/06. Deftones - When Girls Telephone Boys.flac,SUSPECT,"hard cutoff at ~16683Hz, steep 29.0dB/kHz -> likely transcoded from 128kbps MP3",44100,16683,22050,29
/home/adam/driveBig/Music/New unformated songs/Deftones - Deftones (2003) [FLAC] [16B-44100kHz]/07. Deftones - Battle-axe.flac,SUSPECT,"hard cutoff at ~16667Hz, steep 25.0dB/kHz -> likely transcoded from 128kbps MP3",44100,16667,22050,25
/home/adam/driveBig/Music/New unformated songs/Deftones - Deftones (2003) [FLAC] [16B-44100kHz]/08. Deftones - Lucky You.flac,SUSPECT,"hard cutoff at ~16796Hz, steep 32.5dB/kHz -> likely transcoded from 128kbps MP3",44100,16796,22050,32.5
/home/adam/driveBig/Music/New unformated songs/Deftones - Deftones (2003) [FLAC] [16B-44100kHz]/09. Deftones - Bloody Cape.flac,SUSPECT,"hard cutoff at ~16570Hz, steep 24.0dB/kHz -> likely transcoded from 128kbps MP3",44100,16570,22050,24
/home/adam/driveBig/Music/New unformated songs/Deftones - Deftones (2003) [FLAC] [16B-44100kHz]/10. Deftones - Anniversary of an Uninteresting Event.flac,SUSPECT,"hard cutoff at ~16634Hz, steep 24.8dB/kHz -> likely transcoded from 128kbps MP3",44100,16634,22050,24.8
/home/adam/driveBig/Music/New unformated songs/Deftones - Deftones (2003) [FLAC] [16B-44100kHz]/11. Deftones - Moana.flac,SUSPECT,"hard cutoff at ~16333Hz, steep 24.5dB/kHz -> likely transcoded from 128kbps MP3",44100,16333,22050,24.5
/home/adam/driveBig/Music/New unformated songs/Deftones - Koi No Yokan (2012) [FLAC] [16B-44100kHz]/01. Deftones - Swerve City.flac,SUSPECT,"hard cutoff at ~16478Hz, steep 22.3dB/kHz -> likely transcoded from 128kbps MP3",44100,16478,22050,22.3
/home/adam/driveBig/Music/New unformated songs/Deftones - Koi No Yokan (2012) [FLAC] [16B-44100kHz]/02. Deftones - Romantic Dreams.flac,SUSPECT,"hard cutoff at ~16527Hz, steep 16.9dB/kHz -> likely transcoded from 128kbps MP3",44100,16527,22050,16.9
/home/adam/driveBig/Music/New unformated songs/Deftones - Koi No Yokan (2012) [FLAC] [16B-44100kHz]/03. Deftones - Leathers.flac,SUSPECT,"hard cutoff at ~16548Hz, steep 22.4dB/kHz -> likely transcoded from 128kbps MP3",44100,16548,22050,22.4
/home/adam/driveBig/Music/New unformated songs/Deftones - Koi No Yokan (2012) [FLAC] [16B-44100kHz]/04. Deftones - Poltergeist (Explicit).flac,SUSPECT,"hard cutoff at ~16457Hz, steep 23.3dB/kHz -> likely transcoded from 128kbps MP3",44100,16457,22050,23.3
/home/adam/driveBig/Music/New unformated songs/Deftones - Koi No Yokan (2012) [FLAC] [16B-44100kHz]/05. Deftones - Entombed.flac,SUSPECT,"hard cutoff at ~16188Hz, steep 18.0dB/kHz -> likely transcoded from 128kbps MP3",44100,16188,22050,18
/home/adam/driveBig/Music/New unformated songs/Deftones - Koi No Yokan (2012) [FLAC] [16B-44100kHz]/06. Deftones - Graphic Nature (Explicit).flac,SUSPECT,"hard cutoff at ~16564Hz, steep 20.8dB/kHz -> likely transcoded from 128kbps MP3",44100,16564,22050,20.8
/home/adam/driveBig/Music/New unformated songs/Deftones - Koi No Yokan (2012) [FLAC] [16B-44100kHz]/07. Deftones - Tempest.flac,SUSPECT,"hard cutoff at ~16602Hz, steep 22.8dB/kHz -> likely transcoded from 128kbps MP3",44100,16602,22050,22.8
/home/adam/driveBig/Music/New unformated songs/Deftones - Koi No Yokan (2012) [FLAC] [16B-44100kHz]/08. Deftones - Gauze.flac,SUSPECT,"hard cutoff at ~16575Hz, steep 24.2dB/kHz -> likely transcoded from 128kbps MP3",44100,16575,22050,24.2
/home/adam/driveBig/Music/New unformated songs/Deftones - Koi No Yokan (2012) [FLAC] [16B-44100kHz]/09. Deftones - Rosemary.flac,SUSPECT,"hard cutoff at ~16521Hz, steep 19.9dB/kHz -> likely transcoded from 128kbps MP3",44100,16521,22050,19.9
/home/adam/driveBig/Music/New unformated songs/Deftones - Koi No Yokan (2012) [FLAC] [16B-44100kHz]/10. Deftones - Goon Squad.flac,SUSPECT,"hard cutoff at ~16128Hz, steep 17.5dB/kHz -> likely transcoded from 128kbps MP3",44100,16128,22050,17.5
/home/adam/driveBig/Music/New unformated songs/Deftones - Koi No Yokan (2012) [FLAC] [16B-44100kHz]/11. Deftones - What Happened to You.flac,SUSPECT,"hard cutoff at ~16651Hz, steep 28.2dB/kHz -> likely transcoded from 128kbps MP3",44100,16651,22050,28.2
/home/adam/driveBig/Music/New unformated songs/Deftones - Saturday Night Wrist (2006) [FLAC] [16B-44100kHz]/01. Deftones - Hole in the Earth.flac,SUSPECT,"hard cutoff at ~16564Hz, steep 25.3dB/kHz -> likely transcoded from 128kbps MP3",44100,16564,22050,25.3
/home/adam/driveBig/Music/New unformated songs/Deftones - Saturday Night Wrist (2006) [FLAC] [16B-44100kHz]/02. Deftones - Rapture (Explicit).flac,SUSPECT,"hard cutoff at ~16640Hz, steep 25.5dB/kHz -> likely transcoded from 128kbps MP3",44100,16640,22050,25.5
/home/adam/driveBig/Music/New unformated songs/Deftones - Saturday Night Wrist (2006) [FLAC] [16B-44100kHz]/03. Deftones - Beware.flac,SUSPECT,"hard cutoff at ~16564Hz, steep 21.4dB/kHz -> likely transcoded from 128kbps MP3",44100,16564,22050,21.4
/home/adam/driveBig/Music/New unformated songs/Deftones - Saturday Night Wrist (2006) [FLAC] [16B-44100kHz]/04. Deftones - Cherry Waves.flac,SUSPECT,"hard cutoff at ~16564Hz, steep 19.2dB/kHz -> likely transcoded from 128kbps MP3",44100,16564,22050,19.2
/home/adam/driveBig/Music/New unformated songs/Deftones - Saturday Night Wrist (2006) [FLAC] [16B-44100kHz]/05. Deftones - Mein.flac,SUSPECT,"hard cutoff at ~16166Hz, steep 17.4dB/kHz -> likely transcoded from 128kbps MP3",44100,16166,22050,17.4
"/home/adam/driveBig/Music/New unformated songs/Deftones - Saturday Night Wrist (2006) [FLAC] [16B-44100kHz]/06. Deftones - U,U,D,D,L,R,L,R,A,B,Select,Start.flac",SUSPECT,"hard cutoff at ~16634Hz, steep 23.2dB/kHz -> likely transcoded from 128kbps MP3",44100,16634,22050,23.2
/home/adam/driveBig/Music/New unformated songs/Deftones - Saturday Night Wrist (2006) [FLAC] [16B-44100kHz]/07. Deftones - Xerces.flac,SUSPECT,"hard cutoff at ~16715Hz, steep 25.1dB/kHz -> likely transcoded from 128kbps MP3",44100,16715,22050,25.1
/home/adam/driveBig/Music/New unformated songs/Deftones - Saturday Night Wrist (2006) [FLAC] [16B-44100kHz]/08. Deftones - Rats!Rats!Rats! (Explicit).flac,SUSPECT,"hard cutoff at ~16328Hz, steep 19.0dB/kHz -> likely transcoded from 128kbps MP3",44100,16328,22050,19
/home/adam/driveBig/Music/New unformated songs/Deftones - Saturday Night Wrist (2006) [FLAC] [16B-44100kHz]/09. Deftones - Pink Cellphone (Explicit).flac,SUSPECT,"hard cutoff at ~16747Hz, steep 25.8dB/kHz -> likely transcoded from 128kbps MP3",44100,16747,22050,25.8
/home/adam/driveBig/Music/New unformated songs/Deftones - Saturday Night Wrist (2006) [FLAC] [16B-44100kHz]/10. Deftones - Combat.flac,SUSPECT,"hard cutoff at ~16548Hz, steep 17.5dB/kHz -> likely transcoded from 128kbps MP3",44100,16548,22050,17.5
/home/adam/driveBig/Music/New unformated songs/Deftones - Saturday Night Wrist (2006) [FLAC] [16B-44100kHz]/11. Deftones - Kimdracula.flac,SUSPECT,"hard cutoff at ~16527Hz, steep 23.3dB/kHz -> likely transcoded from 128kbps MP3",44100,16527,22050,23.3
/home/adam/driveBig/Music/New unformated songs/Deftones - Saturday Night Wrist (2006) [FLAC] [16B-44100kHz]/12. Deftones - Rivière.flac,SUSPECT,"hard cutoff at ~16591Hz, steep 22.0dB/kHz -> likely transcoded from 128kbps MP3",44100,16591,22050,22
/home/adam/driveBig/Music/New unformated songs/Deftones - Saturday Night Wrist (2006) [FLAC] [16B-44100kHz]/13. Deftones - Drive.flac,SUSPECT,"hard cutoff at ~16629Hz, steep 22.7dB/kHz -> likely transcoded from 128kbps MP3",44100,16629,22050,22.7
/home/adam/driveBig/Music/New unformated songs/Demob Happy - Autoportrait (2019) [FLAC] [16B-44100kHz]/01. Demob Happy - Autoportrait.flac,SUSPECT,"hard cutoff at ~16521Hz, steep 20.0dB/kHz -> likely transcoded from 128kbps MP3",44100,16521,22050,20
/home/adam/driveBig/Music/New unformated songs/Demob Happy - Dream Soda (2015) [FLAC] [16B-44100kHz]/01. Demob Happy - Haat De Stank.flac,SUSPECT,"hard cutoff at ~16683Hz, steep 26.9dB/kHz -> likely transcoded from 128kbps MP3",44100,16683,22050,26.9
/home/adam/driveBig/Music/New unformated songs/Demob Happy - Dream Soda (2015) [FLAC] [16B-44100kHz]/02. Demob Happy - Suffer You.flac,SUSPECT,"hard cutoff at ~16656Hz, steep 29.5dB/kHz -> likely transcoded from 128kbps MP3",44100,16656,22050,29.5
/home/adam/driveBig/Music/New unformated songs/Demob Happy - Dream Soda (2015) [FLAC] [16B-44100kHz]/03. Demob Happy - Succubus.flac,SUSPECT,"hard cutoff at ~16661Hz, steep 27.4dB/kHz -> likely transcoded from 128kbps MP3",44100,16661,22050,27.4
/home/adam/driveBig/Music/New unformated songs/Demob Happy - Dream Soda (2015) [FLAC] [16B-44100kHz]/04. Demob Happy - Junk DNA.flac,SUSPECT,"hard cutoff at ~16667Hz, steep 27.3dB/kHz -> likely transcoded from 128kbps MP3",44100,16667,22050,27.3
/home/adam/driveBig/Music/New unformated songs/Demob Happy - Dream Soda (2015) [FLAC] [16B-44100kHz]/05. Demob Happy - Man You're Wrong.flac,SUSPECT,"hard cutoff at ~16672Hz, steep 26.2dB/kHz -> likely transcoded from 128kbps MP3",44100,16672,22050,26.2
/home/adam/driveBig/Music/New unformated songs/Demob Happy - Dream Soda (2015) [FLAC] [16B-44100kHz]/06. Demob Happy - Summer Cash In.flac,SUSPECT,"hard cutoff at ~16704Hz, steep 29.5dB/kHz -> likely transcoded from 128kbps MP3",44100,16704,22050,29.5
/home/adam/driveBig/Music/New unformated songs/Demob Happy - Dream Soda (2015) [FLAC] [16B-44100kHz]/07. Demob Happy - Wash It Down.flac,SUSPECT,"hard cutoff at ~16715Hz, steep 28.6dB/kHz -> likely transcoded from 128kbps MP3",44100,16715,22050,28.6
/home/adam/driveBig/Music/New unformated songs/Demob Happy - Dream Soda (2015) [FLAC] [16B-44100kHz]/08. Demob Happy - Young & Numb.flac,SUSPECT,"hard cutoff at ~16704Hz, steep 30.1dB/kHz -> likely transcoded from 128kbps MP3",44100,16704,22050,30.1
/home/adam/driveBig/Music/New unformated songs/Demob Happy - Dream Soda (2015) [FLAC] [16B-44100kHz]/09. Demob Happy - Dream Soda.flac,SUSPECT,"hard cutoff at ~16721Hz, steep 30.1dB/kHz -> likely transcoded from 128kbps MP3",44100,16721,22050,30.1
/home/adam/driveBig/Music/New unformated songs/Demob Happy - Dream Soda (2015) [FLAC] [16B-44100kHz]/10. Demob Happy - Summoner.flac,SUSPECT,"hard cutoff at ~16607Hz, steep 26.7dB/kHz -> likely transcoded from 128kbps MP3",44100,16607,22050,26.7
/home/adam/driveBig/Music/New unformated songs/Demob Happy - Dream Soda (2015) [FLAC] [16B-44100kHz]/11. Demob Happy - Underneath Your Tree.flac,SUSPECT,"hard cutoff at ~16764Hz, steep 30.0dB/kHz -> likely transcoded from 128kbps MP3",44100,16764,22050,30
/home/adam/driveBig/Music/New unformated songs/Demob Happy - Dream Soda (2015) [FLAC] [16B-44100kHz]/12. Demob Happy - Strange Things.flac,SUSPECT,"hard cutoff at ~16677Hz, steep 27.4dB/kHz -> likely transcoded from 128kbps MP3",44100,16677,22050,27.4
/home/adam/driveBig/Music/New unformated songs/Dexter and The Moonrocks - Couch (2024) [FLAC] [16B-44100kHz]/01. Dexter and The Moonrocks - Couch (Explicit).flac,SUSPECT,"hard cutoff at ~16683Hz, steep 25.8dB/kHz -> likely transcoded from 128kbps MP3",44100,16683,22050,25.8
/home/adam/driveBig/Music/New unformated songs/Dexter and The Moonrocks - Freakin’ Out (2026) [FLAC] [16B-44100kHz]/01. Dexter and The Moonrocks - Freakin’ Out.flac,SUSPECT,"hard cutoff at ~16473Hz, steep 18.8dB/kHz -> likely transcoded from 128kbps MP3",44100,16473,22050,18.8
/home/adam/driveBig/Music/New unformated songs/Dexter and The Moonrocks - Ritalin (2025) [FLAC] [16B-44100kHz]/01. Dexter and The Moonrocks - Ritalin.flac,SUSPECT,"hard cutoff at ~16215Hz, steep 17.9dB/kHz -> likely transcoded from 128kbps MP3",44100,16215,22050,17.9
/home/adam/driveBig/Music/New unformated songs/Dexter and The Moonrocks - Sad In Carolina (2024) [FLAC] [16B-44100kHz]/01. Dexter and The Moonrocks - Sad In Carolina.flac,SUSPECT,"hard cutoff at ~16247Hz, steep 17.4dB/kHz -> likely transcoded from 128kbps MP3",44100,16247,22050,17.4
/home/adam/driveBig/Music/New unformated songs/Dexter and The Moonrocks - She Likes Girls (2024) [FLAC] [16B-44100kHz]/01. Dexter and The Moonrocks - She Likes Girls (Explicit).flac,SUSPECT,"hard cutoff at ~16521Hz, steep 22.3dB/kHz -> likely transcoded from 128kbps MP3",44100,16521,22050,22.3
/home/adam/driveBig/Music/New unformated songs/Dinosaur Pile-up - Celebrity Mansions (2019) [FLAC] [16B-44100kHz]/01. Dinosaur Pile-up - Thrash Metal Cassette (Explicit).flac,SUSPECT,"hard cutoff at ~16527Hz, steep 26.7dB/kHz -> likely transcoded from 128kbps MP3",44100,16527,22050,26.7
/home/adam/driveBig/Music/New unformated songs/Dinosaur Pile-up - Celebrity Mansions (2019) [FLAC] [16B-44100kHz]/02. Dinosaur Pile-up - Back Foot (Explicit).flac,SUSPECT,"hard cutoff at ~16392Hz, steep 23.8dB/kHz -> likely transcoded from 128kbps MP3",44100,16392,22050,23.8
/home/adam/driveBig/Music/New unformated songs/Dinosaur Pile-up - Celebrity Mansions (2019) [FLAC] [16B-44100kHz]/03. Dinosaur Pile-up - Stupid Heavy Metal Broken Hearted Loser Punk (Explicit).flac,SUSPECT,"hard cutoff at ~16064Hz, steep 22.3dB/kHz -> likely transcoded from 128kbps MP3",44100,16064,22050,22.3
/home/adam/driveBig/Music/New unformated songs/Dinosaur Pile-up - Celebrity Mansions (2019) [FLAC] [16B-44100kHz]/04. Dinosaur Pile-up - Celebrity Mansions (Explicit).flac,SUSPECT,"hard cutoff at ~16602Hz, steep 30.0dB/kHz -> likely transcoded from 128kbps MP3",44100,16602,22050,30
/home/adam/driveBig/Music/New unformated songs/Dinosaur Pile-up - Celebrity Mansions (2019) [FLAC] [16B-44100kHz]/05. Dinosaur Pile-up - Round The Bend.flac,SUSPECT,"hard cutoff at ~16511Hz, steep 25.1dB/kHz -> likely transcoded from 128kbps MP3",44100,16511,22050,25.1
/home/adam/driveBig/Music/New unformated songs/Dinosaur Pile-up - Celebrity Mansions (2019) [FLAC] [16B-44100kHz]/06. Dinosaur Pile-up - Pouring Gasoline.flac,SUSPECT,"hard cutoff at ~16564Hz, steep 25.2dB/kHz -> likely transcoded from 128kbps MP3",44100,16564,22050,25.2
/home/adam/driveBig/Music/New unformated songs/Dinosaur Pile-up - Celebrity Mansions (2019) [FLAC] [16B-44100kHz]/07. Dinosaur Pile-up - Black Limousine.flac,SUSPECT,"hard cutoff at ~16521Hz, steep 21.6dB/kHz -> likely transcoded from 128kbps MP3",44100,16521,22050,21.6
/home/adam/driveBig/Music/New unformated songs/Dinosaur Pile-up - Celebrity Mansions (2019) [FLAC] [16B-44100kHz]/08. Dinosaur Pile-up - K West.flac,SUSPECT,"hard cutoff at ~16543Hz, steep 22.8dB/kHz -> likely transcoded from 128kbps MP3",44100,16543,22050,22.8
/home/adam/driveBig/Music/New unformated songs/Dinosaur Pile-up - Celebrity Mansions (2019) [FLAC] [16B-44100kHz]/09. Dinosaur Pile-up - Professional Freak (Explicit).flac,SUSPECT,"hard cutoff at ~16559Hz, steep 25.4dB/kHz -> likely transcoded from 128kbps MP3",44100,16559,22050,25.4
/home/adam/driveBig/Music/New unformated songs/Dinosaur Pile-up - Celebrity Mansions (2019) [FLAC] [16B-44100kHz]/10. Dinosaur Pile-up - Long Way Down.flac,SUSPECT,"hard cutoff at ~16360Hz, steep 19.8dB/kHz -> likely transcoded from 128kbps MP3",44100,16360,22050,19.8
/home/adam/driveBig/Music/New unformated songs/Dissolve Me/01 alt-J - Dissolve Me.flac,SUSPECT,"hard cutoff at ~21049Hz, steep 15.7dB/kHz -> likely transcoded from 320kbps (or near-transparent) MP3/lossy",44100,21049,22050,15.7
/home/adam/driveBig/Music/New unformated songs/Dissolve Me/02 alt-J - Dissolve Me (Live at Shepherd's Bush Empire – 19 _ 01 _ 13).flac,GRADUAL_ROLLOFF,"rolloff at ~15628Hz but gentle (2.9dB/kHz) - could be an old master/analog source, not necessarily transcoded",44100,15628,22050,2.9
/home/adam/driveBig/Music/New unformated songs/Dissolve Me/03 alt-J - Dissolve Me (Romare Remix).flac,GRADUAL_ROLLOFF,"rolloff at ~17517Hz but gentle (0.2dB/kHz) - could be an old master/analog source, not necessarily transcoded",44100,17517,22050,0.2
/home/adam/driveBig/Music/New unformated songs/Dissolve Me/04 alt-J - Dissolve Me (Marlais Remix).flac,GRADUAL_ROLLOFF,"rolloff at ~14454Hz but gentle (3.6dB/kHz) - could be an old master/analog source, not necessarily transcoded",44100,14454,22050,3.6
/home/adam/driveBig/Music/New unformated songs/Dissolve Me/05 alt-J - Dissolve Me (Fryars Remix).flac,GRADUAL_ROLLOFF,"rolloff at ~19541Hz but gentle (1.9dB/kHz) - could be an old master/analog source, not necessarily transcoded",44100,19541,22050,1.9
/home/adam/driveBig/Music/New unformated songs/Dissolve Me/06 alt-J - Dissolve Me (Planet of Sound Remix).flac,GRADUAL_ROLLOFF,"rolloff at ~20914Hz but gentle (9.6dB/kHz) - could be an old master/analog source, not necessarily transcoded",44100,20914,22050,9.6
/home/adam/driveBig/Music/New unformated songs/DOGSTAR - Somewhere Between the Power Lines and Palm Trees (2023) [FLAC] [16B-44100kHz]/01. DOGSTAR - Blonde.flac,SUSPECT,"hard cutoff at ~16683Hz, steep 28.3dB/kHz -> likely transcoded from 128kbps MP3",44100,16683,22050,28.3
/home/adam/driveBig/Music/New unformated songs/DOGSTAR - Somewhere Between the Power Lines and Palm Trees (2023) [FLAC] [16B-44100kHz]/02. DOGSTAR - How the Story Ends.flac,SUSPECT,"hard cutoff at ~16667Hz, steep 26.8dB/kHz -> likely transcoded from 128kbps MP3",44100,16667,22050,26.8
/home/adam/driveBig/Music/New unformated songs/DOGSTAR - Somewhere Between the Power Lines and Palm Trees (2023) [FLAC] [16B-44100kHz]/03. DOGSTAR - Everything Turns Around.flac,SUSPECT,"hard cutoff at ~16484Hz, steep 26.2dB/kHz -> likely transcoded from 128kbps MP3",44100,16484,22050,26.2
/home/adam/driveBig/Music/New unformated songs/DOGSTAR - Somewhere Between the Power Lines and Palm Trees (2023) [FLAC] [16B-44100kHz]/04. DOGSTAR - Overhang.flac,SUSPECT,"hard cutoff at ~16613Hz, steep 22.6dB/kHz -> likely transcoded from 128kbps MP3",44100,16613,22050,22.6
/home/adam/driveBig/Music/New unformated songs/DOGSTAR - Somewhere Between the Power Lines and Palm Trees (2023) [FLAC] [16B-44100kHz]/05. DOGSTAR - Dillon Street.flac,SUSPECT,"hard cutoff at ~16602Hz, steep 26.7dB/kHz -> likely transcoded from 128kbps MP3",44100,16602,22050,26.7
/home/adam/driveBig/Music/New unformated songs/DOGSTAR - Somewhere Between the Power Lines and Palm Trees (2023) [FLAC] [16B-44100kHz]/06. DOGSTAR - Lily.flac,SUSPECT,"hard cutoff at ~16688Hz, steep 33.1dB/kHz -> likely transcoded from 128kbps MP3",44100,16688,22050,33.1
/home/adam/driveBig/Music/New unformated songs/DOGSTAR - Somewhere Between the Power Lines and Palm Trees (2023) [FLAC] [16B-44100kHz]/07. DOGSTAR - Lust.flac,SUSPECT,"hard cutoff at ~16640Hz, steep 25.6dB/kHz -> likely transcoded from 128kbps MP3",44100,16640,22050,25.6
/home/adam/driveBig/Music/New unformated songs/DOGSTAR - Somewhere Between the Power Lines and Palm Trees (2023) [FLAC] [16B-44100kHz]/08. DOGSTAR - Glimmer.flac,SUSPECT,"hard cutoff at ~16597Hz, steep 23.2dB/kHz -> likely transcoded from 128kbps MP3",44100,16597,22050,23.2
/home/adam/driveBig/Music/New unformated songs/DOGSTAR - Somewhere Between the Power Lines and Palm Trees (2023) [FLAC] [16B-44100kHz]/09. DOGSTAR - Sunrise.flac,SUSPECT,"hard cutoff at ~16651Hz, steep 27.2dB/kHz -> likely transcoded from 128kbps MP3",44100,16651,22050,27.2
/home/adam/driveBig/Music/New unformated songs/DOGSTAR - Somewhere Between the Power Lines and Palm Trees (2023) [FLAC] [16B-44100kHz]/10. DOGSTAR - Sleep.flac,SUSPECT,"hard cutoff at ~16651Hz, steep 31.6dB/kHz -> likely transcoded from 128kbps MP3",44100,16651,22050,31.6
/home/adam/driveBig/Music/New unformated songs/DOGSTAR - Somewhere Between the Power Lines and Palm Trees (2023) [FLAC] [16B-44100kHz]/11. DOGSTAR - Upside.flac,SUSPECT,"hard cutoff at ~16527Hz, steep 25.5dB/kHz -> likely transcoded from 128kbps MP3",44100,16527,22050,25.5
/home/adam/driveBig/Music/New unformated songs/DOGSTAR - Somewhere Between the Power Lines and Palm Trees (2023) [FLAC] [16B-44100kHz]/12. DOGSTAR - Breach.flac,SUSPECT,"hard cutoff at ~16586Hz, steep 27.1dB/kHz -> likely transcoded from 128kbps MP3",44100,16586,22050,27.1
"/home/adam/driveBig/Music/New unformated songs/Dominic Fike - Don't Forget About Me, Demos (2018) [FLAC] [16B-44100kHz]/Disc 1/01. Dominic Fike - 3 Nights.flac",SUSPECT,"hard cutoff at ~16694Hz, steep 26.4dB/kHz -> likely transcoded from 128kbps MP3",44100,16694,22050,26.4
"/home/adam/driveBig/Music/New unformated songs/Dominic Fike - Don't Forget About Me, Demos (2018) [FLAC] [16B-44100kHz]/Disc 1/02. Dominic Fike - She Wants My Money (Explicit).flac",SUSPECT,"hard cutoff at ~16570Hz, steep 21.4dB/kHz -> likely transcoded from 128kbps MP3",44100,16570,22050,21.4
"/home/adam/driveBig/Music/New unformated songs/Dominic Fike - Don't Forget About Me, Demos (2018) [FLAC] [16B-44100kHz]/Disc 1/03. Dominic Fike - Babydoll.flac",SUSPECT,"hard cutoff at ~16710Hz, steep 24.7dB/kHz -> likely transcoded from 128kbps MP3",44100,16710,22050,24.7
"/home/adam/driveBig/Music/New unformated songs/Dominic Fike - Don't Forget About Me, Demos (2018) [FLAC] [16B-44100kHz]/Disc 1/04. Dominic Fike - Westcoast Collective.flac",SUSPECT,"hard cutoff at ~16602Hz, steep 22.1dB/kHz -> likely transcoded from 128kbps MP3",44100,16602,22050,22.1
"/home/adam/driveBig/Music/New unformated songs/Dominic Fike - Don't Forget About Me, Demos (2018) [FLAC] [16B-44100kHz]/Disc 1/05. Dominic Fike - Socks.flac",SUSPECT,"hard cutoff at ~16634Hz, steep 22.3dB/kHz -> likely transcoded from 128kbps MP3",44100,16634,22050,22.3
"/home/adam/driveBig/Music/New unformated songs/Dominic Fike - Don't Forget About Me, Demos (2018) [FLAC] [16B-44100kHz]/Disc 1/06. Dominic Fike - King of Everything.flac",SUSPECT,"hard cutoff at ~16645Hz, steep 15.7dB/kHz -> likely transcoded from 128kbps MP3",44100,16645,22050,15.7
"/home/adam/driveBig/Music/New unformated songs/Dominic Fike - Don't Forget About Me, Demos (2018) [FLAC] [16B-44100kHz]/Disc 2/01. Dominic Fike - Falling Asleep.flac",SUSPECT,"hard cutoff at ~16791Hz, steep 25.7dB/kHz -> likely transcoded from 128kbps MP3",44100,16791,22050,25.7
"/home/adam/driveBig/Music/New unformated songs/Dominic Fike - Don't Forget About Me, Demos (2018) [FLAC] [16B-44100kHz]/Disc 2/02. Dominic Fike - Batshit (Explicit).flac",SUSPECT,"hard cutoff at ~16543Hz, steep 19.4dB/kHz -> likely transcoded from 128kbps MP3",44100,16543,22050,19.4
/home/adam/driveBig/Music/New unformated songs/Dominic Fike - Sunburn (2023) [FLAC] [16B-44100kHz]/01. Dominic Fike - How Much Is Weed (Explicit).flac,SUSPECT,"hard cutoff at ~16058Hz, steep 19.5dB/kHz -> likely transcoded from 128kbps MP3",44100,16058,22050,19.5
/home/adam/driveBig/Music/New unformated songs/Dominic Fike - Sunburn (2023) [FLAC] [16B-44100kHz]/02. Dominic Fike - Ant Pile.flac,SUSPECT,"hard cutoff at ~16500Hz, steep 19.8dB/kHz -> likely transcoded from 128kbps MP3",44100,16500,22050,19.8
/home/adam/driveBig/Music/New unformated songs/Dominic Fike - Sunburn (2023) [FLAC] [16B-44100kHz]/03. Dominic Fike - Think Fast.flac,SUSPECT,"hard cutoff at ~16737Hz, steep 27.7dB/kHz -> likely transcoded from 128kbps MP3",44100,16737,22050,27.7
/home/adam/driveBig/Music/New unformated songs/Dominic Fike - Sunburn (2023) [FLAC] [16B-44100kHz]/04. Dominic Fike - Sick.flac,SUSPECT,"hard cutoff at ~16548Hz, steep 22.1dB/kHz -> likely transcoded from 128kbps MP3",44100,16548,22050,22.1
/home/adam/driveBig/Music/New unformated songs/Dominic Fike - Sunburn (2023) [FLAC] [16B-44100kHz]/05. Dominic Fike - 7 Hours (Explicit).flac,SUSPECT,"hard cutoff at ~16758Hz, steep 30.7dB/kHz -> likely transcoded from 128kbps MP3",44100,16758,22050,30.7
/home/adam/driveBig/Music/New unformated songs/Dominic Fike - Sunburn (2023) [FLAC] [16B-44100kHz]/06. Dominic Fike - Dancing In The Courthouse.flac,SUSPECT,"hard cutoff at ~16672Hz, steep 23.3dB/kHz -> likely transcoded from 128kbps MP3",44100,16672,22050,23.3
/home/adam/driveBig/Music/New unformated songs/Dominic Fike - Sunburn (2023) [FLAC] [16B-44100kHz]/07. Dominic Fike - Mona Lisa.flac,SUSPECT,"hard cutoff at ~16677Hz, steep 25.6dB/kHz -> likely transcoded from 128kbps MP3",44100,16677,22050,25.6
/home/adam/driveBig/Music/New unformated songs/Dominic Fike - Sunburn (2023) [FLAC] [16B-44100kHz]/08. Dominic Fike - Bodies.flac,SUSPECT,"hard cutoff at ~16651Hz, steep 23.7dB/kHz -> likely transcoded from 128kbps MP3",44100,16651,22050,23.7
/home/adam/driveBig/Music/New unformated songs/Dominic Fike - Sunburn (2023) [FLAC] [16B-44100kHz]/09. Dominic Fike - Sunburn (Explicit).flac,SUSPECT,"hard cutoff at ~16640Hz, steep 24.8dB/kHz -> likely transcoded from 128kbps MP3",44100,16640,22050,24.8
/home/adam/driveBig/Music/New unformated songs/Dominic Fike - Sunburn (2023) [FLAC] [16B-44100kHz]/10. Dominic Fike - Pasture Child.flac,SUSPECT,"hard cutoff at ~16618Hz, steep 24.4dB/kHz -> likely transcoded from 128kbps MP3",44100,16618,22050,24.4
/home/adam/driveBig/Music/New unformated songs/Dominic Fike - Sunburn (2023) [FLAC] [16B-44100kHz]/11. Dominic Fike - 4x4.flac,SUSPECT,"hard cutoff at ~16408Hz, steep 22.1dB/kHz -> likely transcoded from 128kbps MP3",44100,16408,22050,22.1
/home/adam/driveBig/Music/New unformated songs/Dominic Fike - Sunburn (2023) [FLAC] [16B-44100kHz]/12. Dominic Fike - Frisky.flac,SUSPECT,"hard cutoff at ~16710Hz, steep 28.5dB/kHz -> likely transcoded from 128kbps MP3",44100,16710,22050,28.5
/home/adam/driveBig/Music/New unformated songs/Dominic Fike - Sunburn (2023) [FLAC] [16B-44100kHz]/13. Dominic Fike - Mama's Boy.flac,SUSPECT,"hard cutoff at ~16758Hz, steep 29.2dB/kHz -> likely transcoded from 128kbps MP3",44100,16758,22050,29.2
/home/adam/driveBig/Music/New unformated songs/Dominic Fike - Sunburn (2023) [FLAC] [16B-44100kHz]/14. Dominic Fike - Dark (Explicit).flac,SUSPECT,"hard cutoff at ~16064Hz, steep 16.9dB/kHz -> likely transcoded from 128kbps MP3",44100,16064,22050,16.9
/home/adam/driveBig/Music/New unformated songs/Dominic Fike - Sunburn (2023) [FLAC] [16B-44100kHz]/15. Dominic Fike - What Kinda Woman.flac,SUSPECT,"hard cutoff at ~16704Hz, steep 26.2dB/kHz -> likely transcoded from 128kbps MP3",44100,16704,22050,26.2
/home/adam/driveBig/Music/New unformated songs/Don Henley - Actual Miles Henley's Greatest Hits (2015) [FLAC] [16B-44100kHz]/01. Don Henley - Dirty Laundry.flac,SUSPECT,"hard cutoff at ~16747Hz, steep 31.0dB/kHz -> likely transcoded from 128kbps MP3",44100,16747,22050,31
/home/adam/driveBig/Music/New unformated songs/Don Henley - Actual Miles Henley's Greatest Hits (2015) [FLAC] [16B-44100kHz]/02. Don Henley - The Boys Of Summer.flac,SUSPECT,"hard cutoff at ~16791Hz, steep 28.2dB/kHz -> likely transcoded from 128kbps MP3",44100,16791,22050,28.2
/home/adam/driveBig/Music/New unformated songs/Don Henley - Actual Miles Henley's Greatest Hits (2015) [FLAC] [16B-44100kHz]/03. Don Henley - All She Wants To Do Is Dance.flac,SUSPECT,"hard cutoff at ~16715Hz, steep 31.0dB/kHz -> likely transcoded from 128kbps MP3",44100,16715,22050,31
/home/adam/driveBig/Music/New unformated songs/Don Henley - Actual Miles Henley's Greatest Hits (2015) [FLAC] [16B-44100kHz]/04. Don Henley - Not Enough Love In The World.flac,SUSPECT,"hard cutoff at ~16791Hz, steep 30.4dB/kHz -> likely transcoded from 128kbps MP3",44100,16791,22050,30.4
/home/adam/driveBig/Music/New unformated songs/Don Henley - Actual Miles Henley's Greatest Hits (2015) [FLAC] [16B-44100kHz]/05. Don Henley - Sunset Grill.flac,SUSPECT,"hard cutoff at ~16785Hz, steep 28.0dB/kHz -> likely transcoded from 128kbps MP3",44100,16785,22050,28
/home/adam/driveBig/Music/New unformated songs/Don Henley - Actual Miles Henley's Greatest Hits (2015) [FLAC] [16B-44100kHz]/06. Don Henley - The End Of The Innocence.flac,SUSPECT,"hard cutoff at ~16591Hz, steep 24.9dB/kHz -> likely transcoded from 128kbps MP3",44100,16591,22050,24.9
/home/adam/driveBig/Music/New unformated songs/Don Henley - Actual Miles Henley's Greatest Hits (2015) [FLAC] [16B-44100kHz]/07. Don Henley - The Last Worthless Evening.flac,SUSPECT,"hard cutoff at ~16807Hz, steep 33.8dB/kHz -> likely transcoded from 128kbps MP3",44100,16807,22050,33.8
/home/adam/driveBig/Music/New unformated songs/Don Henley - Actual Miles Henley's Greatest Hits (2015) [FLAC] [16B-44100kHz]/08. Don Henley - New York Minute.flac,SUSPECT,"hard cutoff at ~16753Hz, steep 27.8dB/kHz -> likely transcoded from 128kbps MP3",44100,16753,22050,27.8
/home/adam/driveBig/Music/New unformated songs/Don Henley - Actual Miles Henley's Greatest Hits (2015) [FLAC] [16B-44100kHz]/09. Don Henley - I Will Not Go Quietly.flac,SUSPECT,"hard cutoff at ~16672Hz, steep 25.3dB/kHz -> likely transcoded from 128kbps MP3",44100,16672,22050,25.3
/home/adam/driveBig/Music/New unformated songs/Don Henley - Actual Miles Henley's Greatest Hits (2015) [FLAC] [16B-44100kHz]/10. Don Henley - The Heart Of The Matter.flac,SUSPECT,"hard cutoff at ~16742Hz, steep 27.4dB/kHz -> likely transcoded from 128kbps MP3",44100,16742,22050,27.4
/home/adam/driveBig/Music/New unformated songs/Don Henley - Actual Miles Henley's Greatest Hits (2015) [FLAC] [16B-44100kHz]/11. Don Henley - The Garden Of Allah.flac,SUSPECT,"hard cutoff at ~16704Hz, steep 27.6dB/kHz -> likely transcoded from 128kbps MP3",44100,16704,22050,27.6
/home/adam/driveBig/Music/New unformated songs/Don Henley - Actual Miles Henley's Greatest Hits (2015) [FLAC] [16B-44100kHz]/12. Don Henley - You Don't Know Me At All.flac,SUSPECT,"hard cutoff at ~16774Hz, steep 31.9dB/kHz -> likely transcoded from 128kbps MP3",44100,16774,22050,31.9
/home/adam/driveBig/Music/New unformated songs/Don Henley - Actual Miles Henley's Greatest Hits (2015) [FLAC] [16B-44100kHz]/13. Don Henley - Everybody Knows.flac,SUSPECT,"hard cutoff at ~16785Hz, steep 29.7dB/kHz -> likely transcoded from 128kbps MP3",44100,16785,22050,29.7
/home/adam/driveBig/Music/New unformated songs/EKKSTACY - NEGATIVE (2021) [FLAC] [16B-44100kHz]/01. EKKSTACY - i walk this earth all by myself (Explicit).flac,SUSPECT,"hard cutoff at ~16031Hz, steep 21.9dB/kHz -> likely transcoded from 128kbps MP3",44100,16031,22050,21.9
/home/adam/driveBig/Music/New unformated songs/EKKSTACY - NEGATIVE (2021) [FLAC] [16B-44100kHz]/02. EKKSTACY - then i met her.flac,SUSPECT,"hard cutoff at ~16069Hz, steep 24.9dB/kHz -> likely transcoded from 128kbps MP3",44100,16069,22050,24.9
"/home/adam/driveBig/Music/New unformated songs/EKKSTACY - NEGATIVE (2021) [FLAC] [16B-44100kHz]/03. EKKSTACY - it only gets worse, i promise.flac",SUSPECT,"hard cutoff at ~16489Hz, steep 25.5dB/kHz -> likely transcoded from 128kbps MP3",44100,16489,22050,25.5
/home/adam/driveBig/Music/New unformated songs/EKKSTACY - NEGATIVE (2021) [FLAC] [16B-44100kHz]/04. EKKSTACY - i want to be by your side.flac,SUSPECT,"hard cutoff at ~16134Hz, steep 26.7dB/kHz -> likely transcoded from 128kbps MP3",44100,16134,22050,26.7
/home/adam/driveBig/Music/New unformated songs/EKKSTACY - NEGATIVE (2021) [FLAC] [16B-44100kHz]/05. EKKSTACY - for forever.flac,SUSPECT,"hard cutoff at ~16677Hz, steep 24.7dB/kHz -> likely transcoded from 128kbps MP3",44100,16677,22050,24.7
/home/adam/driveBig/Music/New unformated songs/EKKSTACY - NEGATIVE (2021) [FLAC] [16B-44100kHz]/06. EKKSTACY - but there is always hatred.flac,SUSPECT,"hard cutoff at ~16618Hz, steep 22.9dB/kHz -> likely transcoded from 128kbps MP3",44100,16618,22050,22.9
/home/adam/driveBig/Music/New unformated songs/EKKSTACY - NEGATIVE (2021) [FLAC] [16B-44100kHz]/07. EKKSTACY - in love (Explicit).flac,GRADUAL_ROLLOFF,"rolloff at ~15687Hz but gentle (10.6dB/kHz) - could be an old master/analog source, not necessarily transcoded",44100,15687,22050,10.6
/home/adam/driveBig/Music/New unformated songs/Eminem - Curtain Call The Hits (2005) [FLAC] [16B-44100kHz]/01. Eminem - Intro (Explicit).flac,SUSPECT,"hard cutoff at ~16602Hz, steep 25.9dB/kHz -> likely transcoded from 128kbps MP3",44100,16602,22050,25.9
/home/adam/driveBig/Music/New unformated songs/Eminem - Curtain Call The Hits (2005) [FLAC] [16B-44100kHz]/02. Eminem - FACK (Explicit).flac,SUSPECT,"hard cutoff at ~16629Hz, steep 21.4dB/kHz -> likely transcoded from 128kbps MP3",44100,16629,22050,21.4
/home/adam/driveBig/Music/New unformated songs/Eminem - Curtain Call The Hits (2005) [FLAC] [16B-44100kHz]/03. Eminem - The Way I Am (Explicit).flac,SUSPECT,"hard cutoff at ~16661Hz, steep 27.3dB/kHz -> likely transcoded from 128kbps MP3",44100,16661,22050,27.3
/home/adam/driveBig/Music/New unformated songs/Eminem - Curtain Call The Hits (2005) [FLAC] [16B-44100kHz]/04. Eminem - My Name Is (Explicit).flac,SUSPECT,"hard cutoff at ~16505Hz, steep 18.8dB/kHz -> likely transcoded from 128kbps MP3",44100,16505,22050,18.8
/home/adam/driveBig/Music/New unformated songs/Eminem - Curtain Call The Hits (2005) [FLAC] [16B-44100kHz]/05. Eminem - Stan (Explicit).flac,SUSPECT,"hard cutoff at ~16677Hz, steep 27.8dB/kHz -> likely transcoded from 128kbps MP3",44100,16677,22050,27.8
/home/adam/driveBig/Music/New unformated songs/Eminem - Curtain Call The Hits (2005) [FLAC] [16B-44100kHz]/06. Eminem - Lose Yourself (Explicit).flac,SUSPECT,"hard cutoff at ~16699Hz, steep 23.3dB/kHz -> likely transcoded from 128kbps MP3",44100,16699,22050,23.3
/home/adam/driveBig/Music/New unformated songs/Eminem - Curtain Call The Hits (2005) [FLAC] [16B-44100kHz]/07. Eminem - Shake That (Explicit).flac,SUSPECT,"hard cutoff at ~16473Hz, steep 23.2dB/kHz -> likely transcoded from 128kbps MP3",44100,16473,22050,23.2
/home/adam/driveBig/Music/New unformated songs/Eminem - Curtain Call The Hits (2005) [FLAC] [16B-44100kHz]/08. Eminem - Sing For The Moment (Explicit).flac,SUSPECT,"hard cutoff at ~16656Hz, steep 24.8dB/kHz -> likely transcoded from 128kbps MP3",44100,16656,22050,24.8
/home/adam/driveBig/Music/New unformated songs/Eminem - Curtain Call The Hits (2005) [FLAC] [16B-44100kHz]/09. Eminem - Without Me (Explicit).flac,SUSPECT,"hard cutoff at ~16726Hz, steep 26.8dB/kHz -> likely transcoded from 128kbps MP3",44100,16726,22050,26.8
/home/adam/driveBig/Music/New unformated songs/Eminem - Curtain Call The Hits (2005) [FLAC] [16B-44100kHz]/10. Eminem - Like Toy Soldiers (Explicit).flac,SUSPECT,"hard cutoff at ~16516Hz, steep 25.4dB/kHz -> likely transcoded from 128kbps MP3",44100,16516,22050,25.4
/home/adam/driveBig/Music/New unformated songs/Eminem - Curtain Call The Hits (2005) [FLAC] [16B-44100kHz]/11. Eminem - The Real Slim Shady (Explicit).flac,SUSPECT,"hard cutoff at ~16640Hz, steep 24.1dB/kHz -> likely transcoded from 128kbps MP3",44100,16640,22050,24.1
/home/adam/driveBig/Music/New unformated songs/Eminem - Curtain Call The Hits (2005) [FLAC] [16B-44100kHz]/12. Eminem - Mockingbird (Explicit).flac,SUSPECT,"hard cutoff at ~16694Hz, steep 23.8dB/kHz -> likely transcoded from 128kbps MP3",44100,16694,22050,23.8
/home/adam/driveBig/Music/New unformated songs/Eminem - Curtain Call The Hits (2005) [FLAC] [16B-44100kHz]/13. Eminem - Guilty Conscience (Explicit).flac,SUSPECT,"hard cutoff at ~16683Hz, steep 26.4dB/kHz -> likely transcoded from 128kbps MP3",44100,16683,22050,26.4
/home/adam/driveBig/Music/New unformated songs/Eminem - Curtain Call The Hits (2005) [FLAC] [16B-44100kHz]/14. Eminem - Cleanin' Out My Closet (Explicit).flac,SUSPECT,"hard cutoff at ~16613Hz, steep 18.5dB/kHz -> likely transcoded from 128kbps MP3",44100,16613,22050,18.5
/home/adam/driveBig/Music/New unformated songs/Eminem - Curtain Call The Hits (2005) [FLAC] [16B-44100kHz]/15. Eminem - Just Lose It (Explicit).flac,SUSPECT,"hard cutoff at ~16726Hz, steep 26.6dB/kHz -> likely transcoded from 128kbps MP3",44100,16726,22050,26.6
/home/adam/driveBig/Music/New unformated songs/Eminem - Curtain Call The Hits (2005) [FLAC] [16B-44100kHz]/16. Eminem - When I'm Gone (Explicit).flac,SUSPECT,"hard cutoff at ~16710Hz, steep 29.3dB/kHz -> likely transcoded from 128kbps MP3",44100,16710,22050,29.3
/home/adam/driveBig/Music/New unformated songs/Eminem - Curtain Call The Hits (2005) [FLAC] [16B-44100kHz]/17. Eminem - Stan (Live At 43rd Grammy Awards).flac,SUSPECT,"hard cutoff at ~16058Hz, steep 21.3dB/kHz -> likely transcoded from 128kbps MP3",44100,16058,22050,21.3
/home/adam/driveBig/Music/New unformated songs/Empire Of The Sun - Walking On A Dream (10th Anniversary Edition) (2019) [FLAC] [16B-44100kHz]/Disc 1/01. Empire Of The Sun - Standing On The Shore.flac,SUSPECT,"hard cutoff at ~16661Hz, steep 23.7dB/kHz -> likely transcoded from 128kbps MP3",44100,16661,22050,23.7
/home/adam/driveBig/Music/New unformated songs/Empire Of The Sun - Walking On A Dream (10th Anniversary Edition) (2019) [FLAC] [16B-44100kHz]/Disc 1/02. Empire Of The Sun - Walking On A Dream.flac,SUSPECT,"hard cutoff at ~16704Hz, steep 25.4dB/kHz -> likely transcoded from 128kbps MP3",44100,16704,22050,25.4
/home/adam/driveBig/Music/New unformated songs/Empire Of The Sun - Walking On A Dream (10th Anniversary Edition) (2019) [FLAC] [16B-44100kHz]/Disc 1/03. Empire Of The Sun - Half Mast.flac,SUSPECT,"hard cutoff at ~16683Hz, steep 25.5dB/kHz -> likely transcoded from 128kbps MP3",44100,16683,22050,25.5
/home/adam/driveBig/Music/New unformated songs/Empire Of The Sun - Walking On A Dream (10th Anniversary Edition) (2019) [FLAC] [16B-44100kHz]/Disc 1/04. Empire Of The Sun - We Are The People.flac,SUSPECT,"hard cutoff at ~16661Hz, steep 25.2dB/kHz -> likely transcoded from 128kbps MP3",44100,16661,22050,25.2
/home/adam/driveBig/Music/New unformated songs/Empire Of The Sun - Walking On A Dream (10th Anniversary Edition) (2019) [FLAC] [16B-44100kHz]/Disc 1/05. Empire Of The Sun - Delta Bay.flac,SUSPECT,"hard cutoff at ~16753Hz, steep 32.9dB/kHz -> likely transcoded from 128kbps MP3",44100,16753,22050,32.9
/home/adam/driveBig/Music/New unformated songs/Empire Of The Sun - Walking On A Dream (10th Anniversary Edition) (2019) [FLAC] [16B-44100kHz]/Disc 1/06. Empire Of The Sun - Country.flac,SUSPECT,"hard cutoff at ~16607Hz, steep 24.5dB/kHz -> likely transcoded from 128kbps MP3",44100,16607,22050,24.5
/home/adam/driveBig/Music/New unformated songs/Empire Of The Sun - Walking On A Dream (10th Anniversary Edition) (2019) [FLAC] [16B-44100kHz]/Disc 1/07. Empire Of The Sun - The World.flac,SUSPECT,"hard cutoff at ~16791Hz, steep 29.5dB/kHz -> likely transcoded from 128kbps MP3",44100,16791,22050,29.5
/home/adam/driveBig/Music/New unformated songs/Empire Of The Sun - Walking On A Dream (10th Anniversary Edition) (2019) [FLAC] [16B-44100kHz]/Disc 1/08. Empire Of The Sun - Swordfish Hotkiss Night.flac,SUSPECT,"hard cutoff at ~16597Hz, steep 22.1dB/kHz -> likely transcoded from 128kbps MP3",44100,16597,22050,22.1
/home/adam/driveBig/Music/New unformated songs/Empire Of The Sun - Walking On A Dream (10th Anniversary Edition) (2019) [FLAC] [16B-44100kHz]/Disc 1/09. Empire Of The Sun - Tiger By My Side.flac,SUSPECT,"hard cutoff at ~16672Hz, steep 25.3dB/kHz -> likely transcoded from 128kbps MP3",44100,16672,22050,25.3
/home/adam/driveBig/Music/New unformated songs/Empire Of The Sun - Walking On A Dream (10th Anniversary Edition) (2019) [FLAC] [16B-44100kHz]/Disc 1/10. Empire Of The Sun - Without You.flac,SUSPECT,"hard cutoff at ~16602Hz, steep 23.2dB/kHz -> likely transcoded from 128kbps MP3",44100,16602,22050,23.2
/home/adam/driveBig/Music/New unformated songs/Empire Of The Sun - Walking On A Dream (10th Anniversary Edition) (2019) [FLAC] [16B-44100kHz]/Disc 2/01. Empire Of The Sun - Chrysalis.flac,SUSPECT,"hard cutoff at ~16021Hz, steep 21.0dB/kHz -> likely transcoded from 128kbps MP3",44100,16021,22050,21
/home/adam/driveBig/Music/New unformated songs/Empire Of The Sun - Walking On A Dream (10th Anniversary Edition) (2019) [FLAC] [16B-44100kHz]/Disc 2/02. Empire Of The Sun - Breakdown.flac,SUSPECT,"hard cutoff at ~16613Hz, steep 22.4dB/kHz -> likely transcoded from 128kbps MP3",44100,16613,22050,22.4
/home/adam/driveBig/Music/New unformated songs/Empire Of The Sun - Walking On A Dream (10th Anniversary Edition) (2019) [FLAC] [16B-44100kHz]/Disc 2/03. Empire Of The Sun - Without You (New Version).flac,SUSPECT,"hard cutoff at ~16769Hz, steep 29.0dB/kHz -> likely transcoded from 128kbps MP3",44100,16769,22050,29
/home/adam/driveBig/Music/New unformated songs/Empire Of The Sun - Walking On A Dream (10th Anniversary Edition) (2019) [FLAC] [16B-44100kHz]/Disc 2/04. Empire Of The Sun - Romance To Me.flac,SUSPECT,"hard cutoff at ~16527Hz, steep 19.1dB/kHz -> likely transcoded from 128kbps MP3",44100,16527,22050,19.1
/home/adam/driveBig/Music/New unformated songs/Empire Of The Sun - Walking On A Dream (10th Anniversary Edition) (2019) [FLAC] [16B-44100kHz]/Disc 2/05. Empire Of The Sun - Girl.flac,SUSPECT,"hard cutoff at ~16624Hz, steep 20.0dB/kHz -> likely transcoded from 128kbps MP3",44100,16624,22050,20
/home/adam/driveBig/Music/New unformated songs/Empire Of The Sun - Walking On A Dream (10th Anniversary Edition) (2019) [FLAC] [16B-44100kHz]/Disc 2/06. Empire Of The Sun - Etude.flac,SUSPECT,"hard cutoff at ~16521Hz, steep 23.9dB/kHz -> likely transcoded from 128kbps MP3",44100,16521,22050,23.9
/home/adam/driveBig/Music/New unformated songs/Evanescence - Fallen (2014) [FLAC] [16B-44100kHz]/01. Evanescence - Going Under.flac,SUSPECT,"hard cutoff at ~16570Hz, steep 25.2dB/kHz -> likely transcoded from 128kbps MP3",44100,16570,22050,25.2
/home/adam/driveBig/Music/New unformated songs/Evanescence - Fallen (2014) [FLAC] [16B-44100kHz]/02. Evanescence - Bring Me To Life.flac,SUSPECT,"hard cutoff at ~16101Hz, steep 19.6dB/kHz -> likely transcoded from 128kbps MP3",44100,16101,22050,19.6
/home/adam/driveBig/Music/New unformated songs/Evanescence - Fallen (2014) [FLAC] [16B-44100kHz]/03. Evanescence - Everybody's Fool.flac,SUSPECT,"hard cutoff at ~16651Hz, steep 26.5dB/kHz -> likely transcoded from 128kbps MP3",44100,16651,22050,26.5
/home/adam/driveBig/Music/New unformated songs/Evanescence - Fallen (2014) [FLAC] [16B-44100kHz]/04. Evanescence - My Immortal.flac,SUSPECT,"hard cutoff at ~16607Hz, steep 25.0dB/kHz -> likely transcoded from 128kbps MP3",44100,16607,22050,25
/home/adam/driveBig/Music/New unformated songs/Evanescence - Fallen (2014) [FLAC] [16B-44100kHz]/05. Evanescence - Haunted.flac,SUSPECT,"hard cutoff at ~16554Hz, steep 25.3dB/kHz -> likely transcoded from 128kbps MP3",44100,16554,22050,25.3
/home/adam/driveBig/Music/New unformated songs/Evanescence - Fallen (2014) [FLAC] [16B-44100kHz]/06. Evanescence - Tourniquet.flac,SUSPECT,"hard cutoff at ~16597Hz, steep 25.8dB/kHz -> likely transcoded from 128kbps MP3",44100,16597,22050,25.8
/home/adam/driveBig/Music/New unformated songs/Evanescence - Fallen (2014) [FLAC] [16B-44100kHz]/07. Evanescence - Imaginary.flac,SUSPECT,"hard cutoff at ~16559Hz, steep 25.9dB/kHz -> likely transcoded from 128kbps MP3",44100,16559,22050,25.9
/home/adam/driveBig/Music/New unformated songs/Evanescence - Fallen (2014) [FLAC] [16B-44100kHz]/08. Evanescence - Taking Over Me.flac,SUSPECT,"hard cutoff at ~16640Hz, steep 27.5dB/kHz -> likely transcoded from 128kbps MP3",44100,16640,22050,27.5
/home/adam/driveBig/Music/New unformated songs/Evanescence - Fallen (2014) [FLAC] [16B-44100kHz]/09. Evanescence - Hello.flac,SUSPECT,"hard cutoff at ~16688Hz, steep 28.8dB/kHz -> likely transcoded from 128kbps MP3",44100,16688,22050,28.8
/home/adam/driveBig/Music/New unformated songs/Evanescence - Fallen (2014) [FLAC] [16B-44100kHz]/10. Evanescence - My Last Breath.flac,SUSPECT,"hard cutoff at ~16667Hz, steep 28.9dB/kHz -> likely transcoded from 128kbps MP3",44100,16667,22050,28.9
/home/adam/driveBig/Music/New unformated songs/Evanescence - Fallen (2014) [FLAC] [16B-44100kHz]/11. Evanescence - Whisper.flac,SUSPECT,"hard cutoff at ~16688Hz, steep 28.4dB/kHz -> likely transcoded from 128kbps MP3",44100,16688,22050,28.4
/home/adam/driveBig/Music/New unformated songs/Evanescence - Fallen (2014) [FLAC] [16B-44100kHz]/12. Evanescence - My Immortal (Band Version).flac,SUSPECT,"hard cutoff at ~16769Hz, steep 26.9dB/kHz -> likely transcoded from 128kbps MP3",44100,16769,22050,26.9
/home/adam/driveBig/Music/New unformated songs/Evermore - Real Life (2006) [FLAC] [16B-44100kHz]/01. Evermore - Real Life.flac,SUSPECT,"hard cutoff at ~16651Hz, steep 25.2dB/kHz -> likely transcoded from 128kbps MP3",44100,16651,22050,25.2
/home/adam/driveBig/Music/New unformated songs/Evermore - Real Life (2006) [FLAC] [16B-44100kHz]/02. Evermore - Running.flac,SUSPECT,"hard cutoff at ~16252Hz, steep 16.9dB/kHz -> likely transcoded from 128kbps MP3",44100,16252,22050,16.9
/home/adam/driveBig/Music/New unformated songs/Evermore - Real Life (2006) [FLAC] [16B-44100kHz]/03. Evermore - Light Surrounding You.flac,SUSPECT,"hard cutoff at ~16710Hz, steep 29.0dB/kHz -> likely transcoded from 128kbps MP3",44100,16710,22050,29
/home/adam/driveBig/Music/New unformated songs/Evermore - Real Life (2006) [FLAC] [16B-44100kHz]/04. Evermore - Unbreakable.flac,SUSPECT,"hard cutoff at ~16624Hz, steep 22.9dB/kHz -> likely transcoded from 128kbps MP3",44100,16624,22050,22.9
/home/adam/driveBig/Music/New unformated songs/Evermore - Real Life (2006) [FLAC] [16B-44100kHz]/05. Evermore - Morning Star.flac,SUSPECT,"hard cutoff at ~16521Hz, steep 16.4dB/kHz -> likely transcoded from 128kbps MP3",44100,16521,22050,16.4
/home/adam/driveBig/Music/New unformated songs/Evermore - Real Life (2006) [FLAC] [16B-44100kHz]/06. Evermore - Never Let You Go.flac,SUSPECT,"hard cutoff at ~16602Hz, steep 25.3dB/kHz -> likely transcoded from 128kbps MP3",44100,16602,22050,25.3
/home/adam/driveBig/Music/New unformated songs/Evermore - Real Life (2006) [FLAC] [16B-44100kHz]/07. Evermore - My Guiding Light.flac,SUSPECT,"hard cutoff at ~16516Hz, steep 19.3dB/kHz -> likely transcoded from 128kbps MP3",44100,16516,22050,19.3
/home/adam/driveBig/Music/New unformated songs/Evermore - Real Life (2006) [FLAC] [16B-44100kHz]/08. Evermore - Afloat.flac,SUSPECT,"hard cutoff at ~16591Hz, steep 24.3dB/kHz -> likely transcoded from 128kbps MP3",44100,16591,22050,24.3
/home/adam/driveBig/Music/New unformated songs/Evermore - Real Life (2006) [FLAC] [16B-44100kHz]/09. Evermore - The Great Unknown.flac,SUSPECT,"hard cutoff at ~16451Hz, steep 20.9dB/kHz -> likely transcoded from 128kbps MP3",44100,16451,22050,20.9
/home/adam/driveBig/Music/New unformated songs/Evermore - Real Life (2006) [FLAC] [16B-44100kHz]/10. Evermore - The Only One I See.flac,SUSPECT,"hard cutoff at ~16570Hz, steep 21.7dB/kHz -> likely transcoded from 128kbps MP3",44100,16570,22050,21.7
/home/adam/driveBig/Music/New unformated songs/Evermore - Real Life (2006) [FLAC] [16B-44100kHz]/11. Evermore - Inside of Me.flac,SUSPECT,"hard cutoff at ~16494Hz, steep 18.2dB/kHz -> likely transcoded from 128kbps MP3",44100,16494,22050,18.2
/home/adam/driveBig/Music/New unformated songs/Evermore - Real Life (2006) [FLAC] [16B-44100kHz]/12. Evermore - Goodnight Is Not The End.flac,SUSPECT,"hard cutoff at ~16618Hz, steep 21.8dB/kHz -> likely transcoded from 128kbps MP3",44100,16618,22050,21.8
/home/adam/driveBig/Music/New unformated songs/feeble little horse - Girl with Fish (2023) [FLAC] [16B-44100kHz]/01. feeble little horse - Freak.flac,SUSPECT,"hard cutoff at ~16796Hz, steep 32.5dB/kHz -> likely transcoded from 128kbps MP3",44100,16796,22050,32.5
/home/adam/driveBig/Music/New unformated songs/feeble little horse - Girl with Fish (2023) [FLAC] [16B-44100kHz]/02. feeble little horse - Tin Man.flac,SUSPECT,"hard cutoff at ~16683Hz, steep 31.0dB/kHz -> likely transcoded from 128kbps MP3",44100,16683,22050,31
/home/adam/driveBig/Music/New unformated songs/feeble little horse - Girl with Fish (2023) [FLAC] [16B-44100kHz]/03. feeble little horse - Steamroller (Explicit).flac,SUSPECT,"hard cutoff at ~16710Hz, steep 31.9dB/kHz -> likely transcoded from 128kbps MP3",44100,16710,22050,31.9
/home/adam/driveBig/Music/New unformated songs/feeble little horse - Girl with Fish (2023) [FLAC] [16B-44100kHz]/04. feeble little horse - Heaven.flac,SUSPECT,"hard cutoff at ~16828Hz, steep 35.2dB/kHz -> likely transcoded from 128kbps MP3",44100,16828,22050,35.2
/home/adam/driveBig/Music/New unformated songs/feeble little horse - Girl with Fish (2023) [FLAC] [16B-44100kHz]/05. feeble little horse - Paces.flac,SUSPECT,"hard cutoff at ~16764Hz, steep 30.0dB/kHz -> likely transcoded from 128kbps MP3",44100,16764,22050,30
/home/adam/driveBig/Music/New unformated songs/feeble little horse - Girl with Fish (2023) [FLAC] [16B-44100kHz]/06. feeble little horse - Sweet.flac,SUSPECT,"hard cutoff at ~16747Hz, steep 33.0dB/kHz -> likely transcoded from 128kbps MP3",44100,16747,22050,33
/home/adam/driveBig/Music/New unformated songs/feeble little horse - Girl with Fish (2023) [FLAC] [16B-44100kHz]/07. feeble little horse - Slide.flac,SUSPECT,"hard cutoff at ~16742Hz, steep 31.0dB/kHz -> likely transcoded from 128kbps MP3",44100,16742,22050,31
/home/adam/driveBig/Music/New unformated songs/feeble little horse - Girl with Fish (2023) [FLAC] [16B-44100kHz]/08. feeble little horse - Healing.flac,SUSPECT,"hard cutoff at ~16791Hz, steep 29.8dB/kHz -> likely transcoded from 128kbps MP3",44100,16791,22050,29.8
/home/adam/driveBig/Music/New unformated songs/feeble little horse - Girl with Fish (2023) [FLAC] [16B-44100kHz]/09. feeble little horse - Pocket (Explicit).flac,SUSPECT,"hard cutoff at ~16828Hz, steep 33.9dB/kHz -> likely transcoded from 128kbps MP3",44100,16828,22050,33.9
/home/adam/driveBig/Music/New unformated songs/feeble little horse - Girl with Fish (2023) [FLAC] [16B-44100kHz]/10. feeble little horse - Station.flac,SUSPECT,"hard cutoff at ~16613Hz, steep 24.1dB/kHz -> likely transcoded from 128kbps MP3",44100,16613,22050,24.1
/home/adam/driveBig/Music/New unformated songs/feeble little horse - Girl with Fish (2023) [FLAC] [16B-44100kHz]/11. feeble little horse - Heavy Water.flac,SUSPECT,"hard cutoff at ~16677Hz, steep 24.4dB/kHz -> likely transcoded from 128kbps MP3",44100,16677,22050,24.4
/home/adam/driveBig/Music/New unformated songs/Fine Young Cannibals - The Raw & The Cooked (1989) [FLAC] [16B-44100kHz]/01. Fine Young Cannibals - She Drives Me Crazy.flac,SUSPECT,"hard cutoff at ~16532Hz, steep 21.4dB/kHz -> likely transcoded from 128kbps MP3",44100,16532,22050,21.4
/home/adam/driveBig/Music/New unformated songs/Fine Young Cannibals - The Raw & The Cooked (1989) [FLAC] [16B-44100kHz]/02. Fine Young Cannibals - Good Thing.flac,SUSPECT,"hard cutoff at ~16758Hz, steep 23.2dB/kHz -> likely transcoded from 128kbps MP3",44100,16758,22050,23.2
/home/adam/driveBig/Music/New unformated songs/Fine Young Cannibals - The Raw & The Cooked (1989) [FLAC] [16B-44100kHz]/03. Fine Young Cannibals - I'm Not the Man I Used to Be.flac,SUSPECT,"hard cutoff at ~16677Hz, steep 21.5dB/kHz -> likely transcoded from 128kbps MP3",44100,16677,22050,21.5
/home/adam/driveBig/Music/New unformated songs/Fine Young Cannibals - The Raw & The Cooked (1989) [FLAC] [16B-44100kHz]/04. Fine Young Cannibals - I'm Not Satisfied.flac,SUSPECT,"hard cutoff at ~16839Hz, steep 33.9dB/kHz -> likely transcoded from 128kbps MP3",44100,16839,22050,33.9
/home/adam/driveBig/Music/New unformated songs/Fine Young Cannibals - The Raw & The Cooked (1989) [FLAC] [16B-44100kHz]/05. Fine Young Cannibals - Tell Me What.flac,SUSPECT,"hard cutoff at ~16834Hz, steep 34.4dB/kHz -> likely transcoded from 128kbps MP3",44100,16834,22050,34.4
/home/adam/driveBig/Music/New unformated songs/Fine Young Cannibals - The Raw & The Cooked (1989) [FLAC] [16B-44100kHz]/06. Fine Young Cannibals - Don't Look Back.flac,SUSPECT,"hard cutoff at ~16764Hz, steep 29.0dB/kHz -> likely transcoded from 128kbps MP3",44100,16764,22050,29
/home/adam/driveBig/Music/New unformated songs/Fine Young Cannibals - The Raw & The Cooked (1989) [FLAC] [16B-44100kHz]/07. Fine Young Cannibals - It's Ok (It's Alright).flac,SUSPECT,"hard cutoff at ~16721Hz, steep 28.0dB/kHz -> likely transcoded from 128kbps MP3",44100,16721,22050,28
/home/adam/driveBig/Music/New unformated songs/Fine Young Cannibals - The Raw & The Cooked (1989) [FLAC] [16B-44100kHz]/08. Fine Young Cannibals - Don't Let It Get You Down.flac,SUSPECT,"hard cutoff at ~16904Hz, steep 37.5dB/kHz -> likely transcoded from 128kbps MP3",44100,16904,22050,37.5
/home/adam/driveBig/Music/New unformated songs/Fine Young Cannibals - The Raw & The Cooked (1989) [FLAC] [16B-44100kHz]/09. Fine Young Cannibals - As Hard as It Is.flac,SUSPECT,"hard cutoff at ~16645Hz, steep 26.6dB/kHz -> likely transcoded from 128kbps MP3",44100,16645,22050,26.6
/home/adam/driveBig/Music/New unformated songs/Fine Young Cannibals - The Raw & The Cooked (1989) [FLAC] [16B-44100kHz]/10. Fine Young Cannibals - Ever Fallen in Love.flac,SUSPECT,"hard cutoff at ~16860Hz, steep 24.7dB/kHz -> likely transcoded from 128kbps MP3",44100,16860,22050,24.7
/home/adam/driveBig/Music/New unformated songs/Fleetwood Mac - Fleetwood Mac (1977) [FLAC] [16B-44100kHz]/01. Fleetwood Mac - Monday Morning.flac,SUSPECT,"hard cutoff at ~16726Hz, steep 26.4dB/kHz -> likely transcoded from 128kbps MP3",44100,16726,22050,26.4
/home/adam/driveBig/Music/New unformated songs/Fleetwood Mac - Fleetwood Mac (1977) [FLAC] [16B-44100kHz]/02. Fleetwood Mac - Warm Ways.flac,SUSPECT,"hard cutoff at ~16801Hz, steep 32.4dB/kHz -> likely transcoded from 128kbps MP3",44100,16801,22050,32.4
/home/adam/driveBig/Music/New unformated songs/Fleetwood Mac - Fleetwood Mac (1977) [FLAC] [16B-44100kHz]/03. Fleetwood Mac - Blue Letter.flac,SUSPECT,"hard cutoff at ~16715Hz, steep 32.1dB/kHz -> likely transcoded from 128kbps MP3",44100,16715,22050,32.1
/home/adam/driveBig/Music/New unformated songs/Fleetwood Mac - Fleetwood Mac (1977) [FLAC] [16B-44100kHz]/04. Fleetwood Mac - Rhiannon.flac,SUSPECT,"hard cutoff at ~16656Hz, steep 24.3dB/kHz -> likely transcoded from 128kbps MP3",44100,16656,22050,24.3
/home/adam/driveBig/Music/New unformated songs/Fleetwood Mac - Fleetwood Mac (1977) [FLAC] [16B-44100kHz]/05. Fleetwood Mac - Over My Head.flac,SUSPECT,"hard cutoff at ~16737Hz, steep 27.6dB/kHz -> likely transcoded from 128kbps MP3",44100,16737,22050,27.6
/home/adam/driveBig/Music/New unformated songs/Fleetwood Mac - Fleetwood Mac (1977) [FLAC] [16B-44100kHz]/06. Fleetwood Mac - Crystal.flac,SUSPECT,"hard cutoff at ~16624Hz, steep 24.5dB/kHz -> likely transcoded from 128kbps MP3",44100,16624,22050,24.5
/home/adam/driveBig/Music/New unformated songs/Fleetwood Mac - Fleetwood Mac (1977) [FLAC] [16B-44100kHz]/07. Fleetwood Mac - Say You Love Me.flac,SUSPECT,"hard cutoff at ~16645Hz, steep 26.7dB/kHz -> likely transcoded from 128kbps MP3",44100,16645,22050,26.7
/home/adam/driveBig/Music/New unformated songs/Fleetwood Mac - Fleetwood Mac (1977) [FLAC] [16B-44100kHz]/08. Fleetwood Mac - Landslide.flac,SUSPECT,"hard cutoff at ~16446Hz, steep 20.7dB/kHz -> likely transcoded from 128kbps MP3",44100,16446,22050,20.7
/home/adam/driveBig/Music/New unformated songs/Fleetwood Mac - Fleetwood Mac (1977) [FLAC] [16B-44100kHz]/09. Fleetwood Mac - World Turning.flac,SUSPECT,"hard cutoff at ~16758Hz, steep 34.8dB/kHz -> likely transcoded from 128kbps MP3",44100,16758,22050,34.8
/home/adam/driveBig/Music/New unformated songs/Fleetwood Mac - Fleetwood Mac (1977) [FLAC] [16B-44100kHz]/10. Fleetwood Mac - Sugar Daddy.flac,SUSPECT,"hard cutoff at ~16532Hz, steep 23.3dB/kHz -> likely transcoded from 128kbps MP3",44100,16532,22050,23.3
/home/adam/driveBig/Music/New unformated songs/Fleetwood Mac - Fleetwood Mac (1977) [FLAC] [16B-44100kHz]/11. Fleetwood Mac - I'm so Afraid.flac,SUSPECT,"hard cutoff at ~16031Hz, steep 17.5dB/kHz -> likely transcoded from 128kbps MP3",44100,16031,22050,17.5
/home/adam/driveBig/Music/New unformated songs/Fleetwood Mac - Rumours (1977) [FLAC] [16B-44100kHz]/01. Fleetwood Mac - Second Hand News (2004 Remaster).flac,SUSPECT,"hard cutoff at ~16715Hz, steep 29.8dB/kHz -> likely transcoded from 128kbps MP3",44100,16715,22050,29.8
/home/adam/driveBig/Music/New unformated songs/Fleetwood Mac - Rumours (1977) [FLAC] [16B-44100kHz]/02. Fleetwood Mac - Dreams (2004 Remaster).flac,SUSPECT,"hard cutoff at ~16726Hz, steep 27.4dB/kHz -> likely transcoded from 128kbps MP3",44100,16726,22050,27.4
/home/adam/driveBig/Music/New unformated songs/Fleetwood Mac - Rumours (1977) [FLAC] [16B-44100kHz]/03. Fleetwood Mac - Never Going Back Again (2004 Remaster).flac,SUSPECT,"hard cutoff at ~16796Hz, steep 30.6dB/kHz -> likely transcoded from 128kbps MP3",44100,16796,22050,30.6
/home/adam/driveBig/Music/New unformated songs/Fleetwood Mac - Rumours (1977) [FLAC] [16B-44100kHz]/04. Fleetwood Mac - Don't Stop (2004 Remaster).flac,SUSPECT,"hard cutoff at ~16710Hz, steep 33.1dB/kHz -> likely transcoded from 128kbps MP3",44100,16710,22050,33.1
/home/adam/driveBig/Music/New unformated songs/Fleetwood Mac - Rumours (1977) [FLAC] [16B-44100kHz]/05. Fleetwood Mac - Go Your Own Way (2004 Remaster).flac,SUSPECT,"hard cutoff at ~16715Hz, steep 28.6dB/kHz -> likely transcoded from 128kbps MP3",44100,16715,22050,28.6
/home/adam/driveBig/Music/New unformated songs/Fleetwood Mac - Rumours (1977) [FLAC] [16B-44100kHz]/06. Fleetwood Mac - Songbird (2004 Remaster).flac,SUSPECT,"hard cutoff at ~16478Hz, steep 23.0dB/kHz -> likely transcoded from 128kbps MP3",44100,16478,22050,23
/home/adam/driveBig/Music/New unformated songs/Fleetwood Mac - Rumours (1977) [FLAC] [16B-44100kHz]/07. Fleetwood Mac - The Chain (2004 Remaster).flac,SUSPECT,"hard cutoff at ~16758Hz, steep 29.0dB/kHz -> likely transcoded from 128kbps MP3",44100,16758,22050,29
/home/adam/driveBig/Music/New unformated songs/Fleetwood Mac - Rumours (1977) [FLAC] [16B-44100kHz]/08. Fleetwood Mac - You Make Loving Fun (2004 Remaster).flac,SUSPECT,"hard cutoff at ~16764Hz, steep 33.8dB/kHz -> likely transcoded from 128kbps MP3",44100,16764,22050,33.8
/home/adam/driveBig/Music/New unformated songs/Fleetwood Mac - Rumours (1977) [FLAC] [16B-44100kHz]/09. Fleetwood Mac - I Don't Want to Know (2004 Remaster).flac,SUSPECT,"hard cutoff at ~16715Hz, steep 30.1dB/kHz -> likely transcoded from 128kbps MP3",44100,16715,22050,30.1
/home/adam/driveBig/Music/New unformated songs/Fleetwood Mac - Rumours (1977) [FLAC] [16B-44100kHz]/10. Fleetwood Mac - Oh Daddy (2004 Remaster).flac,SUSPECT,"hard cutoff at ~16672Hz, steep 26.0dB/kHz -> likely transcoded from 128kbps MP3",44100,16672,22050,26
/home/adam/driveBig/Music/New unformated songs/Fleetwood Mac - Rumours (1977) [FLAC] [16B-44100kHz]/11. Fleetwood Mac - Gold Dust Woman (2004 Remaster).flac,SUSPECT,"hard cutoff at ~16753Hz, steep 26.6dB/kHz -> likely transcoded from 128kbps MP3",44100,16753,22050,26.6
/home/adam/driveBig/Music/New unformated songs/Fontaines D.C - Romance (2024) [FLAC] [16B-44100kHz]/01. Fontaines D.C. - Romance.flac,SUSPECT,"hard cutoff at ~16656Hz, steep 26.7dB/kHz -> likely transcoded from 128kbps MP3",44100,16656,22050,26.7
/home/adam/driveBig/Music/New unformated songs/Fontaines D.C - Romance (2024) [FLAC] [16B-44100kHz]/02. Fontaines D.C. - Starburster (Explicit).flac,SUSPECT,"hard cutoff at ~16715Hz, steep 29.2dB/kHz -> likely transcoded from 128kbps MP3",44100,16715,22050,29.2
/home/adam/driveBig/Music/New unformated songs/Fontaines D.C - Romance (2024) [FLAC] [16B-44100kHz]/03. Fontaines D.C. - Here's The Thing.flac,SUSPECT,"hard cutoff at ~16532Hz, steep 27.6dB/kHz -> likely transcoded from 128kbps MP3",44100,16532,22050,27.6
/home/adam/driveBig/Music/New unformated songs/Fontaines D.C - Romance (2024) [FLAC] [16B-44100kHz]/04. Fontaines D.C. - Desire.flac,SUSPECT,"hard cutoff at ~16683Hz, steep 26.0dB/kHz -> likely transcoded from 128kbps MP3",44100,16683,22050,26
/home/adam/driveBig/Music/New unformated songs/Fontaines D.C - Romance (2024) [FLAC] [16B-44100kHz]/05. Fontaines D.C. - In The Modern World.flac,SUSPECT,"hard cutoff at ~16538Hz, steep 23.9dB/kHz -> likely transcoded from 128kbps MP3",44100,16538,22050,23.9
/home/adam/driveBig/Music/New unformated songs/Fontaines D.C - Romance (2024) [FLAC] [16B-44100kHz]/06. Fontaines D.C. - Bug.flac,SUSPECT,"hard cutoff at ~16527Hz, steep 24.6dB/kHz -> likely transcoded from 128kbps MP3",44100,16527,22050,24.6
/home/adam/driveBig/Music/New unformated songs/Fontaines D.C - Romance (2024) [FLAC] [16B-44100kHz]/07. Fontaines D.C. - Motorcycle Boy.flac,SUSPECT,"hard cutoff at ~16758Hz, steep 29.2dB/kHz -> likely transcoded from 128kbps MP3",44100,16758,22050,29.2
/home/adam/driveBig/Music/New unformated songs/Fontaines D.C - Romance (2024) [FLAC] [16B-44100kHz]/08. Fontaines D.C. - Sundowner.flac,SUSPECT,"hard cutoff at ~16564Hz, steep 24.6dB/kHz -> likely transcoded from 128kbps MP3",44100,16564,22050,24.6
/home/adam/driveBig/Music/New unformated songs/Fontaines D.C - Romance (2024) [FLAC] [16B-44100kHz]/09. Fontaines D.C. - Horseness Is The Whatness (Explicit).flac,SUSPECT,"hard cutoff at ~16634Hz, steep 26.1dB/kHz -> likely transcoded from 128kbps MP3",44100,16634,22050,26.1
/home/adam/driveBig/Music/New unformated songs/Fontaines D.C - Romance (2024) [FLAC] [16B-44100kHz]/10. Fontaines D.C. - Death Kink (Explicit).flac,SUSPECT,"hard cutoff at ~16629Hz, steep 25.0dB/kHz -> likely transcoded from 128kbps MP3",44100,16629,22050,25
/home/adam/driveBig/Music/New unformated songs/Fontaines D.C - Romance (2024) [FLAC] [16B-44100kHz]/11. Fontaines D.C. - Favourite.flac,SUSPECT,"hard cutoff at ~16677Hz, steep 26.8dB/kHz -> likely transcoded from 128kbps MP3",44100,16677,22050,26.8
/home/adam/driveBig/Music/New unformated songs/Fontaines D.C - Skinty Fia (2022) [FLAC] [16B-44100kHz]/01. Fontaines D.C. - In ár gCroíthe go deo.flac,SUSPECT,"hard cutoff at ~16758Hz, steep 26.2dB/kHz -> likely transcoded from 128kbps MP3",44100,16758,22050,26.2
/home/adam/driveBig/Music/New unformated songs/Fontaines D.C - Skinty Fia (2022) [FLAC] [16B-44100kHz]/02. Fontaines D.C. - Big Shot.flac,SUSPECT,"hard cutoff at ~16796Hz, steep 31.6dB/kHz -> likely transcoded from 128kbps MP3",44100,16796,22050,31.6
/home/adam/driveBig/Music/New unformated songs/Fontaines D.C - Skinty Fia (2022) [FLAC] [16B-44100kHz]/03. Fontaines D.C. - How Cold Love Is.flac,SUSPECT,"hard cutoff at ~16764Hz, steep 30.4dB/kHz -> likely transcoded from 128kbps MP3",44100,16764,22050,30.4
/home/adam/driveBig/Music/New unformated songs/Fontaines D.C - Skinty Fia (2022) [FLAC] [16B-44100kHz]/04. Fontaines D.C. - Jackie Down The Line.flac,SUSPECT,"hard cutoff at ~16737Hz, steep 30.0dB/kHz -> likely transcoded from 128kbps MP3",44100,16737,22050,30
/home/adam/driveBig/Music/New unformated songs/Fontaines D.C - Skinty Fia (2022) [FLAC] [16B-44100kHz]/05. Fontaines D.C. - Bloomsday (Explicit).flac,SUSPECT,"hard cutoff at ~16753Hz, steep 28.4dB/kHz -> likely transcoded from 128kbps MP3",44100,16753,22050,28.4
/home/adam/driveBig/Music/New unformated songs/Fontaines D.C - Skinty Fia (2022) [FLAC] [16B-44100kHz]/06. Fontaines D.C. - Roman Holiday.flac,SUSPECT,"hard cutoff at ~16828Hz, steep 33.1dB/kHz -> likely transcoded from 128kbps MP3",44100,16828,22050,33.1
/home/adam/driveBig/Music/New unformated songs/Fontaines D.C - Skinty Fia (2022) [FLAC] [16B-44100kHz]/07. Fontaines D.C. - The Couple Across The Way.flac,SUSPECT,"hard cutoff at ~16753Hz, steep 28.8dB/kHz -> likely transcoded from 128kbps MP3",44100,16753,22050,28.8
/home/adam/driveBig/Music/New unformated songs/Fontaines D.C - Skinty Fia (2022) [FLAC] [16B-44100kHz]/08. Fontaines D.C. - Skinty Fia.flac,SUSPECT,"hard cutoff at ~16791Hz, steep 31.6dB/kHz -> likely transcoded from 128kbps MP3",44100,16791,22050,31.6
/home/adam/driveBig/Music/New unformated songs/Fontaines D.C - Skinty Fia (2022) [FLAC] [16B-44100kHz]/09. Fontaines D.C. - I Love You (Explicit).flac,SUSPECT,"hard cutoff at ~16694Hz, steep 25.6dB/kHz -> likely transcoded from 128kbps MP3",44100,16694,22050,25.6
/home/adam/driveBig/Music/New unformated songs/Fontaines D.C - Skinty Fia (2022) [FLAC] [16B-44100kHz]/10. Fontaines D.C. - Nabokov.flac,SUSPECT,"hard cutoff at ~16753Hz, steep 30.4dB/kHz -> likely transcoded from 128kbps MP3",44100,16753,22050,30.4
"/home/adam/driveBig/Music/New unformated songs/George Thorogood & The Destroyers - Essential Thorogood (2009) [FLAC] [16B-44100kHz]/01. George Thorogood & The Destroyers - Who Do You Love (Live At Cincinnati Gardens, OH1986).flac",SUSPECT,"hard cutoff at ~16134Hz, steep 21.8dB/kHz -> likely transcoded from 128kbps MP3",44100,16134,22050,21.8
/home/adam/driveBig/Music/New unformated songs/George Thorogood & The Destroyers - Essential Thorogood (2009) [FLAC] [16B-44100kHz]/02. George Thorogood & The Destroyers - Bad To The Bone.flac,SUSPECT,"hard cutoff at ~16747Hz, steep 29.4dB/kHz -> likely transcoded from 128kbps MP3",44100,16747,22050,29.4
/home/adam/driveBig/Music/New unformated songs/George Thorogood & The Destroyers - Essential Thorogood (2009) [FLAC] [16B-44100kHz]/03. George Thorogood & The Destroyers - Treat Her Right.flac,SUSPECT,"hard cutoff at ~16747Hz, steep 28.7dB/kHz -> likely transcoded from 128kbps MP3",44100,16747,22050,28.7
/home/adam/driveBig/Music/New unformated songs/George Thorogood & The Destroyers - Essential Thorogood (2009) [FLAC] [16B-44100kHz]/04. George Thorogood & The Destroyers - I Drink Alone (Remastered 2004).flac,SUSPECT,"hard cutoff at ~16785Hz, steep 26.0dB/kHz -> likely transcoded from 128kbps MP3",44100,16785,22050,26
"/home/adam/driveBig/Music/New unformated songs/George Thorogood & The Destroyers - Essential Thorogood (2009) [FLAC] [16B-44100kHz]/05. George Thorogood & The Destroyers - One Bourbon, One Scotch, One Beer (Live At Cincinnati Gardens, OH1986).flac",SUSPECT,"hard cutoff at ~16581Hz, steep 27.9dB/kHz -> likely transcoded from 128kbps MP3",44100,16581,22050,27.9
/home/adam/driveBig/Music/New unformated songs/George Thorogood & The Destroyers - Essential Thorogood (2009) [FLAC] [16B-44100kHz]/06. George Thorogood & The Destroyers - I'm A Steady Rollin' Man.flac,SUSPECT,"hard cutoff at ~16828Hz, steep 31.5dB/kHz -> likely transcoded from 128kbps MP3",44100,16828,22050,31.5
/home/adam/driveBig/Music/New unformated songs/George Thorogood & The Destroyers - Essential Thorogood (2009) [FLAC] [16B-44100kHz]/07. George Thorogood & The Destroyers - I'm Ready.flac,SUSPECT,"hard cutoff at ~16785Hz, steep 32.7dB/kHz -> likely transcoded from 128kbps MP3",44100,16785,22050,32.7
/home/adam/driveBig/Music/New unformated songs/George Thorogood & The Destroyers - Essential Thorogood (2009) [FLAC] [16B-44100kHz]/08. George Thorogood & The Destroyers - Long Distance Lover (Remastered 2000).flac,SUSPECT,"hard cutoff at ~16737Hz, steep 30.8dB/kHz -> likely transcoded from 128kbps MP3",44100,16737,22050,30.8
"/home/adam/driveBig/Music/New unformated songs/George Thorogood & The Destroyers - Essential Thorogood (2009) [FLAC] [16B-44100kHz]/09. George Thorogood & The Destroyers - Move It On Over (Live From Mississippi Nights, St Louis, MO1994).flac",SUSPECT,"hard cutoff at ~16828Hz, steep 32.7dB/kHz -> likely transcoded from 128kbps MP3",44100,16828,22050,32.7
/home/adam/driveBig/Music/New unformated songs/George Thorogood & The Destroyers - Essential Thorogood (2009) [FLAC] [16B-44100kHz]/10. George Thorogood & The Destroyers - Long Gone (Remastered 2000).flac,SUSPECT,"hard cutoff at ~16758Hz, steep 30.6dB/kHz -> likely transcoded from 128kbps MP3",44100,16758,22050,30.6
/home/adam/driveBig/Music/New unformated songs/George Thorogood & The Destroyers - Essential Thorogood (2009) [FLAC] [16B-44100kHz]/11. George Thorogood & The Destroyers - No Particular Place To Go.flac,SUSPECT,"hard cutoff at ~16258Hz, steep 22.6dB/kHz -> likely transcoded from 128kbps MP3",44100,16258,22050,22.6
/home/adam/driveBig/Music/New unformated songs/George Thorogood & The Destroyers - Essential Thorogood (2009) [FLAC] [16B-44100kHz]/12. George Thorogood & The Destroyers - Get A Haircut (Remastered 2004).flac,SUSPECT,"hard cutoff at ~16753Hz, steep 33.1dB/kHz -> likely transcoded from 128kbps MP3",44100,16753,22050,33.1
/home/adam/driveBig/Music/New unformated songs/George Thorogood & The Destroyers - Essential Thorogood (2009) [FLAC] [16B-44100kHz]/13. George Thorogood & The Destroyers - The Sky Is Crying (Live).flac,SUSPECT,"hard cutoff at ~16602Hz, steep 27.9dB/kHz -> likely transcoded from 128kbps MP3",44100,16602,22050,27.9
"/home/adam/driveBig/Music/New unformated songs/George Thorogood & The Destroyers - Essential Thorogood (2009) [FLAC] [16B-44100kHz]/14. George Thorogood & The Destroyers - Madison Blues (Live At Cincinnati Gardens, OH1986).flac",SUSPECT,"hard cutoff at ~16548Hz, steep 24.7dB/kHz -> likely transcoded from 128kbps MP3",44100,16548,22050,24.7
/home/adam/driveBig/Music/New unformated songs/George Thorogood & The Destroyers - Essential Thorogood (2009) [FLAC] [16B-44100kHz]/15. George Thorogood & The Destroyers - If You Don't Start Drinkin' (I'm Gonna Leave) (Remastered 2004).flac,SUSPECT,"hard cutoff at ~16785Hz, steep 28.7dB/kHz -> likely transcoded from 128kbps MP3",44100,16785,22050,28.7
/home/adam/driveBig/Music/New unformated songs/George Thorogood & The Destroyers - Essential Thorogood (2009) [FLAC] [16B-44100kHz]/16. George Thorogood & The Destroyers - You Talk Too Much (Remastered 2004).flac,SUSPECT,"hard cutoff at ~16715Hz, steep 28.3dB/kHz -> likely transcoded from 128kbps MP3",44100,16715,22050,28.3
/home/adam/driveBig/Music/New unformated songs/George Thorogood & The Destroyers - Essential Thorogood (2009) [FLAC] [16B-44100kHz]/17. George Thorogood & The Destroyers - Willie And The Hand Jive (Remastered 2004).flac,SUSPECT,"hard cutoff at ~16651Hz, steep 26.5dB/kHz -> likely transcoded from 128kbps MP3",44100,16651,22050,26.5
/home/adam/driveBig/Music/New unformated songs/George Thorogood & The Destroyers - Essential Thorogood (2009) [FLAC] [16B-44100kHz]/18. George Thorogood & The Destroyers - Gear Jammer (Remastered 2004).flac,SUSPECT,"hard cutoff at ~16791Hz, steep 25.3dB/kHz -> likely transcoded from 128kbps MP3",44100,16791,22050,25.3
/home/adam/driveBig/Music/New unformated songs/George Thorogood & The Destroyers - Essential Thorogood (2009) [FLAC] [16B-44100kHz]/19. George Thorogood & The Destroyers - Rockin' My Life Away (Remastered 2000).flac,SUSPECT,"hard cutoff at ~16667Hz, steep 27.0dB/kHz -> likely transcoded from 128kbps MP3",44100,16667,22050,27
"/home/adam/driveBig/Music/New unformated songs/George Thorogood & The Destroyers - Essential Thorogood (2009) [FLAC] [16B-44100kHz]/20. George Thorogood & The Destroyers - Reelin' And Rockin' (Live At Cincinnati Gardens, OH1986  Remastered 2004).flac",SUSPECT,"hard cutoff at ~16570Hz, steep 30.0dB/kHz -> likely transcoded from 128kbps MP3",44100,16570,22050,30
/home/adam/driveBig/Music/New unformated songs/Gigi Perez - Fable (2024) [FLAC] [16B-44100kHz]/01. Gigi Perez - Fable.flac,SUSPECT,"hard cutoff at ~16177Hz, steep 26.1dB/kHz -> likely transcoded from 128kbps MP3",44100,16177,22050,26.1
/home/adam/driveBig/Music/New unformated songs/Gigi Perez - Sailor Song (2024) [FLAC] [16B-44100kHz]/01. Gigi Perez - Sailor Song.flac,SUSPECT,"hard cutoff at ~16015Hz, steep 16.9dB/kHz -> likely transcoded from 128kbps MP3",44100,16015,22050,16.9
/home/adam/driveBig/Music/New unformated songs/Glass Animals - How To Be A Human Being (2016) [FLAC] [16B-44100kHz]/01. Glass Animals - Life Itself.flac,SUSPECT,"hard cutoff at ~16564Hz, steep 24.6dB/kHz -> likely transcoded from 128kbps MP3",44100,16564,22050,24.6
/home/adam/driveBig/Music/New unformated songs/Glass Animals - How To Be A Human Being (2016) [FLAC] [16B-44100kHz]/02. Glass Animals - Youth.flac,SUSPECT,"hard cutoff at ~16489Hz, steep 23.1dB/kHz -> likely transcoded from 128kbps MP3",44100,16489,22050,23.1
/home/adam/driveBig/Music/New unformated songs/Glass Animals - How To Be A Human Being (2016) [FLAC] [16B-44100kHz]/03. Glass Animals - Season 2 Episode 3.flac,SUSPECT,"hard cutoff at ~16607Hz, steep 23.9dB/kHz -> likely transcoded from 128kbps MP3",44100,16607,22050,23.9
/home/adam/driveBig/Music/New unformated songs/Glass Animals - How To Be A Human Being (2016) [FLAC] [16B-44100kHz]/04. Glass Animals - Pork Soda (Explicit).flac,SUSPECT,"hard cutoff at ~16064Hz, steep 19.0dB/kHz -> likely transcoded from 128kbps MP3",44100,16064,22050,19
/home/adam/driveBig/Music/New unformated songs/Glass Animals - How To Be A Human Being (2016) [FLAC] [16B-44100kHz]/05. Glass Animals - Mama's Gun.flac,SUSPECT,"hard cutoff at ~16672Hz, steep 27.6dB/kHz -> likely transcoded from 128kbps MP3",44100,16672,22050,27.6
/home/adam/driveBig/Music/New unformated songs/Glass Animals - How To Be A Human Being (2016) [FLAC] [16B-44100kHz]/06. Glass Animals - Cane Shuga.flac,SUSPECT,"hard cutoff at ~16747Hz, steep 26.8dB/kHz -> likely transcoded from 128kbps MP3",44100,16747,22050,26.8
/home/adam/driveBig/Music/New unformated songs/Glass Animals - How To Be A Human Being (2016) [FLAC] [16B-44100kHz]/07. Glass Animals - [Premade Sandwiches] (Explicit).flac,SUSPECT,"hard cutoff at ~16069Hz, steep 21.4dB/kHz -> likely transcoded from 128kbps MP3",44100,16069,22050,21.4
/home/adam/driveBig/Music/New unformated songs/Glass Animals - How To Be A Human Being (2016) [FLAC] [16B-44100kHz]/08. Glass Animals - The Other Side Of Paradise (Explicit).flac,SUSPECT,"hard cutoff at ~16651Hz, steep 21.8dB/kHz -> likely transcoded from 128kbps MP3",44100,16651,22050,21.8
/home/adam/driveBig/Music/New unformated songs/Glass Animals - How To Be A Human Being (2016) [FLAC] [16B-44100kHz]/09. Glass Animals - Take A Slice (Explicit).flac,SUSPECT,"hard cutoff at ~16532Hz, steep 19.2dB/kHz -> likely transcoded from 128kbps MP3",44100,16532,22050,19.2
/home/adam/driveBig/Music/New unformated songs/Glass Animals - How To Be A Human Being (2016) [FLAC] [16B-44100kHz]/10. Glass Animals - Poplar St.flac,SUSPECT,"hard cutoff at ~16645Hz, steep 21.9dB/kHz -> likely transcoded from 128kbps MP3",44100,16645,22050,21.9
/home/adam/driveBig/Music/New unformated songs/Glass Animals - How To Be A Human Being (2016) [FLAC] [16B-44100kHz]/11. Glass Animals - Agnes (Explicit).flac,SUSPECT,"hard cutoff at ~16640Hz, steep 25.0dB/kHz -> likely transcoded from 128kbps MP3",44100,16640,22050,25
/home/adam/driveBig/Music/New unformated songs/grandson - a modern tragedy vol. 2 (2019) [FLAC] [16B-44100kHz]/01. grandson - Apologize.flac,SUSPECT,"hard cutoff at ~16607Hz, steep 18.7dB/kHz -> likely transcoded from 128kbps MP3",44100,16607,22050,18.7
/home/adam/driveBig/Music/New unformated songs/grandson - a modern tragedy vol. 2 (2019) [FLAC] [16B-44100kHz]/02. grandson - Stigmata.flac,SUSPECT,"hard cutoff at ~16564Hz, steep 18.7dB/kHz -> likely transcoded from 128kbps MP3",44100,16564,22050,18.7
/home/adam/driveBig/Music/New unformated songs/grandson - a modern tragedy vol. 2 (2019) [FLAC] [16B-44100kHz]/03. grandson - Is This What You Wanted (Explicit).flac,SUSPECT,"hard cutoff at ~16484Hz, steep 21.1dB/kHz -> likely transcoded from 128kbps MP3",44100,16484,22050,21.1
/home/adam/driveBig/Music/New unformated songs/grandson - a modern tragedy vol. 2 (2019) [FLAC] [16B-44100kHz]/04. grandson - Fallin (Temptation) (Explicit).flac,SUSPECT,"hard cutoff at ~16554Hz, steep 23.2dB/kHz -> likely transcoded from 128kbps MP3",44100,16554,22050,23.2
/home/adam/driveBig/Music/New unformated songs/grandson - a modern tragedy vol. 2 (2019) [FLAC] [16B-44100kHz]/05. grandson - Darkside (Explicit).flac,SUSPECT,"hard cutoff at ~16607Hz, steep 24.2dB/kHz -> likely transcoded from 128kbps MP3",44100,16607,22050,24.2
/home/adam/driveBig/Music/New unformated songs/grandson - a modern tragedy vol. 3 (2019) [FLAC] [16B-44100kHz]/01. grandson - Rock Bottom (Explicit).flac,SUSPECT,"hard cutoff at ~16538Hz, steep 25.3dB/kHz -> likely transcoded from 128kbps MP3",44100,16538,22050,25.3
/home/adam/driveBig/Music/New unformated songs/grandson - a modern tragedy vol. 3 (2019) [FLAC] [16B-44100kHz]/02. grandson - Oh No!!! (Explicit).flac,SUSPECT,"hard cutoff at ~16602Hz, steep 23.7dB/kHz -> likely transcoded from 128kbps MP3",44100,16602,22050,23.7
/home/adam/driveBig/Music/New unformated songs/grandson - a modern tragedy vol. 3 (2019) [FLAC] [16B-44100kHz]/03. grandson - Put Me Under.flac,SUSPECT,"hard cutoff at ~16527Hz, steep 20.5dB/kHz -> likely transcoded from 128kbps MP3",44100,16527,22050,20.5
/home/adam/driveBig/Music/New unformated songs/grandson - a modern tragedy vol. 3 (2019) [FLAC] [16B-44100kHz]/04. grandson - Destroy Me (Explicit).flac,SUSPECT,"hard cutoff at ~16139Hz, steep 22.4dB/kHz -> likely transcoded from 128kbps MP3",44100,16139,22050,22.4
/home/adam/driveBig/Music/New unformated songs/grandson - a modern tragedy vol. 3 (2019) [FLAC] [16B-44100kHz]/05. grandson - Die Young (Explicit).flac,SUSPECT,"hard cutoff at ~16532Hz, steep 20.4dB/kHz -> likely transcoded from 128kbps MP3",44100,16532,22050,20.4
"/home/adam/driveBig/Music/New unformated songs/grandson - I Love You, I’m Trying (2023) [FLAC] [16B-44100kHz]/01. grandson - Two Along Their Way.flac",SUSPECT,"hard cutoff at ~16010Hz, steep 14.5dB/kHz -> likely transcoded from 128kbps MP3",44100,16010,22050,14.5
"/home/adam/driveBig/Music/New unformated songs/grandson - I Love You, I’m Trying (2023) [FLAC] [16B-44100kHz]/02. grandson - Eulogy (Explicit).flac",SUSPECT,"hard cutoff at ~16710Hz, steep 28.7dB/kHz -> likely transcoded from 128kbps MP3",44100,16710,22050,28.7
"/home/adam/driveBig/Music/New unformated songs/grandson - I Love You, I’m Trying (2023) [FLAC] [16B-44100kHz]/03. grandson - Something To Hide.flac",SUSPECT,"hard cutoff at ~16570Hz, steep 23.9dB/kHz -> likely transcoded from 128kbps MP3",44100,16570,22050,23.9
"/home/adam/driveBig/Music/New unformated songs/grandson - I Love You, I’m Trying (2023) [FLAC] [16B-44100kHz]/04. grandson - Drones (Explicit).flac",SUSPECT,"hard cutoff at ~16661Hz, steep 25.2dB/kHz -> likely transcoded from 128kbps MP3",44100,16661,22050,25.2
"/home/adam/driveBig/Music/New unformated songs/grandson - I Love You, I’m Trying (2023) [FLAC] [16B-44100kHz]/05. grandson - I Love You, I’m Trying (Explicit).flac",SUSPECT,"hard cutoff at ~16570Hz, steep 23.2dB/kHz -> likely transcoded from 128kbps MP3",44100,16570,22050,23.2
"/home/adam/driveBig/Music/New unformated songs/grandson - I Love You, I’m Trying (2023) [FLAC] [16B-44100kHz]/06. grandson - Half My Heart.flac",SUSPECT,"hard cutoff at ~16640Hz, steep 23.8dB/kHz -> likely transcoded from 128kbps MP3",44100,16640,22050,23.8
"/home/adam/driveBig/Music/New unformated songs/grandson - I Love You, I’m Trying (2023) [FLAC] [16B-44100kHz]/07. grandson - When the Bomb Goes.flac",SUSPECT,"hard cutoff at ~16624Hz, steep 24.2dB/kHz -> likely transcoded from 128kbps MP3",44100,16624,22050,24.2
"/home/adam/driveBig/Music/New unformated songs/grandson - I Love You, I’m Trying (2023) [FLAC] [16B-44100kHz]/08. grandson - Enough (Explicit).flac",SUSPECT,"hard cutoff at ~16564Hz, steep 20.9dB/kHz -> likely transcoded from 128kbps MP3",44100,16564,22050,20.9
"/home/adam/driveBig/Music/New unformated songs/grandson - I Love You, I’m Trying (2023) [FLAC] [16B-44100kHz]/09. grandson - Murderer (Explicit).flac",SUSPECT,"hard cutoff at ~16607Hz, steep 19.2dB/kHz -> likely transcoded from 128kbps MP3",44100,16607,22050,19.2
"/home/adam/driveBig/Music/New unformated songs/grandson - I Love You, I’m Trying (2023) [FLAC] [16B-44100kHz]/10. grandson - I Will Be Here When You’re Ready To Wake Up (feat. Wafia).flac",SUSPECT,"hard cutoff at ~16021Hz, steep 13.1dB/kHz -> likely transcoded from 128kbps MP3",44100,16021,22050,13.1
"/home/adam/driveBig/Music/New unformated songs/grandson - I Love You, I’m Trying (2023) [FLAC] [16B-44100kHz]/11. grandson - Heather.flac",SUSPECT,"hard cutoff at ~16064Hz, steep 19.9dB/kHz -> likely transcoded from 128kbps MP3",44100,16064,22050,19.9
"/home/adam/driveBig/Music/New unformated songs/grandson - I Love You, I’m Trying (2023) [FLAC] [16B-44100kHz]/12. grandson - Stuck Here With Me (Explicit).flac",SUSPECT,"hard cutoff at ~16532Hz, steep 23.4dB/kHz -> likely transcoded from 128kbps MP3",44100,16532,22050,23.4
/home/adam/driveBig/Music/New unformated songs/Green Day - American Idiot (Deluxe) (2004) [FLAC] [16B-44100kHz]/01. Green Day - American Idiot (Explicit).flac,SUSPECT,"hard cutoff at ~16484Hz, steep 19.6dB/kHz -> likely transcoded from 128kbps MP3",44100,16484,22050,19.6
/home/adam/driveBig/Music/New unformated songs/Green Day - American Idiot (Deluxe) (2004) [FLAC] [16B-44100kHz]/02. Green Day - Jesus of Suburbia (Explicit).flac,SUSPECT,"hard cutoff at ~16516Hz, steep 17.4dB/kHz -> likely transcoded from 128kbps MP3",44100,16516,22050,17.4
/home/adam/driveBig/Music/New unformated songs/Green Day - American Idiot (Deluxe) (2004) [FLAC] [16B-44100kHz]/03. Green Day - Holiday  Boulevard of Broken Dreams (Explicit).flac,SUSPECT,"hard cutoff at ~16075Hz, steep 19.8dB/kHz -> likely transcoded from 128kbps MP3",44100,16075,22050,19.8
/home/adam/driveBig/Music/New unformated songs/Green Day - American Idiot (Deluxe) (2004) [FLAC] [16B-44100kHz]/04. Green Day - Are We the Waiting  St. Jimmy (Explicit).flac,SUSPECT,"hard cutoff at ~16177Hz, steep 21.5dB/kHz -> likely transcoded from 128kbps MP3",44100,16177,22050,21.5
/home/adam/driveBig/Music/New unformated songs/Green Day - American Idiot (Deluxe) (2004) [FLAC] [16B-44100kHz]/05. Green Day - Give Me Novacaine  She's a Rebel.flac,SUSPECT,"hard cutoff at ~16624Hz, steep 22.3dB/kHz -> likely transcoded from 128kbps MP3",44100,16624,22050,22.3
/home/adam/driveBig/Music/New unformated songs/Green Day - American Idiot (Deluxe) (2004) [FLAC] [16B-44100kHz]/06. Green Day - Extraordinary Girl  Letterbomb (Explicit).flac,SUSPECT,"hard cutoff at ~16435Hz, steep 19.8dB/kHz -> likely transcoded from 128kbps MP3",44100,16435,22050,19.8
/home/adam/driveBig/Music/New unformated songs/Green Day - American Idiot (Deluxe) (2004) [FLAC] [16B-44100kHz]/07. Green Day - Wake Me up When September Ends.flac,SUSPECT,"hard cutoff at ~16704Hz, steep 24.0dB/kHz -> likely transcoded from 128kbps MP3",44100,16704,22050,24
/home/adam/driveBig/Music/New unformated songs/Green Day - American Idiot (Deluxe) (2004) [FLAC] [16B-44100kHz]/08. Green Day - Homecoming (Explicit).flac,SUSPECT,"hard cutoff at ~16322Hz, steep 18.1dB/kHz -> likely transcoded from 128kbps MP3",44100,16322,22050,18.1
/home/adam/driveBig/Music/New unformated songs/Green Day - American Idiot (Deluxe) (2004) [FLAC] [16B-44100kHz]/09. Green Day - Whatsername.flac,SUSPECT,"hard cutoff at ~16801Hz, steep 27.0dB/kHz -> likely transcoded from 128kbps MP3",44100,16801,22050,27
/home/adam/driveBig/Music/New unformated songs/Green Day - American Idiot (Deluxe) (2004) [FLAC] [16B-44100kHz]/10. Green Day - Too Much Too Soon (Explicit).flac,SUSPECT,"hard cutoff at ~16758Hz, steep 26.2dB/kHz -> likely transcoded from 128kbps MP3",44100,16758,22050,26.2
/home/adam/driveBig/Music/New unformated songs/Green Day - American Idiot (Deluxe) (2004) [FLAC] [16B-44100kHz]/11. Green Day - Shoplifter.flac,SUSPECT,"hard cutoff at ~16672Hz, steep 26.5dB/kHz -> likely transcoded from 128kbps MP3",44100,16672,22050,26.5
/home/adam/driveBig/Music/New unformated songs/Green Day - American Idiot (Deluxe) (2004) [FLAC] [16B-44100kHz]/12. Green Day - Governator.flac,SUSPECT,"hard cutoff at ~16586Hz, steep 22.2dB/kHz -> likely transcoded from 128kbps MP3",44100,16586,22050,22.2
/home/adam/driveBig/Music/New unformated songs/Greta Van Fleet - From The Fires (2017) [FLAC] [16B-44100kHz]/01. Greta Van Fleet - Safari Song.flac,SUSPECT,"hard cutoff at ~16629Hz, steep 27.5dB/kHz -> likely transcoded from 128kbps MP3",44100,16629,22050,27.5
/home/adam/driveBig/Music/New unformated songs/Greta Van Fleet - From The Fires (2017) [FLAC] [16B-44100kHz]/02. Greta Van Fleet - Edge Of Darkness.flac,SUSPECT,"hard cutoff at ~16145Hz, steep 22.9dB/kHz -> likely transcoded from 128kbps MP3",44100,16145,22050,22.9
/home/adam/driveBig/Music/New unformated songs/Greta Van Fleet - From The Fires (2017) [FLAC] [16B-44100kHz]/03. Greta Van Fleet - Flower Power.flac,SUSPECT,"hard cutoff at ~16677Hz, steep 22.4dB/kHz -> likely transcoded from 128kbps MP3",44100,16677,22050,22.4
/home/adam/driveBig/Music/New unformated songs/Greta Van Fleet - From The Fires (2017) [FLAC] [16B-44100kHz]/04. Greta Van Fleet - A Change Is Gonna Come.flac,SUSPECT,"hard cutoff at ~16559Hz, steep 21.8dB/kHz -> likely transcoded from 128kbps MP3",44100,16559,22050,21.8
/home/adam/driveBig/Music/New unformated songs/Greta Van Fleet - From The Fires (2017) [FLAC] [16B-44100kHz]/05. Greta Van Fleet - Highway Tune.flac,SUSPECT,"hard cutoff at ~16624Hz, steep 26.4dB/kHz -> likely transcoded from 128kbps MP3",44100,16624,22050,26.4
/home/adam/driveBig/Music/New unformated songs/Greta Van Fleet - From The Fires (2017) [FLAC] [16B-44100kHz]/06. Greta Van Fleet - Meet On The Ledge.flac,SUSPECT,"hard cutoff at ~16564Hz, steep 25.5dB/kHz -> likely transcoded from 128kbps MP3",44100,16564,22050,25.5
/home/adam/driveBig/Music/New unformated songs/Greta Van Fleet - From The Fires (2017) [FLAC] [16B-44100kHz]/07. Greta Van Fleet - Talk On The Street.flac,SUSPECT,"hard cutoff at ~16435Hz, steep 24.6dB/kHz -> likely transcoded from 128kbps MP3",44100,16435,22050,24.6
/home/adam/driveBig/Music/New unformated songs/Greta Van Fleet - From The Fires (2017) [FLAC] [16B-44100kHz]/08. Greta Van Fleet - Black Smoke Rising.flac,SUSPECT,"hard cutoff at ~16554Hz, steep 22.8dB/kHz -> likely transcoded from 128kbps MP3",44100,16554,22050,22.8
/home/adam/driveBig/Music/New unformated songs/half·alive - 3 (2017) [FLAC] [16B-44100kHz]/01. half·alive - The Fall.flac,SUSPECT,"hard cutoff at ~16694Hz, steep 27.7dB/kHz -> likely transcoded from 128kbps MP3",44100,16694,22050,27.7
/home/adam/driveBig/Music/New unformated songs/half·alive - 3 (2017) [FLAC] [16B-44100kHz]/02. half·alive - Aawake At Night.flac,SUSPECT,"hard cutoff at ~16634Hz, steep 24.8dB/kHz -> likely transcoded from 128kbps MP3",44100,16634,22050,24.8
/home/adam/driveBig/Music/New unformated songs/half·alive - 3 (2017) [FLAC] [16B-44100kHz]/03. half·alive - Tip Toes.flac,SUSPECT,"hard cutoff at ~16661Hz, steep 26.2dB/kHz -> likely transcoded from 128kbps MP3",44100,16661,22050,26.2
"/home/adam/driveBig/Music/New unformated songs/half·alive - Now, Not Yet (2019) [FLAC] [16B-44100kHz]/01. half·alive - ok ok.flac",SUSPECT,"hard cutoff at ~16591Hz, steep 21.7dB/kHz -> likely transcoded from 128kbps MP3",44100,16591,22050,21.7
"/home/adam/driveBig/Music/New unformated songs/half·alive - Now, Not Yet (2019) [FLAC] [16B-44100kHz]/02. half·alive - RUNAWAY.flac",SUSPECT,"hard cutoff at ~16688Hz, steep 27.9dB/kHz -> likely transcoded from 128kbps MP3",44100,16688,22050,27.9
"/home/adam/driveBig/Music/New unformated songs/half·alive - Now, Not Yet (2019) [FLAC] [16B-44100kHz]/03. half·alive - Maybe.flac",SUSPECT,"hard cutoff at ~16651Hz, steep 21.8dB/kHz -> likely transcoded from 128kbps MP3",44100,16651,22050,21.8
"/home/adam/driveBig/Music/New unformated songs/half·alive - Now, Not Yet (2019) [FLAC] [16B-44100kHz]/04. half·alive - the notion.flac",SUSPECT,"hard cutoff at ~16753Hz, steep 26.2dB/kHz -> likely transcoded from 128kbps MP3",44100,16753,22050,26.2
"/home/adam/driveBig/Music/New unformated songs/half·alive - Now, Not Yet (2019) [FLAC] [16B-44100kHz]/05. half·alive - still feel.flac",SUSPECT,"hard cutoff at ~16225Hz, steep 21.4dB/kHz -> likely transcoded from 128kbps MP3",44100,16225,22050,21.4
"/home/adam/driveBig/Music/New unformated songs/half·alive - Now, Not Yet (2019) [FLAC] [16B-44100kHz]/06. half·alive - TrusT.flac",SUSPECT,"hard cutoff at ~16710Hz, steep 25.8dB/kHz -> likely transcoded from 128kbps MP3",44100,16710,22050,25.8
"/home/adam/driveBig/Music/New unformated songs/half·alive - Now, Not Yet (2019) [FLAC] [16B-44100kHz]/07. half·alive - arrow.flac",SUSPECT,"hard cutoff at ~16677Hz, steep 25.1dB/kHz -> likely transcoded from 128kbps MP3",44100,16677,22050,25.1
"/home/adam/driveBig/Music/New unformated songs/half·alive - Now, Not Yet (2019) [FLAC] [16B-44100kHz]/08. half·alive - Pure Gold.flac",SUSPECT,"hard cutoff at ~16613Hz, steep 21.8dB/kHz -> likely transcoded from 128kbps MP3",44100,16613,22050,21.8
"/home/adam/driveBig/Music/New unformated songs/half·alive - Now, Not Yet (2019) [FLAC] [16B-44100kHz]/09. half·alive - ice cold. (with Kimbra).flac",SUSPECT,"hard cutoff at ~16721Hz, steep 26.0dB/kHz -> likely transcoded from 128kbps MP3",44100,16721,22050,26
"/home/adam/driveBig/Music/New unformated songs/half·alive - Now, Not Yet (2019) [FLAC] [16B-44100kHz]/10. half·alive - Rest (with Samm Henshaw).flac",SUSPECT,"hard cutoff at ~16624Hz, steep 21.7dB/kHz -> likely transcoded from 128kbps MP3",44100,16624,22050,21.7
"/home/adam/driveBig/Music/New unformated songs/half·alive - Now, Not Yet (2019) [FLAC] [16B-44100kHz]/11. half·alive - BREAKFAST.flac",SUSPECT,"hard cutoff at ~16532Hz, steep 19.7dB/kHz -> likely transcoded from 128kbps MP3",44100,16532,22050,19.7
"/home/adam/driveBig/Music/New unformated songs/half·alive - Now, Not Yet (2019) [FLAC] [16B-44100kHz]/12. half·alive - creature.flac",SUSPECT,"hard cutoff at ~16624Hz, steep 18.8dB/kHz -> likely transcoded from 128kbps MP3",44100,16624,22050,18.8
/home/adam/driveBig/Music/New unformated songs/Hum - You'd Prefer An Astronaut (1995) [FLAC] [16B-44100kHz]/01. Hum - Little Dipper.flac,SUSPECT,"hard cutoff at ~16618Hz, steep 28.2dB/kHz -> likely transcoded from 128kbps MP3",44100,16618,22050,28.2
/home/adam/driveBig/Music/New unformated songs/Hum - You'd Prefer An Astronaut (1995) [FLAC] [16B-44100kHz]/02. Hum - The Pod (Explicit).flac,SUSPECT,"hard cutoff at ~16672Hz, steep 28.4dB/kHz -> likely transcoded from 128kbps MP3",44100,16672,22050,28.4
/home/adam/driveBig/Music/New unformated songs/Hum - You'd Prefer An Astronaut (1995) [FLAC] [16B-44100kHz]/03. Hum - Stars.flac,SUSPECT,"hard cutoff at ~16672Hz, steep 26.4dB/kHz -> likely transcoded from 128kbps MP3",44100,16672,22050,26.4
/home/adam/driveBig/Music/New unformated songs/Hum - You'd Prefer An Astronaut (1995) [FLAC] [16B-44100kHz]/04. Hum - Suicide Machine.flac,SUSPECT,"hard cutoff at ~16607Hz, steep 25.5dB/kHz -> likely transcoded from 128kbps MP3",44100,16607,22050,25.5
/home/adam/driveBig/Music/New unformated songs/Hum - You'd Prefer An Astronaut (1995) [FLAC] [16B-44100kHz]/05. Hum - The Very Old Man.flac,SUSPECT,"hard cutoff at ~16683Hz, steep 26.1dB/kHz -> likely transcoded from 128kbps MP3",44100,16683,22050,26.1
/home/adam/driveBig/Music/New unformated songs/Hum - You'd Prefer An Astronaut (1995) [FLAC] [16B-44100kHz]/06. Hum - Why I Like The Robins.flac,SUSPECT,"hard cutoff at ~16704Hz, steep 30.8dB/kHz -> likely transcoded from 128kbps MP3",44100,16704,22050,30.8
/home/adam/driveBig/Music/New unformated songs/Hum - You'd Prefer An Astronaut (1995) [FLAC] [16B-44100kHz]/07. Hum - I'd Like Your Hair Long.flac,SUSPECT,"hard cutoff at ~16651Hz, steep 26.4dB/kHz -> likely transcoded from 128kbps MP3",44100,16651,22050,26.4
/home/adam/driveBig/Music/New unformated songs/Hum - You'd Prefer An Astronaut (1995) [FLAC] [16B-44100kHz]/08. Hum - I Hate It Too.flac,SUSPECT,"hard cutoff at ~16672Hz, steep 25.0dB/kHz -> likely transcoded from 128kbps MP3",44100,16672,22050,25
/home/adam/driveBig/Music/New unformated songs/Hum - You'd Prefer An Astronaut (1995) [FLAC] [16B-44100kHz]/09. Hum - Songs Of Farewell And Departure.flac,SUSPECT,"hard cutoff at ~16538Hz, steep 22.0dB/kHz -> likely transcoded from 128kbps MP3",44100,16538,22050,22
/home/adam/driveBig/Music/New unformated songs/Incubus - Light Grenades (2006) [FLAC] [16B-44100kHz]/01. Incubus - Quicksand.flac,SUSPECT,"hard cutoff at ~16602Hz, steep 25.4dB/kHz -> likely transcoded from 128kbps MP3",44100,16602,22050,25.4
/home/adam/driveBig/Music/New unformated songs/Incubus - Light Grenades (2006) [FLAC] [16B-44100kHz]/02. Incubus - A Kiss to Send Us Off.flac,SUSPECT,"hard cutoff at ~16494Hz, steep 20.8dB/kHz -> likely transcoded from 128kbps MP3",44100,16494,22050,20.8
/home/adam/driveBig/Music/New unformated songs/Incubus - Light Grenades (2006) [FLAC] [16B-44100kHz]/03. Incubus - Dig.flac,SUSPECT,"hard cutoff at ~16532Hz, steep 26.0dB/kHz -> likely transcoded from 128kbps MP3",44100,16532,22050,26
/home/adam/driveBig/Music/New unformated songs/Incubus - Light Grenades (2006) [FLAC] [16B-44100kHz]/04. Incubus - Anna Molly.flac,SUSPECT,"hard cutoff at ~16634Hz, steep 24.9dB/kHz -> likely transcoded from 128kbps MP3",44100,16634,22050,24.9
/home/adam/driveBig/Music/New unformated songs/Incubus - Light Grenades (2006) [FLAC] [16B-44100kHz]/05. Incubus - Love Hurts.flac,SUSPECT,"hard cutoff at ~16570Hz, steep 23.7dB/kHz -> likely transcoded from 128kbps MP3",44100,16570,22050,23.7
/home/adam/driveBig/Music/New unformated songs/Incubus - Light Grenades (2006) [FLAC] [16B-44100kHz]/06. Incubus - Light Grenades.flac,SUSPECT,"hard cutoff at ~16064Hz, steep 18.7dB/kHz -> likely transcoded from 128kbps MP3",44100,16064,22050,18.7
"/home/adam/driveBig/Music/New unformated songs/Incubus - Light Grenades (2006) [FLAC] [16B-44100kHz]/07. Incubus - Earth to Bella, Pt. 1.flac",SUSPECT,"hard cutoff at ~16618Hz, steep 26.1dB/kHz -> likely transcoded from 128kbps MP3",44100,16618,22050,26.1
/home/adam/driveBig/Music/New unformated songs/Incubus - Light Grenades (2006) [FLAC] [16B-44100kHz]/08. Incubus - Oil and Water.flac,SUSPECT,"hard cutoff at ~16322Hz, steep 20.6dB/kHz -> likely transcoded from 128kbps MP3",44100,16322,22050,20.6
/home/adam/driveBig/Music/New unformated songs/Incubus - Light Grenades (2006) [FLAC] [16B-44100kHz]/09. Incubus - Diamonds and Coal.flac,SUSPECT,"hard cutoff at ~16629Hz, steep 24.9dB/kHz -> likely transcoded from 128kbps MP3",44100,16629,22050,24.9
/home/adam/driveBig/Music/New unformated songs/Incubus - Light Grenades (2006) [FLAC] [16B-44100kHz]/10. Incubus - Rogues.flac,SUSPECT,"hard cutoff at ~16478Hz, steep 20.5dB/kHz -> likely transcoded from 128kbps MP3",44100,16478,22050,20.5
/home/adam/driveBig/Music/New unformated songs/Incubus - Light Grenades (2006) [FLAC] [16B-44100kHz]/11. Incubus - Paper Shoes.flac,SUSPECT,"hard cutoff at ~16564Hz, steep 22.7dB/kHz -> likely transcoded from 128kbps MP3",44100,16564,22050,22.7
/home/adam/driveBig/Music/New unformated songs/Incubus - Light Grenades (2006) [FLAC] [16B-44100kHz]/12. Incubus - Pendulous Threads.flac,SUSPECT,"hard cutoff at ~16634Hz, steep 23.0dB/kHz -> likely transcoded from 128kbps MP3",44100,16634,22050,23
"/home/adam/driveBig/Music/New unformated songs/Incubus - Light Grenades (2006) [FLAC] [16B-44100kHz]/13. Incubus - Earth to Bella, Pt. 2.flac",SUSPECT,"hard cutoff at ~16559Hz, steep 24.3dB/kHz -> likely transcoded from 128kbps MP3",44100,16559,22050,24.3
/home/adam/driveBig/Music/New unformated songs/Inpatient - Asylum (2026) [FLAC] [16B-44100kHz]/01. Inpatient - Madhouse (Explicit).flac,SUSPECT,"hard cutoff at ~16554Hz, steep 19.8dB/kHz -> likely transcoded from 128kbps MP3",44100,16554,22050,19.8
/home/adam/driveBig/Music/New unformated songs/Inpatient - Asylum (2026) [FLAC] [16B-44100kHz]/02. Inpatient - Instigator (Explicit).flac,SUSPECT,"hard cutoff at ~16694Hz, steep 26.1dB/kHz -> likely transcoded from 128kbps MP3",44100,16694,22050,26.1
/home/adam/driveBig/Music/New unformated songs/Inpatient - Asylum (2026) [FLAC] [16B-44100kHz]/03. Inpatient - Neurodivergent (Explicit).flac,SUSPECT,"hard cutoff at ~16747Hz, steep 26.9dB/kHz -> likely transcoded from 128kbps MP3",44100,16747,22050,26.9
/home/adam/driveBig/Music/New unformated songs/Inpatient - Asylum (2026) [FLAC] [16B-44100kHz]/04. Inpatient - Down The Road (Explicit).flac,SUSPECT,"hard cutoff at ~16688Hz, steep 27.3dB/kHz -> likely transcoded from 128kbps MP3",44100,16688,22050,27.3
/home/adam/driveBig/Music/New unformated songs/Inpatient - Asylum (2026) [FLAC] [16B-44100kHz]/05. Inpatient - Bad Company.flac,SUSPECT,"hard cutoff at ~16747Hz, steep 23.8dB/kHz -> likely transcoded from 128kbps MP3",44100,16747,22050,23.8
/home/adam/driveBig/Music/New unformated songs/Inpatient - Asylum (2026) [FLAC] [16B-44100kHz]/06. Inpatient - Asylum (Explicit).flac,SUSPECT,"hard cutoff at ~16484Hz, steep 19.5dB/kHz -> likely transcoded from 128kbps MP3",44100,16484,22050,19.5
/home/adam/driveBig/Music/New unformated songs/Inpatient - Asylum (2026) [FLAC] [16B-44100kHz]/07. Inpatient - Me And My Monster (Explicit).flac,SUSPECT,"hard cutoff at ~16699Hz, steep 26.4dB/kHz -> likely transcoded from 128kbps MP3",44100,16699,22050,26.4
/home/adam/driveBig/Music/New unformated songs/Inpatient - Asylum (2026) [FLAC] [16B-44100kHz]/08. Inpatient - Smoking Gun (Explicit).flac,SUSPECT,"hard cutoff at ~16791Hz, steep 33.0dB/kHz -> likely transcoded from 128kbps MP3",44100,16791,22050,33
/home/adam/driveBig/Music/New unformated songs/Inpatient - Asylum (2026) [FLAC] [16B-44100kHz]/09. Inpatient - Tarantula (Explicit).flac,SUSPECT,"hard cutoff at ~16747Hz, steep 29.2dB/kHz -> likely transcoded from 128kbps MP3",44100,16747,22050,29.2
/home/adam/driveBig/Music/New unformated songs/Inpatient - Asylum (2026) [FLAC] [16B-44100kHz]/10. Inpatient - Mason Jar (Explicit).flac,SUSPECT,"hard cutoff at ~16747Hz, steep 29.5dB/kHz -> likely transcoded from 128kbps MP3",44100,16747,22050,29.5
/home/adam/driveBig/Music/New unformated songs/Inpatient - Asylum (2026) [FLAC] [16B-44100kHz]/11. Inpatient - Silence (Explicit).flac,SUSPECT,"hard cutoff at ~16694Hz, steep 23.2dB/kHz -> likely transcoded from 128kbps MP3",44100,16694,22050,23.2
/home/adam/driveBig/Music/New unformated songs/Inpatient - Asylum (2026) [FLAC] [16B-44100kHz]/12. Inpatient - Dr. Meyers (Explicit).flac,SUSPECT,"hard cutoff at ~16602Hz, steep 24.1dB/kHz -> likely transcoded from 128kbps MP3",44100,16602,22050,24.1
/home/adam/driveBig/Music/New unformated songs/Inpatient - Asylum (2026) [FLAC] [16B-44100kHz]/13. Inpatient - Caskets.flac,SUSPECT,"hard cutoff at ~16796Hz, steep 30.9dB/kHz -> likely transcoded from 128kbps MP3",44100,16796,22050,30.9
/home/adam/driveBig/Music/New unformated songs/Inpatient - Asylum (2026) [FLAC] [16B-44100kHz]/14. Inpatient - End Of The World (Explicit).flac,SUSPECT,"hard cutoff at ~16817Hz, steep 34.3dB/kHz -> likely transcoded from 128kbps MP3",44100,16817,22050,34.3
/home/adam/driveBig/Music/New unformated songs/Inpatient - Asylum (2026) [FLAC] [16B-44100kHz]/15. Inpatient - Lunatic Lullaby (Explicit).flac,SUSPECT,"hard cutoff at ~16624Hz, steep 22.2dB/kHz -> likely transcoded from 128kbps MP3",44100,16624,22050,22.2
/home/adam/driveBig/Music/New unformated songs/ivri - the star factory (2023) [FLAC] [16B-44100kHz]/01. ivri - limbo.flac,SUSPECT,"hard cutoff at ~16564Hz, steep 22.5dB/kHz -> likely transcoded from 128kbps MP3",44100,16564,22050,22.5
/home/adam/driveBig/Music/New unformated songs/ivri - the star factory (2023) [FLAC] [16B-44100kHz]/02. ivri - brainrot.flac,SUSPECT,"hard cutoff at ~16145Hz, steep 16.7dB/kHz -> likely transcoded from 128kbps MP3",44100,16145,22050,16.7
/home/adam/driveBig/Music/New unformated songs/ivri - the star factory (2023) [FLAC] [16B-44100kHz]/03. ivri - inversion.flac,SUSPECT,"hard cutoff at ~16215Hz, steep 14.4dB/kHz -> likely transcoded from 128kbps MP3",44100,16215,22050,14.4
/home/adam/driveBig/Music/New unformated songs/ivri - the star factory (2023) [FLAC] [16B-44100kHz]/04. ivri - dragonfly.flac,SUSPECT,"hard cutoff at ~16559Hz, steep 20.3dB/kHz -> likely transcoded from 128kbps MP3",44100,16559,22050,20.3
/home/adam/driveBig/Music/New unformated songs/ivri - the star factory (2023) [FLAC] [16B-44100kHz]/05. ivri - face of the earth.flac,SUSPECT,"hard cutoff at ~16753Hz, steep 27.8dB/kHz -> likely transcoded from 128kbps MP3",44100,16753,22050,27.8
/home/adam/driveBig/Music/New unformated songs/ivri - the star factory (2023) [FLAC] [16B-44100kHz]/06. ivri - EVERYTHING.flac,SUSPECT,"hard cutoff at ~16037Hz, steep 16.9dB/kHz -> likely transcoded from 128kbps MP3",44100,16037,22050,16.9
/home/adam/driveBig/Music/New unformated songs/ivri - the star factory (2023) [FLAC] [16B-44100kHz]/07. ivri - owls eye.flac,SUSPECT,"hard cutoff at ~16231Hz, steep 19.1dB/kHz -> likely transcoded from 128kbps MP3",44100,16231,22050,19.1
/home/adam/driveBig/Music/New unformated songs/ivri - the star factory (2023) [FLAC] [16B-44100kHz]/08. ivri - depths of the earth.flac,SUSPECT,"hard cutoff at ~16634Hz, steep 26.4dB/kHz -> likely transcoded from 128kbps MP3",44100,16634,22050,26.4
/home/adam/driveBig/Music/New unformated songs/Joe Cocker - With A Little Help From My Friends (1969) [FLAC] [16B-44100kHz]/01. Joe Cocker - Feelin' Alright.flac,SUSPECT,"hard cutoff at ~16672Hz, steep 27.3dB/kHz -> likely transcoded from 128kbps MP3",44100,16672,22050,27.3
/home/adam/driveBig/Music/New unformated songs/Joe Cocker - With A Little Help From My Friends (1969) [FLAC] [16B-44100kHz]/02. Joe Cocker - Bye Bye Blackbird.flac,SUSPECT,"hard cutoff at ~16597Hz, steep 24.4dB/kHz -> likely transcoded from 128kbps MP3",44100,16597,22050,24.4
/home/adam/driveBig/Music/New unformated songs/Joe Cocker - With A Little Help From My Friends (1969) [FLAC] [16B-44100kHz]/03. Joe Cocker - Change In Louise.flac,SUSPECT,"hard cutoff at ~16683Hz, steep 27.2dB/kHz -> likely transcoded from 128kbps MP3",44100,16683,22050,27.2
/home/adam/driveBig/Music/New unformated songs/Joe Cocker - With A Little Help From My Friends (1969) [FLAC] [16B-44100kHz]/04. Joe Cocker - Marjorine (Single Version).flac,SUSPECT,"hard cutoff at ~16139Hz, steep 22.5dB/kHz -> likely transcoded from 128kbps MP3",44100,16139,22050,22.5
/home/adam/driveBig/Music/New unformated songs/Joe Cocker - With A Little Help From My Friends (1969) [FLAC] [16B-44100kHz]/05. Joe Cocker - Just Like A Woman.flac,SUSPECT,"hard cutoff at ~16634Hz, steep 25.2dB/kHz -> likely transcoded from 128kbps MP3",44100,16634,22050,25.2
/home/adam/driveBig/Music/New unformated songs/Joe Cocker - With A Little Help From My Friends (1969) [FLAC] [16B-44100kHz]/06. Joe Cocker - Do I Still Figure In Your Life.flac,SUSPECT,"hard cutoff at ~16295Hz, steep 19.7dB/kHz -> likely transcoded from 128kbps MP3",44100,16295,22050,19.7
/home/adam/driveBig/Music/New unformated songs/Joe Cocker - With A Little Help From My Friends (1969) [FLAC] [16B-44100kHz]/07. Joe Cocker - Sandpaper Cadillac.flac,SUSPECT,"hard cutoff at ~16527Hz, steep 23.6dB/kHz -> likely transcoded from 128kbps MP3",44100,16527,22050,23.6
/home/adam/driveBig/Music/New unformated songs/Joe Cocker - With A Little Help From My Friends (1969) [FLAC] [16B-44100kHz]/08. Joe Cocker - Don't Let Me Be Misunderstood.flac,SUSPECT,"hard cutoff at ~16026Hz, steep 17.4dB/kHz -> likely transcoded from 128kbps MP3",44100,16026,22050,17.4
/home/adam/driveBig/Music/New unformated songs/Joe Cocker - With A Little Help From My Friends (1969) [FLAC] [16B-44100kHz]/09. Joe Cocker - With A Little Help From My Friends.flac,SUSPECT,"hard cutoff at ~16737Hz, steep 27.1dB/kHz -> likely transcoded from 128kbps MP3",44100,16737,22050,27.1
/home/adam/driveBig/Music/New unformated songs/Joe Cocker - With A Little Help From My Friends (1969) [FLAC] [16B-44100kHz]/10. Joe Cocker - I Shall Be Released.flac,SUSPECT,"hard cutoff at ~16554Hz, steep 20.7dB/kHz -> likely transcoded from 128kbps MP3",44100,16554,22050,20.7
/home/adam/driveBig/Music/New unformated songs/Joe Cocker - With A Little Help From My Friends (1969) [FLAC] [16B-44100kHz]/11. Joe Cocker - The New Age Of Lily (Single Version).flac,SUSPECT,"hard cutoff at ~16414Hz, steep 22.2dB/kHz -> likely transcoded from 128kbps MP3",44100,16414,22050,22.2
/home/adam/driveBig/Music/New unformated songs/Joe Cocker - With A Little Help From My Friends (1969) [FLAC] [16B-44100kHz]/12. Joe Cocker - Something's Coming On (Single Version).flac,SUSPECT,"hard cutoff at ~16500Hz, steep 26.9dB/kHz -> likely transcoded from 128kbps MP3",44100,16500,22050,26.9
/home/adam/driveBig/Music/New unformated songs/Joji - Piss In The Wind (Deluxe) (2026) [FLAC] [16B-44100kHz]/Disc 1/01. Joji - PIXELATED KISSES (Explicit).flac,SUSPECT,"hard cutoff at ~16091Hz, steep 19.1dB/kHz -> likely transcoded from 128kbps MP3",44100,16091,22050,19.1
/home/adam/driveBig/Music/New unformated songs/Joji - Piss In The Wind (Deluxe) (2026) [FLAC] [16B-44100kHz]/Disc 1/02. Joji - Cigarette.flac,SUSPECT,"hard cutoff at ~16500Hz, steep 17.8dB/kHz -> likely transcoded from 128kbps MP3",44100,16500,22050,17.8
/home/adam/driveBig/Music/New unformated songs/Joji - Piss In The Wind (Deluxe) (2026) [FLAC] [16B-44100kHz]/Disc 1/03. Joji - Last of a Dying Breed.flac,SUSPECT,"hard cutoff at ~16064Hz, steep 20.5dB/kHz -> likely transcoded from 128kbps MP3",44100,16064,22050,20.5
/home/adam/driveBig/Music/New unformated songs/Joji - Piss In The Wind (Deluxe) (2026) [FLAC] [16B-44100kHz]/Disc 1/04. Joji - LOVE YOU LESS.flac,SUSPECT,"hard cutoff at ~16651Hz, steep 25.5dB/kHz -> likely transcoded from 128kbps MP3",44100,16651,22050,25.5
/home/adam/driveBig/Music/New unformated songs/Joji - Piss In The Wind (Deluxe) (2026) [FLAC] [16B-44100kHz]/Disc 1/05. Joji - If It Only Gets Better (Explicit).flac,SUSPECT,"hard cutoff at ~16021Hz, steep 14.3dB/kHz -> likely transcoded from 128kbps MP3",44100,16021,22050,14.3
/home/adam/driveBig/Music/New unformated songs/Joji - Piss In The Wind (Deluxe) (2026) [FLAC] [16B-44100kHz]/Disc 1/06. Joji - Love Me Better.flac,SUSPECT,"hard cutoff at ~16026Hz, steep 14.9dB/kHz -> likely transcoded from 128kbps MP3",44100,16026,22050,14.9
/home/adam/driveBig/Music/New unformated songs/Joji - Piss In The Wind (Deluxe) (2026) [FLAC] [16B-44100kHz]/Disc 1/07. Joji - Piece of You.flac,SUSPECT,"hard cutoff at ~16511Hz, steep 21.8dB/kHz -> likely transcoded from 128kbps MP3",44100,16511,22050,21.8
/home/adam/driveBig/Music/New unformated songs/Joji - Piss In The Wind (Deluxe) (2026) [FLAC] [16B-44100kHz]/Disc 1/08. Joji - Hotel California (Explicit).flac,GRADUAL_ROLLOFF,"rolloff at ~15768Hz but gentle (11.7dB/kHz) - could be an old master/analog source, not necessarily transcoded",44100,15768,22050,11.7
/home/adam/driveBig/Music/New unformated songs/Joji - Piss In The Wind (Deluxe) (2026) [FLAC] [16B-44100kHz]/Disc 1/09. Joji - Tarmac.flac,SUSPECT,"hard cutoff at ~16177Hz, steep 19.0dB/kHz -> likely transcoded from 128kbps MP3",44100,16177,22050,19
/home/adam/driveBig/Music/New unformated songs/Joji - Piss In The Wind (Deluxe) (2026) [FLAC] [16B-44100kHz]/Disc 1/10. Joji - Forehead Touch the Ground.flac,SUSPECT,"hard cutoff at ~16554Hz, steep 20.6dB/kHz -> likely transcoded from 128kbps MP3",44100,16554,22050,20.6
/home/adam/driveBig/Music/New unformated songs/Joji - Piss In The Wind (Deluxe) (2026) [FLAC] [16B-44100kHz]/Disc 1/11. Joji - Past Won't Leave My Bed.flac,SUSPECT,"hard cutoff at ~16602Hz, steep 24.7dB/kHz -> likely transcoded from 128kbps MP3",44100,16602,22050,24.7
/home/adam/driveBig/Music/New unformated songs/Joji - Piss In The Wind (Deluxe) (2026) [FLAC] [16B-44100kHz]/Disc 1/12. Joji - Fade to Black (Explicit).flac,SUSPECT,"hard cutoff at ~16602Hz, steep 25.2dB/kHz -> likely transcoded from 128kbps MP3",44100,16602,22050,25.2
/home/adam/driveBig/Music/New unformated songs/Joji - Piss In The Wind (Deluxe) (2026) [FLAC] [16B-44100kHz]/Disc 1/13. Joji - CAN'T SEE SHT IN THE CLUB.flac,SUSPECT,"hard cutoff at ~16570Hz, steep 18.2dB/kHz -> likely transcoded from 128kbps MP3",44100,16570,22050,18.2
/home/adam/driveBig/Music/New unformated songs/Joji - Piss In The Wind (Deluxe) (2026) [FLAC] [16B-44100kHz]/Disc 1/14. Joji - Sojourn.flac,SUSPECT,"hard cutoff at ~16607Hz, steep 22.9dB/kHz -> likely transcoded from 128kbps MP3",44100,16607,22050,22.9
/home/adam/driveBig/Music/New unformated songs/Joji - Piss In The Wind (Deluxe) (2026) [FLAC] [16B-44100kHz]/Disc 1/15. Joji - DYKILY.flac,SUSPECT,"hard cutoff at ~16484Hz, steep 18.2dB/kHz -> likely transcoded from 128kbps MP3",44100,16484,22050,18.2
/home/adam/driveBig/Music/New unformated songs/Joji - Piss In The Wind (Deluxe) (2026) [FLAC] [16B-44100kHz]/Disc 1/16. Joji - Rose Colored (Explicit).flac,SUSPECT,"hard cutoff at ~16688Hz, steep 20.3dB/kHz -> likely transcoded from 128kbps MP3",44100,16688,22050,20.3
/home/adam/driveBig/Music/New unformated songs/Joji - Piss In The Wind (Deluxe) (2026) [FLAC] [16B-44100kHz]/Disc 1/17. Joji - Silhouette Man.flac,SUSPECT,"hard cutoff at ~16031Hz, steep 19.8dB/kHz -> likely transcoded from 128kbps MP3",44100,16031,22050,19.8
/home/adam/driveBig/Music/New unformated songs/Joji - Piss In The Wind (Deluxe) (2026) [FLAC] [16B-44100kHz]/Disc 1/18. Joji - Fragments (Explicit).flac,SUSPECT,"hard cutoff at ~16602Hz, steep 19.6dB/kHz -> likely transcoded from 128kbps MP3",44100,16602,22050,19.6
/home/adam/driveBig/Music/New unformated songs/Joji - Piss In The Wind (Deluxe) (2026) [FLAC] [16B-44100kHz]/Disc 1/19. Joji - Horses to Water (Explicit).flac,SUSPECT,"hard cutoff at ~16021Hz, steep 13.6dB/kHz -> likely transcoded from 128kbps MP3",44100,16021,22050,13.6
/home/adam/driveBig/Music/New unformated songs/Joji - Piss In The Wind (Deluxe) (2026) [FLAC] [16B-44100kHz]/Disc 1/20. Joji - Strange Home.flac,SUSPECT,"hard cutoff at ~16031Hz, steep 15.2dB/kHz -> likely transcoded from 128kbps MP3",44100,16031,22050,15.2
/home/adam/driveBig/Music/New unformated songs/Joji - Piss In The Wind (Deluxe) (2026) [FLAC] [16B-44100kHz]/Disc 1/21. Joji - Dior.flac,SUSPECT,"hard cutoff at ~15988Hz, steep 12.0dB/kHz -> likely transcoded from 128kbps MP3",44100,15988,22050,12
/home/adam/driveBig/Music/New unformated songs/Joji - Piss In The Wind (Deluxe) (2026) [FLAC] [16B-44100kHz]/Disc 2/01. Joji - DYKILY (2017 Demo Version).flac,SUSPECT,"hard cutoff at ~16064Hz, steep 19.4dB/kHz -> likely transcoded from 128kbps MP3",44100,16064,22050,19.4
/home/adam/driveBig/Music/New unformated songs/Joji - Piss In The Wind (Deluxe) (2026) [FLAC] [16B-44100kHz]/Disc 2/02. Joji - Bluffin' (Explicit).flac,SUSPECT,"hard cutoff at ~16721Hz, steep 32.2dB/kHz -> likely transcoded from 128kbps MP3",44100,16721,22050,32.2
/home/adam/driveBig/Music/New unformated songs/Joji - Piss In The Wind (Deluxe) (2026) [FLAC] [16B-44100kHz]/Disc 2/03. Joji - Blah Blah.flac,SUSPECT,"hard cutoff at ~16645Hz, steep 20.5dB/kHz -> likely transcoded from 128kbps MP3",44100,16645,22050,20.5
/home/adam/driveBig/Music/New unformated songs/Joji - Piss In The Wind (Deluxe) (2026) [FLAC] [16B-44100kHz]/Disc 2/04. Anyma - Beautiful.flac,SUSPECT,"hard cutoff at ~16559Hz, steep 26.5dB/kHz -> likely transcoded from 128kbps MP3",44100,16559,22050,26.5
/home/adam/driveBig/Music/New unformated songs/Joji - Piss In The Wind (Deluxe) (2026) [FLAC] [16B-44100kHz]/Disc 2/05. Yeat - Back Home (Explicit).flac,SUSPECT,"hard cutoff at ~16683Hz, steep 25.9dB/kHz -> likely transcoded from 128kbps MP3",44100,16683,22050,25.9
/home/adam/driveBig/Music/New unformated songs/Joji - Piss In The Wind (Deluxe) (2026) [FLAC] [16B-44100kHz]/Disc 2/06. Joji - Redeeming Qualities.flac,SUSPECT,"hard cutoff at ~16559Hz, steep 19.4dB/kHz -> likely transcoded from 128kbps MP3",44100,16559,22050,19.4
/home/adam/driveBig/Music/New unformated songs/Joji - Piss In The Wind (Deluxe) (2026) [FLAC] [16B-44100kHz]/Disc 2/07. Joji - Kill The Geese.flac,SUSPECT,"hard cutoff at ~16403Hz, steep 16.0dB/kHz -> likely transcoded from 128kbps MP3",44100,16403,22050,16
/home/adam/driveBig/Music/New unformated songs/Joji - Piss In The Wind (Deluxe) (2026) [FLAC] [16B-44100kHz]/Disc 2/08. Joji - skin cells.flac,SUSPECT,"hard cutoff at ~16521Hz, steep 23.4dB/kHz -> likely transcoded from 128kbps MP3",44100,16521,22050,23.4
/home/adam/driveBig/Music/New unformated songs/Joji - Piss In The Wind (Deluxe) (2026) [FLAC] [16B-44100kHz]/Disc 2/09. Joji - FTC (Explicit).flac,SUSPECT,"hard cutoff at ~16279Hz, steep 18.1dB/kHz -> likely transcoded from 128kbps MP3",44100,16279,22050,18.1
/home/adam/driveBig/Music/New unformated songs/julie - flutter (2020) [FLAC] [16B-44100kHz]/01. julie - flutter.flac,SUSPECT,"hard cutoff at ~16764Hz, steep 30.9dB/kHz -> likely transcoded from 128kbps MP3",44100,16764,22050,30.9
/home/adam/driveBig/Music/New unformated songs/julie - pushing daisies (2021) [FLAC] [16B-44100kHz]/01. julie - april’s-bloom.flac,SUSPECT,"hard cutoff at ~16371Hz, steep 23.7dB/kHz -> likely transcoded from 128kbps MP3",44100,16371,22050,23.7
"/home/adam/driveBig/Music/New unformated songs/julie - pushing daisies (2021) [FLAC] [16B-44100kHz]/02. julie - she was here then, she isn't here now.flac",SUSPECT,"hard cutoff at ~16058Hz, steep 22.0dB/kHz -> likely transcoded from 128kbps MP3",44100,16058,22050,22
/home/adam/driveBig/Music/New unformated songs/julie - pushing daisies (2021) [FLAC] [16B-44100kHz]/03. julie - lochness.flac,SUSPECT,"hard cutoff at ~16101Hz, steep 18.2dB/kHz -> likely transcoded from 128kbps MP3",44100,16101,22050,18.2
/home/adam/driveBig/Music/New unformated songs/julie - pushing daisies (2021) [FLAC] [16B-44100kHz]/04. julie - confirmation of entry dispatch (read).flac,GRADUAL_ROLLOFF,"rolloff at ~15402Hz but gentle (7.9dB/kHz) - could be an old master/analog source, not necessarily transcoded",44100,15402,22050,7.9
/home/adam/driveBig/Music/New unformated songs/julie - pushing daisies (2021) [FLAC] [16B-44100kHz]/05. julie - skipping tiles.flac,SUSPECT,"hard cutoff at ~16064Hz, steep 20.2dB/kHz -> likely transcoded from 128kbps MP3",44100,16064,22050,20.2
/home/adam/driveBig/Music/New unformated songs/julie - pushing daisies (2021) [FLAC] [16B-44100kHz]/06. julie - daisy pusher.flac,SUSPECT,"hard cutoff at ~16021Hz, steep 15.1dB/kHz -> likely transcoded from 128kbps MP3",44100,16021,22050,15.1
/home/adam/driveBig/Music/New unformated songs/julie - starjump  kit (2020) [FLAC] [16B-44100kHz]/01. julie - starjump.flac,SUSPECT,"hard cutoff at ~16699Hz, steep 26.1dB/kHz -> likely transcoded from 128kbps MP3",44100,16699,22050,26.1
/home/adam/driveBig/Music/New unformated songs/julie - starjump  kit (2020) [FLAC] [16B-44100kHz]/02. julie - kit.flac,SUSPECT,"hard cutoff at ~16058Hz, steep 21.8dB/kHz -> likely transcoded from 128kbps MP3",44100,16058,22050,21.8
/home/adam/driveBig/Music/New unformated songs/Kids That Fly - Dead Beat City (2024) [FLAC] [16B-44100kHz]/01. Kids That Fly - Dead Beat City.flac,SUSPECT,"hard cutoff at ~16634Hz, steep 27.1dB/kHz -> likely transcoded from 128kbps MP3",44100,16634,22050,27.1
/home/adam/driveBig/Music/New unformated songs/Kids That Fly - Dead Beat City (2024) [FLAC] [16B-44100kHz]/02. Kids That Fly - If You Wanna (Take Me Home).flac,SUSPECT,"hard cutoff at ~16699Hz, steep 25.1dB/kHz -> likely transcoded from 128kbps MP3",44100,16699,22050,25.1
/home/adam/driveBig/Music/New unformated songs/Kids That Fly - Dead Beat City (2024) [FLAC] [16B-44100kHz]/03. Kids That Fly - Feel It Love.flac,SUSPECT,"hard cutoff at ~16618Hz, steep 28.6dB/kHz -> likely transcoded from 128kbps MP3",44100,16618,22050,28.6
/home/adam/driveBig/Music/New unformated songs/Kids That Fly - Dead Beat City (2024) [FLAC] [16B-44100kHz]/04. Kids That Fly - Little Bit of Time (Explicit).flac,SUSPECT,"hard cutoff at ~16527Hz, steep 25.9dB/kHz -> likely transcoded from 128kbps MP3",44100,16527,22050,25.9
/home/adam/driveBig/Music/New unformated songs/Kids That Fly - Tracks of the High Line (Deluxe) (2023) [FLAC] [16B-44100kHz]/01. Kids That Fly - High Line.flac,SUSPECT,"hard cutoff at ~16715Hz, steep 27.8dB/kHz -> likely transcoded from 128kbps MP3",44100,16715,22050,27.8
/home/adam/driveBig/Music/New unformated songs/Kids That Fly - Tracks of the High Line (Deluxe) (2023) [FLAC] [16B-44100kHz]/02. Kids That Fly - Talk of the Town.flac,SUSPECT,"hard cutoff at ~16785Hz, steep 33.3dB/kHz -> likely transcoded from 128kbps MP3",44100,16785,22050,33.3
/home/adam/driveBig/Music/New unformated songs/Kids That Fly - Tracks of the High Line (Deluxe) (2023) [FLAC] [16B-44100kHz]/03. Kids That Fly - Heart Away.flac,SUSPECT,"hard cutoff at ~16823Hz, steep 36.0dB/kHz -> likely transcoded from 128kbps MP3",44100,16823,22050,36
/home/adam/driveBig/Music/New unformated songs/Kids That Fly - Tracks of the High Line (Deluxe) (2023) [FLAC] [16B-44100kHz]/04. Kids That Fly - Goner.flac,SUSPECT,"hard cutoff at ~16774Hz, steep 28.0dB/kHz -> likely transcoded from 128kbps MP3",44100,16774,22050,28
/home/adam/driveBig/Music/New unformated songs/Kids That Fly - Tracks of the High Line (Deluxe) (2023) [FLAC] [16B-44100kHz]/05. Kids That Fly - Look in Your Eyes.flac,SUSPECT,"hard cutoff at ~16645Hz, steep 25.6dB/kHz -> likely transcoded from 128kbps MP3",44100,16645,22050,25.6
/home/adam/driveBig/Music/New unformated songs/Kids That Fly - Tracks of the High Line (Deluxe) (2023) [FLAC] [16B-44100kHz]/06. Kids That Fly - High Line (Instrumental Demo).flac,SUSPECT,"hard cutoff at ~16651Hz, steep 26.9dB/kHz -> likely transcoded from 128kbps MP3",44100,16651,22050,26.9
/home/adam/driveBig/Music/New unformated songs/Kids That Fly - Tracks of the High Line (Deluxe) (2023) [FLAC] [16B-44100kHz]/07. Kids That Fly - Talk of the Town (Instrumental Demo).flac,SUSPECT,"hard cutoff at ~16774Hz, steep 30.9dB/kHz -> likely transcoded from 128kbps MP3",44100,16774,22050,30.9
/home/adam/driveBig/Music/New unformated songs/Kids That Fly - Tracks of the High Line (Deluxe) (2023) [FLAC] [16B-44100kHz]/08. Kids That Fly - Heart Away (Live).flac,SUSPECT,"hard cutoff at ~16791Hz, steep 33.6dB/kHz -> likely transcoded from 128kbps MP3",44100,16791,22050,33.6
/home/adam/driveBig/Music/New unformated songs/Kids That Fly - Tracks of the High Line (Deluxe) (2023) [FLAC] [16B-44100kHz]/09. Kids That Fly - Goner (Demo).flac,SUSPECT,"hard cutoff at ~16613Hz, steep 19.3dB/kHz -> likely transcoded from 128kbps MP3",44100,16613,22050,19.3
/home/adam/driveBig/Music/New unformated songs/Kids That Fly - Tracks of the High Line (Deluxe) (2023) [FLAC] [16B-44100kHz]/10. Kids That Fly - Look In Your Eyes (Voice Memo).flac,GRADUAL_ROLLOFF,"rolloff at ~13577Hz but gentle (1.9dB/kHz) - could be an old master/analog source, not necessarily transcoded",44100,13577,22050,1.9
/home/adam/driveBig/Music/New unformated songs/King Gizzard & The Lizard Wizard - I'm In Your Mind Fuzz (2014) [FLAC] [16B-44100kHz]/01. King Gizzard & The Lizard Wizard - I'm In Your Mind.flac,SUSPECT,"hard cutoff at ~16177Hz, steep 26.2dB/kHz -> likely transcoded from 128kbps MP3",44100,16177,22050,26.2
/home/adam/driveBig/Music/New unformated songs/King Gizzard & The Lizard Wizard - I'm In Your Mind Fuzz (2014) [FLAC] [16B-44100kHz]/02. King Gizzard & The Lizard Wizard - I'm Not In Your Mind.flac,SUSPECT,"hard cutoff at ~16021Hz, steep 18.3dB/kHz -> likely transcoded from 128kbps MP3",44100,16021,22050,18.3
/home/adam/driveBig/Music/New unformated songs/King Gizzard & The Lizard Wizard - I'm In Your Mind Fuzz (2014) [FLAC] [16B-44100kHz]/03. King Gizzard & The Lizard Wizard - Cellophane.flac,SUSPECT,"hard cutoff at ~16010Hz, steep 16.7dB/kHz -> likely transcoded from 128kbps MP3",44100,16010,22050,16.7
/home/adam/driveBig/Music/New unformated songs/King Gizzard & The Lizard Wizard - I'm In Your Mind Fuzz (2014) [FLAC] [16B-44100kHz]/04. King Gizzard & The Lizard Wizard - I'm In Your Mind Fuzz.flac,SUSPECT,"hard cutoff at ~16064Hz, steep 25.6dB/kHz -> likely transcoded from 128kbps MP3",44100,16064,22050,25.6
/home/adam/driveBig/Music/New unformated songs/King Gizzard & The Lizard Wizard - I'm In Your Mind Fuzz (2014) [FLAC] [16B-44100kHz]/05. King Gizzard & The Lizard Wizard - Empty.flac,SUSPECT,"hard cutoff at ~16710Hz, steep 29.4dB/kHz -> likely transcoded from 128kbps MP3",44100,16710,22050,29.4
/home/adam/driveBig/Music/New unformated songs/King Gizzard & The Lizard Wizard - I'm In Your Mind Fuzz (2014) [FLAC] [16B-44100kHz]/06. King Gizzard & The Lizard Wizard - Hot Water.flac,SUSPECT,"hard cutoff at ~16010Hz, steep 12.5dB/kHz -> likely transcoded from 128kbps MP3",44100,16010,22050,12.5
/home/adam/driveBig/Music/New unformated songs/King Gizzard & The Lizard Wizard - I'm In Your Mind Fuzz (2014) [FLAC] [16B-44100kHz]/07. King Gizzard & The Lizard Wizard - Am I In Heaven.flac,SUSPECT,"hard cutoff at ~16182Hz, steep 23.4dB/kHz -> likely transcoded from 128kbps MP3",44100,16182,22050,23.4
/home/adam/driveBig/Music/New unformated songs/King Gizzard & The Lizard Wizard - I'm In Your Mind Fuzz (2014) [FLAC] [16B-44100kHz]/08. King Gizzard & The Lizard Wizard - Slow Jam 1.flac,SUSPECT,"hard cutoff at ~16527Hz, steep 23.7dB/kHz -> likely transcoded from 128kbps MP3",44100,16527,22050,23.7
/home/adam/driveBig/Music/New unformated songs/King Gizzard & The Lizard Wizard - I'm In Your Mind Fuzz (2014) [FLAC] [16B-44100kHz]/09. King Gizzard & The Lizard Wizard - Satan Speeds Up.flac,SUSPECT,"hard cutoff at ~16005Hz, steep 12.6dB/kHz -> likely transcoded from 128kbps MP3",44100,16005,22050,12.6
/home/adam/driveBig/Music/New unformated songs/King Gizzard & The Lizard Wizard - I'm In Your Mind Fuzz (2014) [FLAC] [16B-44100kHz]/10. King Gizzard & The Lizard Wizard - Her and I (Slow Jam).flac,SUSPECT,"hard cutoff at ~16532Hz, steep 24.5dB/kHz -> likely transcoded from 128kbps MP3",44100,16532,22050,24.5
/home/adam/driveBig/Music/New unformated songs/King Gizzard & The Lizard Wizard - Oddments (2014) [FLAC] [16B-44100kHz]/01. King Gizzard & The Lizard Wizard - Alluda Majaka.flac,SUSPECT,"hard cutoff at ~16747Hz, steep 28.8dB/kHz -> likely transcoded from 128kbps MP3",44100,16747,22050,28.8
/home/adam/driveBig/Music/New unformated songs/King Gizzard & The Lizard Wizard - Oddments (2014) [FLAC] [16B-44100kHz]/02. King Gizzard & The Lizard Wizard - Stressin'.flac,SUSPECT,"hard cutoff at ~16031Hz, steep 16.0dB/kHz -> likely transcoded from 128kbps MP3",44100,16031,22050,16
/home/adam/driveBig/Music/New unformated songs/King Gizzard & The Lizard Wizard - Oddments (2014) [FLAC] [16B-44100kHz]/03. King Gizzard & The Lizard Wizard - Vegemite.flac,SUSPECT,"hard cutoff at ~16145Hz, steep 21.4dB/kHz -> likely transcoded from 128kbps MP3",44100,16145,22050,21.4
/home/adam/driveBig/Music/New unformated songs/King Gizzard & The Lizard Wizard - Oddments (2014) [FLAC] [16B-44100kHz]/04. King Gizzard & The Lizard Wizard - It's Got Old.flac,SUSPECT,"hard cutoff at ~16721Hz, steep 28.8dB/kHz -> likely transcoded from 128kbps MP3",44100,16721,22050,28.8
/home/adam/driveBig/Music/New unformated songs/King Gizzard & The Lizard Wizard - Oddments (2014) [FLAC] [16B-44100kHz]/05. King Gizzard & The Lizard Wizard - Work This Time.flac,SUSPECT,"hard cutoff at ~16231Hz, steep 19.3dB/kHz -> likely transcoded from 128kbps MP3",44100,16231,22050,19.3
/home/adam/driveBig/Music/New unformated songs/King Gizzard & The Lizard Wizard - Oddments (2014) [FLAC] [16B-44100kHz]/06. King Gizzard & The Lizard Wizard - ABABCd.flac,SUSPECT,"hard cutoff at ~16785Hz, steep 29.0dB/kHz -> likely transcoded from 128kbps MP3",44100,16785,22050,29
/home/adam/driveBig/Music/New unformated songs/King Gizzard & The Lizard Wizard - Oddments (2014) [FLAC] [16B-44100kHz]/07. King Gizzard & The Lizard Wizard - Sleepwalker.flac,GRADUAL_ROLLOFF,"rolloff at ~15477Hz but gentle (11.7dB/kHz) - could be an old master/analog source, not necessarily transcoded",44100,15477,22050,11.7
/home/adam/driveBig/Music/New unformated songs/King Gizzard & The Lizard Wizard - Oddments (2014) [FLAC] [16B-44100kHz]/08. King Gizzard & The Lizard Wizard - Hot Wax.flac,SUSPECT,"hard cutoff at ~16543Hz, steep 22.1dB/kHz -> likely transcoded from 128kbps MP3",44100,16543,22050,22.1
/home/adam/driveBig/Music/New unformated songs/King Gizzard & The Lizard Wizard - Oddments (2014) [FLAC] [16B-44100kHz]/09. King Gizzard & The Lizard Wizard - Crying.flac,SUSPECT,"hard cutoff at ~16602Hz, steep 24.8dB/kHz -> likely transcoded from 128kbps MP3",44100,16602,22050,24.8
/home/adam/driveBig/Music/New unformated songs/King Gizzard & The Lizard Wizard - Oddments (2014) [FLAC] [16B-44100kHz]/10. King Gizzard & The Lizard Wizard - Pipe-Dream.flac,SUSPECT,"hard cutoff at ~16209Hz, steep 19.4dB/kHz -> likely transcoded from 128kbps MP3",44100,16209,22050,19.4
/home/adam/driveBig/Music/New unformated songs/King Gizzard & The Lizard Wizard - Oddments (2014) [FLAC] [16B-44100kHz]/11. King Gizzard & The Lizard Wizard - Homeless Man In Addidas.flac,SUSPECT,"hard cutoff at ~16446Hz, steep 23.3dB/kHz -> likely transcoded from 128kbps MP3",44100,16446,22050,23.3
/home/adam/driveBig/Music/New unformated songs/King Gizzard & The Lizard Wizard - Oddments (2014) [FLAC] [16B-44100kHz]/12. King Gizzard & The Lizard Wizard - Oddments.flac,SUSPECT,"hard cutoff at ~16538Hz, steep 25.2dB/kHz -> likely transcoded from 128kbps MP3",44100,16538,22050,25.2
/home/adam/driveBig/Music/New unformated songs/Kinoko Teikoku - eureka (2013) [FLAC] [16B-44100kHz]/01. Kinoko Teikoku - Yodaka.flac,SUSPECT,"hard cutoff at ~16548Hz, steep 19.6dB/kHz -> likely transcoded from 128kbps MP3",44100,16548,22050,19.6
/home/adam/driveBig/Music/New unformated songs/Kinoko Teikoku - eureka (2013) [FLAC] [16B-44100kHz]/02. Kinoko Teikoku - Heikousekai.flac,SUSPECT,"hard cutoff at ~16629Hz, steep 26.2dB/kHz -> likely transcoded from 128kbps MP3",44100,16629,22050,26.2
/home/adam/driveBig/Music/New unformated songs/Kinoko Teikoku - eureka (2013) [FLAC] [16B-44100kHz]/03. Kinoko Teikoku - Harutoshura.flac,SUSPECT,"hard cutoff at ~16478Hz, steep 21.3dB/kHz -> likely transcoded from 128kbps MP3",44100,16478,22050,21.3
/home/adam/driveBig/Music/New unformated songs/Kinoko Teikoku - eureka (2013) [FLAC] [16B-44100kHz]/04. Kinoko Teikoku - Kokudouslope.flac,SUSPECT,"hard cutoff at ~16317Hz, steep 19.1dB/kHz -> likely transcoded from 128kbps MP3",44100,16317,22050,19.1
/home/adam/driveBig/Music/New unformated songs/Kinoko Teikoku - eureka (2013) [FLAC] [16B-44100kHz]/05. Kinoko Teikoku - Eureka.flac,SUSPECT,"hard cutoff at ~16548Hz, steep 19.2dB/kHz -> likely transcoded from 128kbps MP3",44100,16548,22050,19.2
/home/adam/driveBig/Music/New unformated songs/Kinoko Teikoku - eureka (2013) [FLAC] [16B-44100kHz]/06. Kinoko Teikoku - Fuukasurukyoushitu.flac,SUSPECT,"hard cutoff at ~16688Hz, steep 27.1dB/kHz -> likely transcoded from 128kbps MP3",44100,16688,22050,27.1
/home/adam/driveBig/Music/New unformated songs/Kinoko Teikoku - eureka (2013) [FLAC] [16B-44100kHz]/07. Kinoko Teikoku - Another Word.flac,SUSPECT,"hard cutoff at ~16527Hz, steep 20.7dB/kHz -> likely transcoded from 128kbps MP3",44100,16527,22050,20.7
/home/adam/driveBig/Music/New unformated songs/Kinoko Teikoku - eureka (2013) [FLAC] [16B-44100kHz]/08. Kinoko Teikoku - Musician.flac,SUSPECT,"hard cutoff at ~16629Hz, steep 22.4dB/kHz -> likely transcoded from 128kbps MP3",44100,16629,22050,22.4
/home/adam/driveBig/Music/New unformated songs/Kinoko Teikoku - eureka (2013) [FLAC] [16B-44100kHz]/09. Kinoko Teikoku - Ashitanihasubetegaowarutoshite.flac,SUSPECT,"hard cutoff at ~16031Hz, steep 15.8dB/kHz -> likely transcoded from 128kbps MP3",44100,16031,22050,15.8
/home/adam/driveBig/Music/New unformated songs/Kinoko Teikoku - Fake World Wonderland (2014) [FLAC] [16B-44100kHz]/01. Kinoko Teikoku - Tokyo.flac,SUSPECT,"hard cutoff at ~16823Hz, steep 26.5dB/kHz -> likely transcoded from 128kbps MP3",44100,16823,22050,26.5
/home/adam/driveBig/Music/New unformated songs/Kinoko Teikoku - Fake World Wonderland (2014) [FLAC] [16B-44100kHz]/02. Kinoko Teikoku - Chronostasis.flac,SUSPECT,"hard cutoff at ~16538Hz, steep 19.3dB/kHz -> likely transcoded from 128kbps MP3",44100,16538,22050,19.3
/home/adam/driveBig/Music/New unformated songs/Kinoko Teikoku - Fake World Wonderland (2014) [FLAC] [16B-44100kHz]/03. Kinoko Teikoku - Virgin Suicide.flac,SUSPECT,"hard cutoff at ~16484Hz, steep 17.5dB/kHz -> likely transcoded from 128kbps MP3",44100,16484,22050,17.5
/home/adam/driveBig/Music/New unformated songs/Kinoko Teikoku - Fake World Wonderland (2014) [FLAC] [16B-44100kHz]/04. Kinoko Teikoku - You Outside My Window.flac,SUSPECT,"hard cutoff at ~16058Hz, steep 18.9dB/kHz -> likely transcoded from 128kbps MP3",44100,16058,22050,18.9
/home/adam/driveBig/Music/New unformated songs/Kinoko Teikoku - Fake World Wonderland (2014) [FLAC] [16B-44100kHz]/05. Kinoko Teikoku - Unknown Planet.flac,SUSPECT,"hard cutoff at ~16640Hz, steep 25.8dB/kHz -> likely transcoded from 128kbps MP3",44100,16640,22050,25.8
/home/adam/driveBig/Music/New unformated songs/Kinoko Teikoku - Fake World Wonderland (2014) [FLAC] [16B-44100kHz]/06. Kinoko Teikoku - Aruyue.flac,SUSPECT,"hard cutoff at ~16677Hz, steep 30.6dB/kHz -> likely transcoded from 128kbps MP3",44100,16677,22050,30.6
/home/adam/driveBig/Music/New unformated songs/Kinoko Teikoku - Fake World Wonderland (2014) [FLAC] [16B-44100kHz]/07. Kinoko Teikoku - 24.flac,SUSPECT,"hard cutoff at ~16586Hz, steep 18.8dB/kHz -> likely transcoded from 128kbps MP3",44100,16586,22050,18.8
/home/adam/driveBig/Music/New unformated songs/Kinoko Teikoku - Fake World Wonderland (2014) [FLAC] [16B-44100kHz]/08. Kinoko Teikoku - Fake World Wonderland.flac,SUSPECT,"hard cutoff at ~16834Hz, steep 35.5dB/kHz -> likely transcoded from 128kbps MP3",44100,16834,22050,35.5
/home/adam/driveBig/Music/New unformated songs/Kinoko Teikoku - Fake World Wonderland (2014) [FLAC] [16B-44100kHz]/09. Kinoko Teikoku - Last Day.flac,SUSPECT,"hard cutoff at ~16489Hz, steep 17.7dB/kHz -> likely transcoded from 128kbps MP3",44100,16489,22050,17.7
/home/adam/driveBig/Music/New unformated songs/Kinoko Teikoku - Fake World Wonderland (2014) [FLAC] [16B-44100kHz]/10. Kinoko Teikoku - Shissou.flac,SUSPECT,"hard cutoff at ~16532Hz, steep 20.5dB/kHz -> likely transcoded from 128kbps MP3",44100,16532,22050,20.5
/home/adam/driveBig/Music/New unformated songs/Kinoko Teikoku - Fake World Wonderland (2014) [FLAC] [16B-44100kHz]/11. Kinoko Teikoku - Telepathy  Overdrive.flac,SUSPECT,"hard cutoff at ~16661Hz, steep 26.2dB/kHz -> likely transcoded from 128kbps MP3",44100,16661,22050,26.2
/home/adam/driveBig/Music/New unformated songs/Kiss Her You Fool - Kids That Fly.flac,GRADUAL_ROLLOFF,"rolloff at ~18718Hz but gentle (4.0dB/kHz) - could be an old master/analog source, not necessarily transcoded",44100,18718,22050,4
/home/adam/driveBig/Music/New unformated songs/Limp Bizkit - Significant Other (2008) [FLAC] [16B-44100kHz]/01. Limp Bizkit - Intro (Explicit).flac,SUSPECT,"hard cutoff at ~16721Hz, steep 24.6dB/kHz -> likely transcoded from 128kbps MP3",44100,16721,22050,24.6
/home/adam/driveBig/Music/New unformated songs/Limp Bizkit - Significant Other (2008) [FLAC] [16B-44100kHz]/02. Limp Bizkit - Just Like This.flac,SUSPECT,"hard cutoff at ~16721Hz, steep 28.7dB/kHz -> likely transcoded from 128kbps MP3",44100,16721,22050,28.7
/home/adam/driveBig/Music/New unformated songs/Limp Bizkit - Significant Other (2008) [FLAC] [16B-44100kHz]/03. Limp Bizkit - Nookie (Explicit).flac,SUSPECT,"hard cutoff at ~16758Hz, steep 27.9dB/kHz -> likely transcoded from 128kbps MP3",44100,16758,22050,27.9
/home/adam/driveBig/Music/New unformated songs/Limp Bizkit - Significant Other (2008) [FLAC] [16B-44100kHz]/04. Limp Bizkit - Break Stuff (Explicit).flac,SUSPECT,"hard cutoff at ~16715Hz, steep 29.6dB/kHz -> likely transcoded from 128kbps MP3",44100,16715,22050,29.6
/home/adam/driveBig/Music/New unformated songs/Limp Bizkit - Significant Other (2008) [FLAC] [16B-44100kHz]/05. Limp Bizkit - Re-Arranged (Explicit).flac,SUSPECT,"hard cutoff at ~16699Hz, steep 26.8dB/kHz -> likely transcoded from 128kbps MP3",44100,16699,22050,26.8
/home/adam/driveBig/Music/New unformated songs/Limp Bizkit - Significant Other (2008) [FLAC] [16B-44100kHz]/06. Limp Bizkit - I'm Broke (Explicit).flac,SUSPECT,"hard cutoff at ~16618Hz, steep 23.8dB/kHz -> likely transcoded from 128kbps MP3",44100,16618,22050,23.8
/home/adam/driveBig/Music/New unformated songs/Limp Bizkit - Significant Other (2008) [FLAC] [16B-44100kHz]/07. Limp Bizkit - Nobody Like You (Explicit).flac,SUSPECT,"hard cutoff at ~16613Hz, steep 25.2dB/kHz -> likely transcoded from 128kbps MP3",44100,16613,22050,25.2
/home/adam/driveBig/Music/New unformated songs/Limp Bizkit - Significant Other (2008) [FLAC] [16B-44100kHz]/08. Limp Bizkit - Don't Go Off Wandering.flac,SUSPECT,"hard cutoff at ~16559Hz, steep 26.6dB/kHz -> likely transcoded from 128kbps MP3",44100,16559,22050,26.6
/home/adam/driveBig/Music/New unformated songs/Limp Bizkit - Significant Other (2008) [FLAC] [16B-44100kHz]/09. Limp Bizkit - 9 Teen 90 Nine (Explicit).flac,SUSPECT,"hard cutoff at ~16721Hz, steep 28.8dB/kHz -> likely transcoded from 128kbps MP3",44100,16721,22050,28.8
/home/adam/driveBig/Music/New unformated songs/Limp Bizkit - Significant Other (2008) [FLAC] [16B-44100kHz]/10. Limp Bizkit - N 2 Gether Now (Explicit).flac,SUSPECT,"hard cutoff at ~16677Hz, steep 28.5dB/kHz -> likely transcoded from 128kbps MP3",44100,16677,22050,28.5
/home/adam/driveBig/Music/New unformated songs/Limp Bizkit - Significant Other (2008) [FLAC] [16B-44100kHz]/11. Limp Bizkit - Trust (Explicit).flac,SUSPECT,"hard cutoff at ~16677Hz, steep 25.5dB/kHz -> likely transcoded from 128kbps MP3",44100,16677,22050,25.5
/home/adam/driveBig/Music/New unformated songs/Limp Bizkit - Significant Other (2008) [FLAC] [16B-44100kHz]/12. Limp Bizkit - No Sex (Explicit).flac,SUSPECT,"hard cutoff at ~16661Hz, steep 25.9dB/kHz -> likely transcoded from 128kbps MP3",44100,16661,22050,25.9
/home/adam/driveBig/Music/New unformated songs/Limp Bizkit - Significant Other (2008) [FLAC] [16B-44100kHz]/13. Limp Bizkit - Show Me What You Got (Explicit).flac,SUSPECT,"hard cutoff at ~16731Hz, steep 28.5dB/kHz -> likely transcoded from 128kbps MP3",44100,16731,22050,28.5
/home/adam/driveBig/Music/New unformated songs/Limp Bizkit - Significant Other (2008) [FLAC] [16B-44100kHz]/14. Limp Bizkit - A Lesson Learned.flac,SUSPECT,"hard cutoff at ~16591Hz, steep 21.8dB/kHz -> likely transcoded from 128kbps MP3",44100,16591,22050,21.8
/home/adam/driveBig/Music/New unformated songs/Limp Bizkit - Significant Other (2008) [FLAC] [16B-44100kHz]/15. Limp Bizkit - Outro (Explicit).flac,SUSPECT,"hard cutoff at ~16796Hz, steep 28.2dB/kHz -> likely transcoded from 128kbps MP3",44100,16796,22050,28.2
/home/adam/driveBig/Music/New unformated songs/Limp Bizkit - Significant Other (2008) [FLAC] [16B-44100kHz]/16. Limp Bizkit - Rant (Matt Pinfield) (Explicit).flac,SUSPECT,"hard cutoff at ~16904Hz, steep 37.0dB/kHz -> likely transcoded from 128kbps MP3",44100,16904,22050,37
/home/adam/driveBig/Music/New unformated songs/Linkin Park - From Zero (2024) [FLAC] [16B-44100kHz]/01. Linkin Park - From Zero (Intro).flac,SUSPECT,"hard cutoff at ~16785Hz, steep 25.5dB/kHz -> likely transcoded from 128kbps MP3",44100,16785,22050,25.5
/home/adam/driveBig/Music/New unformated songs/Linkin Park - From Zero (2024) [FLAC] [16B-44100kHz]/02. Linkin Park - The Emptiness Machine (Explicit).flac,SUSPECT,"hard cutoff at ~16683Hz, steep 24.9dB/kHz -> likely transcoded from 128kbps MP3",44100,16683,22050,24.9
/home/adam/driveBig/Music/New unformated songs/Linkin Park - From Zero (2024) [FLAC] [16B-44100kHz]/03. Linkin Park - Cut the Bridge.flac,SUSPECT,"hard cutoff at ~16521Hz, steep 18.6dB/kHz -> likely transcoded from 128kbps MP3",44100,16521,22050,18.6
/home/adam/driveBig/Music/New unformated songs/Linkin Park - From Zero (2024) [FLAC] [16B-44100kHz]/04. Linkin Park - Heavy Is the Crown.flac,SUSPECT,"hard cutoff at ~16586Hz, steep 19.9dB/kHz -> likely transcoded from 128kbps MP3",44100,16586,22050,19.9
/home/adam/driveBig/Music/New unformated songs/Linkin Park - From Zero (2024) [FLAC] [16B-44100kHz]/05. Linkin Park - Over Each Other.flac,SUSPECT,"hard cutoff at ~16640Hz, steep 23.7dB/kHz -> likely transcoded from 128kbps MP3",44100,16640,22050,23.7
/home/adam/driveBig/Music/New unformated songs/Linkin Park - From Zero (2024) [FLAC] [16B-44100kHz]/06. Linkin Park - Casualty.flac,SUSPECT,"hard cutoff at ~16494Hz, steep 17.2dB/kHz -> likely transcoded from 128kbps MP3",44100,16494,22050,17.2
/home/adam/driveBig/Music/New unformated songs/Linkin Park - From Zero (2024) [FLAC] [16B-44100kHz]/07. Linkin Park - Overflow.flac,SUSPECT,"hard cutoff at ~16570Hz, steep 18.4dB/kHz -> likely transcoded from 128kbps MP3",44100,16570,22050,18.4
/home/adam/driveBig/Music/New unformated songs/Linkin Park - From Zero (2024) [FLAC] [16B-44100kHz]/08. Linkin Park - Two Faced.flac,SUSPECT,"hard cutoff at ~16704Hz, steep 26.3dB/kHz -> likely transcoded from 128kbps MP3",44100,16704,22050,26.3
/home/adam/driveBig/Music/New unformated songs/Linkin Park - From Zero (2024) [FLAC] [16B-44100kHz]/09. Linkin Park - Stained.flac,SUSPECT,"hard cutoff at ~16624Hz, steep 21.5dB/kHz -> likely transcoded from 128kbps MP3",44100,16624,22050,21.5
/home/adam/driveBig/Music/New unformated songs/Linkin Park - From Zero (2024) [FLAC] [16B-44100kHz]/10. Linkin Park - IGYEIH.flac,SUSPECT,"hard cutoff at ~16726Hz, steep 27.6dB/kHz -> likely transcoded from 128kbps MP3",44100,16726,22050,27.6
/home/adam/driveBig/Music/New unformated songs/Linkin Park - From Zero (2024) [FLAC] [16B-44100kHz]/11. Linkin Park - Good Things Go (Explicit).flac,SUSPECT,"hard cutoff at ~16554Hz, steep 21.5dB/kHz -> likely transcoded from 128kbps MP3",44100,16554,22050,21.5
/home/adam/driveBig/Music/New unformated songs/Linkin Park - Hybrid Theory (Bonus Edition) (2000) [FLAC] [16B-44100kHz]/01. Linkin Park - Papercut.flac,SUSPECT,"hard cutoff at ~16737Hz, steep 34.1dB/kHz -> likely transcoded from 128kbps MP3",44100,16737,22050,34.1
/home/adam/driveBig/Music/New unformated songs/Linkin Park - Hybrid Theory (Bonus Edition) (2000) [FLAC] [16B-44100kHz]/02. Linkin Park - One Step Closer.flac,SUSPECT,"hard cutoff at ~16667Hz, steep 26.3dB/kHz -> likely transcoded from 128kbps MP3",44100,16667,22050,26.3
/home/adam/driveBig/Music/New unformated songs/Linkin Park - Hybrid Theory (Bonus Edition) (2000) [FLAC] [16B-44100kHz]/03. Linkin Park - With You.flac,SUSPECT,"hard cutoff at ~16704Hz, steep 24.7dB/kHz -> likely transcoded from 128kbps MP3",44100,16704,22050,24.7
/home/adam/driveBig/Music/New unformated songs/Linkin Park - Hybrid Theory (Bonus Edition) (2000) [FLAC] [16B-44100kHz]/04. Linkin Park - Points of Authority.flac,SUSPECT,"hard cutoff at ~16683Hz, steep 31.1dB/kHz -> likely transcoded from 128kbps MP3",44100,16683,22050,31.1
/home/adam/driveBig/Music/New unformated songs/Linkin Park - Hybrid Theory (Bonus Edition) (2000) [FLAC] [16B-44100kHz]/05. Linkin Park - Crawling.flac,SUSPECT,"hard cutoff at ~16683Hz, steep 28.5dB/kHz -> likely transcoded from 128kbps MP3",44100,16683,22050,28.5
/home/adam/driveBig/Music/New unformated songs/Linkin Park - Hybrid Theory (Bonus Edition) (2000) [FLAC] [16B-44100kHz]/06. Linkin Park - Runaway.flac,SUSPECT,"hard cutoff at ~16677Hz, steep 28.2dB/kHz -> likely transcoded from 128kbps MP3",44100,16677,22050,28.2
/home/adam/driveBig/Music/New unformated songs/Linkin Park - Hybrid Theory (Bonus Edition) (2000) [FLAC] [16B-44100kHz]/07. Linkin Park - By Myself.flac,SUSPECT,"hard cutoff at ~16715Hz, steep 31.8dB/kHz -> likely transcoded from 128kbps MP3",44100,16715,22050,31.8
/home/adam/driveBig/Music/New unformated songs/Linkin Park - Hybrid Theory (Bonus Edition) (2000) [FLAC] [16B-44100kHz]/08. Linkin Park - In the End.flac,SUSPECT,"hard cutoff at ~16742Hz, steep 26.9dB/kHz -> likely transcoded from 128kbps MP3",44100,16742,22050,26.9
/home/adam/driveBig/Music/New unformated songs/Linkin Park - Hybrid Theory (Bonus Edition) (2000) [FLAC] [16B-44100kHz]/09. Linkin Park - A Place for My Head.flac,SUSPECT,"hard cutoff at ~16661Hz, steep 26.2dB/kHz -> likely transcoded from 128kbps MP3",44100,16661,22050,26.2
/home/adam/driveBig/Music/New unformated songs/Linkin Park - Hybrid Theory (Bonus Edition) (2000) [FLAC] [16B-44100kHz]/10. Linkin Park - Forgotten.flac,SUSPECT,"hard cutoff at ~16715Hz, steep 30.0dB/kHz -> likely transcoded from 128kbps MP3",44100,16715,22050,30
/home/adam/driveBig/Music/New unformated songs/Linkin Park - Hybrid Theory (Bonus Edition) (2000) [FLAC] [16B-44100kHz]/11. Linkin Park - Cure for the Itch.flac,SUSPECT,"hard cutoff at ~16672Hz, steep 27.2dB/kHz -> likely transcoded from 128kbps MP3",44100,16672,22050,27.2
/home/adam/driveBig/Music/New unformated songs/Linkin Park - Hybrid Theory (Bonus Edition) (2000) [FLAC] [16B-44100kHz]/12. Linkin Park - Pushing Me Away.flac,SUSPECT,"hard cutoff at ~16796Hz, steep 27.0dB/kHz -> likely transcoded from 128kbps MP3",44100,16796,22050,27
/home/adam/driveBig/Music/New unformated songs/Linkin Park - Hybrid Theory (Bonus Edition) (2000) [FLAC] [16B-44100kHz]/13. Linkin Park - My December.flac,SUSPECT,"hard cutoff at ~16721Hz, steep 26.8dB/kHz -> likely transcoded from 128kbps MP3",44100,16721,22050,26.8
/home/adam/driveBig/Music/New unformated songs/Linkin Park - Hybrid Theory (Bonus Edition) (2000) [FLAC] [16B-44100kHz]/14. Linkin Park - High Voltage.flac,SUSPECT,"hard cutoff at ~16527Hz, steep 22.2dB/kHz -> likely transcoded from 128kbps MP3",44100,16527,22050,22.2
/home/adam/driveBig/Music/New unformated songs/Linkin Park - Hybrid Theory (Bonus Edition) (2000) [FLAC] [16B-44100kHz]/15. Linkin Park - Papercut (Live at BBC1).flac,SUSPECT,"hard cutoff at ~16629Hz, steep 24.8dB/kHz -> likely transcoded from 128kbps MP3",44100,16629,22050,24.8
/home/adam/driveBig/Music/New unformated songs/Linkin Park - LIVING THINGS (2012) [FLAC] [16B-44100kHz]/01. Linkin Park - LOST IN THE ECHO.flac,SUSPECT,"hard cutoff at ~16613Hz, steep 24.3dB/kHz -> likely transcoded from 128kbps MP3",44100,16613,22050,24.3
/home/adam/driveBig/Music/New unformated songs/Linkin Park - LIVING THINGS (2012) [FLAC] [16B-44100kHz]/02. Linkin Park - IN MY REMAINS.flac,SUSPECT,"hard cutoff at ~16721Hz, steep 29.6dB/kHz -> likely transcoded from 128kbps MP3",44100,16721,22050,29.6
/home/adam/driveBig/Music/New unformated songs/Linkin Park - LIVING THINGS (2012) [FLAC] [16B-44100kHz]/03. Linkin Park - BURN IT DOWN.flac,SUSPECT,"hard cutoff at ~16715Hz, steep 28.1dB/kHz -> likely transcoded from 128kbps MP3",44100,16715,22050,28.1
/home/adam/driveBig/Music/New unformated songs/Linkin Park - LIVING THINGS (2012) [FLAC] [16B-44100kHz]/04. Linkin Park - LIES GREED MISERY.flac,SUSPECT,"hard cutoff at ~16688Hz, steep 25.1dB/kHz -> likely transcoded from 128kbps MP3",44100,16688,22050,25.1
/home/adam/driveBig/Music/New unformated songs/Linkin Park - LIVING THINGS (2012) [FLAC] [16B-44100kHz]/05. Linkin Park - I'LL BE GONE.flac,SUSPECT,"hard cutoff at ~16661Hz, steep 28.3dB/kHz -> likely transcoded from 128kbps MP3",44100,16661,22050,28.3
/home/adam/driveBig/Music/New unformated songs/Linkin Park - LIVING THINGS (2012) [FLAC] [16B-44100kHz]/06. Linkin Park - CASTLE OF GLASS.flac,SUSPECT,"hard cutoff at ~16645Hz, steep 25.2dB/kHz -> likely transcoded from 128kbps MP3",44100,16645,22050,25.2
/home/adam/driveBig/Music/New unformated songs/Linkin Park - LIVING THINGS (2012) [FLAC] [16B-44100kHz]/07. Linkin Park - VICTIMIZED.flac,SUSPECT,"hard cutoff at ~16667Hz, steep 23.4dB/kHz -> likely transcoded from 128kbps MP3",44100,16667,22050,23.4
/home/adam/driveBig/Music/New unformated songs/Linkin Park - LIVING THINGS (2012) [FLAC] [16B-44100kHz]/08. Linkin Park - ROADS UNTRAVELED.flac,SUSPECT,"hard cutoff at ~16758Hz, steep 29.5dB/kHz -> likely transcoded from 128kbps MP3",44100,16758,22050,29.5
/home/adam/driveBig/Music/New unformated songs/Linkin Park - LIVING THINGS (2012) [FLAC] [16B-44100kHz]/09. Linkin Park - SKIN TO BONE.flac,SUSPECT,"hard cutoff at ~16613Hz, steep 28.2dB/kHz -> likely transcoded from 128kbps MP3",44100,16613,22050,28.2
/home/adam/driveBig/Music/New unformated songs/Linkin Park - LIVING THINGS (2012) [FLAC] [16B-44100kHz]/10. Linkin Park - UNTIL IT BREAKS.flac,SUSPECT,"hard cutoff at ~16597Hz, steep 26.2dB/kHz -> likely transcoded from 128kbps MP3",44100,16597,22050,26.2
/home/adam/driveBig/Music/New unformated songs/Linkin Park - LIVING THINGS (2012) [FLAC] [16B-44100kHz]/11. Linkin Park - TINFOIL.flac,SUSPECT,"hard cutoff at ~16505Hz, steep 24.1dB/kHz -> likely transcoded from 128kbps MP3",44100,16505,22050,24.1
/home/adam/driveBig/Music/New unformated songs/Linkin Park - LIVING THINGS (2012) [FLAC] [16B-44100kHz]/12. Linkin Park - POWERLESS.flac,SUSPECT,"hard cutoff at ~16677Hz, steep 31.1dB/kHz -> likely transcoded from 128kbps MP3",44100,16677,22050,31.1
/home/adam/driveBig/Music/New unformated songs/Linkin Park - Minutes to Midnight (2007) [FLAC] [16B-44100kHz]/01. Linkin Park - Wake.flac,SUSPECT,"hard cutoff at ~16737Hz, steep 28.3dB/kHz -> likely transcoded from 128kbps MP3",44100,16737,22050,28.3
/home/adam/driveBig/Music/New unformated songs/Linkin Park - Minutes to Midnight (2007) [FLAC] [16B-44100kHz]/02. Linkin Park - Given Up (Explicit).flac,SUSPECT,"hard cutoff at ~16747Hz, steep 31.7dB/kHz -> likely transcoded from 128kbps MP3",44100,16747,22050,31.7
/home/adam/driveBig/Music/New unformated songs/Linkin Park - Minutes to Midnight (2007) [FLAC] [16B-44100kHz]/03. Linkin Park - Leave Out All The Rest.flac,SUSPECT,"hard cutoff at ~16699Hz, steep 30.4dB/kHz -> likely transcoded from 128kbps MP3",44100,16699,22050,30.4
/home/adam/driveBig/Music/New unformated songs/Linkin Park - Minutes to Midnight (2007) [FLAC] [16B-44100kHz]/04. Linkin Park - Bleed It Out (Explicit).flac,SUSPECT,"hard cutoff at ~16478Hz, steep 23.8dB/kHz -> likely transcoded from 128kbps MP3",44100,16478,22050,23.8
/home/adam/driveBig/Music/New unformated songs/Linkin Park - Minutes to Midnight (2007) [FLAC] [16B-44100kHz]/05. Linkin Park - Shadow of the Day.flac,SUSPECT,"hard cutoff at ~16607Hz, steep 23.6dB/kHz -> likely transcoded from 128kbps MP3",44100,16607,22050,23.6
/home/adam/driveBig/Music/New unformated songs/Linkin Park - Minutes to Midnight (2007) [FLAC] [16B-44100kHz]/06. Linkin Park - What I've Done.flac,SUSPECT,"hard cutoff at ~16607Hz, steep 24.3dB/kHz -> likely transcoded from 128kbps MP3",44100,16607,22050,24.3
/home/adam/driveBig/Music/New unformated songs/Linkin Park - Minutes to Midnight (2007) [FLAC] [16B-44100kHz]/07. Linkin Park - Hands Held High (Explicit).flac,SUSPECT,"hard cutoff at ~16656Hz, steep 27.9dB/kHz -> likely transcoded from 128kbps MP3",44100,16656,22050,27.9
/home/adam/driveBig/Music/New unformated songs/Linkin Park - Minutes to Midnight (2007) [FLAC] [16B-44100kHz]/08. Linkin Park - No More Sorrow.flac,SUSPECT,"hard cutoff at ~16548Hz, steep 27.1dB/kHz -> likely transcoded from 128kbps MP3",44100,16548,22050,27.1
/home/adam/driveBig/Music/New unformated songs/Linkin Park - Minutes to Midnight (2007) [FLAC] [16B-44100kHz]/09. Linkin Park - Valentine's Day.flac,SUSPECT,"hard cutoff at ~16672Hz, steep 25.2dB/kHz -> likely transcoded from 128kbps MP3",44100,16672,22050,25.2
/home/adam/driveBig/Music/New unformated songs/Linkin Park - Minutes to Midnight (2007) [FLAC] [16B-44100kHz]/10. Linkin Park - In Between.flac,SUSPECT,"hard cutoff at ~16570Hz, steep 20.3dB/kHz -> likely transcoded from 128kbps MP3",44100,16570,22050,20.3
/home/adam/driveBig/Music/New unformated songs/Linkin Park - Minutes to Midnight (2007) [FLAC] [16B-44100kHz]/11. Linkin Park - In Pieces.flac,SUSPECT,"hard cutoff at ~16715Hz, steep 29.5dB/kHz -> likely transcoded from 128kbps MP3",44100,16715,22050,29.5
/home/adam/driveBig/Music/New unformated songs/Linkin Park - Minutes to Midnight (2007) [FLAC] [16B-44100kHz]/12. Linkin Park - The Little Things Give You Away.flac,SUSPECT,"hard cutoff at ~16667Hz, steep 23.2dB/kHz -> likely transcoded from 128kbps MP3",44100,16667,22050,23.2
/home/adam/driveBig/Music/New unformated songs/LIVE - Throwing Copper (1994) [FLAC] [16B-44100kHz]/Disc 1/01. LIVE - The Dam At Otter Creek.flac,SUSPECT,"hard cutoff at ~16570Hz, steep 25.2dB/kHz -> likely transcoded from 128kbps MP3",44100,16570,22050,25.2
/home/adam/driveBig/Music/New unformated songs/LIVE - Throwing Copper (1994) [FLAC] [16B-44100kHz]/Disc 1/02. LIVE - Selling The Drama.flac,SUSPECT,"hard cutoff at ~16564Hz, steep 23.3dB/kHz -> likely transcoded from 128kbps MP3",44100,16564,22050,23.3
/home/adam/driveBig/Music/New unformated songs/LIVE - Throwing Copper (1994) [FLAC] [16B-44100kHz]/Disc 1/03. LIVE - I Alone.flac,SUSPECT,"hard cutoff at ~16672Hz, steep 26.5dB/kHz -> likely transcoded from 128kbps MP3",44100,16672,22050,26.5
/home/adam/driveBig/Music/New unformated songs/LIVE - Throwing Copper (1994) [FLAC] [16B-44100kHz]/Disc 1/04. LIVE - Iris.flac,SUSPECT,"hard cutoff at ~16634Hz, steep 24.5dB/kHz -> likely transcoded from 128kbps MP3",44100,16634,22050,24.5
/home/adam/driveBig/Music/New unformated songs/LIVE - Throwing Copper (1994) [FLAC] [16B-44100kHz]/Disc 1/05. LIVE - Lightning Crashes.flac,SUSPECT,"hard cutoff at ~16548Hz, steep 20.2dB/kHz -> likely transcoded from 128kbps MP3",44100,16548,22050,20.2
/home/adam/driveBig/Music/New unformated songs/LIVE - Throwing Copper (1994) [FLAC] [16B-44100kHz]/Disc 1/06. LIVE - Top.flac,SUSPECT,"hard cutoff at ~16597Hz, steep 24.6dB/kHz -> likely transcoded from 128kbps MP3",44100,16597,22050,24.6
/home/adam/driveBig/Music/New unformated songs/LIVE - Throwing Copper (1994) [FLAC] [16B-44100kHz]/Disc 1/07. LIVE - All Over You.flac,SUSPECT,"hard cutoff at ~16532Hz, steep 22.9dB/kHz -> likely transcoded from 128kbps MP3",44100,16532,22050,22.9
/home/adam/driveBig/Music/New unformated songs/LIVE - Throwing Copper (1994) [FLAC] [16B-44100kHz]/Disc 1/08. LIVE - Shit Towne (Explicit).flac,SUSPECT,"hard cutoff at ~16715Hz, steep 29.4dB/kHz -> likely transcoded from 128kbps MP3",44100,16715,22050,29.4
/home/adam/driveBig/Music/New unformated songs/LIVE - Throwing Copper (1994) [FLAC] [16B-44100kHz]/Disc 1/09. LIVE - T.B.D.flac,SUSPECT,"hard cutoff at ~16715Hz, steep 24.6dB/kHz -> likely transcoded from 128kbps MP3",44100,16715,22050,24.6
/home/adam/driveBig/Music/New unformated songs/LIVE - Throwing Copper (1994) [FLAC] [16B-44100kHz]/Disc 1/10. LIVE - Stage.flac,SUSPECT,"hard cutoff at ~16069Hz, steep 18.9dB/kHz -> likely transcoded from 128kbps MP3",44100,16069,22050,18.9
/home/adam/driveBig/Music/New unformated songs/LIVE - Throwing Copper (1994) [FLAC] [16B-44100kHz]/Disc 1/11. LIVE - Waitress.flac,SUSPECT,"hard cutoff at ~16710Hz, steep 28.5dB/kHz -> likely transcoded from 128kbps MP3",44100,16710,22050,28.5
/home/adam/driveBig/Music/New unformated songs/LIVE - Throwing Copper (1994) [FLAC] [16B-44100kHz]/Disc 1/12. LIVE - Pillar Of Davidson.flac,SUSPECT,"hard cutoff at ~16683Hz, steep 24.4dB/kHz -> likely transcoded from 128kbps MP3",44100,16683,22050,24.4
"/home/adam/driveBig/Music/New unformated songs/LIVE - Throwing Copper (1994) [FLAC] [16B-44100kHz]/Disc 1/13. LIVE - White, Discussion.flac",SUSPECT,"hard cutoff at ~16645Hz, steep 27.6dB/kHz -> likely transcoded from 128kbps MP3",44100,16645,22050,27.6
/home/adam/driveBig/Music/New unformated songs/LIVE - Throwing Copper (1994) [FLAC] [16B-44100kHz]/Disc 2/01. LIVE - Operation Spirit (The Tyranny Of Tradition).flac,SUSPECT,"hard cutoff at ~16785Hz, steep 31.1dB/kHz -> likely transcoded from 128kbps MP3",44100,16785,22050,31.1
/home/adam/driveBig/Music/New unformated songs/LIVE - Throwing Copper (1994) [FLAC] [16B-44100kHz]/Disc 2/02. LIVE - Good Pain.flac,SUSPECT,"hard cutoff at ~16677Hz, steep 28.9dB/kHz -> likely transcoded from 128kbps MP3",44100,16677,22050,28.9
/home/adam/driveBig/Music/New unformated songs/LIVE - Throwing Copper (1994) [FLAC] [16B-44100kHz]/Disc 2/03. LIVE - Heaven Wore A Shirt.flac,SUSPECT,"hard cutoff at ~16688Hz, steep 28.1dB/kHz -> likely transcoded from 128kbps MP3",44100,16688,22050,28.1
/home/adam/driveBig/Music/New unformated songs/LIVE - Throwing Copper (1994) [FLAC] [16B-44100kHz]/Disc 2/04. LIVE - Negation.flac,SUSPECT,"hard cutoff at ~16769Hz, steep 28.5dB/kHz -> likely transcoded from 128kbps MP3",44100,16769,22050,28.5
/home/adam/driveBig/Music/New unformated songs/Mad Season - Above (1995) [FLAC] [16B-44100kHz]/01. Mad Season - Wake Up.flac,SUSPECT,"hard cutoff at ~16645Hz, steep 20.4dB/kHz -> likely transcoded from 128kbps MP3",44100,16645,22050,20.4
/home/adam/driveBig/Music/New unformated songs/Mad Season - Above (1995) [FLAC] [16B-44100kHz]/02. Mad Season - X-Ray Mind.flac,SUSPECT,"hard cutoff at ~16683Hz, steep 25.7dB/kHz -> likely transcoded from 128kbps MP3",44100,16683,22050,25.7
/home/adam/driveBig/Music/New unformated songs/Mad Season - Above (1995) [FLAC] [16B-44100kHz]/03. Mad Season - River Of Deceit.flac,SUSPECT,"hard cutoff at ~16672Hz, steep 24.7dB/kHz -> likely transcoded from 128kbps MP3",44100,16672,22050,24.7
/home/adam/driveBig/Music/New unformated songs/Mad Season - Above (1995) [FLAC] [16B-44100kHz]/04. Mad Season - I'm Above.flac,SUSPECT,"hard cutoff at ~16661Hz, steep 22.8dB/kHz -> likely transcoded from 128kbps MP3",44100,16661,22050,22.8
/home/adam/driveBig/Music/New unformated songs/Mad Season - Above (1995) [FLAC] [16B-44100kHz]/05. Mad Season - Artificial Red.flac,SUSPECT,"hard cutoff at ~16791Hz, steep 33.4dB/kHz -> likely transcoded from 128kbps MP3",44100,16791,22050,33.4
/home/adam/driveBig/Music/New unformated songs/Mad Season - Above (1995) [FLAC] [16B-44100kHz]/06. Mad Season - Lifeless Dead.flac,SUSPECT,"hard cutoff at ~16710Hz, steep 28.1dB/kHz -> likely transcoded from 128kbps MP3",44100,16710,22050,28.1
/home/adam/driveBig/Music/New unformated songs/Mad Season - Above (1995) [FLAC] [16B-44100kHz]/07. Mad Season - I Don't Know Anything.flac,SUSPECT,"hard cutoff at ~16559Hz, steep 21.5dB/kHz -> likely transcoded from 128kbps MP3",44100,16559,22050,21.5
/home/adam/driveBig/Music/New unformated songs/Mad Season - Above (1995) [FLAC] [16B-44100kHz]/08. Mad Season - Long Gone Day.flac,SUSPECT,"hard cutoff at ~16688Hz, steep 26.5dB/kHz -> likely transcoded from 128kbps MP3",44100,16688,22050,26.5
/home/adam/driveBig/Music/New unformated songs/Mad Season - Above (1995) [FLAC] [16B-44100kHz]/09. Mad Season - November Hotel.flac,SUSPECT,"hard cutoff at ~16747Hz, steep 27.1dB/kHz -> likely transcoded from 128kbps MP3",44100,16747,22050,27.1
/home/adam/driveBig/Music/New unformated songs/Mad Season - Above (1995) [FLAC] [16B-44100kHz]/10. Mad Season - All Alone.flac,SUSPECT,"hard cutoff at ~16651Hz, steep 22.4dB/kHz -> likely transcoded from 128kbps MP3",44100,16651,22050,22.4
/home/adam/driveBig/Music/New unformated songs/Marcin Przybyłowicz - Cyberpunk 2077 - Original Score (2020) [FLAC] [16B-44100kHz]/Disc 1/01. Marcin Przybyłowicz - V.flac,SUSPECT,"hard cutoff at ~16607Hz, steep 23.4dB/kHz -> likely transcoded from 128kbps MP3",44100,16607,22050,23.4
/home/adam/driveBig/Music/New unformated songs/Marcin Przybyłowicz - Cyberpunk 2077 - Original Score (2020) [FLAC] [16B-44100kHz]/Disc 1/02. Paul Leonard-Morgan - Extraction Action.flac,SUSPECT,"hard cutoff at ~16414Hz, steep 18.0dB/kHz -> likely transcoded from 128kbps MP3",44100,16414,22050,18
/home/adam/driveBig/Music/New unformated songs/Marcin Przybyłowicz - Cyberpunk 2077 - Original Score (2020) [FLAC] [16B-44100kHz]/Disc 1/03. P.T. Adamczyk - The Rebel Path.flac,SUSPECT,"hard cutoff at ~16564Hz, steep 21.5dB/kHz -> likely transcoded from 128kbps MP3",44100,16564,22050,21.5
/home/adam/driveBig/Music/New unformated songs/Marcin Przybyłowicz - Cyberpunk 2077 - Original Score (2020) [FLAC] [16B-44100kHz]/Disc 1/04. Paul Leonard-Morgan - The Streets Are Long-Ass Gutters.flac,SUSPECT,"hard cutoff at ~16629Hz, steep 18.1dB/kHz -> likely transcoded from 128kbps MP3",44100,16629,22050,18.1
/home/adam/driveBig/Music/New unformated songs/Marcin Przybyłowicz - Cyberpunk 2077 - Original Score (2020) [FLAC] [16B-44100kHz]/Disc 1/05. P.T. Adamczyk - Outsider No More.flac,GRADUAL_ROLLOFF,"rolloff at ~16500Hz but gentle (11.1dB/kHz) - could be an old master/analog source, not necessarily transcoded",44100,16500,22050,11.1
/home/adam/driveBig/Music/New unformated songs/Marcin Przybyłowicz - Cyberpunk 2077 - Original Score (2020) [FLAC] [16B-44100kHz]/Disc 1/06. Marcin Przybyłowicz - Cloudy Day.flac,SUSPECT,"hard cutoff at ~16021Hz, steep 13.8dB/kHz -> likely transcoded from 128kbps MP3",44100,16021,22050,13.8
/home/adam/driveBig/Music/New unformated songs/Marcin Przybyłowicz - Cyberpunk 2077 - Original Score (2020) [FLAC] [16B-44100kHz]/Disc 1/07. Marcin Przybyłowicz - Wushu Dolls.flac,SUSPECT,"hard cutoff at ~16677Hz, steep 27.2dB/kHz -> likely transcoded from 128kbps MP3",44100,16677,22050,27.2
/home/adam/driveBig/Music/New unformated songs/Marcin Przybyłowicz - Cyberpunk 2077 - Original Score (2020) [FLAC] [16B-44100kHz]/Disc 1/08. P.T. Adamczyk - Scavenger Hunt.flac,SUSPECT,"hard cutoff at ~16667Hz, steep 20.5dB/kHz -> likely transcoded from 128kbps MP3",44100,16667,22050,20.5
/home/adam/driveBig/Music/New unformated songs/Marcin Przybyłowicz - Cyberpunk 2077 - Original Score (2020) [FLAC] [16B-44100kHz]/Disc 1/09. P.T. Adamczyk - Мусорщики.flac,SUSPECT,"hard cutoff at ~16726Hz, steep 26.6dB/kHz -> likely transcoded from 128kbps MP3",44100,16726,22050,26.6
/home/adam/driveBig/Music/New unformated songs/Marcin Przybyłowicz - Cyberpunk 2077 - Original Score (2020) [FLAC] [16B-44100kHz]/Disc 1/10. Marcin Przybyłowicz - Close Probing.flac,SUSPECT,"hard cutoff at ~16505Hz, steep 16.3dB/kHz -> likely transcoded from 128kbps MP3",44100,16505,22050,16.3
/home/adam/driveBig/Music/New unformated songs/Marcin Przybyłowicz - Cyberpunk 2077 - Original Score (2020) [FLAC] [16B-44100kHz]/Disc 1/11. Paul Leonard-Morgan - There's Gonna Be a Parade!.flac,SUSPECT,"hard cutoff at ~16026Hz, steep 13.0dB/kHz -> likely transcoded from 128kbps MP3",44100,16026,22050,13
/home/adam/driveBig/Music/New unformated songs/Marcin Przybyłowicz - Cyberpunk 2077 - Original Score (2020) [FLAC] [16B-44100kHz]/Disc 1/12. Paul Leonard-Morgan - Trouble Finds Trouble.flac,SUSPECT,"hard cutoff at ~16721Hz, steep 27.8dB/kHz -> likely transcoded from 128kbps MP3",44100,16721,22050,27.8
/home/adam/driveBig/Music/New unformated songs/Marcin Przybyłowicz - Cyberpunk 2077 - Original Score (2020) [FLAC] [16B-44100kHz]/Disc 1/13. P.T. Adamczyk - You Shall Never Have to Forgive Me Again.flac,SUSPECT,"hard cutoff at ~16026Hz, steep 12.6dB/kHz -> likely transcoded from 128kbps MP3",44100,16026,22050,12.6
/home/adam/driveBig/Music/New unformated songs/Marcin Przybyłowicz - Cyberpunk 2077 - Original Score (2020) [FLAC] [16B-44100kHz]/Disc 1/14. P.T. Adamczyk - Code Red Initiated.flac,SUSPECT,"hard cutoff at ~16484Hz, steep 18.4dB/kHz -> likely transcoded from 128kbps MP3",44100,16484,22050,18.4
/home/adam/driveBig/Music/New unformated songs/Marcin Przybyłowicz - Cyberpunk 2077 - Original Score (2020) [FLAC] [16B-44100kHz]/Disc 1/15. P.T. Adamczyk - The Heist.flac,SUSPECT,"hard cutoff at ~16737Hz, steep 30.6dB/kHz -> likely transcoded from 128kbps MP3",44100,16737,22050,30.6
/home/adam/driveBig/Music/New unformated songs/Marcin Przybyłowicz - Cyberpunk 2077 - Original Score (2020) [FLAC] [16B-44100kHz]/Disc 1/16. Marcin Przybyłowicz - Streetfighters.flac,GRADUAL_ROLLOFF,"rolloff at ~16209Hz but gentle (11.7dB/kHz) - could be an old master/analog source, not necessarily transcoded",44100,16209,22050,11.7
/home/adam/driveBig/Music/New unformated songs/Marcin Przybyłowicz - Cyberpunk 2077 - Original Score (2020) [FLAC] [16B-44100kHz]/Disc 1/17. Marcin Przybyłowicz - Patri(di)ots.flac,SUSPECT,"hard cutoff at ~16446Hz, steep 22.0dB/kHz -> likely transcoded from 128kbps MP3",44100,16446,22050,22
/home/adam/driveBig/Music/New unformated songs/Marcin Przybyłowicz - Cyberpunk 2077 - Original Score (2020) [FLAC] [16B-44100kHz]/Disc 1/18. Paul Leonard-Morgan - Mining Minds.flac,SUSPECT,"hard cutoff at ~16317Hz, steep 12.1dB/kHz -> likely transcoded from 128kbps MP3",44100,16317,22050,12.1
/home/adam/driveBig/Music/New unformated songs/Marcin Przybyłowicz - Cyberpunk 2077 - Original Score (2020) [FLAC] [16B-44100kHz]/Disc 1/19. P.T. Adamczyk - Rite of Passage.flac,GRADUAL_ROLLOFF,"rolloff at ~16597Hz but gentle (10.2dB/kHz) - could be an old master/analog source, not necessarily transcoded",44100,16597,22050,10.2
/home/adam/driveBig/Music/New unformated songs/Marcin Przybyłowicz - Cyberpunk 2077 - Original Score (2020) [FLAC] [16B-44100kHz]/Disc 2/01. P.T. Adamczyk - The Voice in My Head.flac,SUSPECT,"hard cutoff at ~16597Hz, steep 20.0dB/kHz -> likely transcoded from 128kbps MP3",44100,16597,22050,20
/home/adam/driveBig/Music/New unformated songs/Marcin Przybyłowicz - Cyberpunk 2077 - Original Score (2020) [FLAC] [16B-44100kHz]/Disc 2/02. Marcin Przybyłowicz - Modern Anthill.flac,GRADUAL_ROLLOFF,"rolloff at ~15999Hz but gentle (8.9dB/kHz) - could be an old master/analog source, not necessarily transcoded",44100,15999,22050,8.9
/home/adam/driveBig/Music/New unformated songs/Marcin Przybyłowicz - Cyberpunk 2077 - Original Score (2020) [FLAC] [16B-44100kHz]/Disc 2/03. Paul Leonard-Morgan - The Sacred and the Profane.flac,GRADUAL_ROLLOFF,"rolloff at ~15493Hz but gentle (4.0dB/kHz) - could be an old master/analog source, not necessarily transcoded",44100,15493,22050,4
/home/adam/driveBig/Music/New unformated songs/Marcin Przybyłowicz - Cyberpunk 2077 - Original Score (2020) [FLAC] [16B-44100kHz]/Disc 2/04. P.T. Adamczyk - Kang Tao Down.flac,GRADUAL_ROLLOFF,"rolloff at ~16005Hz but gentle (7.7dB/kHz) - could be an old master/analog source, not necessarily transcoded",44100,16005,22050,7.7
/home/adam/driveBig/Music/New unformated songs/Marcin Przybyłowicz - Cyberpunk 2077 - Original Score (2020) [FLAC] [16B-44100kHz]/Disc 2/05. Marcin Przybyłowicz - Cyberwildlife Park.flac,SUSPECT,"hard cutoff at ~16661Hz, steep 25.0dB/kHz -> likely transcoded from 128kbps MP3",44100,16661,22050,25
/home/adam/driveBig/Music/New unformated songs/Marcin Przybyłowicz - Cyberpunk 2077 - Original Score (2020) [FLAC] [16B-44100kHz]/Disc 2/06. Marcin Przybyłowicz - Consumer Cathedral.flac,SUSPECT,"hard cutoff at ~16101Hz, steep 17.2dB/kHz -> likely transcoded from 128kbps MP3",44100,16101,22050,17.2
/home/adam/driveBig/Music/New unformated songs/Marcin Przybyłowicz - Cyberpunk 2077 - Original Score (2020) [FLAC] [16B-44100kHz]/Disc 2/07. P.T. Adamczyk - Juiced up.flac,SUSPECT,"hard cutoff at ~16672Hz, steep 24.1dB/kHz -> likely transcoded from 128kbps MP3",44100,16672,22050,24.1
/home/adam/driveBig/Music/New unformated songs/Marcin Przybyłowicz - Cyberpunk 2077 - Original Score (2020) [FLAC] [16B-44100kHz]/Disc 2/08. Paul Leonard-Morgan - Bells of Laguna Bend.flac,GRADUAL_ROLLOFF,"rolloff at ~14002Hz but gentle (1.3dB/kHz) - could be an old master/analog source, not necessarily transcoded",44100,14002,22050,1.3
/home/adam/driveBig/Music/New unformated songs/Marcin Przybyłowicz - Cyberpunk 2077 - Original Score (2020) [FLAC] [16B-44100kHz]/Disc 2/09. Marcin Przybyłowicz - Urban Downunder.flac,GRADUAL_ROLLOFF,"rolloff at ~16015Hz but gentle (10.7dB/kHz) - could be an old master/analog source, not necessarily transcoded",44100,16015,22050,10.7
/home/adam/driveBig/Music/New unformated songs/Marcin Przybyłowicz - Cyberpunk 2077 - Original Score (2020) [FLAC] [16B-44100kHz]/Disc 2/10. P.T. Adamczyk - Atlantis.flac,SUSPECT,"hard cutoff at ~16597Hz, steep 13.8dB/kHz -> likely transcoded from 128kbps MP3",44100,16597,22050,13.8
/home/adam/driveBig/Music/New unformated songs/Marcin Przybyłowicz - Cyberpunk 2077 - Original Score (2020) [FLAC] [16B-44100kHz]/Disc 2/11. Marcin Przybyłowicz - Cyberninja.flac,SUSPECT,"hard cutoff at ~16618Hz, steep 27.5dB/kHz -> likely transcoded from 128kbps MP3",44100,16618,22050,27.5
/home/adam/driveBig/Music/New unformated songs/Marcin Przybyłowicz - Cyberpunk 2077 - Original Score (2020) [FLAC] [16B-44100kHz]/Disc 2/12. Paul Leonard-Morgan - The Suits Are Scared.flac,SUSPECT,"hard cutoff at ~16031Hz, steep 15.9dB/kHz -> likely transcoded from 128kbps MP3",44100,16031,22050,15.9
/home/adam/driveBig/Music/New unformated songs/Marcin Przybyłowicz - Cyberpunk 2077 - Original Score (2020) [FLAC] [16B-44100kHz]/Disc 2/13. Paul Leonard-Morgan - Tower Lockdown.flac,SUSPECT,"hard cutoff at ~16026Hz, steep 12.3dB/kHz -> likely transcoded from 128kbps MP3",44100,16026,22050,12.3
/home/adam/driveBig/Music/New unformated songs/Marcin Przybyłowicz - Cyberpunk 2077 - Original Score (2020) [FLAC] [16B-44100kHz]/Disc 2/14. P.T. Adamczyk - To Hell and Back.flac,SUSPECT,"hard cutoff at ~16645Hz, steep 21.8dB/kHz -> likely transcoded from 128kbps MP3",44100,16645,22050,21.8
/home/adam/driveBig/Music/New unformated songs/Marcin Przybyłowicz - Cyberpunk 2077 - Original Score (2020) [FLAC] [16B-44100kHz]/Disc 2/15. Paul Leonard-Morgan - Adam Smasher.flac,SUSPECT,"hard cutoff at ~16753Hz, steep 29.9dB/kHz -> likely transcoded from 128kbps MP3",44100,16753,22050,29.9
/home/adam/driveBig/Music/New unformated songs/Marcin Przybyłowicz - Cyberpunk 2077 - Original Score (2020) [FLAC] [16B-44100kHz]/Disc 2/16. Paul Leonard-Morgan - Hanako & Yorinobu.flac,GRADUAL_ROLLOFF,"rolloff at ~16015Hz but gentle (11.7dB/kHz) - could be an old master/analog source, not necessarily transcoded",44100,16015,22050,11.7
/home/adam/driveBig/Music/New unformated songs/Marcin Przybyłowicz - Cyberpunk 2077 - Original Score (2020) [FLAC] [16B-44100kHz]/Disc 2/17. Marcin Przybyłowicz - Been Good to Know Ya.flac,SUSPECT,"hard cutoff at ~16511Hz, steep 19.8dB/kHz -> likely transcoded from 128kbps MP3",44100,16511,22050,19.8
/home/adam/driveBig/Music/New unformated songs/Marcin Przybyłowicz - Cyberpunk 2077 - Original Score (2020) [FLAC] [16B-44100kHz]/Disc 2/18. P.T. Adamczyk - Never Fade Away (SAMURAI Cover).flac,SUSPECT,"hard cutoff at ~16624Hz, steep 23.5dB/kHz -> likely transcoded from 128kbps MP3",44100,16624,22050,23.5
/home/adam/driveBig/Music/New unformated songs/Meat Loaf - Bat Out Of Hell (1999) [FLAC] [16B-44100kHz]/01. Meat Loaf - Bat Out of Hell.flac,SUSPECT,"hard cutoff at ~16570Hz, steep 26.2dB/kHz -> likely transcoded from 128kbps MP3",44100,16570,22050,26.2
/home/adam/driveBig/Music/New unformated songs/Meat Loaf - Bat Out Of Hell (1999) [FLAC] [16B-44100kHz]/02. Meat Loaf - You Took The Words Right Out of My Mouth (Hot Summer Night).flac,SUSPECT,"hard cutoff at ~16441Hz, steep 26.1dB/kHz -> likely transcoded from 128kbps MP3",44100,16441,22050,26.1
/home/adam/driveBig/Music/New unformated songs/Meat Loaf - Bat Out Of Hell (1999) [FLAC] [16B-44100kHz]/03. Meat Loaf - Heaven Can Wait.flac,SUSPECT,"hard cutoff at ~16640Hz, steep 27.6dB/kHz -> likely transcoded from 128kbps MP3",44100,16640,22050,27.6
/home/adam/driveBig/Music/New unformated songs/Meat Loaf - Bat Out Of Hell (1999) [FLAC] [16B-44100kHz]/04. Meat Loaf - All Revved Up with No Place to Go.flac,SUSPECT,"hard cutoff at ~16564Hz, steep 28.0dB/kHz -> likely transcoded from 128kbps MP3",44100,16564,22050,28
/home/adam/driveBig/Music/New unformated songs/Meat Loaf - Bat Out Of Hell (1999) [FLAC] [16B-44100kHz]/05. Meat Loaf - Two Out of Three Ain't Bad.flac,SUSPECT,"hard cutoff at ~16721Hz, steep 30.3dB/kHz -> likely transcoded from 128kbps MP3",44100,16721,22050,30.3
/home/adam/driveBig/Music/New unformated songs/Meat Loaf - Bat Out Of Hell (1999) [FLAC] [16B-44100kHz]/06. Meat Loaf - Paradise By the Dashboard Light.flac,SUSPECT,"hard cutoff at ~16645Hz, steep 28.9dB/kHz -> likely transcoded from 128kbps MP3",44100,16645,22050,28.9
/home/adam/driveBig/Music/New unformated songs/Meat Loaf - Bat Out Of Hell (1999) [FLAC] [16B-44100kHz]/07. Meat Loaf - For Crying Out Loud.flac,SUSPECT,"hard cutoff at ~16457Hz, steep 25.3dB/kHz -> likely transcoded from 128kbps MP3",44100,16457,22050,25.3
/home/adam/driveBig/Music/New unformated songs/Metric - Black Sheep (Brie Larson Vocal Version) (2021) [FLAC] [16B-44100kHz]/01. Metric - Black Sheep (Brie Larson Vocal Version).flac,SUSPECT,"hard cutoff at ~16602Hz, steep 23.8dB/kHz -> likely transcoded from 128kbps MP3",44100,16602,22050,23.8
/home/adam/driveBig/Music/New unformated songs/Metric - Fantasies (2015) [FLAC] [16B-44100kHz]/01. Metric - Help I'm Alive.flac,SUSPECT,"hard cutoff at ~16564Hz, steep 23.8dB/kHz -> likely transcoded from 128kbps MP3",44100,16564,22050,23.8
/home/adam/driveBig/Music/New unformated songs/Metric - Fantasies (2015) [FLAC] [16B-44100kHz]/02. Metric - Sick Muse.flac,SUSPECT,"hard cutoff at ~16634Hz, steep 25.7dB/kHz -> likely transcoded from 128kbps MP3",44100,16634,22050,25.7
/home/adam/driveBig/Music/New unformated songs/Metric - Fantasies (2015) [FLAC] [16B-44100kHz]/03. Metric - Satellite Mind (Explicit).flac,SUSPECT,"hard cutoff at ~16715Hz, steep 29.8dB/kHz -> likely transcoded from 128kbps MP3",44100,16715,22050,29.8
/home/adam/driveBig/Music/New unformated songs/Metric - Fantasies (2015) [FLAC] [16B-44100kHz]/04. Metric - Twilight Galaxy.flac,SUSPECT,"hard cutoff at ~16489Hz, steep 18.0dB/kHz -> likely transcoded from 128kbps MP3",44100,16489,22050,18
/home/adam/driveBig/Music/New unformated songs/Metric - Fantasies (2015) [FLAC] [16B-44100kHz]/05. Metric - Gold Guns Girls.flac,SUSPECT,"hard cutoff at ~16645Hz, steep 27.6dB/kHz -> likely transcoded from 128kbps MP3",44100,16645,22050,27.6
/home/adam/driveBig/Music/New unformated songs/Metric - Fantasies (2015) [FLAC] [16B-44100kHz]/06. Metric - Gimme Sympathy.flac,SUSPECT,"hard cutoff at ~16527Hz, steep 27.7dB/kHz -> likely transcoded from 128kbps MP3",44100,16527,22050,27.7
/home/adam/driveBig/Music/New unformated songs/Metric - Fantasies (2015) [FLAC] [16B-44100kHz]/07. Metric - Collect Call.flac,SUSPECT,"hard cutoff at ~16538Hz, steep 18.8dB/kHz -> likely transcoded from 128kbps MP3",44100,16538,22050,18.8
/home/adam/driveBig/Music/New unformated songs/Metric - Fantasies (2015) [FLAC] [16B-44100kHz]/08. Metric - Front Row.flac,SUSPECT,"hard cutoff at ~16031Hz, steep 20.7dB/kHz -> likely transcoded from 128kbps MP3",44100,16031,22050,20.7
/home/adam/driveBig/Music/New unformated songs/Metric - Fantasies (2015) [FLAC] [16B-44100kHz]/09. Metric - Blindness.flac,SUSPECT,"hard cutoff at ~16532Hz, steep 20.4dB/kHz -> likely transcoded from 128kbps MP3",44100,16532,22050,20.4
/home/adam/driveBig/Music/New unformated songs/Metric - Fantasies (2015) [FLAC] [16B-44100kHz]/10. Metric - Stadium Love.flac,SUSPECT,"hard cutoff at ~16742Hz, steep 31.3dB/kHz -> likely transcoded from 128kbps MP3",44100,16742,22050,31.3
/home/adam/driveBig/Music/New unformated songs/Ministry - KEAH (Psalm 69) (1992) [FLAC] [16B-44100kHz]/01. Ministry - N.W.O.flac,SUSPECT,"hard cutoff at ~16667Hz, steep 29.9dB/kHz -> likely transcoded from 128kbps MP3",44100,16667,22050,29.9
/home/adam/driveBig/Music/New unformated songs/Ministry - KEAH (Psalm 69) (1992) [FLAC] [16B-44100kHz]/02. Ministry - Just One Fix.flac,SUSPECT,"hard cutoff at ~16785Hz, steep 31.4dB/kHz -> likely transcoded from 128kbps MP3",44100,16785,22050,31.4
/home/adam/driveBig/Music/New unformated songs/Ministry - KEAH (Psalm 69) (1992) [FLAC] [16B-44100kHz]/03. Ministry - TV II.flac,SUSPECT,"hard cutoff at ~16667Hz, steep 30.5dB/kHz -> likely transcoded from 128kbps MP3",44100,16667,22050,30.5
/home/adam/driveBig/Music/New unformated songs/Ministry - KEAH (Psalm 69) (1992) [FLAC] [16B-44100kHz]/04. Ministry - Hero.flac,SUSPECT,"hard cutoff at ~16715Hz, steep 29.7dB/kHz -> likely transcoded from 128kbps MP3",44100,16715,22050,29.7
/home/adam/driveBig/Music/New unformated songs/Ministry - KEAH (Psalm 69) (1992) [FLAC] [16B-44100kHz]/05. Ministry - Jesus Built My Hotrod (Explicit).flac,SUSPECT,"hard cutoff at ~16683Hz, steep 28.5dB/kHz -> likely transcoded from 128kbps MP3",44100,16683,22050,28.5
/home/adam/driveBig/Music/New unformated songs/Ministry - KEAH (Psalm 69) (1992) [FLAC] [16B-44100kHz]/06. Ministry - Scare Crow.flac,SUSPECT,"hard cutoff at ~16823Hz, steep 31.0dB/kHz -> likely transcoded from 128kbps MP3",44100,16823,22050,31
/home/adam/driveBig/Music/New unformated songs/Ministry - KEAH (Psalm 69) (1992) [FLAC] [16B-44100kHz]/07. Ministry - Psalm 69.flac,SUSPECT,"hard cutoff at ~16645Hz, steep 30.8dB/kHz -> likely transcoded from 128kbps MP3",44100,16645,22050,30.8
/home/adam/driveBig/Music/New unformated songs/Ministry - KEAH (Psalm 69) (1992) [FLAC] [16B-44100kHz]/08. Ministry - Corrosion.flac,SUSPECT,"hard cutoff at ~16791Hz, steep 31.1dB/kHz -> likely transcoded from 128kbps MP3",44100,16791,22050,31.1
/home/adam/driveBig/Music/New unformated songs/Ministry - KEAH (Psalm 69) (1992) [FLAC] [16B-44100kHz]/09. Ministry - Grace.flac,SUSPECT,"hard cutoff at ~16640Hz, steep 29.1dB/kHz -> likely transcoded from 128kbps MP3",44100,16640,22050,29.1
/home/adam/driveBig/Music/New unformated songs/Mother Love Bone - Apple (2025 Remaster) (2025) [FLAC] [16B-44100kHz]/01. Mother Love Bone - This Is Shangrila (2025 Remaster).flac,SUSPECT,"hard cutoff at ~16581Hz, steep 23.1dB/kHz -> likely transcoded from 128kbps MP3",44100,16581,22050,23.1
/home/adam/driveBig/Music/New unformated songs/Mother Love Bone - Apple (2025 Remaster) (2025) [FLAC] [16B-44100kHz]/02. Mother Love Bone - Stardog Champion (2025 Remaster).flac,SUSPECT,"hard cutoff at ~16629Hz, steep 27.9dB/kHz -> likely transcoded from 128kbps MP3",44100,16629,22050,27.9
/home/adam/driveBig/Music/New unformated songs/Mother Love Bone - Apple (2025 Remaster) (2025) [FLAC] [16B-44100kHz]/03. Mother Love Bone - Holy Roller (2025 Remaster).flac,SUSPECT,"hard cutoff at ~16634Hz, steep 27.4dB/kHz -> likely transcoded from 128kbps MP3",44100,16634,22050,27.4
/home/adam/driveBig/Music/New unformated songs/Mother Love Bone - Apple (2025 Remaster) (2025) [FLAC] [16B-44100kHz]/04. Mother Love Bone - Bone China (2025 Remaster).flac,SUSPECT,"hard cutoff at ~16651Hz, steep 24.7dB/kHz -> likely transcoded from 128kbps MP3",44100,16651,22050,24.7
/home/adam/driveBig/Music/New unformated songs/Mother Love Bone - Apple (2025 Remaster) (2025) [FLAC] [16B-44100kHz]/05. Mother Love Bone - Come Bite The Apple (2025 Remaster).flac,SUSPECT,"hard cutoff at ~16564Hz, steep 25.6dB/kHz -> likely transcoded from 128kbps MP3",44100,16564,22050,25.6
/home/adam/driveBig/Music/New unformated songs/Mother Love Bone - Apple (2025 Remaster) (2025) [FLAC] [16B-44100kHz]/06. Mother Love Bone - Stargazer (2025 Remaster).flac,SUSPECT,"hard cutoff at ~16704Hz, steep 27.3dB/kHz -> likely transcoded from 128kbps MP3",44100,16704,22050,27.3
/home/adam/driveBig/Music/New unformated songs/Mother Love Bone - Apple (2025 Remaster) (2025) [FLAC] [16B-44100kHz]/07. Mother Love Bone - Heartshine (2025 Remaster).flac,SUSPECT,"hard cutoff at ~16570Hz, steep 28.5dB/kHz -> likely transcoded from 128kbps MP3",44100,16570,22050,28.5
/home/adam/driveBig/Music/New unformated songs/Mother Love Bone - Apple (2025 Remaster) (2025) [FLAC] [16B-44100kHz]/08. Mother Love Bone - Captain Hi Top (2025 Remaster).flac,SUSPECT,"hard cutoff at ~16710Hz, steep 32.1dB/kHz -> likely transcoded from 128kbps MP3",44100,16710,22050,32.1
/home/adam/driveBig/Music/New unformated songs/Mother Love Bone - Apple (2025 Remaster) (2025) [FLAC] [16B-44100kHz]/09. Mother Love Bone - Man Of Golden Words (2025 Remaster).flac,SUSPECT,"hard cutoff at ~16597Hz, steep 23.0dB/kHz -> likely transcoded from 128kbps MP3",44100,16597,22050,23
/home/adam/driveBig/Music/New unformated songs/Mother Love Bone - Apple (2025 Remaster) (2025) [FLAC] [16B-44100kHz]/10. Mother Love Bone - Capricorn Sister (2025 Remaster).flac,SUSPECT,"hard cutoff at ~16672Hz, steep 28.1dB/kHz -> likely transcoded from 128kbps MP3",44100,16672,22050,28.1
/home/adam/driveBig/Music/New unformated songs/Mother Love Bone - Apple (2025 Remaster) (2025) [FLAC] [16B-44100kHz]/11. Mother Love Bone - Gentle Groove (2025 Remaster).flac,SUSPECT,"hard cutoff at ~16699Hz, steep 26.0dB/kHz -> likely transcoded from 128kbps MP3",44100,16699,22050,26
/home/adam/driveBig/Music/New unformated songs/Mother Love Bone - Apple (2025 Remaster) (2025) [FLAC] [16B-44100kHz]/12. Mother Love Bone - Mr. Danny Boy (2025 Remaster) (Explicit).flac,SUSPECT,"hard cutoff at ~16559Hz, steep 24.1dB/kHz -> likely transcoded from 128kbps MP3",44100,16559,22050,24.1
/home/adam/driveBig/Music/New unformated songs/Mother Love Bone - Apple (2025 Remaster) (2025) [FLAC] [16B-44100kHz]/13. Mother Love Bone - Crown Of Thorns (2025 Remaster).flac,SUSPECT,"hard cutoff at ~16758Hz, steep 28.8dB/kHz -> likely transcoded from 128kbps MP3",44100,16758,22050,28.8
/home/adam/driveBig/Music/New unformated songs/Mumford & Sons - Prizefighter (2026) [FLAC] [16B-44100kHz]/01. Mumford & Sons - Here.flac,SUSPECT,"hard cutoff at ~16575Hz, steep 18.7dB/kHz -> likely transcoded from 128kbps MP3",44100,16575,22050,18.7
/home/adam/driveBig/Music/New unformated songs/Mumford & Sons - Prizefighter (2026) [FLAC] [16B-44100kHz]/02. Mumford & Sons - Rubber Band Man.flac,SUSPECT,"hard cutoff at ~16661Hz, steep 27.6dB/kHz -> likely transcoded from 128kbps MP3",44100,16661,22050,27.6
/home/adam/driveBig/Music/New unformated songs/Mumford & Sons - Prizefighter (2026) [FLAC] [16B-44100kHz]/03. Mumford & Sons - The Banjo Song.flac,SUSPECT,"hard cutoff at ~16656Hz, steep 25.6dB/kHz -> likely transcoded from 128kbps MP3",44100,16656,22050,25.6
/home/adam/driveBig/Music/New unformated songs/Mumford & Sons - Prizefighter (2026) [FLAC] [16B-44100kHz]/04. Mumford & Sons - Run Together.flac,SUSPECT,"hard cutoff at ~16651Hz, steep 26.2dB/kHz -> likely transcoded from 128kbps MP3",44100,16651,22050,26.2
/home/adam/driveBig/Music/New unformated songs/Mumford & Sons - Prizefighter (2026) [FLAC] [16B-44100kHz]/05. Mumford & Sons - Conversation With My Son (Gangsters & Angels).flac,SUSPECT,"hard cutoff at ~16710Hz, steep 27.8dB/kHz -> likely transcoded from 128kbps MP3",44100,16710,22050,27.8
/home/adam/driveBig/Music/New unformated songs/Mumford & Sons - Prizefighter (2026) [FLAC] [16B-44100kHz]/06. Mumford & Sons - Alleycat.flac,SUSPECT,"hard cutoff at ~16721Hz, steep 24.6dB/kHz -> likely transcoded from 128kbps MP3",44100,16721,22050,24.6
/home/adam/driveBig/Music/New unformated songs/Mumford & Sons - Prizefighter (2026) [FLAC] [16B-44100kHz]/07. Mumford & Sons - Prizefighter.flac,SUSPECT,"hard cutoff at ~16731Hz, steep 27.9dB/kHz -> likely transcoded from 128kbps MP3",44100,16731,22050,27.9
/home/adam/driveBig/Music/New unformated songs/Mumford & Sons - Prizefighter (2026) [FLAC] [16B-44100kHz]/08. Mumford & Sons - Begin Again.flac,SUSPECT,"hard cutoff at ~16656Hz, steep 24.6dB/kHz -> likely transcoded from 128kbps MP3",44100,16656,22050,24.6
/home/adam/driveBig/Music/New unformated songs/Mumford & Sons - Prizefighter (2026) [FLAC] [16B-44100kHz]/09. Mumford & Sons - Icarus.flac,SUSPECT,"hard cutoff at ~16548Hz, steep 23.7dB/kHz -> likely transcoded from 128kbps MP3",44100,16548,22050,23.7
/home/adam/driveBig/Music/New unformated songs/Mumford & Sons - Prizefighter (2026) [FLAC] [16B-44100kHz]/10. Mumford & Sons - Stay.flac,SUSPECT,"hard cutoff at ~16758Hz, steep 29.6dB/kHz -> likely transcoded from 128kbps MP3",44100,16758,22050,29.6
/home/adam/driveBig/Music/New unformated songs/Mumford & Sons - Prizefighter (2026) [FLAC] [16B-44100kHz]/11. Mumford & Sons - Badlands.flac,SUSPECT,"hard cutoff at ~16634Hz, steep 25.5dB/kHz -> likely transcoded from 128kbps MP3",44100,16634,22050,25.5
/home/adam/driveBig/Music/New unformated songs/Mumford & Sons - Prizefighter (2026) [FLAC] [16B-44100kHz]/12. Mumford & Sons - Shadow Of A Man.flac,SUSPECT,"hard cutoff at ~16747Hz, steep 28.4dB/kHz -> likely transcoded from 128kbps MP3",44100,16747,22050,28.4
/home/adam/driveBig/Music/New unformated songs/Mumford & Sons - Prizefighter (2026) [FLAC] [16B-44100kHz]/13. Mumford & Sons - I'll Tell You Everything.flac,SUSPECT,"hard cutoff at ~16559Hz, steep 22.5dB/kHz -> likely transcoded from 128kbps MP3",44100,16559,22050,22.5
/home/adam/driveBig/Music/New unformated songs/Mumford & Sons - Prizefighter (2026) [FLAC] [16B-44100kHz]/14. Mumford & Sons - Clover.flac,SUSPECT,"hard cutoff at ~16629Hz, steep 22.9dB/kHz -> likely transcoded from 128kbps MP3",44100,16629,22050,22.9
/home/adam/driveBig/Music/New unformated songs/Mumford & Sons - RUSHMERE (2025) [FLAC] [16B-44100kHz]/01. Mumford & Sons - Malibu.flac,SUSPECT,"hard cutoff at ~16651Hz, steep 23.8dB/kHz -> likely transcoded from 128kbps MP3",44100,16651,22050,23.8
/home/adam/driveBig/Music/New unformated songs/Mumford & Sons - RUSHMERE (2025) [FLAC] [16B-44100kHz]/02. Mumford & Sons - Caroline.flac,SUSPECT,"hard cutoff at ~16570Hz, steep 21.9dB/kHz -> likely transcoded from 128kbps MP3",44100,16570,22050,21.9
/home/adam/driveBig/Music/New unformated songs/Mumford & Sons - RUSHMERE (2025) [FLAC] [16B-44100kHz]/03. Mumford & Sons - Rushmere.flac,SUSPECT,"hard cutoff at ~16564Hz, steep 24.4dB/kHz -> likely transcoded from 128kbps MP3",44100,16564,22050,24.4
/home/adam/driveBig/Music/New unformated songs/Mumford & Sons - RUSHMERE (2025) [FLAC] [16B-44100kHz]/04. Mumford & Sons - Monochrome.flac,SUSPECT,"hard cutoff at ~16457Hz, steep 21.9dB/kHz -> likely transcoded from 128kbps MP3",44100,16457,22050,21.9
/home/adam/driveBig/Music/New unformated songs/Mumford & Sons - RUSHMERE (2025) [FLAC] [16B-44100kHz]/05. Mumford & Sons - Truth.flac,SUSPECT,"hard cutoff at ~16473Hz, steep 18.8dB/kHz -> likely transcoded from 128kbps MP3",44100,16473,22050,18.8
/home/adam/driveBig/Music/New unformated songs/Mumford & Sons - RUSHMERE (2025) [FLAC] [16B-44100kHz]/06. Mumford & Sons - Where It Belongs.flac,SUSPECT,"hard cutoff at ~16602Hz, steep 22.1dB/kHz -> likely transcoded from 128kbps MP3",44100,16602,22050,22.1
/home/adam/driveBig/Music/New unformated songs/Mumford & Sons - RUSHMERE (2025) [FLAC] [16B-44100kHz]/07. Mumford & Sons - Anchor.flac,SUSPECT,"hard cutoff at ~16688Hz, steep 24.5dB/kHz -> likely transcoded from 128kbps MP3",44100,16688,22050,24.5
/home/adam/driveBig/Music/New unformated songs/Mumford & Sons - RUSHMERE (2025) [FLAC] [16B-44100kHz]/08. Mumford & Sons - Surrender.flac,SUSPECT,"hard cutoff at ~16677Hz, steep 25.7dB/kHz -> likely transcoded from 128kbps MP3",44100,16677,22050,25.7
/home/adam/driveBig/Music/New unformated songs/Mumford & Sons - RUSHMERE (2025) [FLAC] [16B-44100kHz]/09. Mumford & Sons - Blood On The Page.flac,SUSPECT,"hard cutoff at ~16468Hz, steep 20.2dB/kHz -> likely transcoded from 128kbps MP3",44100,16468,22050,20.2
/home/adam/driveBig/Music/New unformated songs/Mumford & Sons - RUSHMERE (2025) [FLAC] [16B-44100kHz]/10. Mumford & Sons - Carry On.flac,SUSPECT,"hard cutoff at ~16629Hz, steep 20.9dB/kHz -> likely transcoded from 128kbps MP3",44100,16629,22050,20.9
/home/adam/driveBig/Music/New unformated songs/Muse - Absolution (2023) [FLAC] [16B-44100kHz]/01. Muse - Intro.flac,SUSPECT,"hard cutoff at ~16704Hz, steep 27.1dB/kHz -> likely transcoded from 128kbps MP3",44100,16704,22050,27.1
/home/adam/driveBig/Music/New unformated songs/Muse - Absolution (2023) [FLAC] [16B-44100kHz]/02. Muse - Apocalypse Please.flac,SUSPECT,"hard cutoff at ~16311Hz, steep 18.8dB/kHz -> likely transcoded from 128kbps MP3",44100,16311,22050,18.8
/home/adam/driveBig/Music/New unformated songs/Muse - Absolution (2023) [FLAC] [16B-44100kHz]/03. Muse - Time is Running Out.flac,SUSPECT,"hard cutoff at ~16543Hz, steep 21.3dB/kHz -> likely transcoded from 128kbps MP3",44100,16543,22050,21.3
/home/adam/driveBig/Music/New unformated songs/Muse - Absolution (2023) [FLAC] [16B-44100kHz]/04. Muse - Sing for Absolution.flac,SUSPECT,"hard cutoff at ~16651Hz, steep 27.2dB/kHz -> likely transcoded from 128kbps MP3",44100,16651,22050,27.2
/home/adam/driveBig/Music/New unformated songs/Muse - Absolution (2023) [FLAC] [16B-44100kHz]/05. Muse - Stockholm Syndrome.flac,SUSPECT,"hard cutoff at ~16651Hz, steep 26.4dB/kHz -> likely transcoded from 128kbps MP3",44100,16651,22050,26.4
/home/adam/driveBig/Music/New unformated songs/Muse - Absolution (2023) [FLAC] [16B-44100kHz]/06. Muse - Falling Away with You.flac,SUSPECT,"hard cutoff at ~16564Hz, steep 22.2dB/kHz -> likely transcoded from 128kbps MP3",44100,16564,22050,22.2
/home/adam/driveBig/Music/New unformated songs/Muse - Absolution (2023) [FLAC] [16B-44100kHz]/07. Muse - Interlude.flac,GRADUAL_ROLLOFF,"rolloff at ~15972Hz but gentle (9.1dB/kHz) - could be an old master/analog source, not necessarily transcoded",44100,15972,22050,9.1
/home/adam/driveBig/Music/New unformated songs/Muse - Absolution (2023) [FLAC] [16B-44100kHz]/08. Muse - Hysteria.flac,SUSPECT,"hard cutoff at ~16683Hz, steep 27.3dB/kHz -> likely transcoded from 128kbps MP3",44100,16683,22050,27.3
/home/adam/driveBig/Music/New unformated songs/Muse - Absolution (2023) [FLAC] [16B-44100kHz]/09. Muse - Blackout.flac,SUSPECT,"hard cutoff at ~16704Hz, steep 26.3dB/kHz -> likely transcoded from 128kbps MP3",44100,16704,22050,26.3
/home/adam/driveBig/Music/New unformated songs/Muse - Absolution (2023) [FLAC] [16B-44100kHz]/10. Muse - Butterflies & Hurricanes.flac,SUSPECT,"hard cutoff at ~16667Hz, steep 22.8dB/kHz -> likely transcoded from 128kbps MP3",44100,16667,22050,22.8
/home/adam/driveBig/Music/New unformated songs/Muse - Absolution (2023) [FLAC] [16B-44100kHz]/11. Muse - The Small Print.flac,SUSPECT,"hard cutoff at ~16564Hz, steep 23.9dB/kHz -> likely transcoded from 128kbps MP3",44100,16564,22050,23.9
/home/adam/driveBig/Music/New unformated songs/Muse - Absolution (2023) [FLAC] [16B-44100kHz]/12. Muse - Fury.flac,SUSPECT,"hard cutoff at ~16683Hz, steep 26.7dB/kHz -> likely transcoded from 128kbps MP3",44100,16683,22050,26.7
/home/adam/driveBig/Music/New unformated songs/Muse - Absolution (2023) [FLAC] [16B-44100kHz]/13. Muse - Endlessly.flac,SUSPECT,"hard cutoff at ~16764Hz, steep 28.2dB/kHz -> likely transcoded from 128kbps MP3",44100,16764,22050,28.2
/home/adam/driveBig/Music/New unformated songs/Muse - Absolution (2023) [FLAC] [16B-44100kHz]/14. Muse - Thoughts of a Dying Atheist.flac,SUSPECT,"hard cutoff at ~16602Hz, steep 26.2dB/kHz -> likely transcoded from 128kbps MP3",44100,16602,22050,26.2
/home/adam/driveBig/Music/New unformated songs/Muse - Absolution (2023) [FLAC] [16B-44100kHz]/15. Muse - Ruled by Secrecy.flac,SUSPECT,"hard cutoff at ~16581Hz, steep 18.2dB/kHz -> likely transcoded from 128kbps MP3",44100,16581,22050,18.2
/home/adam/driveBig/Music/New unformated songs/Muse - Origin of Symmetry (2001) [FLAC] [16B-44100kHz]/01. Muse - New Born.flac,SUSPECT,"hard cutoff at ~16715Hz, steep 29.4dB/kHz -> likely transcoded from 128kbps MP3",44100,16715,22050,29.4
/home/adam/driveBig/Music/New unformated songs/Muse - Origin of Symmetry (2001) [FLAC] [16B-44100kHz]/02. Muse - Bliss.flac,SUSPECT,"hard cutoff at ~16667Hz, steep 26.3dB/kHz -> likely transcoded from 128kbps MP3",44100,16667,22050,26.3
/home/adam/driveBig/Music/New unformated songs/Muse - Origin of Symmetry (2001) [FLAC] [16B-44100kHz]/03. Muse - Space Dementia.flac,SUSPECT,"hard cutoff at ~16381Hz, steep 22.0dB/kHz -> likely transcoded from 128kbps MP3",44100,16381,22050,22
/home/adam/driveBig/Music/New unformated songs/Muse - Origin of Symmetry (2001) [FLAC] [16B-44100kHz]/04. Muse - Hyper Music.flac,SUSPECT,"hard cutoff at ~16651Hz, steep 21.4dB/kHz -> likely transcoded from 128kbps MP3",44100,16651,22050,21.4
/home/adam/driveBig/Music/New unformated songs/Muse - Origin of Symmetry (2001) [FLAC] [16B-44100kHz]/05. Muse - Plug in Baby.flac,SUSPECT,"hard cutoff at ~16742Hz, steep 29.6dB/kHz -> likely transcoded from 128kbps MP3",44100,16742,22050,29.6
/home/adam/driveBig/Music/New unformated songs/Muse - Origin of Symmetry (2001) [FLAC] [16B-44100kHz]/06. Muse - Citizen Erased.flac,SUSPECT,"hard cutoff at ~16252Hz, steep 20.4dB/kHz -> likely transcoded from 128kbps MP3",44100,16252,22050,20.4
/home/adam/driveBig/Music/New unformated songs/Muse - Origin of Symmetry (2001) [FLAC] [16B-44100kHz]/07. Muse - Micro Cuts.flac,SUSPECT,"hard cutoff at ~16570Hz, steep 20.6dB/kHz -> likely transcoded from 128kbps MP3",44100,16570,22050,20.6
/home/adam/driveBig/Music/New unformated songs/Muse - Origin of Symmetry (2001) [FLAC] [16B-44100kHz]/08. Muse - Screenager.flac,SUSPECT,"hard cutoff at ~16710Hz, steep 27.7dB/kHz -> likely transcoded from 128kbps MP3",44100,16710,22050,27.7
/home/adam/driveBig/Music/New unformated songs/Muse - Origin of Symmetry (2001) [FLAC] [16B-44100kHz]/09. Muse - Darkshines.flac,SUSPECT,"hard cutoff at ~16683Hz, steep 26.1dB/kHz -> likely transcoded from 128kbps MP3",44100,16683,22050,26.1
/home/adam/driveBig/Music/New unformated songs/Muse - Origin of Symmetry (2001) [FLAC] [16B-44100kHz]/10. Muse - Feeling Good.flac,SUSPECT,"hard cutoff at ~16672Hz, steep 25.1dB/kHz -> likely transcoded from 128kbps MP3",44100,16672,22050,25.1
/home/adam/driveBig/Music/New unformated songs/Muse - Origin of Symmetry (2001) [FLAC] [16B-44100kHz]/11. Muse - Megalomania.flac,SUSPECT,"hard cutoff at ~16543Hz, steep 20.8dB/kHz -> likely transcoded from 128kbps MP3",44100,16543,22050,20.8
/home/adam/driveBig/Music/New unformated songs/Muse - Origin of Symmetry (2001) [FLAC] [16B-44100kHz]/12. Muse - Futurism.flac,SUSPECT,"hard cutoff at ~16543Hz, steep 22.8dB/kHz -> likely transcoded from 128kbps MP3",44100,16543,22050,22.8
/home/adam/driveBig/Music/New unformated songs/my bloody valentine - m b v (2013) [FLAC] [16B-44100kHz]/01. my bloody valentine - she found now.flac,SUSPECT,"hard cutoff at ~16069Hz, steep 21.4dB/kHz -> likely transcoded from 128kbps MP3",44100,16069,22050,21.4
/home/adam/driveBig/Music/New unformated songs/my bloody valentine - m b v (2013) [FLAC] [16B-44100kHz]/02. my bloody valentine - only tomorrow.flac,SUSPECT,"hard cutoff at ~16058Hz, steep 21.3dB/kHz -> likely transcoded from 128kbps MP3",44100,16058,22050,21.3
/home/adam/driveBig/Music/New unformated songs/my bloody valentine - m b v (2013) [FLAC] [16B-44100kHz]/03. my bloody valentine - who sees you.flac,SUSPECT,"hard cutoff at ~16785Hz, steep 32.7dB/kHz -> likely transcoded from 128kbps MP3",44100,16785,22050,32.7
/home/adam/driveBig/Music/New unformated songs/my bloody valentine - m b v (2013) [FLAC] [16B-44100kHz]/04. my bloody valentine - is this and yes.flac,SUSPECT,"hard cutoff at ~16494Hz, steep 24.0dB/kHz -> likely transcoded from 128kbps MP3",44100,16494,22050,24
/home/adam/driveBig/Music/New unformated songs/my bloody valentine - m b v (2013) [FLAC] [16B-44100kHz]/05. my bloody valentine - if i am.flac,SUSPECT,"hard cutoff at ~16742Hz, steep 32.8dB/kHz -> likely transcoded from 128kbps MP3",44100,16742,22050,32.8
/home/adam/driveBig/Music/New unformated songs/my bloody valentine - m b v (2013) [FLAC] [16B-44100kHz]/06. my bloody valentine - new you.flac,SUSPECT,"hard cutoff at ~16747Hz, steep 25.1dB/kHz -> likely transcoded from 128kbps MP3",44100,16747,22050,25.1
/home/adam/driveBig/Music/New unformated songs/my bloody valentine - m b v (2013) [FLAC] [16B-44100kHz]/07. my bloody valentine - in another way.flac,SUSPECT,"hard cutoff at ~16785Hz, steep 31.2dB/kHz -> likely transcoded from 128kbps MP3",44100,16785,22050,31.2
/home/adam/driveBig/Music/New unformated songs/my bloody valentine - m b v (2013) [FLAC] [16B-44100kHz]/08. my bloody valentine - nothing is.flac,SUSPECT,"hard cutoff at ~16069Hz, steep 19.6dB/kHz -> likely transcoded from 128kbps MP3",44100,16069,22050,19.6
/home/adam/driveBig/Music/New unformated songs/my bloody valentine - m b v (2013) [FLAC] [16B-44100kHz]/09. my bloody valentine - wonder 2.flac,SUSPECT,"hard cutoff at ~16559Hz, steep 27.7dB/kHz -> likely transcoded from 128kbps MP3",44100,16559,22050,27.7
/home/adam/driveBig/Music/New unformated songs/Nanna - How To Start A Garden (2023) [FLAC] [16B-44100kHz]/01. Nanna - How to Start A Garden (Explicit).flac,SUSPECT,"hard cutoff at ~16527Hz, steep 23.5dB/kHz -> likely transcoded from 128kbps MP3",44100,16527,22050,23.5
/home/adam/driveBig/Music/New unformated songs/Nanna - How To Start A Garden (2023) [FLAC] [16B-44100kHz]/02. Nanna - Sputnik.flac,SUSPECT,"hard cutoff at ~16107Hz, steep 22.7dB/kHz -> likely transcoded from 128kbps MP3",44100,16107,22050,22.7
/home/adam/driveBig/Music/New unformated songs/Nanna - How To Start A Garden (2023) [FLAC] [16B-44100kHz]/03. Nanna - Crybaby.flac,SUSPECT,"hard cutoff at ~16338Hz, steep 20.4dB/kHz -> likely transcoded from 128kbps MP3",44100,16338,22050,20.4
/home/adam/driveBig/Music/New unformated songs/Nanna - How To Start A Garden (2023) [FLAC] [16B-44100kHz]/04. Nanna - Disaster Master.flac,SUSPECT,"hard cutoff at ~16656Hz, steep 26.8dB/kHz -> likely transcoded from 128kbps MP3",44100,16656,22050,26.8
/home/adam/driveBig/Music/New unformated songs/Nanna - How To Start A Garden (2023) [FLAC] [16B-44100kHz]/05. Nanna - The Vine.flac,SUSPECT,"hard cutoff at ~16026Hz, steep 17.6dB/kHz -> likely transcoded from 128kbps MP3",44100,16026,22050,17.6
/home/adam/driveBig/Music/New unformated songs/Nanna - How To Start A Garden (2023) [FLAC] [16B-44100kHz]/06. Nanna - Godzilla.flac,SUSPECT,"hard cutoff at ~16274Hz, steep 17.2dB/kHz -> likely transcoded from 128kbps MP3",44100,16274,22050,17.2
/home/adam/driveBig/Music/New unformated songs/Nanna - How To Start A Garden (2023) [FLAC] [16B-44100kHz]/07. Nanna - Bloodclot  Andvaka (Explicit).flac,SUSPECT,"hard cutoff at ~16607Hz, steep 22.6dB/kHz -> likely transcoded from 128kbps MP3",44100,16607,22050,22.6
/home/adam/driveBig/Music/New unformated songs/Nanna - How To Start A Garden (2023) [FLAC] [16B-44100kHz]/08. Nanna - Milk.flac,SUSPECT,"hard cutoff at ~16398Hz, steep 17.1dB/kHz -> likely transcoded from 128kbps MP3",44100,16398,22050,17.1
/home/adam/driveBig/Music/New unformated songs/Nanna - How To Start A Garden (2023) [FLAC] [16B-44100kHz]/09. Nanna - Igloo.flac,SUSPECT,"hard cutoff at ~16634Hz, steep 26.2dB/kHz -> likely transcoded from 128kbps MP3",44100,16634,22050,26.2
/home/adam/driveBig/Music/New unformated songs/Nanna - How To Start A Garden (2023) [FLAC] [16B-44100kHz]/10. Nanna - Voyager.flac,SUSPECT,"hard cutoff at ~16532Hz, steep 23.0dB/kHz -> likely transcoded from 128kbps MP3",44100,16532,22050,23
/home/adam/driveBig/Music/New unformated songs/Nanna - How To Start A Garden (2023) [FLAC] [16B-44100kHz]/11. Nanna - Seabed.flac,SUSPECT,"hard cutoff at ~16403Hz, steep 20.7dB/kHz -> likely transcoded from 128kbps MP3",44100,16403,22050,20.7
/home/adam/driveBig/Music/New unformated songs/Nazareth - Hair of the Dog (2026) [FLAC] [16B-44100kHz]/01. Nazareth - Hair of the Dog (Remastered 2010).flac,SUSPECT,"hard cutoff at ~16721Hz, steep 28.6dB/kHz -> likely transcoded from 128kbps MP3",44100,16721,22050,28.6
/home/adam/driveBig/Music/New unformated songs/Nazareth - Hair of the Dog (2026) [FLAC] [16B-44100kHz]/02. Nazareth - Miss Misery (Remastered 2010).flac,SUSPECT,"hard cutoff at ~16780Hz, steep 25.3dB/kHz -> likely transcoded from 128kbps MP3",44100,16780,22050,25.3
/home/adam/driveBig/Music/New unformated songs/Nazareth - Hair of the Dog (2026) [FLAC] [16B-44100kHz]/03. Nazareth - Guilty (Remastered 2010).flac,SUSPECT,"hard cutoff at ~16607Hz, steep 21.4dB/kHz -> likely transcoded from 128kbps MP3",44100,16607,22050,21.4
/home/adam/driveBig/Music/New unformated songs/Nazareth - Hair of the Dog (2026) [FLAC] [16B-44100kHz]/04. Nazareth - Changin' Times (Remastered 2010).flac,SUSPECT,"hard cutoff at ~16796Hz, steep 32.0dB/kHz -> likely transcoded from 128kbps MP3",44100,16796,22050,32
/home/adam/driveBig/Music/New unformated songs/Nazareth - Hair of the Dog (2026) [FLAC] [16B-44100kHz]/05. Nazareth - Beggars DayRose In the Heather (Remastered 2010).flac,SUSPECT,"hard cutoff at ~16570Hz, steep 27.3dB/kHz -> likely transcoded from 128kbps MP3",44100,16570,22050,27.3
/home/adam/driveBig/Music/New unformated songs/Nazareth - Hair of the Dog (2026) [FLAC] [16B-44100kHz]/06. Nazareth - Whiskey Drinkin' Woman (Remastered 2010).flac,SUSPECT,"hard cutoff at ~16753Hz, steep 27.5dB/kHz -> likely transcoded from 128kbps MP3",44100,16753,22050,27.5
/home/adam/driveBig/Music/New unformated songs/Nazareth - Hair of the Dog (2026) [FLAC] [16B-44100kHz]/07. Nazareth - Please Don't Judas Me (Remastered 2010).flac,SUSPECT,"hard cutoff at ~16737Hz, steep 28.7dB/kHz -> likely transcoded from 128kbps MP3",44100,16737,22050,28.7
/home/adam/driveBig/Music/New unformated songs/Nazareth - Hair of the Dog (2026) [FLAC] [16B-44100kHz]/08. Nazareth - Love Hurts (Single Edit).flac,SUSPECT,"hard cutoff at ~16188Hz, steep 21.5dB/kHz -> likely transcoded from 128kbps MP3",44100,16188,22050,21.5
/home/adam/driveBig/Music/New unformated songs/Nazareth - Hair of the Dog (2026) [FLAC] [16B-44100kHz]/09. Nazareth - My White Bicycle (Single Edit).flac,SUSPECT,"hard cutoff at ~16026Hz, steep 20.3dB/kHz -> likely transcoded from 128kbps MP3",44100,16026,22050,20.3
/home/adam/driveBig/Music/New unformated songs/Nazareth - Hair of the Dog (2026) [FLAC] [16B-44100kHz]/10. Nazareth - Holy Roller (Single Edit).flac,SUSPECT,"hard cutoff at ~16010Hz, steep 17.1dB/kHz -> likely transcoded from 128kbps MP3",44100,16010,22050,17.1
/home/adam/driveBig/Music/New unformated songs/Nazareth - Hair of the Dog (2026) [FLAC] [16B-44100kHz]/11. Nazareth - Railroad Boy (B-Side of 'Holy Roller' Single).flac,SUSPECT,"hard cutoff at ~16360Hz, steep 25.9dB/kHz -> likely transcoded from 128kbps MP3",44100,16360,22050,25.9
/home/adam/driveBig/Music/New unformated songs/Nazareth - Hair of the Dog (2026) [FLAC] [16B-44100kHz]/12. Nazareth - Hair of the Dog (BBC Live).flac,SUSPECT,"hard cutoff at ~16645Hz, steep 28.1dB/kHz -> likely transcoded from 128kbps MP3",44100,16645,22050,28.1
/home/adam/driveBig/Music/New unformated songs/Nazareth - Hair of the Dog (2026) [FLAC] [16B-44100kHz]/13. Nazareth - Holy Roller (BBC Live).flac,SUSPECT,"hard cutoff at ~16586Hz, steep 26.5dB/kHz -> likely transcoded from 128kbps MP3",44100,16586,22050,26.5
/home/adam/driveBig/Music/New unformated songs/Nazareth - Hair of the Dog (2026) [FLAC] [16B-44100kHz]/14. Nazareth - Teenage Nervous Breakdown (Live At The BBC Paris Theatre).flac,SUSPECT,"hard cutoff at ~16661Hz, steep 27.6dB/kHz -> likely transcoded from 128kbps MP3",44100,16661,22050,27.6
/home/adam/driveBig/Music/New unformated songs/Nazareth - Hair of the Dog (2026) [FLAC] [16B-44100kHz]/15. Nazareth - This Flight Tonight (Live At The BBC Paris Theatre).flac,SUSPECT,"hard cutoff at ~16747Hz, steep 31.1dB/kHz -> likely transcoded from 128kbps MP3",44100,16747,22050,31.1
/home/adam/driveBig/Music/New unformated songs/Nazareth - Hair of the Dog (2026) [FLAC] [16B-44100kHz]/16. Nazareth - Road Ladies (BBC Live).flac,SUSPECT,"hard cutoff at ~16747Hz, steep 29.8dB/kHz -> likely transcoded from 128kbps MP3",44100,16747,22050,29.8
/home/adam/driveBig/Music/New unformated songs/Nazareth - Razamanaz (2009) [FLAC] [16B-44100kHz]/01. Nazareth - Razamanaz (Remastered 2009).flac,SUSPECT,"hard cutoff at ~16021Hz, steep 20.0dB/kHz -> likely transcoded from 128kbps MP3",44100,16021,22050,20
/home/adam/driveBig/Music/New unformated songs/Nazareth - Razamanaz (2009) [FLAC] [16B-44100kHz]/02. Nazareth - Alcatraz (Remastered 2009).flac,SUSPECT,"hard cutoff at ~16031Hz, steep 20.1dB/kHz -> likely transcoded from 128kbps MP3",44100,16031,22050,20.1
/home/adam/driveBig/Music/New unformated songs/Nazareth - Razamanaz (2009) [FLAC] [16B-44100kHz]/03. Nazareth - Vigilante Man (Remastered 2009).flac,SUSPECT,"hard cutoff at ~16548Hz, steep 16.1dB/kHz -> likely transcoded from 128kbps MP3",44100,16548,22050,16.1
/home/adam/driveBig/Music/New unformated songs/Nazareth - Razamanaz (2009) [FLAC] [16B-44100kHz]/04. Nazareth - Woke Up This Morning (Remastered 2009).flac,SUSPECT,"hard cutoff at ~16365Hz, steep 23.2dB/kHz -> likely transcoded from 128kbps MP3",44100,16365,22050,23.2
/home/adam/driveBig/Music/New unformated songs/Nazareth - Razamanaz (2009) [FLAC] [16B-44100kHz]/05. Nazareth - Night Woman (Remastered 2009).flac,SUSPECT,"hard cutoff at ~16026Hz, steep 16.9dB/kHz -> likely transcoded from 128kbps MP3",44100,16026,22050,16.9
"/home/adam/driveBig/Music/New unformated songs/Nazareth - Razamanaz (2009) [FLAC] [16B-44100kHz]/06. Nazareth - Bad, Bad Boy (Remastered 2009).flac",SUSPECT,"hard cutoff at ~16026Hz, steep 22.1dB/kHz -> likely transcoded from 128kbps MP3",44100,16026,22050,22.1
/home/adam/driveBig/Music/New unformated songs/Nazareth - Razamanaz (2009) [FLAC] [16B-44100kHz]/07. Nazareth - Sold My Soul (Remastered 2009).flac,SUSPECT,"hard cutoff at ~16328Hz, steep 22.2dB/kHz -> likely transcoded from 128kbps MP3",44100,16328,22050,22.2
/home/adam/driveBig/Music/New unformated songs/Nazareth - Razamanaz (2009) [FLAC] [16B-44100kHz]/08. Nazareth - Too Bad Too Sad (Remastered 2009).flac,SUSPECT,"hard cutoff at ~16058Hz, steep 20.6dB/kHz -> likely transcoded from 128kbps MP3",44100,16058,22050,20.6
/home/adam/driveBig/Music/New unformated songs/Nazareth - Razamanaz (2009) [FLAC] [16B-44100kHz]/09. Nazareth - Broken Down Angel (Remastered 2009).flac,SUSPECT,"hard cutoff at ~16376Hz, steep 24.9dB/kHz -> likely transcoded from 128kbps MP3",44100,16376,22050,24.9
/home/adam/driveBig/Music/New unformated songs/Nazareth - Razamanaz (2009) [FLAC] [16B-44100kHz]/10. Nazareth - Hard Living (Remastered 2009).flac,SUSPECT,"hard cutoff at ~16031Hz, steep 23.1dB/kHz -> likely transcoded from 128kbps MP3",44100,16031,22050,23.1
/home/adam/driveBig/Music/New unformated songs/Nazareth - Razamanaz (2009) [FLAC] [16B-44100kHz]/11. Nazareth - Spinning Top (Remastered 2009).flac,SUSPECT,"hard cutoff at ~16026Hz, steep 18.2dB/kHz -> likely transcoded from 128kbps MP3",44100,16026,22050,18.2
/home/adam/driveBig/Music/New unformated songs/Nazareth - Razamanaz (2009) [FLAC] [16B-44100kHz]/12. Nazareth - Razamanaz (BBC Sessions).flac,SUSPECT,"hard cutoff at ~16683Hz, steep 26.7dB/kHz -> likely transcoded from 128kbps MP3",44100,16683,22050,26.7
/home/adam/driveBig/Music/New unformated songs/Nazareth - Razamanaz (2009) [FLAC] [16B-44100kHz]/13. Nazareth - Night Woman (BBC Sessions).flac,SUSPECT,"hard cutoff at ~16398Hz, steep 19.1dB/kHz -> likely transcoded from 128kbps MP3",44100,16398,22050,19.1
/home/adam/driveBig/Music/New unformated songs/Nazareth - Razamanaz (2009) [FLAC] [16B-44100kHz]/14. Nazareth - Broken Down Angel (BBC Sessions).flac,SUSPECT,"hard cutoff at ~16823Hz, steep 33.6dB/kHz -> likely transcoded from 128kbps MP3",44100,16823,22050,33.6
/home/adam/driveBig/Music/New unformated songs/Nazareth - Razamanaz (2009) [FLAC] [16B-44100kHz]/15. Nazareth - Vigilante Man (BBC Sessions).flac,SUSPECT,"hard cutoff at ~16747Hz, steep 28.1dB/kHz -> likely transcoded from 128kbps MP3",44100,16747,22050,28.1
/home/adam/driveBig/Music/New unformated songs/Nine Inch Nails - The Downward Spiral (1994) [FLAC] [16B-44100kHz]/01. Nine Inch Nails - Mr. Self Destruct.flac,SUSPECT,"hard cutoff at ~16629Hz, steep 25.6dB/kHz -> likely transcoded from 128kbps MP3",44100,16629,22050,25.6
/home/adam/driveBig/Music/New unformated songs/Nine Inch Nails - The Downward Spiral (1994) [FLAC] [16B-44100kHz]/02. Nine Inch Nails - Piggy.flac,SUSPECT,"hard cutoff at ~16834Hz, steep 33.5dB/kHz -> likely transcoded from 128kbps MP3",44100,16834,22050,33.5
/home/adam/driveBig/Music/New unformated songs/Nine Inch Nails - The Downward Spiral (1994) [FLAC] [16B-44100kHz]/03. Nine Inch Nails - Heresy.flac,SUSPECT,"hard cutoff at ~16747Hz, steep 28.4dB/kHz -> likely transcoded from 128kbps MP3",44100,16747,22050,28.4
/home/adam/driveBig/Music/New unformated songs/Nine Inch Nails - The Downward Spiral (1994) [FLAC] [16B-44100kHz]/04. Nine Inch Nails - March Of The Pigs (Explicit).flac,SUSPECT,"hard cutoff at ~16828Hz, steep 37.3dB/kHz -> likely transcoded from 128kbps MP3",44100,16828,22050,37.3
/home/adam/driveBig/Music/New unformated songs/Nine Inch Nails - The Downward Spiral (1994) [FLAC] [16B-44100kHz]/05. Nine Inch Nails - Closer (Explicit).flac,SUSPECT,"hard cutoff at ~16721Hz, steep 30.0dB/kHz -> likely transcoded from 128kbps MP3",44100,16721,22050,30
/home/adam/driveBig/Music/New unformated songs/Nine Inch Nails - The Downward Spiral (1994) [FLAC] [16B-44100kHz]/06. Nine Inch Nails - Ruiner (Explicit).flac,SUSPECT,"hard cutoff at ~16597Hz, steep 26.6dB/kHz -> likely transcoded from 128kbps MP3",44100,16597,22050,26.6
/home/adam/driveBig/Music/New unformated songs/Nine Inch Nails - The Downward Spiral (1994) [FLAC] [16B-44100kHz]/07. Nine Inch Nails - The Becoming.flac,SUSPECT,"hard cutoff at ~16823Hz, steep 32.5dB/kHz -> likely transcoded from 128kbps MP3",44100,16823,22050,32.5
/home/adam/driveBig/Music/New unformated songs/Nine Inch Nails - The Downward Spiral (1994) [FLAC] [16B-44100kHz]/08. Nine Inch Nails - I Do Not Want This (Explicit).flac,SUSPECT,"hard cutoff at ~16645Hz, steep 29.9dB/kHz -> likely transcoded from 128kbps MP3",44100,16645,22050,29.9
/home/adam/driveBig/Music/New unformated songs/Nine Inch Nails - The Downward Spiral (1994) [FLAC] [16B-44100kHz]/09. Nine Inch Nails - Big Man With A Gun (Explicit).flac,SUSPECT,"hard cutoff at ~16494Hz, steep 23.3dB/kHz -> likely transcoded from 128kbps MP3",44100,16494,22050,23.3
/home/adam/driveBig/Music/New unformated songs/Nine Inch Nails - The Downward Spiral (1994) [FLAC] [16B-44100kHz]/10. Nine Inch Nails - A Warm Place.flac,SUSPECT,"hard cutoff at ~16602Hz, steep 18.3dB/kHz -> likely transcoded from 128kbps MP3",44100,16602,22050,18.3
/home/adam/driveBig/Music/New unformated songs/Nine Inch Nails - The Downward Spiral (1994) [FLAC] [16B-44100kHz]/11. Nine Inch Nails - Eraser (Explicit).flac,SUSPECT,"hard cutoff at ~16570Hz, steep 22.9dB/kHz -> likely transcoded from 128kbps MP3",44100,16570,22050,22.9
/home/adam/driveBig/Music/New unformated songs/Nine Inch Nails - The Downward Spiral (1994) [FLAC] [16B-44100kHz]/12. Nine Inch Nails - Reptile.flac,SUSPECT,"hard cutoff at ~16661Hz, steep 25.6dB/kHz -> likely transcoded from 128kbps MP3",44100,16661,22050,25.6
/home/adam/driveBig/Music/New unformated songs/Nine Inch Nails - The Downward Spiral (1994) [FLAC] [16B-44100kHz]/13. Nine Inch Nails - The Downward Spiral (Explicit).flac,SUSPECT,"hard cutoff at ~16602Hz, steep 17.7dB/kHz -> likely transcoded from 128kbps MP3",44100,16602,22050,17.7
/home/adam/driveBig/Music/New unformated songs/Nine Inch Nails - The Downward Spiral (1994) [FLAC] [16B-44100kHz]/14. Nine Inch Nails - Hurt.flac,SUSPECT,"hard cutoff at ~16667Hz, steep 23.0dB/kHz -> likely transcoded from 128kbps MP3",44100,16667,22050,23
/home/adam/driveBig/Music/New unformated songs/Nine Inch Nails - With Teeth (Bonus Tracks) (2005) [FLAC] [16B-44100kHz]/01. Nine Inch Nails - All The Love In The World.flac,SUSPECT,"hard cutoff at ~16667Hz, steep 23.2dB/kHz -> likely transcoded from 128kbps MP3",44100,16667,22050,23.2
/home/adam/driveBig/Music/New unformated songs/Nine Inch Nails - With Teeth (Bonus Tracks) (2005) [FLAC] [16B-44100kHz]/02. Nine Inch Nails - You Know What You Are (Explicit).flac,SUSPECT,"hard cutoff at ~16704Hz, steep 26.5dB/kHz -> likely transcoded from 128kbps MP3",44100,16704,22050,26.5
/home/adam/driveBig/Music/New unformated songs/Nine Inch Nails - With Teeth (Bonus Tracks) (2005) [FLAC] [16B-44100kHz]/03. Nine Inch Nails - The Collector.flac,SUSPECT,"hard cutoff at ~16564Hz, steep 23.4dB/kHz -> likely transcoded from 128kbps MP3",44100,16564,22050,23.4
/home/adam/driveBig/Music/New unformated songs/Nine Inch Nails - With Teeth (Bonus Tracks) (2005) [FLAC] [16B-44100kHz]/04. Nine Inch Nails - The Hand That Feeds.flac,SUSPECT,"hard cutoff at ~16634Hz, steep 22.1dB/kHz -> likely transcoded from 128kbps MP3",44100,16634,22050,22.1
/home/adam/driveBig/Music/New unformated songs/Nine Inch Nails - With Teeth (Bonus Tracks) (2005) [FLAC] [16B-44100kHz]/05. Nine Inch Nails - Love Is Not Enough (Explicit).flac,SUSPECT,"hard cutoff at ~16570Hz, steep 23.1dB/kHz -> likely transcoded from 128kbps MP3",44100,16570,22050,23.1
/home/adam/driveBig/Music/New unformated songs/Nine Inch Nails - With Teeth (Bonus Tracks) (2005) [FLAC] [16B-44100kHz]/06. Nine Inch Nails - Every Day Is Exactly The Same.flac,SUSPECT,"hard cutoff at ~16683Hz, steep 27.1dB/kHz -> likely transcoded from 128kbps MP3",44100,16683,22050,27.1
/home/adam/driveBig/Music/New unformated songs/Nine Inch Nails - With Teeth (Bonus Tracks) (2005) [FLAC] [16B-44100kHz]/07. Nine Inch Nails - With Teeth.flac,SUSPECT,"hard cutoff at ~16715Hz, steep 27.6dB/kHz -> likely transcoded from 128kbps MP3",44100,16715,22050,27.6
/home/adam/driveBig/Music/New unformated songs/Nine Inch Nails - With Teeth (Bonus Tracks) (2005) [FLAC] [16B-44100kHz]/08. Nine Inch Nails - Only (Explicit).flac,SUSPECT,"hard cutoff at ~16801Hz, steep 32.7dB/kHz -> likely transcoded from 128kbps MP3",44100,16801,22050,32.7
/home/adam/driveBig/Music/New unformated songs/Nine Inch Nails - With Teeth (Bonus Tracks) (2005) [FLAC] [16B-44100kHz]/09. Nine Inch Nails - Getting Smaller (Explicit).flac,SUSPECT,"hard cutoff at ~16683Hz, steep 28.0dB/kHz -> likely transcoded from 128kbps MP3",44100,16683,22050,28
/home/adam/driveBig/Music/New unformated songs/Nine Inch Nails - With Teeth (Bonus Tracks) (2005) [FLAC] [16B-44100kHz]/10. Nine Inch Nails - Sunspots (Explicit).flac,SUSPECT,"hard cutoff at ~16548Hz, steep 18.3dB/kHz -> likely transcoded from 128kbps MP3",44100,16548,22050,18.3
/home/adam/driveBig/Music/New unformated songs/Nine Inch Nails - With Teeth (Bonus Tracks) (2005) [FLAC] [16B-44100kHz]/11. Nine Inch Nails - The Line Begins To Blur.flac,SUSPECT,"hard cutoff at ~16548Hz, steep 24.1dB/kHz -> likely transcoded from 128kbps MP3",44100,16548,22050,24.1
/home/adam/driveBig/Music/New unformated songs/Nine Inch Nails - With Teeth (Bonus Tracks) (2005) [FLAC] [16B-44100kHz]/12. Nine Inch Nails - Beside You In Time.flac,SUSPECT,"hard cutoff at ~16021Hz, steep 14.6dB/kHz -> likely transcoded from 128kbps MP3",44100,16021,22050,14.6
/home/adam/driveBig/Music/New unformated songs/Nine Inch Nails - With Teeth (Bonus Tracks) (2005) [FLAC] [16B-44100kHz]/13. Nine Inch Nails - Right Where It Belongs.flac,SUSPECT,"hard cutoff at ~16058Hz, steep 15.8dB/kHz -> likely transcoded from 128kbps MP3",44100,16058,22050,15.8
/home/adam/driveBig/Music/New unformated songs/Nine Inch Nails - With Teeth (Bonus Tracks) (2005) [FLAC] [16B-44100kHz]/14. Nine Inch Nails - Home (Bonus Track).flac,SUSPECT,"hard cutoff at ~16468Hz, steep 21.9dB/kHz -> likely transcoded from 128kbps MP3",44100,16468,22050,21.9
/home/adam/driveBig/Music/New unformated songs/Nine Inch Nails - With Teeth (Bonus Tracks) (2005) [FLAC] [16B-44100kHz]/15. Nine Inch Nails - Right Where It Belongs (Version 2).flac,SUSPECT,"hard cutoff at ~16591Hz, steep 16.1dB/kHz -> likely transcoded from 128kbps MP3",44100,16591,22050,16.1
/home/adam/driveBig/Music/New unformated songs/No Doubt - Rock Steady (Expanded Edition) (2002) [FLAC] [16B-44100kHz]/01. No Doubt - Intro.flac,SUSPECT,"hard cutoff at ~16484Hz, steep 23.7dB/kHz -> likely transcoded from 128kbps MP3",44100,16484,22050,23.7
/home/adam/driveBig/Music/New unformated songs/No Doubt - Rock Steady (Expanded Edition) (2002) [FLAC] [16B-44100kHz]/02. No Doubt - Hella Good.flac,SUSPECT,"hard cutoff at ~16731Hz, steep 27.0dB/kHz -> likely transcoded from 128kbps MP3",44100,16731,22050,27
/home/adam/driveBig/Music/New unformated songs/No Doubt - Rock Steady (Expanded Edition) (2002) [FLAC] [16B-44100kHz]/03. No Doubt - Hey Baby.flac,SUSPECT,"hard cutoff at ~16511Hz, steep 19.0dB/kHz -> likely transcoded from 128kbps MP3",44100,16511,22050,19
/home/adam/driveBig/Music/New unformated songs/No Doubt - Rock Steady (Expanded Edition) (2002) [FLAC] [16B-44100kHz]/04. No Doubt - Making Out.flac,SUSPECT,"hard cutoff at ~16570Hz, steep 21.3dB/kHz -> likely transcoded from 128kbps MP3",44100,16570,22050,21.3
/home/adam/driveBig/Music/New unformated songs/No Doubt - Rock Steady (Expanded Edition) (2002) [FLAC] [16B-44100kHz]/05. No Doubt - Underneath It All.flac,SUSPECT,"hard cutoff at ~16672Hz, steep 24.1dB/kHz -> likely transcoded from 128kbps MP3",44100,16672,22050,24.1
/home/adam/driveBig/Music/New unformated songs/No Doubt - Rock Steady (Expanded Edition) (2002) [FLAC] [16B-44100kHz]/06. No Doubt - Detective.flac,SUSPECT,"hard cutoff at ~16667Hz, steep 24.1dB/kHz -> likely transcoded from 128kbps MP3",44100,16667,22050,24.1
/home/adam/driveBig/Music/New unformated songs/No Doubt - Rock Steady (Expanded Edition) (2002) [FLAC] [16B-44100kHz]/07. No Doubt - Don't Let Me Down.flac,SUSPECT,"hard cutoff at ~16742Hz, steep 34.1dB/kHz -> likely transcoded from 128kbps MP3",44100,16742,22050,34.1
/home/adam/driveBig/Music/New unformated songs/No Doubt - Rock Steady (Expanded Edition) (2002) [FLAC] [16B-44100kHz]/08. No Doubt - Start The Fire.flac,SUSPECT,"hard cutoff at ~16721Hz, steep 27.2dB/kHz -> likely transcoded from 128kbps MP3",44100,16721,22050,27.2
/home/adam/driveBig/Music/New unformated songs/No Doubt - Rock Steady (Expanded Edition) (2002) [FLAC] [16B-44100kHz]/09. No Doubt - Running.flac,SUSPECT,"hard cutoff at ~16721Hz, steep 26.2dB/kHz -> likely transcoded from 128kbps MP3",44100,16721,22050,26.2
/home/adam/driveBig/Music/New unformated songs/No Doubt - Rock Steady (Expanded Edition) (2002) [FLAC] [16B-44100kHz]/10. No Doubt - In My Head.flac,SUSPECT,"hard cutoff at ~16699Hz, steep 22.1dB/kHz -> likely transcoded from 128kbps MP3",44100,16699,22050,22.1
/home/adam/driveBig/Music/New unformated songs/No Doubt - Rock Steady (Expanded Edition) (2002) [FLAC] [16B-44100kHz]/11. No Doubt - Platinum Blonde Life.flac,SUSPECT,"hard cutoff at ~16613Hz, steep 23.8dB/kHz -> likely transcoded from 128kbps MP3",44100,16613,22050,23.8
/home/adam/driveBig/Music/New unformated songs/No Doubt - Rock Steady (Expanded Edition) (2002) [FLAC] [16B-44100kHz]/12. No Doubt - Waiting Room.flac,SUSPECT,"hard cutoff at ~16758Hz, steep 29.4dB/kHz -> likely transcoded from 128kbps MP3",44100,16758,22050,29.4
/home/adam/driveBig/Music/New unformated songs/No Doubt - Rock Steady (Expanded Edition) (2002) [FLAC] [16B-44100kHz]/13. No Doubt - Rock Steady.flac,SUSPECT,"hard cutoff at ~16823Hz, steep 34.4dB/kHz -> likely transcoded from 128kbps MP3",44100,16823,22050,34.4
/home/adam/driveBig/Music/New unformated songs/No Doubt - Rock Steady (Expanded Edition) (2002) [FLAC] [16B-44100kHz]/14. No Doubt - Underneath It All (Radio 1 Live Acoustic Version Bonus Track).flac,SUSPECT,"hard cutoff at ~16796Hz, steep 32.9dB/kHz -> likely transcoded from 128kbps MP3",44100,16796,22050,32.9
/home/adam/driveBig/Music/New unformated songs/No Doubt - Rock Steady (Expanded Edition) (2002) [FLAC] [16B-44100kHz]/15. No Doubt - Just A Girl (Radio 1 Live Acoustic Version Bonus Track).flac,SUSPECT,"hard cutoff at ~16721Hz, steep 27.1dB/kHz -> likely transcoded from 128kbps MP3",44100,16721,22050,27.1
/home/adam/driveBig/Music/New unformated songs/No Doubt - Tragic Kingdom (1995) [FLAC] [16B-44100kHz]/01. No Doubt - Spiderwebs.flac,SUSPECT,"hard cutoff at ~16828Hz, steep 33.0dB/kHz -> likely transcoded from 128kbps MP3",44100,16828,22050,33
/home/adam/driveBig/Music/New unformated songs/No Doubt - Tragic Kingdom (1995) [FLAC] [16B-44100kHz]/02. No Doubt - Excuse Me Mr.flac,SUSPECT,"hard cutoff at ~16774Hz, steep 30.3dB/kHz -> likely transcoded from 128kbps MP3",44100,16774,22050,30.3
/home/adam/driveBig/Music/New unformated songs/No Doubt - Tragic Kingdom (1995) [FLAC] [16B-44100kHz]/03. No Doubt - Just A Girl.flac,SUSPECT,"hard cutoff at ~16721Hz, steep 33.5dB/kHz -> likely transcoded from 128kbps MP3",44100,16721,22050,33.5
/home/adam/driveBig/Music/New unformated songs/No Doubt - Tragic Kingdom (1995) [FLAC] [16B-44100kHz]/04. No Doubt - Happy Now.flac,SUSPECT,"hard cutoff at ~16640Hz, steep 27.7dB/kHz -> likely transcoded from 128kbps MP3",44100,16640,22050,27.7
/home/adam/driveBig/Music/New unformated songs/No Doubt - Tragic Kingdom (1995) [FLAC] [16B-44100kHz]/05. No Doubt - Different People.flac,SUSPECT,"hard cutoff at ~16785Hz, steep 28.6dB/kHz -> likely transcoded from 128kbps MP3",44100,16785,22050,28.6
/home/adam/driveBig/Music/New unformated songs/No Doubt - Tragic Kingdom (1995) [FLAC] [16B-44100kHz]/06. No Doubt - Hey You.flac,SUSPECT,"hard cutoff at ~16726Hz, steep 32.0dB/kHz -> likely transcoded from 128kbps MP3",44100,16726,22050,32
/home/adam/driveBig/Music/New unformated songs/No Doubt - Tragic Kingdom (1995) [FLAC] [16B-44100kHz]/07. No Doubt - The Climb.flac,SUSPECT,"hard cutoff at ~16753Hz, steep 31.4dB/kHz -> likely transcoded from 128kbps MP3",44100,16753,22050,31.4
/home/adam/driveBig/Music/New unformated songs/No Doubt - Tragic Kingdom (1995) [FLAC] [16B-44100kHz]/08. No Doubt - Sixteen.flac,SUSPECT,"hard cutoff at ~16715Hz, steep 30.5dB/kHz -> likely transcoded from 128kbps MP3",44100,16715,22050,30.5
/home/adam/driveBig/Music/New unformated songs/No Doubt - Tragic Kingdom (1995) [FLAC] [16B-44100kHz]/09. No Doubt - Sunday Morning.flac,SUSPECT,"hard cutoff at ~16645Hz, steep 25.8dB/kHz -> likely transcoded from 128kbps MP3",44100,16645,22050,25.8
/home/adam/driveBig/Music/New unformated songs/No Doubt - Tragic Kingdom (1995) [FLAC] [16B-44100kHz]/10. No Doubt - Don't Speak.flac,SUSPECT,"hard cutoff at ~16796Hz, steep 26.8dB/kHz -> likely transcoded from 128kbps MP3",44100,16796,22050,26.8
/home/adam/driveBig/Music/New unformated songs/No Doubt - Tragic Kingdom (1995) [FLAC] [16B-44100kHz]/11. No Doubt - You Can Do It.flac,SUSPECT,"hard cutoff at ~16758Hz, steep 31.3dB/kHz -> likely transcoded from 128kbps MP3",44100,16758,22050,31.3
/home/adam/driveBig/Music/New unformated songs/No Doubt - Tragic Kingdom (1995) [FLAC] [16B-44100kHz]/12. No Doubt - World Go 'Round.flac,SUSPECT,"hard cutoff at ~16834Hz, steep 33.2dB/kHz -> likely transcoded from 128kbps MP3",44100,16834,22050,33.2
/home/adam/driveBig/Music/New unformated songs/No Doubt - Tragic Kingdom (1995) [FLAC] [16B-44100kHz]/13. No Doubt - End It On This.flac,SUSPECT,"hard cutoff at ~16758Hz, steep 31.1dB/kHz -> likely transcoded from 128kbps MP3",44100,16758,22050,31.1
/home/adam/driveBig/Music/New unformated songs/No Doubt - Tragic Kingdom (1995) [FLAC] [16B-44100kHz]/14. No Doubt - Tragic Kingdom.flac,SUSPECT,"hard cutoff at ~16688Hz, steep 29.5dB/kHz -> likely transcoded from 128kbps MP3",44100,16688,22050,29.5
/home/adam/driveBig/Music/New unformated songs/Nothing But Thieves - Broken Machine (Deluxe) (2017) [FLAC] [16B-44100kHz]/01. Nothing But Thieves - I Was Just a Kid.flac,SUSPECT,"hard cutoff at ~16715Hz, steep 27.8dB/kHz -> likely transcoded from 128kbps MP3",44100,16715,22050,27.8
/home/adam/driveBig/Music/New unformated songs/Nothing But Thieves - Broken Machine (Deluxe) (2017) [FLAC] [16B-44100kHz]/02. Nothing But Thieves - Amsterdam.flac,SUSPECT,"hard cutoff at ~16586Hz, steep 20.9dB/kHz -> likely transcoded from 128kbps MP3",44100,16586,22050,20.9
/home/adam/driveBig/Music/New unformated songs/Nothing But Thieves - Broken Machine (Deluxe) (2017) [FLAC] [16B-44100kHz]/03. Nothing But Thieves - Sorry.flac,SUSPECT,"hard cutoff at ~16591Hz, steep 24.6dB/kHz -> likely transcoded from 128kbps MP3",44100,16591,22050,24.6
/home/adam/driveBig/Music/New unformated songs/Nothing But Thieves - Broken Machine (Deluxe) (2017) [FLAC] [16B-44100kHz]/04. Nothing But Thieves - Broken Machine (Explicit).flac,SUSPECT,"hard cutoff at ~16710Hz, steep 24.5dB/kHz -> likely transcoded from 128kbps MP3",44100,16710,22050,24.5
/home/adam/driveBig/Music/New unformated songs/Nothing But Thieves - Broken Machine (Deluxe) (2017) [FLAC] [16B-44100kHz]/05. Nothing But Thieves - Live Like Animals (Explicit).flac,SUSPECT,"hard cutoff at ~16570Hz, steep 22.9dB/kHz -> likely transcoded from 128kbps MP3",44100,16570,22050,22.9
/home/adam/driveBig/Music/New unformated songs/Nothing But Thieves - Broken Machine (Deluxe) (2017) [FLAC] [16B-44100kHz]/06. Nothing But Thieves - Soda.flac,SUSPECT,"hard cutoff at ~16753Hz, steep 27.3dB/kHz -> likely transcoded from 128kbps MP3",44100,16753,22050,27.3
/home/adam/driveBig/Music/New unformated songs/Nothing But Thieves - Broken Machine (Deluxe) (2017) [FLAC] [16B-44100kHz]/07. Nothing But Thieves - I'm Not Made by Design (Explicit).flac,SUSPECT,"hard cutoff at ~16554Hz, steep 20.9dB/kHz -> likely transcoded from 128kbps MP3",44100,16554,22050,20.9
/home/adam/driveBig/Music/New unformated songs/Nothing But Thieves - Broken Machine (Deluxe) (2017) [FLAC] [16B-44100kHz]/08. Nothing But Thieves - Particles.flac,SUSPECT,"hard cutoff at ~16758Hz, steep 30.7dB/kHz -> likely transcoded from 128kbps MP3",44100,16758,22050,30.7
/home/adam/driveBig/Music/New unformated songs/Nothing But Thieves - Broken Machine (Deluxe) (2017) [FLAC] [16B-44100kHz]/09. Nothing But Thieves - Get Better.flac,SUSPECT,"hard cutoff at ~16661Hz, steep 21.6dB/kHz -> likely transcoded from 128kbps MP3",44100,16661,22050,21.6
"/home/adam/driveBig/Music/New unformated songs/Nothing But Thieves - Broken Machine (Deluxe) (2017) [FLAC] [16B-44100kHz]/10. Nothing But Thieves - Hell, Yeah.flac",SUSPECT,"hard cutoff at ~16753Hz, steep 28.6dB/kHz -> likely transcoded from 128kbps MP3",44100,16753,22050,28.6
/home/adam/driveBig/Music/New unformated songs/Nothing But Thieves - Broken Machine (Deluxe) (2017) [FLAC] [16B-44100kHz]/11. Nothing But Thieves - Afterlife.flac,SUSPECT,"hard cutoff at ~16704Hz, steep 25.2dB/kHz -> likely transcoded from 128kbps MP3",44100,16704,22050,25.2
/home/adam/driveBig/Music/New unformated songs/Nothing But Thieves - Broken Machine (Deluxe) (2017) [FLAC] [16B-44100kHz]/12. Nothing But Thieves - Reset Me.flac,SUSPECT,"hard cutoff at ~16677Hz, steep 25.1dB/kHz -> likely transcoded from 128kbps MP3",44100,16677,22050,25.1
/home/adam/driveBig/Music/New unformated songs/Nothing But Thieves - Broken Machine (Deluxe) (2017) [FLAC] [16B-44100kHz]/13. Nothing But Thieves - Number 13.flac,SUSPECT,"hard cutoff at ~16651Hz, steep 26.1dB/kHz -> likely transcoded from 128kbps MP3",44100,16651,22050,26.1
/home/adam/driveBig/Music/New unformated songs/Nothing But Thieves - Broken Machine (Deluxe) (2017) [FLAC] [16B-44100kHz]/14. Nothing But Thieves - Sorry (Acoustic).flac,SUSPECT,"hard cutoff at ~16688Hz, steep 27.2dB/kHz -> likely transcoded from 128kbps MP3",44100,16688,22050,27.2
/home/adam/driveBig/Music/New unformated songs/Nothing But Thieves - Broken Machine (Deluxe) (2017) [FLAC] [16B-44100kHz]/15. Nothing But Thieves - Particles (Piano Version).flac,SUSPECT,"hard cutoff at ~16430Hz, steep 20.2dB/kHz -> likely transcoded from 128kbps MP3",44100,16430,22050,20.2
/home/adam/driveBig/Music/New unformated songs/Of Monsters and Men - Beneath The Skin (Deluxe) (2015) [FLAC] [16B-44100kHz]/01. Of Monsters and Men - Crystals.flac,SUSPECT,"hard cutoff at ~16435Hz, steep 22.1dB/kHz -> likely transcoded from 128kbps MP3",44100,16435,22050,22.1
/home/adam/driveBig/Music/New unformated songs/Of Monsters and Men - Beneath The Skin (Deluxe) (2015) [FLAC] [16B-44100kHz]/02. Of Monsters and Men - Human.flac,SUSPECT,"hard cutoff at ~16026Hz, steep 15.9dB/kHz -> likely transcoded from 128kbps MP3",44100,16026,22050,15.9
/home/adam/driveBig/Music/New unformated songs/Of Monsters and Men - Beneath The Skin (Deluxe) (2015) [FLAC] [16B-44100kHz]/03. Of Monsters and Men - Hunger.flac,SUSPECT,"hard cutoff at ~16204Hz, steep 17.8dB/kHz -> likely transcoded from 128kbps MP3",44100,16204,22050,17.8
/home/adam/driveBig/Music/New unformated songs/Of Monsters and Men - Beneath The Skin (Deluxe) (2015) [FLAC] [16B-44100kHz]/04. Of Monsters and Men - Wolves Without Teeth.flac,SUSPECT,"hard cutoff at ~16661Hz, steep 24.3dB/kHz -> likely transcoded from 128kbps MP3",44100,16661,22050,24.3
/home/adam/driveBig/Music/New unformated songs/Of Monsters and Men - Beneath The Skin (Deluxe) (2015) [FLAC] [16B-44100kHz]/05. Of Monsters and Men - Empire.flac,SUSPECT,"hard cutoff at ~16301Hz, steep 20.7dB/kHz -> likely transcoded from 128kbps MP3",44100,16301,22050,20.7
/home/adam/driveBig/Music/New unformated songs/Of Monsters and Men - Beneath The Skin (Deluxe) (2015) [FLAC] [16B-44100kHz]/06. Of Monsters and Men - Slow Life.flac,SUSPECT,"hard cutoff at ~16430Hz, steep 17.5dB/kHz -> likely transcoded from 128kbps MP3",44100,16430,22050,17.5
/home/adam/driveBig/Music/New unformated songs/Of Monsters and Men - Beneath The Skin (Deluxe) (2015) [FLAC] [16B-44100kHz]/07. Of Monsters and Men - Organs.flac,SUSPECT,"hard cutoff at ~16618Hz, steep 25.1dB/kHz -> likely transcoded from 128kbps MP3",44100,16618,22050,25.1
/home/adam/driveBig/Music/New unformated songs/Of Monsters and Men - Beneath The Skin (Deluxe) (2015) [FLAC] [16B-44100kHz]/08. Of Monsters and Men - Black Water.flac,SUSPECT,"hard cutoff at ~16473Hz, steep 20.6dB/kHz -> likely transcoded from 128kbps MP3",44100,16473,22050,20.6
/home/adam/driveBig/Music/New unformated songs/Of Monsters and Men - Beneath The Skin (Deluxe) (2015) [FLAC] [16B-44100kHz]/09. Of Monsters and Men - Thousand Eyes.flac,SUSPECT,"hard cutoff at ~16398Hz, steep 18.2dB/kHz -> likely transcoded from 128kbps MP3",44100,16398,22050,18.2
/home/adam/driveBig/Music/New unformated songs/Of Monsters and Men - Beneath The Skin (Deluxe) (2015) [FLAC] [16B-44100kHz]/10. Of Monsters and Men - I Of The Storm.flac,SUSPECT,"hard cutoff at ~16618Hz, steep 21.2dB/kHz -> likely transcoded from 128kbps MP3",44100,16618,22050,21.2
/home/adam/driveBig/Music/New unformated songs/Of Monsters and Men - Beneath The Skin (Deluxe) (2015) [FLAC] [16B-44100kHz]/11. Of Monsters and Men - We Sink.flac,SUSPECT,"hard cutoff at ~16037Hz, steep 18.3dB/kHz -> likely transcoded from 128kbps MP3",44100,16037,22050,18.3
/home/adam/driveBig/Music/New unformated songs/Of Monsters and Men - Beneath The Skin (Deluxe) (2015) [FLAC] [16B-44100kHz]/12. Of Monsters and Men - Backyard (Bonus Track).flac,SUSPECT,"hard cutoff at ~16634Hz, steep 22.6dB/kHz -> likely transcoded from 128kbps MP3",44100,16634,22050,22.6
/home/adam/driveBig/Music/New unformated songs/Of Monsters and Men - Beneath The Skin (Deluxe) (2015) [FLAC] [16B-44100kHz]/13. Of Monsters and Men - Winter Sound (Bonus Track).flac,SUSPECT,"hard cutoff at ~16247Hz, steep 22.1dB/kHz -> likely transcoded from 128kbps MP3",44100,16247,22050,22.1
/home/adam/driveBig/Music/New unformated songs/Of Monsters and Men - Beneath The Skin (Deluxe) (2015) [FLAC] [16B-44100kHz]/14. Of Monsters and Men - Black Water (Chris Taylor Of Grizzly Bear Remix  Bonus Track).flac,SUSPECT,"hard cutoff at ~16532Hz, steep 21.2dB/kHz -> likely transcoded from 128kbps MP3",44100,16532,22050,21.2
/home/adam/driveBig/Music/New unformated songs/Of Monsters and Men - Beneath The Skin (Deluxe) (2015) [FLAC] [16B-44100kHz]/15. Of Monsters and Men - I Of The Storm (Alex Somers Remix  Bonus Track).flac,GRADUAL_ROLLOFF,"rolloff at ~16021Hz but gentle (10.0dB/kHz) - could be an old master/analog source, not necessarily transcoded",44100,16021,22050,10
"/home/adam/driveBig/Music/New unformated songs/Oliver Tree - Ugly is Beautiful (2020) [FLAC] [16B-44100kHz]/01. Oliver Tree - Me, Myself & I.flac",SUSPECT,"hard cutoff at ~16500Hz, steep 27.6dB/kHz -> likely transcoded from 128kbps MP3",44100,16500,22050,27.6
/home/adam/driveBig/Music/New unformated songs/Oliver Tree - Ugly is Beautiful (2020) [FLAC] [16B-44100kHz]/02. Oliver Tree - 1993 (feat. Little Ricky ZR3) (Explicit).flac,SUSPECT,"hard cutoff at ~16015Hz, steep 15.3dB/kHz -> likely transcoded from 128kbps MP3",44100,16015,22050,15.3
/home/adam/driveBig/Music/New unformated songs/Oliver Tree - Ugly is Beautiful (2020) [FLAC] [16B-44100kHz]/03. Oliver Tree - Cash Machine.flac,SUSPECT,"hard cutoff at ~16031Hz, steep 21.7dB/kHz -> likely transcoded from 128kbps MP3",44100,16031,22050,21.7
/home/adam/driveBig/Music/New unformated songs/Oliver Tree - Ugly is Beautiful (2020) [FLAC] [16B-44100kHz]/04. Oliver Tree - Let Me Down (Explicit).flac,SUSPECT,"hard cutoff at ~16721Hz, steep 32.8dB/kHz -> likely transcoded from 128kbps MP3",44100,16721,22050,32.8
/home/adam/driveBig/Music/New unformated songs/Oliver Tree - Ugly is Beautiful (2020) [FLAC] [16B-44100kHz]/05. Oliver Tree - Miracle Man (Explicit).flac,SUSPECT,"hard cutoff at ~16559Hz, steep 28.0dB/kHz -> likely transcoded from 128kbps MP3",44100,16559,22050,28
/home/adam/driveBig/Music/New unformated songs/Oliver Tree - Ugly is Beautiful (2020) [FLAC] [16B-44100kHz]/06. Oliver Tree - Bury Me Alive (Explicit).flac,SUSPECT,"hard cutoff at ~16538Hz, steep 20.2dB/kHz -> likely transcoded from 128kbps MP3",44100,16538,22050,20.2
/home/adam/driveBig/Music/New unformated songs/Oliver Tree - Ugly is Beautiful (2020) [FLAC] [16B-44100kHz]/07. Oliver Tree - Alien Boy (Explicit).flac,SUSPECT,"hard cutoff at ~16704Hz, steep 25.6dB/kHz -> likely transcoded from 128kbps MP3",44100,16704,22050,25.6
/home/adam/driveBig/Music/New unformated songs/Oliver Tree - Ugly is Beautiful (2020) [FLAC] [16B-44100kHz]/08. Oliver Tree - Joke's On You! (Explicit).flac,SUSPECT,"hard cutoff at ~16634Hz, steep 27.9dB/kHz -> likely transcoded from 128kbps MP3",44100,16634,22050,27.9
/home/adam/driveBig/Music/New unformated songs/Oliver Tree - Ugly is Beautiful (2020) [FLAC] [16B-44100kHz]/09. Oliver Tree - Again & Again.flac,SUSPECT,"hard cutoff at ~16134Hz, steep 22.6dB/kHz -> likely transcoded from 128kbps MP3",44100,16134,22050,22.6
/home/adam/driveBig/Music/New unformated songs/Oliver Tree - Ugly is Beautiful (2020) [FLAC] [16B-44100kHz]/10. Oliver Tree - Waste My Time (Explicit).flac,SUSPECT,"hard cutoff at ~16634Hz, steep 25.1dB/kHz -> likely transcoded from 128kbps MP3",44100,16634,22050,25.1
/home/adam/driveBig/Music/New unformated songs/Oliver Tree - Ugly is Beautiful (2020) [FLAC] [16B-44100kHz]/11. Oliver Tree - Jerk (Explicit).flac,SUSPECT,"hard cutoff at ~16618Hz, steep 25.3dB/kHz -> likely transcoded from 128kbps MP3",44100,16618,22050,25.3
/home/adam/driveBig/Music/New unformated songs/Oliver Tree - Ugly is Beautiful (2020) [FLAC] [16B-44100kHz]/12. Oliver Tree - Hurt (Explicit).flac,SUSPECT,"hard cutoff at ~16607Hz, steep 25.9dB/kHz -> likely transcoded from 128kbps MP3",44100,16607,22050,25.9
/home/adam/driveBig/Music/New unformated songs/Oliver Tree - Ugly is Beautiful (2020) [FLAC] [16B-44100kHz]/13. Oliver Tree - Introspective (Explicit).flac,SUSPECT,"hard cutoff at ~16371Hz, steep 23.7dB/kHz -> likely transcoded from 128kbps MP3",44100,16371,22050,23.7
/home/adam/driveBig/Music/New unformated songs/Oliver Tree - Ugly is Beautiful (2020) [FLAC] [16B-44100kHz]/14. Oliver Tree - I'm Gone.flac,SUSPECT,"hard cutoff at ~16284Hz, steep 26.8dB/kHz -> likely transcoded from 128kbps MP3",44100,16284,22050,26.8
/home/adam/driveBig/Music/New unformated songs/Ozzy Osbourne - Blizzard Of Ozz (40th Anniversary Expanded Edition) (2020) [FLAC] [16B-44100kHz]/01. Ozzy Osbourne - I Don't Know.flac,SUSPECT,"hard cutoff at ~16516Hz, steep 25.6dB/kHz -> likely transcoded from 128kbps MP3",44100,16516,22050,25.6
/home/adam/driveBig/Music/New unformated songs/Ozzy Osbourne - Blizzard Of Ozz (40th Anniversary Expanded Edition) (2020) [FLAC] [16B-44100kHz]/02. Ozzy Osbourne - Crazy Train.flac,SUSPECT,"hard cutoff at ~16451Hz, steep 26.4dB/kHz -> likely transcoded from 128kbps MP3",44100,16451,22050,26.4
/home/adam/driveBig/Music/New unformated songs/Ozzy Osbourne - Blizzard Of Ozz (40th Anniversary Expanded Edition) (2020) [FLAC] [16B-44100kHz]/03. Ozzy Osbourne - Goodbye to Romance.flac,SUSPECT,"hard cutoff at ~16710Hz, steep 30.5dB/kHz -> likely transcoded from 128kbps MP3",44100,16710,22050,30.5
/home/adam/driveBig/Music/New unformated songs/Ozzy Osbourne - Blizzard Of Ozz (40th Anniversary Expanded Edition) (2020) [FLAC] [16B-44100kHz]/04. Ozzy Osbourne - Dee.flac,SUSPECT,"hard cutoff at ~16721Hz, steep 22.9dB/kHz -> likely transcoded from 128kbps MP3",44100,16721,22050,22.9
/home/adam/driveBig/Music/New unformated songs/Ozzy Osbourne - Blizzard Of Ozz (40th Anniversary Expanded Edition) (2020) [FLAC] [16B-44100kHz]/05. Ozzy Osbourne - Suicide Solution.flac,SUSPECT,"hard cutoff at ~16473Hz, steep 28.1dB/kHz -> likely transcoded from 128kbps MP3",44100,16473,22050,28.1
/home/adam/driveBig/Music/New unformated songs/Ozzy Osbourne - Blizzard Of Ozz (40th Anniversary Expanded Edition) (2020) [FLAC] [16B-44100kHz]/06. Ozzy Osbourne - Mr. Crowley.flac,SUSPECT,"hard cutoff at ~16624Hz, steep 30.9dB/kHz -> likely transcoded from 128kbps MP3",44100,16624,22050,30.9
/home/adam/driveBig/Music/New unformated songs/Ozzy Osbourne - Blizzard Of Ozz (40th Anniversary Expanded Edition) (2020) [FLAC] [16B-44100kHz]/07. Ozzy Osbourne - No Bone Movies.flac,SUSPECT,"hard cutoff at ~16371Hz, steep 27.4dB/kHz -> likely transcoded from 128kbps MP3",44100,16371,22050,27.4
/home/adam/driveBig/Music/New unformated songs/Ozzy Osbourne - Blizzard Of Ozz (40th Anniversary Expanded Edition) (2020) [FLAC] [16B-44100kHz]/08. Ozzy Osbourne - Revelation (Mother Earth).flac,SUSPECT,"hard cutoff at ~16532Hz, steep 26.0dB/kHz -> likely transcoded from 128kbps MP3",44100,16532,22050,26
/home/adam/driveBig/Music/New unformated songs/Ozzy Osbourne - Blizzard Of Ozz (40th Anniversary Expanded Edition) (2020) [FLAC] [16B-44100kHz]/09. Ozzy Osbourne - Steal Away (The Night).flac,SUSPECT,"hard cutoff at ~16209Hz, steep 26.2dB/kHz -> likely transcoded from 128kbps MP3",44100,16209,22050,26.2
"/home/adam/driveBig/Music/New unformated songs/Ozzy Osbourne - Blizzard Of Ozz (40th Anniversary Expanded Edition) (2020) [FLAC] [16B-44100kHz]/10. Ozzy Osbourne - You Looking at Me, Looking at You.flac",SUSPECT,"hard cutoff at ~16521Hz, steep 29.9dB/kHz -> likely transcoded from 128kbps MP3",44100,16521,22050,29.9
/home/adam/driveBig/Music/New unformated songs/Ozzy Osbourne - Blizzard Of Ozz (40th Anniversary Expanded Edition) (2020) [FLAC] [16B-44100kHz]/11. Ozzy Osbourne - Goodbye to Romance (2010 Guitar & Vocal Mix).flac,SUSPECT,"hard cutoff at ~16548Hz, steep 25.5dB/kHz -> likely transcoded from 128kbps MP3",44100,16548,22050,25.5
/home/adam/driveBig/Music/New unformated songs/Ozzy Osbourne - Blizzard Of Ozz (40th Anniversary Expanded Edition) (2020) [FLAC] [16B-44100kHz]/12. Randy Rhoads - RR (Outtake from Blizzard Of Ozz Sessions).flac,SUSPECT,"hard cutoff at ~16026Hz, steep 15.3dB/kHz -> likely transcoded from 128kbps MP3",44100,16026,22050,15.3
/home/adam/driveBig/Music/New unformated songs/Ozzy Osbourne - Blizzard Of Ozz (40th Anniversary Expanded Edition) (2020) [FLAC] [16B-44100kHz]/13. Ozzy Osbourne - I Don't Know (Live from Blizzard Of Ozz tour).flac,SUSPECT,"hard cutoff at ~16031Hz, steep 22.0dB/kHz -> likely transcoded from 128kbps MP3",44100,16031,22050,22
/home/adam/driveBig/Music/New unformated songs/Ozzy Osbourne - Blizzard Of Ozz (40th Anniversary Expanded Edition) (2020) [FLAC] [16B-44100kHz]/14. Ozzy Osbourne - Crazy Train (Live from Blizzard Of Ozz tour).flac,SUSPECT,"hard cutoff at ~16139Hz, steep 28.2dB/kHz -> likely transcoded from 128kbps MP3",44100,16139,22050,28.2
/home/adam/driveBig/Music/New unformated songs/Ozzy Osbourne - Blizzard Of Ozz (40th Anniversary Expanded Edition) (2020) [FLAC] [16B-44100kHz]/15. Ozzy Osbourne - Mr. Crowley (Live from Blizzard Of Ozz tour).flac,SUSPECT,"hard cutoff at ~16058Hz, steep 24.7dB/kHz -> likely transcoded from 128kbps MP3",44100,16058,22050,24.7
/home/adam/driveBig/Music/New unformated songs/Ozzy Osbourne - Blizzard Of Ozz (40th Anniversary Expanded Edition) (2020) [FLAC] [16B-44100kHz]/16. Ozzy Osbourne - Revelation (Mother Earth) (Live from Blizzard Of Ozz tour).flac,SUSPECT,"hard cutoff at ~16101Hz, steep 26.1dB/kHz -> likely transcoded from 128kbps MP3",44100,16101,22050,26.1
/home/adam/driveBig/Music/New unformated songs/Ozzy Osbourne - Blizzard Of Ozz (40th Anniversary Expanded Edition) (2020) [FLAC] [16B-44100kHz]/17. Ozzy Osbourne - Steal Away (The Night) (Live from Blizzard Of Ozz tour).flac,SUSPECT,"hard cutoff at ~16101Hz, steep 28.9dB/kHz -> likely transcoded from 128kbps MP3",44100,16101,22050,28.9
/home/adam/driveBig/Music/New unformated songs/Ozzy Osbourne - Blizzard Of Ozz (40th Anniversary Expanded Edition) (2020) [FLAC] [16B-44100kHz]/18. Ozzy Osbourne - Suicide Solution (Live from Blizzard Of Ozz tour).flac,SUSPECT,"hard cutoff at ~16064Hz, steep 24.8dB/kHz -> likely transcoded from 128kbps MP3",44100,16064,22050,24.8
/home/adam/driveBig/Music/New unformated songs/Ozzy Osbourne - Blizzard Of Ozz (40th Anniversary Expanded Edition) (2020) [FLAC] [16B-44100kHz]/19. Ozzy Osbourne - You Said It All (Live).flac,SUSPECT,"hard cutoff at ~16521Hz, steep 27.2dB/kHz -> likely transcoded from 128kbps MP3",44100,16521,22050,27.2
/home/adam/driveBig/Music/New unformated songs/Ozzy Osbourne - No More Tears (Expanded Edition) (2014) [FLAC] [16B-44100kHz]/01. Ozzy Osbourne - Mr. Tinkertrain.flac,SUSPECT,"hard cutoff at ~16774Hz, steep 26.9dB/kHz -> likely transcoded from 128kbps MP3",44100,16774,22050,26.9
/home/adam/driveBig/Music/New unformated songs/Ozzy Osbourne - No More Tears (Expanded Edition) (2014) [FLAC] [16B-44100kHz]/02. Ozzy Osbourne - I Don't Want to Change the World.flac,SUSPECT,"hard cutoff at ~16747Hz, steep 27.7dB/kHz -> likely transcoded from 128kbps MP3",44100,16747,22050,27.7
"/home/adam/driveBig/Music/New unformated songs/Ozzy Osbourne - No More Tears (Expanded Edition) (2014) [FLAC] [16B-44100kHz]/03. Ozzy Osbourne - Mama, I'm Coming Home.flac",SUSPECT,"hard cutoff at ~16618Hz, steep 29.1dB/kHz -> likely transcoded from 128kbps MP3",44100,16618,22050,29.1
/home/adam/driveBig/Music/New unformated songs/Ozzy Osbourne - No More Tears (Expanded Edition) (2014) [FLAC] [16B-44100kHz]/04. Ozzy Osbourne - Desire.flac,SUSPECT,"hard cutoff at ~16758Hz, steep 27.1dB/kHz -> likely transcoded from 128kbps MP3",44100,16758,22050,27.1
/home/adam/driveBig/Music/New unformated songs/Ozzy Osbourne - No More Tears (Expanded Edition) (2014) [FLAC] [16B-44100kHz]/05. Ozzy Osbourne - No More Tears.flac,SUSPECT,"hard cutoff at ~16677Hz, steep 26.5dB/kHz -> likely transcoded from 128kbps MP3",44100,16677,22050,26.5
/home/adam/driveBig/Music/New unformated songs/Ozzy Osbourne - No More Tears (Expanded Edition) (2014) [FLAC] [16B-44100kHz]/06. Ozzy Osbourne - Won't Be Coming Home (S.I.N.).flac,SUSPECT,"hard cutoff at ~16645Hz, steep 30.6dB/kHz -> likely transcoded from 128kbps MP3",44100,16645,22050,30.6
/home/adam/driveBig/Music/New unformated songs/Ozzy Osbourne - No More Tears (Expanded Edition) (2014) [FLAC] [16B-44100kHz]/07. Ozzy Osbourne - Hellraiser.flac,SUSPECT,"hard cutoff at ~16677Hz, steep 29.5dB/kHz -> likely transcoded from 128kbps MP3",44100,16677,22050,29.5
/home/adam/driveBig/Music/New unformated songs/Ozzy Osbourne - No More Tears (Expanded Edition) (2014) [FLAC] [16B-44100kHz]/08. Ozzy Osbourne - Time After Time.flac,SUSPECT,"hard cutoff at ~16548Hz, steep 26.9dB/kHz -> likely transcoded from 128kbps MP3",44100,16548,22050,26.9
/home/adam/driveBig/Music/New unformated songs/Ozzy Osbourne - No More Tears (Expanded Edition) (2014) [FLAC] [16B-44100kHz]/09. Ozzy Osbourne - Zombie Stomp.flac,SUSPECT,"hard cutoff at ~16683Hz, steep 28.9dB/kHz -> likely transcoded from 128kbps MP3",44100,16683,22050,28.9
/home/adam/driveBig/Music/New unformated songs/Ozzy Osbourne - No More Tears (Expanded Edition) (2014) [FLAC] [16B-44100kHz]/10. Ozzy Osbourne - A.V.H.flac,SUSPECT,"hard cutoff at ~16791Hz, steep 23.3dB/kHz -> likely transcoded from 128kbps MP3",44100,16791,22050,23.3
/home/adam/driveBig/Music/New unformated songs/Ozzy Osbourne - No More Tears (Expanded Edition) (2014) [FLAC] [16B-44100kHz]/11. Ozzy Osbourne - Road to Nowhere.flac,SUSPECT,"hard cutoff at ~16532Hz, steep 23.5dB/kHz -> likely transcoded from 128kbps MP3",44100,16532,22050,23.5
/home/adam/driveBig/Music/New unformated songs/Ozzy Osbourne - No More Tears (Expanded Edition) (2014) [FLAC] [16B-44100kHz]/12. Ozzy Osbourne - Don't Blame Me.flac,SUSPECT,"hard cutoff at ~16747Hz, steep 28.9dB/kHz -> likely transcoded from 128kbps MP3",44100,16747,22050,28.9
/home/adam/driveBig/Music/New unformated songs/Ozzy Osbourne - No More Tears (Expanded Edition) (2014) [FLAC] [16B-44100kHz]/13. Ozzy Osbourne - Party with the Animals.flac,SUSPECT,"hard cutoff at ~16645Hz, steep 27.2dB/kHz -> likely transcoded from 128kbps MP3",44100,16645,22050,27.2
/home/adam/driveBig/Music/New unformated songs/Palaye Royale - Boom Boom Room (Side A) (2016) [FLAC] [16B-44100kHz]/01. Palaye Royale - Don't Feel Quite Right.flac,SUSPECT,"hard cutoff at ~16521Hz, steep 18.3dB/kHz -> likely transcoded from 128kbps MP3",44100,16521,22050,18.3
/home/adam/driveBig/Music/New unformated songs/Palaye Royale - Boom Boom Room (Side A) (2016) [FLAC] [16B-44100kHz]/02. Palaye Royale - How Do You Do.flac,SUSPECT,"hard cutoff at ~16145Hz, steep 16.8dB/kHz -> likely transcoded from 128kbps MP3",44100,16145,22050,16.8
/home/adam/driveBig/Music/New unformated songs/Palaye Royale - Boom Boom Room (Side A) (2016) [FLAC] [16B-44100kHz]/03. Palaye Royale - My Youth Generation.flac,SUSPECT,"hard cutoff at ~16451Hz, steep 19.8dB/kHz -> likely transcoded from 128kbps MP3",44100,16451,22050,19.8
/home/adam/driveBig/Music/New unformated songs/Palaye Royale - Boom Boom Room (Side A) (2016) [FLAC] [16B-44100kHz]/04. Palaye Royale - Mr. Doctor Man.flac,SUSPECT,"hard cutoff at ~16301Hz, steep 15.4dB/kHz -> likely transcoded from 128kbps MP3",44100,16301,22050,15.4
/home/adam/driveBig/Music/New unformated songs/Palaye Royale - Boom Boom Room (Side A) (2016) [FLAC] [16B-44100kHz]/05. Palaye Royale - Sick Boy Soldier.flac,SUSPECT,"hard cutoff at ~16064Hz, steep 17.6dB/kHz -> likely transcoded from 128kbps MP3",44100,16064,22050,17.6
/home/adam/driveBig/Music/New unformated songs/Palaye Royale - Boom Boom Room (Side A) (2016) [FLAC] [16B-44100kHz]/06. Palaye Royale - Live Like We Want To.flac,SUSPECT,"hard cutoff at ~16548Hz, steep 20.3dB/kHz -> likely transcoded from 128kbps MP3",44100,16548,22050,20.3
/home/adam/driveBig/Music/New unformated songs/Palaye Royale - Boom Boom Room (Side A) (2016) [FLAC] [16B-44100kHz]/07. Palaye Royale - Ma Cherie.flac,SUSPECT,"hard cutoff at ~16559Hz, steep 19.9dB/kHz -> likely transcoded from 128kbps MP3",44100,16559,22050,19.9
/home/adam/driveBig/Music/New unformated songs/Palaye Royale - Boom Boom Room (Side A) (2016) [FLAC] [16B-44100kHz]/08. Palaye Royale - Too Many People.flac,SUSPECT,"hard cutoff at ~16532Hz, steep 19.5dB/kHz -> likely transcoded from 128kbps MP3",44100,16532,22050,19.5
/home/adam/driveBig/Music/New unformated songs/Palaye Royale - Boom Boom Room (Side A) (2016) [FLAC] [16B-44100kHz]/09. Palaye Royale - Where Is The Boom.flac,SUSPECT,"hard cutoff at ~16505Hz, steep 22.0dB/kHz -> likely transcoded from 128kbps MP3",44100,16505,22050,22
/home/adam/driveBig/Music/New unformated songs/Palaye Royale - Boom Boom Room (Side A) (2016) [FLAC] [16B-44100kHz]/10. Palaye Royale - Clockwork.flac,SUSPECT,"hard cutoff at ~16376Hz, steep 16.5dB/kHz -> likely transcoded from 128kbps MP3",44100,16376,22050,16.5
/home/adam/driveBig/Music/New unformated songs/Palaye Royale - Boom Boom Room (Side A) (2016) [FLAC] [16B-44100kHz]/11. Palaye Royale - Warhol.flac,SUSPECT,"hard cutoff at ~16532Hz, steep 18.9dB/kHz -> likely transcoded from 128kbps MP3",44100,16532,22050,18.9
/home/adam/driveBig/Music/New unformated songs/Palaye Royale - Boom Boom Room (Side A) (2016) [FLAC] [16B-44100kHz]/12. Palaye Royale - Rag Doll.flac,SUSPECT,"hard cutoff at ~16031Hz, steep 16.9dB/kHz -> likely transcoded from 128kbps MP3",44100,16031,22050,16.9
/home/adam/driveBig/Music/New unformated songs/Palaye Royale - Boom Boom Room (Side A) (2016) [FLAC] [16B-44100kHz]/13. Palaye Royale - All My Friends.flac,SUSPECT,"hard cutoff at ~16031Hz, steep 17.5dB/kHz -> likely transcoded from 128kbps MP3",44100,16031,22050,17.5
/home/adam/driveBig/Music/New unformated songs/Palaye Royale - Boom Boom Room (Side A) (2016) [FLAC] [16B-44100kHz]/14. Palaye Royale - Get Higher.flac,SUSPECT,"hard cutoff at ~16290Hz, steep 22.4dB/kHz -> likely transcoded from 128kbps MP3",44100,16290,22050,22.4
/home/adam/driveBig/Music/New unformated songs/Palaye Royale - Boom Boom Room (Side A) (2016) [FLAC] [16B-44100kHz]/15. Palaye Royale - White.flac,SUSPECT,"hard cutoff at ~16290Hz, steep 22.5dB/kHz -> likely transcoded from 128kbps MP3",44100,16290,22050,22.5
/home/adam/driveBig/Music/New unformated songs/Palaye Royale - Boom Boom Room (Side B) (2018) [FLAC] [16B-44100kHz]/01. Palaye Royale - Death Dance.flac,SUSPECT,"hard cutoff at ~16532Hz, steep 25.8dB/kHz -> likely transcoded from 128kbps MP3",44100,16532,22050,25.8
/home/adam/driveBig/Music/New unformated songs/Palaye Royale - Boom Boom Room (Side B) (2018) [FLAC] [16B-44100kHz]/02. Palaye Royale - Teenage Heartbreak Queen.flac,SUSPECT,"hard cutoff at ~16527Hz, steep 25.5dB/kHz -> likely transcoded from 128kbps MP3",44100,16527,22050,25.5
/home/adam/driveBig/Music/New unformated songs/Palaye Royale - Boom Boom Room (Side B) (2018) [FLAC] [16B-44100kHz]/03. Palaye Royale - You'll Be Fine.flac,SUSPECT,"hard cutoff at ~16538Hz, steep 27.3dB/kHz -> likely transcoded from 128kbps MP3",44100,16538,22050,27.3
/home/adam/driveBig/Music/New unformated songs/Palaye Royale - Boom Boom Room (Side B) (2018) [FLAC] [16B-44100kHz]/04. Palaye Royale - Dying In A Hot Tub.flac,SUSPECT,"hard cutoff at ~16602Hz, steep 25.0dB/kHz -> likely transcoded from 128kbps MP3",44100,16602,22050,25
/home/adam/driveBig/Music/New unformated songs/Palaye Royale - Boom Boom Room (Side B) (2018) [FLAC] [16B-44100kHz]/05. Palaye Royale - Mrs. Infamous (My Sweetness).flac,SUSPECT,"hard cutoff at ~16564Hz, steep 27.1dB/kHz -> likely transcoded from 128kbps MP3",44100,16564,22050,27.1
/home/adam/driveBig/Music/New unformated songs/Palaye Royale - Boom Boom Room (Side B) (2018) [FLAC] [16B-44100kHz]/06. Palaye Royale - Hospital Beds.flac,SUSPECT,"hard cutoff at ~16064Hz, steep 19.8dB/kHz -> likely transcoded from 128kbps MP3",44100,16064,22050,19.8
/home/adam/driveBig/Music/New unformated songs/Palaye Royale - Boom Boom Room (Side B) (2018) [FLAC] [16B-44100kHz]/07. Palaye Royale - Love the Void (Explicit).flac,SUSPECT,"hard cutoff at ~16554Hz, steep 24.6dB/kHz -> likely transcoded from 128kbps MP3",44100,16554,22050,24.6
/home/adam/driveBig/Music/New unformated songs/Palaye Royale - Boom Boom Room (Side B) (2018) [FLAC] [16B-44100kHz]/08. Palaye Royale - The Boom.flac,GRADUAL_ROLLOFF,"rolloff at ~16021Hz but gentle (9.3dB/kHz) - could be an old master/analog source, not necessarily transcoded",44100,16021,22050,9.3
/home/adam/driveBig/Music/New unformated songs/Palaye Royale - The Bastards (2020) [FLAC] [16B-44100kHz]/01. Palaye Royale - Little Bastards (Explicit).flac,SUSPECT,"hard cutoff at ~16543Hz, steep 20.8dB/kHz -> likely transcoded from 128kbps MP3",44100,16543,22050,20.8
"/home/adam/driveBig/Music/New unformated songs/Palaye Royale - The Bastards (2020) [FLAC] [16B-44100kHz]/02. Palaye Royale - Massacre, The New American Dream (Explicit).flac",SUSPECT,"hard cutoff at ~16554Hz, steep 22.1dB/kHz -> likely transcoded from 128kbps MP3",44100,16554,22050,22.1
/home/adam/driveBig/Music/New unformated songs/Palaye Royale - The Bastards (2020) [FLAC] [16B-44100kHz]/03. Palaye Royale - Anxiety (Explicit).flac,SUSPECT,"hard cutoff at ~16284Hz, steep 19.9dB/kHz -> likely transcoded from 128kbps MP3",44100,16284,22050,19.9
/home/adam/driveBig/Music/New unformated songs/Palaye Royale - The Bastards (2020) [FLAC] [16B-44100kHz]/04. Palaye Royale - Tonight Is The Night I Die.flac,SUSPECT,"hard cutoff at ~16511Hz, steep 16.2dB/kHz -> likely transcoded from 128kbps MP3",44100,16511,22050,16.2
/home/adam/driveBig/Music/New unformated songs/Palaye Royale - The Bastards (2020) [FLAC] [16B-44100kHz]/05. Palaye Royale - Lonely (Explicit).flac,SUSPECT,"hard cutoff at ~16710Hz, steep 31.4dB/kHz -> likely transcoded from 128kbps MP3",44100,16710,22050,31.4
/home/adam/driveBig/Music/New unformated songs/Palaye Royale - The Bastards (2020) [FLAC] [16B-44100kHz]/06. Palaye Royale - Hang on to Yourself.flac,SUSPECT,"hard cutoff at ~16484Hz, steep 19.5dB/kHz -> likely transcoded from 128kbps MP3",44100,16484,22050,19.5
/home/adam/driveBig/Music/New unformated songs/Palaye Royale - The Bastards (2020) [FLAC] [16B-44100kHz]/07. Palaye Royale - Fucking With My Head (Explicit).flac,SUSPECT,"hard cutoff at ~16661Hz, steep 25.4dB/kHz -> likely transcoded from 128kbps MP3",44100,16661,22050,25.4
/home/adam/driveBig/Music/New unformated songs/Palaye Royale - The Bastards (2020) [FLAC] [16B-44100kHz]/08. Palaye Royale - Nervous Breakdown (Explicit).flac,SUSPECT,"hard cutoff at ~16710Hz, steep 28.9dB/kHz -> likely transcoded from 128kbps MP3",44100,16710,22050,28.9
/home/adam/driveBig/Music/New unformated songs/Palaye Royale - The Bastards (2020) [FLAC] [16B-44100kHz]/09. Palaye Royale - Nightmares.flac,SUSPECT,"hard cutoff at ~16338Hz, steep 18.1dB/kHz -> likely transcoded from 128kbps MP3",44100,16338,22050,18.1
/home/adam/driveBig/Music/New unformated songs/Palaye Royale - The Bastards (2020) [FLAC] [16B-44100kHz]/10. Palaye Royale - Masochist.flac,SUSPECT,"hard cutoff at ~16629Hz, steep 20.3dB/kHz -> likely transcoded from 128kbps MP3",44100,16629,22050,20.3
/home/adam/driveBig/Music/New unformated songs/Palaye Royale - The Bastards (2020) [FLAC] [16B-44100kHz]/11. Palaye Royale - Doom (Empty).flac,SUSPECT,"hard cutoff at ~16225Hz, steep 23.1dB/kHz -> likely transcoded from 128kbps MP3",44100,16225,22050,23.1
/home/adam/driveBig/Music/New unformated songs/Palaye Royale - The Bastards (2020) [FLAC] [16B-44100kHz]/12. Palaye Royale - Black Sheep.flac,SUSPECT,"hard cutoff at ~16597Hz, steep 24.5dB/kHz -> likely transcoded from 128kbps MP3",44100,16597,22050,24.5
/home/adam/driveBig/Music/New unformated songs/Palaye Royale - The Bastards (2020) [FLAC] [16B-44100kHz]/13. Palaye Royale - Stay.flac,SUSPECT,"hard cutoff at ~16640Hz, steep 26.1dB/kHz -> likely transcoded from 128kbps MP3",44100,16640,22050,26.1
/home/adam/driveBig/Music/New unformated songs/Palaye Royale - The Bastards (2020) [FLAC] [16B-44100kHz]/14. Palaye Royale - Redeemer.flac,SUSPECT,"hard cutoff at ~16489Hz, steep 19.8dB/kHz -> likely transcoded from 128kbps MP3",44100,16489,22050,19.8
/home/adam/driveBig/Music/New unformated songs/Palaye Royale - The Bastards (2020) [FLAC] [16B-44100kHz]/15. Palaye Royale - Lord Of Lies (Explicit).flac,SUSPECT,"hard cutoff at ~16570Hz, steep 27.7dB/kHz -> likely transcoded from 128kbps MP3",44100,16570,22050,27.7
/home/adam/driveBig/Music/New unformated songs/Panchiko - DEATHMETAL (2000) [FLAC] [16B-44100kHz]/01. Panchiko - DEATHMETAL.flac,SUSPECT,"hard cutoff at ~16026Hz, steep 17.0dB/kHz -> likely transcoded from 128kbps MP3",44100,16026,22050,17
/home/adam/driveBig/Music/New unformated songs/Panchiko - DEATHMETAL (2000) [FLAC] [16B-44100kHz]/02. Panchiko - Stabilisers For Big Boys.flac,SUSPECT,"hard cutoff at ~16559Hz, steep 21.7dB/kHz -> likely transcoded from 128kbps MP3",44100,16559,22050,21.7
/home/adam/driveBig/Music/New unformated songs/Panchiko - DEATHMETAL (2000) [FLAC] [16B-44100kHz]/03. Panchiko - Laputa.flac,SUSPECT,"hard cutoff at ~16521Hz, steep 20.7dB/kHz -> likely transcoded from 128kbps MP3",44100,16521,22050,20.7
/home/adam/driveBig/Music/New unformated songs/Panchiko - DEATHMETAL (2000) [FLAC] [16B-44100kHz]/04. Panchiko - The Eyes of Ibad.flac,SUSPECT,"hard cutoff at ~16516Hz, steep 21.4dB/kHz -> likely transcoded from 128kbps MP3",44100,16516,22050,21.4
/home/adam/driveBig/Music/New unformated songs/Panchiko - DEATHMETAL (2000) [FLAC] [16B-44100kHz]/05. Panchiko - CUT.flac,SUSPECT,"hard cutoff at ~16758Hz, steep 26.6dB/kHz -> likely transcoded from 128kbps MP3",44100,16758,22050,26.6
/home/adam/driveBig/Music/New unformated songs/Panchiko - DEATHMETAL (2000) [FLAC] [16B-44100kHz]/06. Panchiko - Sodium Chloride.flac,SUSPECT,"hard cutoff at ~16785Hz, steep 31.9dB/kHz -> likely transcoded from 128kbps MP3",44100,16785,22050,31.9
/home/adam/driveBig/Music/New unformated songs/Panchiko - DEATHMETAL (2000) [FLAC] [16B-44100kHz]/07. Panchiko - Kicking Cars.flac,SUSPECT,"hard cutoff at ~16564Hz, steep 27.7dB/kHz -> likely transcoded from 128kbps MP3",44100,16564,22050,27.7
/home/adam/driveBig/Music/New unformated songs/Panchiko - DEATHMETAL (2000) [FLAC] [16B-44100kHz]/08. Panchiko - DEATHMETAL_ROT.flac,SUSPECT,"hard cutoff at ~16710Hz, steep 32.6dB/kHz -> likely transcoded from 128kbps MP3",44100,16710,22050,32.6
/home/adam/driveBig/Music/New unformated songs/Panchiko - DEATHMETAL (2000) [FLAC] [16B-44100kHz]/09. Panchiko - Stabilisers For Big Boys_ROT.flac,SUSPECT,"hard cutoff at ~16747Hz, steep 31.5dB/kHz -> likely transcoded from 128kbps MP3",44100,16747,22050,31.5
/home/adam/driveBig/Music/New unformated songs/Panchiko - DEATHMETAL (2000) [FLAC] [16B-44100kHz]/10. Panchiko - Laputa_ROT.flac,SUSPECT,"hard cutoff at ~16721Hz, steep 32.6dB/kHz -> likely transcoded from 128kbps MP3",44100,16721,22050,32.6
/home/adam/driveBig/Music/New unformated songs/Panchiko - DEATHMETAL (2000) [FLAC] [16B-44100kHz]/11. Panchiko - The Eyes of Ibad_ROT.flac,SUSPECT,"hard cutoff at ~16721Hz, steep 30.4dB/kHz -> likely transcoded from 128kbps MP3",44100,16721,22050,30.4
/home/adam/driveBig/Music/New unformated songs/Paramore - After Laughter (2017) [FLAC] [16B-44100kHz]/01. Paramore - Hard Times.flac,SUSPECT,"hard cutoff at ~16688Hz, steep 27.6dB/kHz -> likely transcoded from 128kbps MP3",44100,16688,22050,27.6
/home/adam/driveBig/Music/New unformated songs/Paramore - After Laughter (2017) [FLAC] [16B-44100kHz]/02. Paramore - Rose-Colored Boy.flac,SUSPECT,"hard cutoff at ~16591Hz, steep 27.2dB/kHz -> likely transcoded from 128kbps MP3",44100,16591,22050,27.2
/home/adam/driveBig/Music/New unformated songs/Paramore - After Laughter (2017) [FLAC] [16B-44100kHz]/03. Paramore - Told You So.flac,SUSPECT,"hard cutoff at ~16634Hz, steep 27.6dB/kHz -> likely transcoded from 128kbps MP3",44100,16634,22050,27.6
/home/adam/driveBig/Music/New unformated songs/Paramore - After Laughter (2017) [FLAC] [16B-44100kHz]/04. Paramore - Forgiveness.flac,SUSPECT,"hard cutoff at ~16667Hz, steep 24.2dB/kHz -> likely transcoded from 128kbps MP3",44100,16667,22050,24.2
/home/adam/driveBig/Music/New unformated songs/Paramore - After Laughter (2017) [FLAC] [16B-44100kHz]/05. Paramore - Fake Happy.flac,SUSPECT,"hard cutoff at ~16586Hz, steep 22.6dB/kHz -> likely transcoded from 128kbps MP3",44100,16586,22050,22.6
/home/adam/driveBig/Music/New unformated songs/Paramore - After Laughter (2017) [FLAC] [16B-44100kHz]/06. Paramore - 26.flac,SUSPECT,"hard cutoff at ~16457Hz, steep 19.9dB/kHz -> likely transcoded from 128kbps MP3",44100,16457,22050,19.9
/home/adam/driveBig/Music/New unformated songs/Paramore - After Laughter (2017) [FLAC] [16B-44100kHz]/07. Paramore - Pool.flac,SUSPECT,"hard cutoff at ~16559Hz, steep 25.5dB/kHz -> likely transcoded from 128kbps MP3",44100,16559,22050,25.5
/home/adam/driveBig/Music/New unformated songs/Paramore - After Laughter (2017) [FLAC] [16B-44100kHz]/08. Paramore - Grudges.flac,SUSPECT,"hard cutoff at ~16398Hz, steep 23.2dB/kHz -> likely transcoded from 128kbps MP3",44100,16398,22050,23.2
/home/adam/driveBig/Music/New unformated songs/Paramore - After Laughter (2017) [FLAC] [16B-44100kHz]/09. Paramore - Caught in the Middle.flac,SUSPECT,"hard cutoff at ~16634Hz, steep 29.0dB/kHz -> likely transcoded from 128kbps MP3",44100,16634,22050,29
/home/adam/driveBig/Music/New unformated songs/Paramore - After Laughter (2017) [FLAC] [16B-44100kHz]/10. Paramore - Idle Worship.flac,SUSPECT,"hard cutoff at ~16457Hz, steep 20.4dB/kHz -> likely transcoded from 128kbps MP3",44100,16457,22050,20.4
/home/adam/driveBig/Music/New unformated songs/Paramore - After Laughter (2017) [FLAC] [16B-44100kHz]/11. Paramore - No Friend.flac,SUSPECT,"hard cutoff at ~16704Hz, steep 27.0dB/kHz -> likely transcoded from 128kbps MP3",44100,16704,22050,27
/home/adam/driveBig/Music/New unformated songs/Paramore - After Laughter (2017) [FLAC] [16B-44100kHz]/12. Paramore - Tell Me How.flac,SUSPECT,"hard cutoff at ~16548Hz, steep 21.0dB/kHz -> likely transcoded from 128kbps MP3",44100,16548,22050,21
/home/adam/driveBig/Music/New unformated songs/Paramore - Decode (2008) [FLAC] [16B-44100kHz]/01. Paramore - Decode.flac,SUSPECT,"hard cutoff at ~16478Hz, steep 22.7dB/kHz -> likely transcoded from 128kbps MP3",44100,16478,22050,22.7
/home/adam/driveBig/Music/New unformated songs/Pearl Jam - Vitalogy (1994) [FLAC] [16B-44100kHz]/01. Pearl Jam - Last Exit.flac,SUSPECT,"hard cutoff at ~16564Hz, steep 27.7dB/kHz -> likely transcoded from 128kbps MP3",44100,16564,22050,27.7
/home/adam/driveBig/Music/New unformated songs/Pearl Jam - Vitalogy (1994) [FLAC] [16B-44100kHz]/02. Pearl Jam - Spin the Black Circle.flac,SUSPECT,"hard cutoff at ~16489Hz, steep 25.6dB/kHz -> likely transcoded from 128kbps MP3",44100,16489,22050,25.6
/home/adam/driveBig/Music/New unformated songs/Pearl Jam - Vitalogy (1994) [FLAC] [16B-44100kHz]/03. Pearl Jam - Not for You (Explicit).flac,SUSPECT,"hard cutoff at ~16715Hz, steep 29.8dB/kHz -> likely transcoded from 128kbps MP3",44100,16715,22050,29.8
/home/adam/driveBig/Music/New unformated songs/Pearl Jam - Vitalogy (1994) [FLAC] [16B-44100kHz]/04. Pearl Jam - Tremor Christ.flac,SUSPECT,"hard cutoff at ~16484Hz, steep 22.0dB/kHz -> likely transcoded from 128kbps MP3",44100,16484,22050,22
/home/adam/driveBig/Music/New unformated songs/Pearl Jam - Vitalogy (1994) [FLAC] [16B-44100kHz]/05. Pearl Jam - Nothingman.flac,SUSPECT,"hard cutoff at ~16613Hz, steep 21.7dB/kHz -> likely transcoded from 128kbps MP3",44100,16613,22050,21.7
/home/adam/driveBig/Music/New unformated songs/Pearl Jam - Vitalogy (1994) [FLAC] [16B-44100kHz]/06. Pearl Jam - Whipping.flac,SUSPECT,"hard cutoff at ~16554Hz, steep 25.1dB/kHz -> likely transcoded from 128kbps MP3",44100,16554,22050,25.1
"/home/adam/driveBig/Music/New unformated songs/Pearl Jam - Vitalogy (1994) [FLAC] [16B-44100kHz]/07. Pearl Jam - Pry, To.flac",SUSPECT,"hard cutoff at ~16785Hz, steep 33.7dB/kHz -> likely transcoded from 128kbps MP3",44100,16785,22050,33.7
/home/adam/driveBig/Music/New unformated songs/Pearl Jam - Vitalogy (1994) [FLAC] [16B-44100kHz]/08. Pearl Jam - Corduroy (Explicit).flac,SUSPECT,"hard cutoff at ~16715Hz, steep 29.4dB/kHz -> likely transcoded from 128kbps MP3",44100,16715,22050,29.4
/home/adam/driveBig/Music/New unformated songs/Pearl Jam - Vitalogy (1994) [FLAC] [16B-44100kHz]/09. Pearl Jam - Bugs.flac,SUSPECT,"hard cutoff at ~16785Hz, steep 31.1dB/kHz -> likely transcoded from 128kbps MP3",44100,16785,22050,31.1
/home/adam/driveBig/Music/New unformated songs/Pearl Jam - Vitalogy (1994) [FLAC] [16B-44100kHz]/10. Pearl Jam - Satan's Bed.flac,SUSPECT,"hard cutoff at ~16791Hz, steep 32.3dB/kHz -> likely transcoded from 128kbps MP3",44100,16791,22050,32.3
/home/adam/driveBig/Music/New unformated songs/Pearl Jam - Vitalogy (1994) [FLAC] [16B-44100kHz]/11. Pearl Jam - Better Man.flac,SUSPECT,"hard cutoff at ~16683Hz, steep 28.8dB/kHz -> likely transcoded from 128kbps MP3",44100,16683,22050,28.8
/home/adam/driveBig/Music/New unformated songs/Pearl Jam - Vitalogy (1994) [FLAC] [16B-44100kHz]/12. Pearl Jam - Aya Davanita.flac,SUSPECT,"hard cutoff at ~16715Hz, steep 28.9dB/kHz -> likely transcoded from 128kbps MP3",44100,16715,22050,28.9
/home/adam/driveBig/Music/New unformated songs/Pearl Jam - Vitalogy (1994) [FLAC] [16B-44100kHz]/13. Pearl Jam - Immortality.flac,SUSPECT,"hard cutoff at ~16753Hz, steep 27.6dB/kHz -> likely transcoded from 128kbps MP3",44100,16753,22050,27.6
/home/adam/driveBig/Music/New unformated songs/Pearl Jam - Vitalogy (1994) [FLAC] [16B-44100kHz]/14. Pearl Jam - Stupidmop.flac,SUSPECT,"hard cutoff at ~16328Hz, steep 21.7dB/kHz -> likely transcoded from 128kbps MP3",44100,16328,22050,21.7
/home/adam/driveBig/Music/New unformated songs/Pearl Jam - Vitalogy (1994) [FLAC] [16B-44100kHz]/15. Pearl Jam - Better Man (Guitar  Organ Only).flac,SUSPECT,"hard cutoff at ~16527Hz, steep 19.4dB/kHz -> likely transcoded from 128kbps MP3",44100,16527,22050,19.4
/home/adam/driveBig/Music/New unformated songs/Pearl Jam - Vitalogy (1994) [FLAC] [16B-44100kHz]/16. Pearl Jam - Corduroy (Alternate Take).flac,SUSPECT,"hard cutoff at ~16721Hz, steep 30.9dB/kHz -> likely transcoded from 128kbps MP3",44100,16721,22050,30.9
/home/adam/driveBig/Music/New unformated songs/Pearl Jam - Vitalogy (1994) [FLAC] [16B-44100kHz]/17. Pearl Jam - Nothingman (Demo).flac,SUSPECT,"hard cutoff at ~16721Hz, steep 27.5dB/kHz -> likely transcoded from 128kbps MP3",44100,16721,22050,27.5
/home/adam/driveBig/Music/New unformated songs/Pearl Jam - Vs (2011) [FLAC] [16B-44100kHz]/01. Pearl Jam - Go (Remastered) (Explicit).flac,SUSPECT,"hard cutoff at ~16629Hz, steep 24.9dB/kHz -> likely transcoded from 128kbps MP3",44100,16629,22050,24.9
/home/adam/driveBig/Music/New unformated songs/Pearl Jam - Vs (2011) [FLAC] [16B-44100kHz]/02. Pearl Jam - Animal (Remastered).flac,SUSPECT,"hard cutoff at ~16564Hz, steep 28.8dB/kHz -> likely transcoded from 128kbps MP3",44100,16564,22050,28.8
/home/adam/driveBig/Music/New unformated songs/Pearl Jam - Vs (2011) [FLAC] [16B-44100kHz]/03. Pearl Jam - Daughter (Remastered).flac,SUSPECT,"hard cutoff at ~16866Hz, steep 35.7dB/kHz -> likely transcoded from 128kbps MP3",44100,16866,22050,35.7
/home/adam/driveBig/Music/New unformated songs/Pearl Jam - Vs (2011) [FLAC] [16B-44100kHz]/04. Pearl Jam - Glorified G (Remastered).flac,SUSPECT,"hard cutoff at ~16704Hz, steep 26.7dB/kHz -> likely transcoded from 128kbps MP3",44100,16704,22050,26.7
/home/adam/driveBig/Music/New unformated songs/Pearl Jam - Vs (2011) [FLAC] [16B-44100kHz]/05. Pearl Jam - Dissident (Remastered).flac,SUSPECT,"hard cutoff at ~16564Hz, steep 24.2dB/kHz -> likely transcoded from 128kbps MP3",44100,16564,22050,24.2
/home/adam/driveBig/Music/New unformated songs/Pearl Jam - Vs (2011) [FLAC] [16B-44100kHz]/06. Pearl Jam - W.M.A. (Remastered).flac,SUSPECT,"hard cutoff at ~16742Hz, steep 29.9dB/kHz -> likely transcoded from 128kbps MP3",44100,16742,22050,29.9
/home/adam/driveBig/Music/New unformated songs/Pearl Jam - Vs (2011) [FLAC] [16B-44100kHz]/07. Pearl Jam - Blood (Remastered) (Explicit).flac,SUSPECT,"hard cutoff at ~16607Hz, steep 30.0dB/kHz -> likely transcoded from 128kbps MP3",44100,16607,22050,30
/home/adam/driveBig/Music/New unformated songs/Pearl Jam - Vs (2011) [FLAC] [16B-44100kHz]/08. Pearl Jam - Rearviewmirror (Remastered) (Explicit).flac,SUSPECT,"hard cutoff at ~16570Hz, steep 25.7dB/kHz -> likely transcoded from 128kbps MP3",44100,16570,22050,25.7
/home/adam/driveBig/Music/New unformated songs/Pearl Jam - Vs (2011) [FLAC] [16B-44100kHz]/09. Pearl Jam - Rats (Remastered) (Explicit).flac,SUSPECT,"hard cutoff at ~16715Hz, steep 31.9dB/kHz -> likely transcoded from 128kbps MP3",44100,16715,22050,31.9
/home/adam/driveBig/Music/New unformated songs/Pearl Jam - Vs (2011) [FLAC] [16B-44100kHz]/10. Pearl Jam - Elderly Woman Behind the Counter in a Small Town (Remastered).flac,SUSPECT,"hard cutoff at ~16791Hz, steep 33.0dB/kHz -> likely transcoded from 128kbps MP3",44100,16791,22050,33
/home/adam/driveBig/Music/New unformated songs/Pearl Jam - Vs (2011) [FLAC] [16B-44100kHz]/11. Pearl Jam - Leash (Remastered) (Explicit).flac,SUSPECT,"hard cutoff at ~16667Hz, steep 24.9dB/kHz -> likely transcoded from 128kbps MP3",44100,16667,22050,24.9
/home/adam/driveBig/Music/New unformated songs/Pearl Jam - Vs (2011) [FLAC] [16B-44100kHz]/12. Pearl Jam - Indifference (Remastered).flac,SUSPECT,"hard cutoff at ~16710Hz, steep 27.8dB/kHz -> likely transcoded from 128kbps MP3",44100,16710,22050,27.8
/home/adam/driveBig/Music/New unformated songs/Pearl Jam - Vs (2011) [FLAC] [16B-44100kHz]/13. Pearl Jam - Hold On (bonus track).flac,SUSPECT,"hard cutoff at ~16753Hz, steep 30.1dB/kHz -> likely transcoded from 128kbps MP3",44100,16753,22050,30.1
/home/adam/driveBig/Music/New unformated songs/Pearl Jam - Vs (2011) [FLAC] [16B-44100kHz]/14. Pearl Jam - Cready Stomp (bonus track).flac,SUSPECT,"hard cutoff at ~16661Hz, steep 28.2dB/kHz -> likely transcoded from 128kbps MP3",44100,16661,22050,28.2
/home/adam/driveBig/Music/New unformated songs/Pearl Jam - Vs (2011) [FLAC] [16B-44100kHz]/15. Pearl Jam - Crazy Mary (Remastered).flac,SUSPECT,"hard cutoff at ~16667Hz, steep 24.0dB/kHz -> likely transcoded from 128kbps MP3",44100,16667,22050,24
/home/adam/driveBig/Music/New unformated songs/Pinegrove - Everything So Far (2015) [FLAC] [16B-44100kHz]/01. Pinegrove - New Friends (Explicit).flac,SUSPECT,"hard cutoff at ~16559Hz, steep 23.9dB/kHz -> likely transcoded from 128kbps MP3",44100,16559,22050,23.9
/home/adam/driveBig/Music/New unformated songs/Pinegrove - Everything So Far (2015) [FLAC] [16B-44100kHz]/02. Pinegrove - Angelina.flac,SUSPECT,"hard cutoff at ~16559Hz, steep 24.4dB/kHz -> likely transcoded from 128kbps MP3",44100,16559,22050,24.4
/home/adam/driveBig/Music/New unformated songs/Pinegrove - Everything So Far (2015) [FLAC] [16B-44100kHz]/03. Pinegrove - Problems.flac,SUSPECT,"hard cutoff at ~16564Hz, steep 17.0dB/kHz -> likely transcoded from 128kbps MP3",44100,16564,22050,17
/home/adam/driveBig/Music/New unformated songs/Pinegrove - Everything So Far (2015) [FLAC] [16B-44100kHz]/04. Pinegrove - Need.flac,SUSPECT,"hard cutoff at ~16710Hz, steep 23.2dB/kHz -> likely transcoded from 128kbps MP3",44100,16710,22050,23.2
/home/adam/driveBig/Music/New unformated songs/Pinegrove - Everything So Far (2015) [FLAC] [16B-44100kHz]/05. Pinegrove - Overthrown.flac,SUSPECT,"hard cutoff at ~16559Hz, steep 19.8dB/kHz -> likely transcoded from 128kbps MP3",44100,16559,22050,19.8
/home/adam/driveBig/Music/New unformated songs/Pinegrove - Everything So Far (2015) [FLAC] [16B-44100kHz]/06. Pinegrove - Size of the Moon (Explicit).flac,SUSPECT,"hard cutoff at ~16521Hz, steep 20.2dB/kHz -> likely transcoded from 128kbps MP3",44100,16521,22050,20.2
/home/adam/driveBig/Music/New unformated songs/Pinegrove - Everything So Far (2015) [FLAC] [16B-44100kHz]/07. Pinegrove - Need 2.flac,SUSPECT,"hard cutoff at ~16672Hz, steep 26.5dB/kHz -> likely transcoded from 128kbps MP3",44100,16672,22050,26.5
/home/adam/driveBig/Music/New unformated songs/Pinegrove - Everything So Far (2015) [FLAC] [16B-44100kHz]/08. Pinegrove - Namesake.flac,SUSPECT,"hard cutoff at ~16414Hz, steep 22.4dB/kHz -> likely transcoded from 128kbps MP3",44100,16414,22050,22.4
/home/adam/driveBig/Music/New unformated songs/Pinegrove - Everything So Far (2015) [FLAC] [16B-44100kHz]/09. Pinegrove - V.flac,SUSPECT,"hard cutoff at ~16177Hz, steep 21.6dB/kHz -> likely transcoded from 128kbps MP3",44100,16177,22050,21.6
/home/adam/driveBig/Music/New unformated songs/Pinegrove - Everything So Far (2015) [FLAC] [16B-44100kHz]/10. Pinegrove - &.flac,SUSPECT,"hard cutoff at ~16607Hz, steep 24.5dB/kHz -> likely transcoded from 128kbps MP3",44100,16607,22050,24.5
/home/adam/driveBig/Music/New unformated songs/Pinegrove - Everything So Far (2015) [FLAC] [16B-44100kHz]/11. Pinegrove - Unison.flac,SUSPECT,"hard cutoff at ~16473Hz, steep 22.3dB/kHz -> likely transcoded from 128kbps MP3",44100,16473,22050,22.3
/home/adam/driveBig/Music/New unformated songs/Pinegrove - Everything So Far (2015) [FLAC] [16B-44100kHz]/12. Pinegrove - Palisade.flac,SUSPECT,"hard cutoff at ~16511Hz, steep 19.8dB/kHz -> likely transcoded from 128kbps MP3",44100,16511,22050,19.8
/home/adam/driveBig/Music/New unformated songs/Pinegrove - Everything So Far (2015) [FLAC] [16B-44100kHz]/13. Pinegrove - The Metronome.flac,SUSPECT,"hard cutoff at ~16408Hz, steep 20.2dB/kHz -> likely transcoded from 128kbps MP3",44100,16408,22050,20.2
/home/adam/driveBig/Music/New unformated songs/Pinegrove - Everything So Far (2015) [FLAC] [16B-44100kHz]/14. Pinegrove - Mather Knoll.flac,SUSPECT,"hard cutoff at ~16677Hz, steep 25.7dB/kHz -> likely transcoded from 128kbps MP3",44100,16677,22050,25.7
/home/adam/driveBig/Music/New unformated songs/Pinegrove - Everything So Far (2015) [FLAC] [16B-44100kHz]/15. Pinegrove - Over My Shoulder.flac,SUSPECT,"hard cutoff at ~16607Hz, steep 26.2dB/kHz -> likely transcoded from 128kbps MP3",44100,16607,22050,26.2
/home/adam/driveBig/Music/New unformated songs/Pinegrove - Everything So Far (2015) [FLAC] [16B-44100kHz]/16. Pinegrove - Peeling off the Bark.flac,SUSPECT,"hard cutoff at ~16408Hz, steep 18.9dB/kHz -> likely transcoded from 128kbps MP3",44100,16408,22050,18.9
/home/adam/driveBig/Music/New unformated songs/Pinegrove - Everything So Far (2015) [FLAC] [16B-44100kHz]/17. Pinegrove - Morningtime.flac,SUSPECT,"hard cutoff at ~16564Hz, steep 25.9dB/kHz -> likely transcoded from 128kbps MP3",44100,16564,22050,25.9
/home/adam/driveBig/Music/New unformated songs/Pinegrove - Everything So Far (2015) [FLAC] [16B-44100kHz]/18. Pinegrove - Recycling.flac,SUSPECT,"hard cutoff at ~16634Hz, steep 27.5dB/kHz -> likely transcoded from 128kbps MP3",44100,16634,22050,27.5
/home/adam/driveBig/Music/New unformated songs/Pinegrove - Everything So Far (2015) [FLAC] [16B-44100kHz]/19. Pinegrove - Sunday.flac,SUSPECT,"hard cutoff at ~16634Hz, steep 25.8dB/kHz -> likely transcoded from 128kbps MP3",44100,16634,22050,25.8
/home/adam/driveBig/Music/New unformated songs/Pinegrove - Everything So Far (2015) [FLAC] [16B-44100kHz]/20. Pinegrove - On Jet Lag.flac,SUSPECT,"hard cutoff at ~16704Hz, steep 25.4dB/kHz -> likely transcoded from 128kbps MP3",44100,16704,22050,25.4
/home/adam/driveBig/Music/New unformated songs/Pinegrove - Everything So Far (2015) [FLAC] [16B-44100kHz]/21. Pinegrove - Days.flac,SUSPECT,"hard cutoff at ~16031Hz, steep 19.4dB/kHz -> likely transcoded from 128kbps MP3",44100,16031,22050,19.4
/home/adam/driveBig/Music/New unformated songs/Placebo - Meds (2006) [FLAC] [16B-44100kHz]/01. Placebo - Meds.flac,SUSPECT,"hard cutoff at ~16753Hz, steep 29.1dB/kHz -> likely transcoded from 128kbps MP3",44100,16753,22050,29.1
/home/adam/driveBig/Music/New unformated songs/Placebo - Meds (2006) [FLAC] [16B-44100kHz]/02. Placebo - Infra-Red.flac,SUSPECT,"hard cutoff at ~16753Hz, steep 31.3dB/kHz -> likely transcoded from 128kbps MP3",44100,16753,22050,31.3
/home/adam/driveBig/Music/New unformated songs/Placebo - Meds (2006) [FLAC] [16B-44100kHz]/03. Placebo - Drag.flac,SUSPECT,"hard cutoff at ~16656Hz, steep 27.4dB/kHz -> likely transcoded from 128kbps MP3",44100,16656,22050,27.4
/home/adam/driveBig/Music/New unformated songs/Placebo - Meds (2006) [FLAC] [16B-44100kHz]/04. Placebo - Space Monkey.flac,SUSPECT,"hard cutoff at ~16791Hz, steep 29.6dB/kHz -> likely transcoded from 128kbps MP3",44100,16791,22050,29.6
/home/adam/driveBig/Music/New unformated songs/Placebo - Meds (2006) [FLAC] [16B-44100kHz]/05. Placebo - Follow the Cops Back Home.flac,SUSPECT,"hard cutoff at ~16688Hz, steep 27.1dB/kHz -> likely transcoded from 128kbps MP3",44100,16688,22050,27.1
/home/adam/driveBig/Music/New unformated songs/Placebo - Meds (2006) [FLAC] [16B-44100kHz]/06. Placebo - Post Blue (Explicit).flac,SUSPECT,"hard cutoff at ~16747Hz, steep 29.6dB/kHz -> likely transcoded from 128kbps MP3",44100,16747,22050,29.6
/home/adam/driveBig/Music/New unformated songs/Placebo - Meds (2006) [FLAC] [16B-44100kHz]/07. Placebo - Because I Want You.flac,SUSPECT,"hard cutoff at ~16704Hz, steep 26.8dB/kHz -> likely transcoded from 128kbps MP3",44100,16704,22050,26.8
/home/adam/driveBig/Music/New unformated songs/Placebo - Meds (2006) [FLAC] [16B-44100kHz]/08. Placebo - Blind.flac,SUSPECT,"hard cutoff at ~16801Hz, steep 31.8dB/kHz -> likely transcoded from 128kbps MP3",44100,16801,22050,31.8
/home/adam/driveBig/Music/New unformated songs/Placebo - Meds (2006) [FLAC] [16B-44100kHz]/09. Placebo - Pierrot the Clown.flac,SUSPECT,"hard cutoff at ~16527Hz, steep 20.2dB/kHz -> likely transcoded from 128kbps MP3",44100,16527,22050,20.2
/home/adam/driveBig/Music/New unformated songs/Placebo - Meds (2006) [FLAC] [16B-44100kHz]/10. Placebo - Broken Promise.flac,SUSPECT,"hard cutoff at ~16634Hz, steep 27.4dB/kHz -> likely transcoded from 128kbps MP3",44100,16634,22050,27.4
/home/adam/driveBig/Music/New unformated songs/Placebo - Meds (2006) [FLAC] [16B-44100kHz]/11. Placebo - One of a Kind.flac,SUSPECT,"hard cutoff at ~16721Hz, steep 27.7dB/kHz -> likely transcoded from 128kbps MP3",44100,16721,22050,27.7
/home/adam/driveBig/Music/New unformated songs/Placebo - Meds (2006) [FLAC] [16B-44100kHz]/12. Placebo - In the Cold Light of Morning (Explicit).flac,SUSPECT,"hard cutoff at ~16376Hz, steep 21.1dB/kHz -> likely transcoded from 128kbps MP3",44100,16376,22050,21.1
/home/adam/driveBig/Music/New unformated songs/Placebo - Meds (2006) [FLAC] [16B-44100kHz]/13. Placebo - Song to Say Goodbye.flac,SUSPECT,"hard cutoff at ~16597Hz, steep 20.6dB/kHz -> likely transcoded from 128kbps MP3",44100,16597,22050,20.6
/home/adam/driveBig/Music/New unformated songs/Poison - Open Up And Say . . . Ahh! (2018) [FLAC] [16B-44100kHz]/01. Poison - Love On The Rocks.flac,SUSPECT,"hard cutoff at ~16683Hz, steep 29.2dB/kHz -> likely transcoded from 128kbps MP3",44100,16683,22050,29.2
/home/adam/driveBig/Music/New unformated songs/Poison - Open Up And Say . . . Ahh! (2018) [FLAC] [16B-44100kHz]/02. Poison - Nothin' But A Good Time.flac,SUSPECT,"hard cutoff at ~16715Hz, steep 28.7dB/kHz -> likely transcoded from 128kbps MP3",44100,16715,22050,28.7
/home/adam/driveBig/Music/New unformated songs/Poison - Open Up And Say . . . Ahh! (2018) [FLAC] [16B-44100kHz]/03. Poison - Back To The Rocking Horse.flac,SUSPECT,"hard cutoff at ~16295Hz, steep 26.3dB/kHz -> likely transcoded from 128kbps MP3",44100,16295,22050,26.3
/home/adam/driveBig/Music/New unformated songs/Poison - Open Up And Say . . . Ahh! (2018) [FLAC] [16B-44100kHz]/04. Poison - Good Love.flac,SUSPECT,"hard cutoff at ~16785Hz, steep 32.0dB/kHz -> likely transcoded from 128kbps MP3",44100,16785,22050,32
/home/adam/driveBig/Music/New unformated songs/Poison - Open Up And Say . . . Ahh! (2018) [FLAC] [16B-44100kHz]/05. Poison - Tearin' Down The Walls.flac,SUSPECT,"hard cutoff at ~16543Hz, steep 26.2dB/kHz -> likely transcoded from 128kbps MP3",44100,16543,22050,26.2
/home/adam/driveBig/Music/New unformated songs/Poison - Open Up And Say . . . Ahh! (2018) [FLAC] [16B-44100kHz]/06. Poison - Look But You Can't Touch.flac,SUSPECT,"hard cutoff at ~16694Hz, steep 30.9dB/kHz -> likely transcoded from 128kbps MP3",44100,16694,22050,30.9
/home/adam/driveBig/Music/New unformated songs/Poison - Open Up And Say . . . Ahh! (2018) [FLAC] [16B-44100kHz]/07. Poison - Fallen Angel.flac,SUSPECT,"hard cutoff at ~16435Hz, steep 26.7dB/kHz -> likely transcoded from 128kbps MP3",44100,16435,22050,26.7
/home/adam/driveBig/Music/New unformated songs/Poison - Open Up And Say . . . Ahh! (2018) [FLAC] [16B-44100kHz]/08. Poison - Every Rose Has Its Thorn.flac,SUSPECT,"hard cutoff at ~16742Hz, steep 31.7dB/kHz -> likely transcoded from 128kbps MP3",44100,16742,22050,31.7
/home/adam/driveBig/Music/New unformated songs/Poison - Open Up And Say . . . Ahh! (2018) [FLAC] [16B-44100kHz]/09. Poison - Your Mama Don't Dance.flac,SUSPECT,"hard cutoff at ~16607Hz, steep 32.0dB/kHz -> likely transcoded from 128kbps MP3",44100,16607,22050,32
/home/adam/driveBig/Music/New unformated songs/Poison - Open Up And Say . . . Ahh! (2018) [FLAC] [16B-44100kHz]/10. Poison - Bad To Be Good.flac,SUSPECT,"hard cutoff at ~16774Hz, steep 30.2dB/kHz -> likely transcoded from 128kbps MP3",44100,16774,22050,30.2
/home/adam/driveBig/Music/New unformated songs/Porch Light - Navy Blue (2025) [FLAC] [16B-44100kHz]/01. Porch Light - Upside.flac,SUSPECT,"hard cutoff at ~16021Hz, steep 17.5dB/kHz -> likely transcoded from 128kbps MP3",44100,16021,22050,17.5
/home/adam/driveBig/Music/New unformated songs/Porch Light - Navy Blue (2025) [FLAC] [16B-44100kHz]/02. Porch Light - Oxygen.flac,SUSPECT,"hard cutoff at ~16618Hz, steep 25.5dB/kHz -> likely transcoded from 128kbps MP3",44100,16618,22050,25.5
/home/adam/driveBig/Music/New unformated songs/Porch Light - Navy Blue (2025) [FLAC] [16B-44100kHz]/03. Porch Light - Recognize You.flac,SUSPECT,"hard cutoff at ~16354Hz, steep 18.6dB/kHz -> likely transcoded from 128kbps MP3",44100,16354,22050,18.6
/home/adam/driveBig/Music/New unformated songs/Porch Light - Navy Blue (2025) [FLAC] [16B-44100kHz]/04. Porch Light - Saturation.flac,SUSPECT,"hard cutoff at ~16290Hz, steep 17.4dB/kHz -> likely transcoded from 128kbps MP3",44100,16290,22050,17.4
/home/adam/driveBig/Music/New unformated songs/Porch Light - Navy Blue (2025) [FLAC] [16B-44100kHz]/05. Porch Light - Give Me Something.flac,SUSPECT,"hard cutoff at ~16559Hz, steep 21.6dB/kHz -> likely transcoded from 128kbps MP3",44100,16559,22050,21.6
/home/adam/driveBig/Music/New unformated songs/Porch Light - Navy Blue (2025) [FLAC] [16B-44100kHz]/06. Porch Light - 6.flac,SUSPECT,"hard cutoff at ~16457Hz, steep 21.0dB/kHz -> likely transcoded from 128kbps MP3",44100,16457,22050,21
/home/adam/driveBig/Music/New unformated songs/Portishead - Dummy (1994) [FLAC] [16B-44100kHz]/01. Portishead - Mysterons.flac,SUSPECT,"hard cutoff at ~16726Hz, steep 26.1dB/kHz -> likely transcoded from 128kbps MP3",44100,16726,22050,26.1
/home/adam/driveBig/Music/New unformated songs/Portishead - Dummy (1994) [FLAC] [16B-44100kHz]/02. Portishead - Sour Times.flac,SUSPECT,"hard cutoff at ~16699Hz, steep 26.2dB/kHz -> likely transcoded from 128kbps MP3",44100,16699,22050,26.2
/home/adam/driveBig/Music/New unformated songs/Portishead - Dummy (1994) [FLAC] [16B-44100kHz]/03. Portishead - Strangers.flac,SUSPECT,"hard cutoff at ~16570Hz, steep 19.9dB/kHz -> likely transcoded from 128kbps MP3",44100,16570,22050,19.9
/home/adam/driveBig/Music/New unformated songs/Portishead - Dummy (1994) [FLAC] [16B-44100kHz]/04. Portishead - It Could Be Sweet.flac,SUSPECT,"hard cutoff at ~16834Hz, steep 34.1dB/kHz -> likely transcoded from 128kbps MP3",44100,16834,22050,34.1
/home/adam/driveBig/Music/New unformated songs/Portishead - Dummy (1994) [FLAC] [16B-44100kHz]/05. Portishead - Wandering Star.flac,SUSPECT,"hard cutoff at ~16726Hz, steep 26.7dB/kHz -> likely transcoded from 128kbps MP3",44100,16726,22050,26.7
/home/adam/driveBig/Music/New unformated songs/Portishead - Dummy (1994) [FLAC] [16B-44100kHz]/06. Portishead - It's A Fire.flac,SUSPECT,"hard cutoff at ~16667Hz, steep 23.9dB/kHz -> likely transcoded from 128kbps MP3",44100,16667,22050,23.9
/home/adam/driveBig/Music/New unformated songs/Portishead - Dummy (1994) [FLAC] [16B-44100kHz]/07. Portishead - Numb.flac,SUSPECT,"hard cutoff at ~16688Hz, steep 23.6dB/kHz -> likely transcoded from 128kbps MP3",44100,16688,22050,23.6
/home/adam/driveBig/Music/New unformated songs/Portishead - Dummy (1994) [FLAC] [16B-44100kHz]/08. Portishead - Roads.flac,SUSPECT,"hard cutoff at ~16737Hz, steep 29.1dB/kHz -> likely transcoded from 128kbps MP3",44100,16737,22050,29.1
/home/adam/driveBig/Music/New unformated songs/Portishead - Dummy (1994) [FLAC] [16B-44100kHz]/09. Portishead - Pedestal.flac,SUSPECT,"hard cutoff at ~16645Hz, steep 21.2dB/kHz -> likely transcoded from 128kbps MP3",44100,16645,22050,21.2
/home/adam/driveBig/Music/New unformated songs/Portishead - Dummy (1994) [FLAC] [16B-44100kHz]/10. Portishead - Biscuit.flac,SUSPECT,"hard cutoff at ~16597Hz, steep 20.6dB/kHz -> likely transcoded from 128kbps MP3",44100,16597,22050,20.6
/home/adam/driveBig/Music/New unformated songs/Portishead - Dummy (1994) [FLAC] [16B-44100kHz]/11. Portishead - Glory Box.flac,SUSPECT,"hard cutoff at ~16661Hz, steep 25.8dB/kHz -> likely transcoded from 128kbps MP3",44100,16661,22050,25.8
/home/adam/driveBig/Music/New unformated songs/Powder Chutes - Powder Chutes (2025) [FLAC] [16B-44100kHz]/01. Powder Chutes - Merchants (Explicit).flac,SUSPECT,"hard cutoff at ~16527Hz, steep 23.3dB/kHz -> likely transcoded from 128kbps MP3",44100,16527,22050,23.3
/home/adam/driveBig/Music/New unformated songs/Powder Chutes - Powder Chutes (2025) [FLAC] [16B-44100kHz]/02. Powder Chutes - Straights (Explicit).flac,SUSPECT,"hard cutoff at ~16064Hz, steep 18.1dB/kHz -> likely transcoded from 128kbps MP3",44100,16064,22050,18.1
/home/adam/driveBig/Music/New unformated songs/Powder Chutes - Powder Chutes (2025) [FLAC] [16B-44100kHz]/03. Powder Chutes - Vendetta.flac,SUSPECT,"hard cutoff at ~16489Hz, steep 23.2dB/kHz -> likely transcoded from 128kbps MP3",44100,16489,22050,23.2
/home/adam/driveBig/Music/New unformated songs/Powder Chutes - Powder Chutes (2025) [FLAC] [16B-44100kHz]/04. Powder Chutes - Scalpel (Explicit).flac,SUSPECT,"hard cutoff at ~16064Hz, steep 22.6dB/kHz -> likely transcoded from 128kbps MP3",44100,16064,22050,22.6
/home/adam/driveBig/Music/New unformated songs/Powder Chutes - Powder Chutes (2025) [FLAC] [16B-44100kHz]/05. Powder Chutes - Blind.flac,SUSPECT,"hard cutoff at ~16559Hz, steep 24.6dB/kHz -> likely transcoded from 128kbps MP3",44100,16559,22050,24.6
/home/adam/driveBig/Music/New unformated songs/Powder Chutes - Powder Chutes (2025) [FLAC] [16B-44100kHz]/06. Powder Chutes - Moths To The Flame (Explicit).flac,SUSPECT,"hard cutoff at ~16532Hz, steep 22.2dB/kHz -> likely transcoded from 128kbps MP3",44100,16532,22050,22.2
/home/adam/driveBig/Music/New unformated songs/Powder Chutes - Powder Chutes (2025) [FLAC] [16B-44100kHz]/07. Powder Chutes - Dutchies.flac,SUSPECT,"hard cutoff at ~16661Hz, steep 28.1dB/kHz -> likely transcoded from 128kbps MP3",44100,16661,22050,28.1
/home/adam/driveBig/Music/New unformated songs/Powder Chutes - Powder Chutes (2025) [FLAC] [16B-44100kHz]/08. Powder Chutes - Mellow Song.flac,SUSPECT,"hard cutoff at ~16527Hz, steep 24.6dB/kHz -> likely transcoded from 128kbps MP3",44100,16527,22050,24.6
/home/adam/driveBig/Music/New unformated songs/Powder Chutes - Powder Chutes (2025) [FLAC] [16B-44100kHz]/09. Powder Chutes - Haunted.flac,SUSPECT,"hard cutoff at ~16564Hz, steep 26.2dB/kHz -> likely transcoded from 128kbps MP3",44100,16564,22050,26.2
/home/adam/driveBig/Music/New unformated songs/Powder Chutes - Powder Chutes (2025) [FLAC] [16B-44100kHz]/10. Powder Chutes - Singing It Off.flac,SUSPECT,"hard cutoff at ~16328Hz, steep 26.7dB/kHz -> likely transcoded from 128kbps MP3",44100,16328,22050,26.7
/home/adam/driveBig/Music/New unformated songs/Powder Chutes - Powder Chutes (2025) [FLAC] [16B-44100kHz]/11. Powder Chutes - Take It Or Leave It.flac,SUSPECT,"hard cutoff at ~16209Hz, steep 22.0dB/kHz -> likely transcoded from 128kbps MP3",44100,16209,22050,22
/home/adam/driveBig/Music/New unformated songs/Powder Chutes - Powder Chutes (2025) [FLAC] [16B-44100kHz]/12. Powder Chutes - The Other.flac,SUSPECT,"hard cutoff at ~16667Hz, steep 27.2dB/kHz -> likely transcoded from 128kbps MP3",44100,16667,22050,27.2
/home/adam/driveBig/Music/New unformated songs/Queens Of The Stone Age - Lullabies To Paralyze (2005) [FLAC] [16B-44100kHz]/01. Queens Of The Stone Age - This Lullaby (Album Version).flac,SUSPECT,"hard cutoff at ~16677Hz, steep 26.1dB/kHz -> likely transcoded from 128kbps MP3",44100,16677,22050,26.1
/home/adam/driveBig/Music/New unformated songs/Queens Of The Stone Age - Lullabies To Paralyze (2005) [FLAC] [16B-44100kHz]/02. Queens Of The Stone Age - Medication (Album Version).flac,SUSPECT,"hard cutoff at ~16215Hz, steep 20.3dB/kHz -> likely transcoded from 128kbps MP3",44100,16215,22050,20.3
/home/adam/driveBig/Music/New unformated songs/Queens Of The Stone Age - Lullabies To Paralyze (2005) [FLAC] [16B-44100kHz]/03. Queens Of The Stone Age - Everybody Knows That You're Insane (Album Version).flac,SUSPECT,"hard cutoff at ~16295Hz, steep 23.3dB/kHz -> likely transcoded from 128kbps MP3",44100,16295,22050,23.3
/home/adam/driveBig/Music/New unformated songs/Queens Of The Stone Age - Lullabies To Paralyze (2005) [FLAC] [16B-44100kHz]/04. Queens Of The Stone Age - Tangled Up In Plaid (Album Version).flac,SUSPECT,"hard cutoff at ~16478Hz, steep 19.0dB/kHz -> likely transcoded from 128kbps MP3",44100,16478,22050,19
/home/adam/driveBig/Music/New unformated songs/Queens Of The Stone Age - Lullabies To Paralyze (2005) [FLAC] [16B-44100kHz]/05. Queens Of The Stone Age - Burn The Witch.flac,SUSPECT,"hard cutoff at ~16360Hz, steep 18.1dB/kHz -> likely transcoded from 128kbps MP3",44100,16360,22050,18.1
/home/adam/driveBig/Music/New unformated songs/Queens Of The Stone Age - Lullabies To Paralyze (2005) [FLAC] [16B-44100kHz]/06. Queens Of The Stone Age - In My Head (Album Version).flac,SUSPECT,"hard cutoff at ~16150Hz, steep 19.3dB/kHz -> likely transcoded from 128kbps MP3",44100,16150,22050,19.3
/home/adam/driveBig/Music/New unformated songs/Queens Of The Stone Age - Lullabies To Paralyze (2005) [FLAC] [16B-44100kHz]/07. Queens Of The Stone Age - Little Sister.flac,SUSPECT,"hard cutoff at ~16031Hz, steep 18.7dB/kHz -> likely transcoded from 128kbps MP3",44100,16031,22050,18.7
/home/adam/driveBig/Music/New unformated songs/Queens Of The Stone Age - Lullabies To Paralyze (2005) [FLAC] [16B-44100kHz]/08. Queens Of The Stone Age - I Never Came (Album Version).flac,SUSPECT,"hard cutoff at ~16624Hz, steep 19.8dB/kHz -> likely transcoded from 128kbps MP3",44100,16624,22050,19.8
/home/adam/driveBig/Music/New unformated songs/Queens Of The Stone Age - Lullabies To Paralyze (2005) [FLAC] [16B-44100kHz]/09. Queens Of The Stone Age - Someone's In The Wolf (Album Version).flac,SUSPECT,"hard cutoff at ~16392Hz, steep 18.5dB/kHz -> likely transcoded from 128kbps MP3",44100,16392,22050,18.5
/home/adam/driveBig/Music/New unformated songs/Queens Of The Stone Age - Lullabies To Paralyze (2005) [FLAC] [16B-44100kHz]/10. Queens Of The Stone Age - The Blood Is Love (Album Version).flac,SUSPECT,"hard cutoff at ~16064Hz, steep 22.7dB/kHz -> likely transcoded from 128kbps MP3",44100,16064,22050,22.7
/home/adam/driveBig/Music/New unformated songs/Queens Of The Stone Age - Lullabies To Paralyze (2005) [FLAC] [16B-44100kHz]/11. Queens Of The Stone Age - Skin On Skin (Album Version).flac,SUSPECT,"hard cutoff at ~16462Hz, steep 17.9dB/kHz -> likely transcoded from 128kbps MP3",44100,16462,22050,17.9
/home/adam/driveBig/Music/New unformated songs/Queens Of The Stone Age - Lullabies To Paralyze (2005) [FLAC] [16B-44100kHz]/12. Queens Of The Stone Age - Broken Box (Album Version) (Explicit).flac,SUSPECT,"hard cutoff at ~16468Hz, steep 18.3dB/kHz -> likely transcoded from 128kbps MP3",44100,16468,22050,18.3
"/home/adam/driveBig/Music/New unformated songs/Queens Of The Stone Age - Lullabies To Paralyze (2005) [FLAC] [16B-44100kHz]/13. Queens Of The Stone Age - You Got A Killer Scene There, Man... (Album Version) (Explicit).flac",SUSPECT,"hard cutoff at ~16031Hz, steep 17.4dB/kHz -> likely transcoded from 128kbps MP3",44100,16031,22050,17.4
/home/adam/driveBig/Music/New unformated songs/Queens Of The Stone Age - Lullabies To Paralyze (2005) [FLAC] [16B-44100kHz]/14. Queens Of The Stone Age - Long Slow Goodbye (Album Version).flac,SUSPECT,"hard cutoff at ~16527Hz, steep 19.8dB/kHz -> likely transcoded from 128kbps MP3",44100,16527,22050,19.8
/home/adam/driveBig/Music/New unformated songs/Queens Of The Stone Age - Lullabies To Paralyze (2005) [FLAC] [16B-44100kHz]/15. Queens Of The Stone Age - Like A Drug (Non-LP Version).flac,SUSPECT,"hard cutoff at ~16338Hz, steep 23.8dB/kHz -> likely transcoded from 128kbps MP3",44100,16338,22050,23.8
/home/adam/driveBig/Music/New unformated songs/Radiohead - Amnesiac (2001) [FLAC] [16B-44100kHz]/01. Radiohead - Packt Like Sardines In a Crushd Tin Box.flac,SUSPECT,"hard cutoff at ~16807Hz, steep 31.0dB/kHz -> likely transcoded from 128kbps MP3",44100,16807,22050,31
/home/adam/driveBig/Music/New unformated songs/Radiohead - Amnesiac (2001) [FLAC] [16B-44100kHz]/02. Radiohead - Pyramid Song.flac,SUSPECT,"hard cutoff at ~16570Hz, steep 22.2dB/kHz -> likely transcoded from 128kbps MP3",44100,16570,22050,22.2
/home/adam/driveBig/Music/New unformated songs/Radiohead - Amnesiac (2001) [FLAC] [16B-44100kHz]/03. Radiohead - PulkPull Revolving Doors.flac,SUSPECT,"hard cutoff at ~16247Hz, steep 13.8dB/kHz -> likely transcoded from 128kbps MP3",44100,16247,22050,13.8
/home/adam/driveBig/Music/New unformated songs/Radiohead - Amnesiac (2001) [FLAC] [16B-44100kHz]/04. Radiohead - You And Whose Army.flac,SUSPECT,"hard cutoff at ~16607Hz, steep 19.9dB/kHz -> likely transcoded from 128kbps MP3",44100,16607,22050,19.9
/home/adam/driveBig/Music/New unformated songs/Radiohead - Amnesiac (2001) [FLAC] [16B-44100kHz]/05. Radiohead - I Might Be Wrong.flac,SUSPECT,"hard cutoff at ~16521Hz, steep 22.3dB/kHz -> likely transcoded from 128kbps MP3",44100,16521,22050,22.3
/home/adam/driveBig/Music/New unformated songs/Radiohead - Amnesiac (2001) [FLAC] [16B-44100kHz]/06. Radiohead - Knives Out.flac,SUSPECT,"hard cutoff at ~16731Hz, steep 23.0dB/kHz -> likely transcoded from 128kbps MP3",44100,16731,22050,23
/home/adam/driveBig/Music/New unformated songs/Radiohead - Amnesiac (2001) [FLAC] [16B-44100kHz]/07. Radiohead - Morning BellAmnesiac.flac,SUSPECT,"hard cutoff at ~16177Hz, steep 19.5dB/kHz -> likely transcoded from 128kbps MP3",44100,16177,22050,19.5
/home/adam/driveBig/Music/New unformated songs/Radiohead - Amnesiac (2001) [FLAC] [16B-44100kHz]/08. Radiohead - Dollars and Cents.flac,SUSPECT,"hard cutoff at ~16753Hz, steep 28.0dB/kHz -> likely transcoded from 128kbps MP3",44100,16753,22050,28
/home/adam/driveBig/Music/New unformated songs/Radiohead - Amnesiac (2001) [FLAC] [16B-44100kHz]/09. Radiohead - Hunting Bears.flac,SUSPECT,"hard cutoff at ~16554Hz, steep 18.8dB/kHz -> likely transcoded from 128kbps MP3",44100,16554,22050,18.8
/home/adam/driveBig/Music/New unformated songs/Radiohead - Amnesiac (2001) [FLAC] [16B-44100kHz]/10. Radiohead - Like Spinning Plates.flac,SUSPECT,"hard cutoff at ~16747Hz, steep 27.0dB/kHz -> likely transcoded from 128kbps MP3",44100,16747,22050,27
/home/adam/driveBig/Music/New unformated songs/Radiohead - Amnesiac (2001) [FLAC] [16B-44100kHz]/11. Radiohead - Life In a Glasshouse.flac,SUSPECT,"hard cutoff at ~16661Hz, steep 24.7dB/kHz -> likely transcoded from 128kbps MP3",44100,16661,22050,24.7
/home/adam/driveBig/Music/New unformated songs/Radiohead - Hail To the Thief (2003) [FLAC] [16B-44100kHz]/01. Radiohead - 2 + 2 = 5.flac,SUSPECT,"hard cutoff at ~16753Hz, steep 28.2dB/kHz -> likely transcoded from 128kbps MP3",44100,16753,22050,28.2
/home/adam/driveBig/Music/New unformated songs/Radiohead - Hail To the Thief (2003) [FLAC] [16B-44100kHz]/02. Radiohead - Sit Down. Stand Up.flac,SUSPECT,"hard cutoff at ~16791Hz, steep 30.5dB/kHz -> likely transcoded from 128kbps MP3",44100,16791,22050,30.5
/home/adam/driveBig/Music/New unformated songs/Radiohead - Hail To the Thief (2003) [FLAC] [16B-44100kHz]/03. Radiohead - Sail To The Moon.flac,SUSPECT,"hard cutoff at ~16527Hz, steep 20.4dB/kHz -> likely transcoded from 128kbps MP3",44100,16527,22050,20.4
/home/adam/driveBig/Music/New unformated songs/Radiohead - Hail To the Thief (2003) [FLAC] [16B-44100kHz]/04. Radiohead - Backdrifts.flac,SUSPECT,"hard cutoff at ~16791Hz, steep 27.1dB/kHz -> likely transcoded from 128kbps MP3",44100,16791,22050,27.1
/home/adam/driveBig/Music/New unformated songs/Radiohead - Hail To the Thief (2003) [FLAC] [16B-44100kHz]/05. Radiohead - Go To Sleep.flac,SUSPECT,"hard cutoff at ~16753Hz, steep 29.2dB/kHz -> likely transcoded from 128kbps MP3",44100,16753,22050,29.2
/home/adam/driveBig/Music/New unformated songs/Radiohead - Hail To the Thief (2003) [FLAC] [16B-44100kHz]/06. Radiohead - Where I End and You Begin.flac,SUSPECT,"hard cutoff at ~16640Hz, steep 21.0dB/kHz -> likely transcoded from 128kbps MP3",44100,16640,22050,21
/home/adam/driveBig/Music/New unformated songs/Radiohead - Hail To the Thief (2003) [FLAC] [16B-44100kHz]/07. Radiohead - We Suck Young Blood.flac,SUSPECT,"hard cutoff at ~16645Hz, steep 26.1dB/kHz -> likely transcoded from 128kbps MP3",44100,16645,22050,26.1
/home/adam/driveBig/Music/New unformated songs/Radiohead - Hail To the Thief (2003) [FLAC] [16B-44100kHz]/08. Radiohead - The Gloaming.flac,SUSPECT,"hard cutoff at ~16828Hz, steep 31.3dB/kHz -> likely transcoded from 128kbps MP3",44100,16828,22050,31.3
"/home/adam/driveBig/Music/New unformated songs/Radiohead - Hail To the Thief (2003) [FLAC] [16B-44100kHz]/09. Radiohead - There, There.flac",SUSPECT,"hard cutoff at ~16699Hz, steep 25.2dB/kHz -> likely transcoded from 128kbps MP3",44100,16699,22050,25.2
/home/adam/driveBig/Music/New unformated songs/Radiohead - Hail To the Thief (2003) [FLAC] [16B-44100kHz]/10. Radiohead - I Will.flac,SUSPECT,"hard cutoff at ~16554Hz, steep 17.6dB/kHz -> likely transcoded from 128kbps MP3",44100,16554,22050,17.6
/home/adam/driveBig/Music/New unformated songs/Radiohead - Hail To the Thief (2003) [FLAC] [16B-44100kHz]/11. Radiohead - A Punch Up at a Wedding (Explicit).flac,SUSPECT,"hard cutoff at ~16828Hz, steep 34.7dB/kHz -> likely transcoded from 128kbps MP3",44100,16828,22050,34.7
/home/adam/driveBig/Music/New unformated songs/Radiohead - Hail To the Thief (2003) [FLAC] [16B-44100kHz]/12. Radiohead - Myxomatosis (Explicit).flac,SUSPECT,"hard cutoff at ~16721Hz, steep 31.1dB/kHz -> likely transcoded from 128kbps MP3",44100,16721,22050,31.1
/home/adam/driveBig/Music/New unformated songs/Radiohead - Hail To the Thief (2003) [FLAC] [16B-44100kHz]/13. Radiohead - Scatterbrain.flac,SUSPECT,"hard cutoff at ~16747Hz, steep 27.9dB/kHz -> likely transcoded from 128kbps MP3",44100,16747,22050,27.9
/home/adam/driveBig/Music/New unformated songs/Radiohead - Hail To the Thief (2003) [FLAC] [16B-44100kHz]/14. Radiohead - A Wolf At the Door (Explicit).flac,SUSPECT,"hard cutoff at ~16710Hz, steep 27.2dB/kHz -> likely transcoded from 128kbps MP3",44100,16710,22050,27.2
/home/adam/driveBig/Music/New unformated songs/Radiohead - Kid A (2000) [FLAC] [16B-44100kHz]/01. Radiohead - Everything In Its Right Place.flac,SUSPECT,"hard cutoff at ~16360Hz, steep 19.6dB/kHz -> likely transcoded from 128kbps MP3",44100,16360,22050,19.6
/home/adam/driveBig/Music/New unformated songs/Radiohead - Kid A (2000) [FLAC] [16B-44100kHz]/02. Radiohead - Kid A.flac,SUSPECT,"hard cutoff at ~16742Hz, steep 26.4dB/kHz -> likely transcoded from 128kbps MP3",44100,16742,22050,26.4
/home/adam/driveBig/Music/New unformated songs/Radiohead - Kid A (2000) [FLAC] [16B-44100kHz]/03. Radiohead - The National Anthem.flac,SUSPECT,"hard cutoff at ~16651Hz, steep 23.3dB/kHz -> likely transcoded from 128kbps MP3",44100,16651,22050,23.3
/home/adam/driveBig/Music/New unformated songs/Radiohead - Kid A (2000) [FLAC] [16B-44100kHz]/04. Radiohead - How to Disappear Completely.flac,SUSPECT,"hard cutoff at ~16548Hz, steep 24.5dB/kHz -> likely transcoded from 128kbps MP3",44100,16548,22050,24.5
/home/adam/driveBig/Music/New unformated songs/Radiohead - Kid A (2000) [FLAC] [16B-44100kHz]/05. Radiohead - Treefingers.flac,GRADUAL_ROLLOFF,"rolloff at ~16015Hz but gentle (8.7dB/kHz) - could be an old master/analog source, not necessarily transcoded",44100,16015,22050,8.7
/home/adam/driveBig/Music/New unformated songs/Radiohead - Kid A (2000) [FLAC] [16B-44100kHz]/06. Radiohead - Optimistic.flac,SUSPECT,"hard cutoff at ~16554Hz, steep 25.2dB/kHz -> likely transcoded from 128kbps MP3",44100,16554,22050,25.2
/home/adam/driveBig/Music/New unformated songs/Radiohead - Kid A (2000) [FLAC] [16B-44100kHz]/07. Radiohead - In Limbo.flac,SUSPECT,"hard cutoff at ~16651Hz, steep 23.2dB/kHz -> likely transcoded from 128kbps MP3",44100,16651,22050,23.2
/home/adam/driveBig/Music/New unformated songs/Radiohead - Kid A (2000) [FLAC] [16B-44100kHz]/08. Radiohead - Idioteque.flac,SUSPECT,"hard cutoff at ~16791Hz, steep 31.5dB/kHz -> likely transcoded from 128kbps MP3",44100,16791,22050,31.5
/home/adam/driveBig/Music/New unformated songs/Radiohead - Kid A (2000) [FLAC] [16B-44100kHz]/09. Radiohead - Morning Bell.flac,SUSPECT,"hard cutoff at ~16834Hz, steep 33.4dB/kHz -> likely transcoded from 128kbps MP3",44100,16834,22050,33.4
/home/adam/driveBig/Music/New unformated songs/Radiohead - Kid A (2000) [FLAC] [16B-44100kHz]/10. Radiohead - Motion Picture Soundtrack.flac,SUSPECT,"hard cutoff at ~16532Hz, steep 24.3dB/kHz -> likely transcoded from 128kbps MP3",44100,16532,22050,24.3
/home/adam/driveBig/Music/New unformated songs/Radiohead - Kid A (2000) [FLAC] [16B-44100kHz]/11. Radiohead - Untitled.flac,SUSPECT,"hard cutoff at ~16247Hz, steep 13.1dB/kHz -> likely transcoded from 128kbps MP3",44100,16247,22050,13.1
/home/adam/driveBig/Music/New unformated songs/Radiohead - Pablo Honey (1993) [FLAC] [16B-44100kHz]/01. Radiohead - You.flac,SUSPECT,"hard cutoff at ~16758Hz, steep 28.3dB/kHz -> likely transcoded from 128kbps MP3",44100,16758,22050,28.3
/home/adam/driveBig/Music/New unformated songs/Radiohead - Pablo Honey (1993) [FLAC] [16B-44100kHz]/02. Radiohead - Creep (Explicit).flac,SUSPECT,"hard cutoff at ~16764Hz, steep 26.6dB/kHz -> likely transcoded from 128kbps MP3",44100,16764,22050,26.6
/home/adam/driveBig/Music/New unformated songs/Radiohead - Pablo Honey (1993) [FLAC] [16B-44100kHz]/03. Radiohead - How Do You.flac,SUSPECT,"hard cutoff at ~16683Hz, steep 26.2dB/kHz -> likely transcoded from 128kbps MP3",44100,16683,22050,26.2
/home/adam/driveBig/Music/New unformated songs/Radiohead - Pablo Honey (1993) [FLAC] [16B-44100kHz]/04. Radiohead - Stop Whispering.flac,SUSPECT,"hard cutoff at ~16672Hz, steep 23.8dB/kHz -> likely transcoded from 128kbps MP3",44100,16672,22050,23.8
/home/adam/driveBig/Music/New unformated songs/Radiohead - Pablo Honey (1993) [FLAC] [16B-44100kHz]/05. Radiohead - Thinking About You.flac,SUSPECT,"hard cutoff at ~16758Hz, steep 28.8dB/kHz -> likely transcoded from 128kbps MP3",44100,16758,22050,28.8
/home/adam/driveBig/Music/New unformated songs/Radiohead - Pablo Honey (1993) [FLAC] [16B-44100kHz]/06. Radiohead - Anyone Can Play Guitar.flac,SUSPECT,"hard cutoff at ~16758Hz, steep 32.2dB/kHz -> likely transcoded from 128kbps MP3",44100,16758,22050,32.2
/home/adam/driveBig/Music/New unformated songs/Radiohead - Pablo Honey (1993) [FLAC] [16B-44100kHz]/07. Radiohead - Ripcord.flac,SUSPECT,"hard cutoff at ~16742Hz, steep 28.7dB/kHz -> likely transcoded from 128kbps MP3",44100,16742,22050,28.7
/home/adam/driveBig/Music/New unformated songs/Radiohead - Pablo Honey (1993) [FLAC] [16B-44100kHz]/08. Radiohead - Vegetable.flac,SUSPECT,"hard cutoff at ~16796Hz, steep 30.4dB/kHz -> likely transcoded from 128kbps MP3",44100,16796,22050,30.4
/home/adam/driveBig/Music/New unformated songs/Radiohead - Pablo Honey (1993) [FLAC] [16B-44100kHz]/09. Radiohead - Prove Yourself.flac,SUSPECT,"hard cutoff at ~16645Hz, steep 25.1dB/kHz -> likely transcoded from 128kbps MP3",44100,16645,22050,25.1
/home/adam/driveBig/Music/New unformated songs/Radiohead - Pablo Honey (1993) [FLAC] [16B-44100kHz]/10. Radiohead - I Can't.flac,SUSPECT,"hard cutoff at ~16704Hz, steep 24.6dB/kHz -> likely transcoded from 128kbps MP3",44100,16704,22050,24.6
/home/adam/driveBig/Music/New unformated songs/Radiohead - Pablo Honey (1993) [FLAC] [16B-44100kHz]/11. Radiohead - Lurgee.flac,SUSPECT,"hard cutoff at ~16731Hz, steep 30.0dB/kHz -> likely transcoded from 128kbps MP3",44100,16731,22050,30
/home/adam/driveBig/Music/New unformated songs/Radiohead - Pablo Honey (1993) [FLAC] [16B-44100kHz]/12. Radiohead - Blow Out.flac,SUSPECT,"hard cutoff at ~16683Hz, steep 27.2dB/kHz -> likely transcoded from 128kbps MP3",44100,16683,22050,27.2
/home/adam/driveBig/Music/New unformated songs/Reduxer (1)/alt‐J - Reduxer - 01 - 3WW (OTG version).flac,GRADUAL_ROLLOFF,"rolloff at ~19708Hz but gentle (5.0dB/kHz) - could be an old master/analog source, not necessarily transcoded",44100,19708,22050,5
/home/adam/driveBig/Music/New unformated songs/Reduxer (1)/alt‐J - Reduxer - 02 - In Cold Blood (Twin Shadow version).flac,GRADUAL_ROLLOFF,"rolloff at ~15590Hz but gentle (-1.7dB/kHz) - could be an old master/analog source, not necessarily transcoded",44100,15590,22050,-1.7
/home/adam/driveBig/Music/New unformated songs/Reduxer (1)/alt‐J - Reduxer - 03 - House of the Rising Sun (Tuka version).flac,GRADUAL_ROLLOFF,"rolloff at ~17528Hz but gentle (1.4dB/kHz) - could be an old master/analog source, not necessarily transcoded",44100,17528,22050,1.4
/home/adam/driveBig/Music/New unformated songs/Reduxer (1)/alt‐J - Reduxer - 04 - Hit Me Like That Snare (Jimi Charles Moody version).flac,GRADUAL_ROLLOFF,"rolloff at ~19095Hz but gentle (1.5dB/kHz) - could be an old master/analog source, not necessarily transcoded",44100,19095,22050,1.5
/home/adam/driveBig/Music/New unformated songs/Reduxer (1)/alt‐J - Reduxer - 05 - Deadcrush (Alchemist x Trooko version).flac,SUSPECT,"hard cutoff at ~20909Hz, steep 20.2dB/kHz -> likely transcoded from 320kbps (or near-transparent) MP3/lossy",44100,20909,22050,20.2
/home/adam/driveBig/Music/New unformated songs/Reduxer (1)/alt‐J - Reduxer - 06 - Adeline (ADP version).flac,GRADUAL_ROLLOFF,"rolloff at ~17948Hz but gentle (2.3dB/kHz) - could be an old master/analog source, not necessarily transcoded",44100,17948,22050,2.3
/home/adam/driveBig/Music/New unformated songs/Reduxer (1)/alt‐J - Reduxer - 07 - Last Year (Terrace Martin version).flac,GRADUAL_ROLLOFF,"rolloff at ~20946Hz but gentle (12.0dB/kHz) - could be an old master/analog source, not necessarily transcoded",44100,20946,22050,12
/home/adam/driveBig/Music/New unformated songs/Reduxer (1)/alt‐J - Reduxer - 08 - Pleader (Trooko version).flac,SUSPECT,"hard cutoff at ~20963Hz, steep 21.8dB/kHz -> likely transcoded from 320kbps (or near-transparent) MP3/lossy",44100,20963,22050,21.8
/home/adam/driveBig/Music/New unformated songs/Reduxer (1)/alt‐J - Reduxer - 09 - 3WW (Lomepal version).flac,GRADUAL_ROLLOFF,"rolloff at ~16107Hz but gentle (3.5dB/kHz) - could be an old master/analog source, not necessarily transcoded",44100,16107,22050,3.5
/home/adam/driveBig/Music/New unformated songs/Reduxer (1)/alt‐J - Reduxer - 10 - In Cold Blood (Kontra K version).flac,GRADUAL_ROLLOFF,"rolloff at ~16478Hz but gentle (2.6dB/kHz) - could be an old master/analog source, not necessarily transcoded",44100,16478,22050,2.6
/home/adam/driveBig/Music/New unformated songs/Reduxer (1)/alt‐J - Reduxer - 11 - Hit Me Like That Snare (Rejjie Snow version).flac,GRADUAL_ROLLOFF,"rolloff at ~17119Hz but gentle (1.9dB/kHz) - could be an old master/analog source, not necessarily transcoded",44100,17119,22050,1.9
/home/adam/driveBig/Music/New unformated songs/Ren - Vincent's Tale (2026) [FLAC] [16B-44100kHz]/01. Ren - Vincent's Tale - Prologue - Sunflowers.flac,SUSPECT,"hard cutoff at ~16559Hz, steep 25.1dB/kHz -> likely transcoded from 128kbps MP3",44100,16559,22050,25.1
/home/adam/driveBig/Music/New unformated songs/Ren - Vincent's Tale (2026) [FLAC] [16B-44100kHz]/02. Ren - Vincent's Tale - Self Portrait (Explicit).flac,SUSPECT,"hard cutoff at ~16742Hz, steep 26.8dB/kHz -> likely transcoded from 128kbps MP3",44100,16742,22050,26.8
/home/adam/driveBig/Music/New unformated songs/Ren - Vincent's Tale (2026) [FLAC] [16B-44100kHz]/03. Ren - Vincent's Tale - The Bedroom (Explicit).flac,SUSPECT,"hard cutoff at ~16667Hz, steep 21.5dB/kHz -> likely transcoded from 128kbps MP3",44100,16667,22050,21.5
/home/adam/driveBig/Music/New unformated songs/Ren - Vincent's Tale (2026) [FLAC] [16B-44100kHz]/04. Ren - Richard's Tale - Locked Up (Explicit).flac,SUSPECT,"hard cutoff at ~16721Hz, steep 27.7dB/kHz -> likely transcoded from 128kbps MP3",44100,16721,22050,27.7
/home/adam/driveBig/Music/New unformated songs/Ren - Vincent's Tale (2026) [FLAC] [16B-44100kHz]/05. Ren - Richard's Tale - Set The Scene (Explicit).flac,SUSPECT,"hard cutoff at ~16715Hz, steep 28.0dB/kHz -> likely transcoded from 128kbps MP3",44100,16715,22050,28
/home/adam/driveBig/Music/New unformated songs/Ren - Vincent's Tale (2026) [FLAC] [16B-44100kHz]/06. Ren - Richard's Tale - The Five Stages of Grief (Explicit).flac,SUSPECT,"hard cutoff at ~16677Hz, steep 25.5dB/kHz -> likely transcoded from 128kbps MP3",44100,16677,22050,25.5
/home/adam/driveBig/Music/New unformated songs/Ren - Vincent's Tale (2026) [FLAC] [16B-44100kHz]/07. Ren - Richard's Tale - Acceptance (Explicit).flac,SUSPECT,"hard cutoff at ~16656Hz, steep 24.4dB/kHz -> likely transcoded from 128kbps MP3",44100,16656,22050,24.4
/home/adam/driveBig/Music/New unformated songs/Ren - Vincent's Tale (2026) [FLAC] [16B-44100kHz]/08. Ren - Vincent's Tale - Starry Night - Act I (Explicit).flac,SUSPECT,"hard cutoff at ~16769Hz, steep 32.5dB/kHz -> likely transcoded from 128kbps MP3",44100,16769,22050,32.5
/home/adam/driveBig/Music/New unformated songs/Ren - Vincent's Tale (2026) [FLAC] [16B-44100kHz]/09. Ren - Vincent's Tale - Starry Night - Act II (Explicit).flac,SUSPECT,"hard cutoff at ~16828Hz, steep 36.5dB/kHz -> likely transcoded from 128kbps MP3",44100,16828,22050,36.5
/home/adam/driveBig/Music/New unformated songs/Ren - Vincent's Tale (2026) [FLAC] [16B-44100kHz]/10. Ren - Vincent's Tale - Starry Night - Act III (Explicit).flac,SUSPECT,"hard cutoff at ~16758Hz, steep 30.0dB/kHz -> likely transcoded from 128kbps MP3",44100,16758,22050,30
/home/adam/driveBig/Music/New unformated songs/Ren - Vincent's Tale (2026) [FLAC] [16B-44100kHz]/11. Ren - Vincent's Tale - Starry Night - Act IV (Explicit).flac,SUSPECT,"hard cutoff at ~16785Hz, steep 32.5dB/kHz -> likely transcoded from 128kbps MP3",44100,16785,22050,32.5
/home/adam/driveBig/Music/New unformated songs/Rob Zombie - Hellbilly Deluxe (1998) [FLAC] [16B-44100kHz]/01. Rob Zombie - Call Of The Zombie.flac,GRADUAL_ROLLOFF,"rolloff at ~15800Hz but gentle (6.5dB/kHz) - could be an old master/analog source, not necessarily transcoded",44100,15800,22050,6.5
/home/adam/driveBig/Music/New unformated songs/Rob Zombie - Hellbilly Deluxe (1998) [FLAC] [16B-44100kHz]/02. Rob Zombie - Superbeast.flac,SUSPECT,"hard cutoff at ~16656Hz, steep 27.0dB/kHz -> likely transcoded from 128kbps MP3",44100,16656,22050,27
/home/adam/driveBig/Music/New unformated songs/Rob Zombie - Hellbilly Deluxe (1998) [FLAC] [16B-44100kHz]/03. Rob Zombie - Dragula.flac,SUSPECT,"hard cutoff at ~16651Hz, steep 26.3dB/kHz -> likely transcoded from 128kbps MP3",44100,16651,22050,26.3
/home/adam/driveBig/Music/New unformated songs/Rob Zombie - Hellbilly Deluxe (1998) [FLAC] [16B-44100kHz]/04. Rob Zombie - Living Dead Girl.flac,SUSPECT,"hard cutoff at ~16607Hz, steep 24.5dB/kHz -> likely transcoded from 128kbps MP3",44100,16607,22050,24.5
/home/adam/driveBig/Music/New unformated songs/Rob Zombie - Hellbilly Deluxe (1998) [FLAC] [16B-44100kHz]/05. Rob Zombie - Perversion 99.flac,SUSPECT,"hard cutoff at ~16031Hz, steep 16.2dB/kHz -> likely transcoded from 128kbps MP3",44100,16031,22050,16.2
/home/adam/driveBig/Music/New unformated songs/Rob Zombie - Hellbilly Deluxe (1998) [FLAC] [16B-44100kHz]/06. Rob Zombie - Demonoid Phenomenon.flac,SUSPECT,"hard cutoff at ~16715Hz, steep 25.9dB/kHz -> likely transcoded from 128kbps MP3",44100,16715,22050,25.9
/home/adam/driveBig/Music/New unformated songs/Rob Zombie - Hellbilly Deluxe (1998) [FLAC] [16B-44100kHz]/07. Rob Zombie - Spookshow Baby.flac,SUSPECT,"hard cutoff at ~16677Hz, steep 25.9dB/kHz -> likely transcoded from 128kbps MP3",44100,16677,22050,25.9
/home/adam/driveBig/Music/New unformated songs/Rob Zombie - Hellbilly Deluxe (1998) [FLAC] [16B-44100kHz]/08. Rob Zombie - How To Make A Monster.flac,SUSPECT,"hard cutoff at ~16791Hz, steep 29.1dB/kHz -> likely transcoded from 128kbps MP3",44100,16791,22050,29.1
/home/adam/driveBig/Music/New unformated songs/Rob Zombie - Hellbilly Deluxe (1998) [FLAC] [16B-44100kHz]/09. Rob Zombie - Meet The Creeper.flac,SUSPECT,"hard cutoff at ~16677Hz, steep 27.5dB/kHz -> likely transcoded from 128kbps MP3",44100,16677,22050,27.5
/home/adam/driveBig/Music/New unformated songs/Rob Zombie - Hellbilly Deluxe (1998) [FLAC] [16B-44100kHz]/10. Rob Zombie - The Ballad Of Resurrection Joe And Rosa Whore (Explicit).flac,SUSPECT,"hard cutoff at ~16581Hz, steep 22.5dB/kHz -> likely transcoded from 128kbps MP3",44100,16581,22050,22.5
/home/adam/driveBig/Music/New unformated songs/Rob Zombie - Hellbilly Deluxe (1998) [FLAC] [16B-44100kHz]/11. Rob Zombie - What Lurks On Channel X.flac,SUSPECT,"hard cutoff at ~16414Hz, steep 18.0dB/kHz -> likely transcoded from 128kbps MP3",44100,16414,22050,18
/home/adam/driveBig/Music/New unformated songs/Rob Zombie - Hellbilly Deluxe (1998) [FLAC] [16B-44100kHz]/12. Rob Zombie - Return Of The Phantom Stranger.flac,SUSPECT,"hard cutoff at ~16564Hz, steep 22.8dB/kHz -> likely transcoded from 128kbps MP3",44100,16564,22050,22.8
/home/adam/driveBig/Music/New unformated songs/Rob Zombie - Hellbilly Deluxe (1998) [FLAC] [16B-44100kHz]/13. Rob Zombie - The Beginning Of The End.flac,SUSPECT,"hard cutoff at ~16521Hz, steep 28.2dB/kHz -> likely transcoded from 128kbps MP3",44100,16521,22050,28.2
/home/adam/driveBig/Music/New unformated songs/Sam Fender - Hypersonic Missiles (2019) [FLAC] [16B-44100kHz]/01. Sam Fender - Hypersonic Missiles.flac,SUSPECT,"hard cutoff at ~16489Hz, steep 20.4dB/kHz -> likely transcoded from 128kbps MP3",44100,16489,22050,20.4
/home/adam/driveBig/Music/New unformated songs/Sam Fender - Hypersonic Missiles (2019) [FLAC] [16B-44100kHz]/02. Sam Fender - The Borders.flac,SUSPECT,"hard cutoff at ~16634Hz, steep 22.8dB/kHz -> likely transcoded from 128kbps MP3",44100,16634,22050,22.8
/home/adam/driveBig/Music/New unformated songs/Sam Fender - Hypersonic Missiles (2019) [FLAC] [16B-44100kHz]/03. Sam Fender - White Privilege (Explicit).flac,SUSPECT,"hard cutoff at ~16107Hz, steep 21.6dB/kHz -> likely transcoded from 128kbps MP3",44100,16107,22050,21.6
/home/adam/driveBig/Music/New unformated songs/Sam Fender - Hypersonic Missiles (2019) [FLAC] [16B-44100kHz]/04. Sam Fender - Dead Boys.flac,SUSPECT,"hard cutoff at ~16677Hz, steep 23.8dB/kHz -> likely transcoded from 128kbps MP3",44100,16677,22050,23.8
/home/adam/driveBig/Music/New unformated songs/Sam Fender - Hypersonic Missiles (2019) [FLAC] [16B-44100kHz]/05. Sam Fender - You're Not The Only One.flac,SUSPECT,"hard cutoff at ~16489Hz, steep 23.1dB/kHz -> likely transcoded from 128kbps MP3",44100,16489,22050,23.1
/home/adam/driveBig/Music/New unformated songs/Sam Fender - Hypersonic Missiles (2019) [FLAC] [16B-44100kHz]/06. Sam Fender - Play God.flac,SUSPECT,"hard cutoff at ~16747Hz, steep 28.0dB/kHz -> likely transcoded from 128kbps MP3",44100,16747,22050,28
/home/adam/driveBig/Music/New unformated songs/Sam Fender - Hypersonic Missiles (2019) [FLAC] [16B-44100kHz]/07. Sam Fender - That Sound.flac,SUSPECT,"hard cutoff at ~16812Hz, steep 29.1dB/kHz -> likely transcoded from 128kbps MP3",44100,16812,22050,29.1
/home/adam/driveBig/Music/New unformated songs/Sam Fender - Hypersonic Missiles (2019) [FLAC] [16B-44100kHz]/08. Sam Fender - Saturday (Explicit).flac,SUSPECT,"hard cutoff at ~16721Hz, steep 27.5dB/kHz -> likely transcoded from 128kbps MP3",44100,16721,22050,27.5
/home/adam/driveBig/Music/New unformated songs/Sam Fender - Hypersonic Missiles (2019) [FLAC] [16B-44100kHz]/09. Sam Fender - Will We Talk (Explicit).flac,SUSPECT,"hard cutoff at ~16145Hz, steep 16.3dB/kHz -> likely transcoded from 128kbps MP3",44100,16145,22050,16.3
/home/adam/driveBig/Music/New unformated songs/Sam Fender - Hypersonic Missiles (2019) [FLAC] [16B-44100kHz]/10. Sam Fender - Two People.flac,SUSPECT,"hard cutoff at ~16640Hz, steep 25.1dB/kHz -> likely transcoded from 128kbps MP3",44100,16640,22050,25.1
/home/adam/driveBig/Music/New unformated songs/Sam Fender - Hypersonic Missiles (2019) [FLAC] [16B-44100kHz]/11. Sam Fender - Call Me Lover.flac,SUSPECT,"hard cutoff at ~16521Hz, steep 24.3dB/kHz -> likely transcoded from 128kbps MP3",44100,16521,22050,24.3
/home/adam/driveBig/Music/New unformated songs/Sam Fender - Hypersonic Missiles (2019) [FLAC] [16B-44100kHz]/12. Sam Fender - Leave Fast.flac,SUSPECT,"hard cutoff at ~16591Hz, steep 21.8dB/kHz -> likely transcoded from 128kbps MP3",44100,16591,22050,21.8
/home/adam/driveBig/Music/New unformated songs/Sam Fender - Hypersonic Missiles (2019) [FLAC] [16B-44100kHz]/13. Sam Fender - Use (Live).flac,SUSPECT,"hard cutoff at ~16607Hz, steep 25.8dB/kHz -> likely transcoded from 128kbps MP3",44100,16607,22050,25.8
/home/adam/driveBig/Music/New unformated songs/Sam Fender - Seventeen Going Under (Deluxe) (2022) [FLAC] [16B-44100kHz]/01. Sam Fender - Seventeen Going Under (Explicit).flac,SUSPECT,"hard cutoff at ~16031Hz, steep 19.4dB/kHz -> likely transcoded from 128kbps MP3",44100,16031,22050,19.4
/home/adam/driveBig/Music/New unformated songs/Sam Fender - Seventeen Going Under (Deluxe) (2022) [FLAC] [16B-44100kHz]/02. Sam Fender - Getting Started.flac,SUSPECT,"hard cutoff at ~16064Hz, steep 21.3dB/kHz -> likely transcoded from 128kbps MP3",44100,16064,22050,21.3
/home/adam/driveBig/Music/New unformated songs/Sam Fender - Seventeen Going Under (Deluxe) (2022) [FLAC] [16B-44100kHz]/03. Sam Fender - Aye (Explicit).flac,SUSPECT,"hard cutoff at ~16667Hz, steep 24.8dB/kHz -> likely transcoded from 128kbps MP3",44100,16667,22050,24.8
/home/adam/driveBig/Music/New unformated songs/Sam Fender - Seventeen Going Under (Deluxe) (2022) [FLAC] [16B-44100kHz]/04. Sam Fender - Get You Down.flac,SUSPECT,"hard cutoff at ~16527Hz, steep 24.0dB/kHz -> likely transcoded from 128kbps MP3",44100,16527,22050,24
/home/adam/driveBig/Music/New unformated songs/Sam Fender - Seventeen Going Under (Deluxe) (2022) [FLAC] [16B-44100kHz]/05. Sam Fender - Long Way Off.flac,SUSPECT,"hard cutoff at ~16624Hz, steep 25.8dB/kHz -> likely transcoded from 128kbps MP3",44100,16624,22050,25.8
/home/adam/driveBig/Music/New unformated songs/Sam Fender - Seventeen Going Under (Deluxe) (2022) [FLAC] [16B-44100kHz]/06. Sam Fender - Spit Of You.flac,SUSPECT,"hard cutoff at ~16758Hz, steep 30.9dB/kHz -> likely transcoded from 128kbps MP3",44100,16758,22050,30.9
/home/adam/driveBig/Music/New unformated songs/Sam Fender - Seventeen Going Under (Deluxe) (2022) [FLAC] [16B-44100kHz]/07. Sam Fender - Last To Make It Home.flac,SUSPECT,"hard cutoff at ~16570Hz, steep 24.3dB/kHz -> likely transcoded from 128kbps MP3",44100,16570,22050,24.3
/home/adam/driveBig/Music/New unformated songs/Sam Fender - Seventeen Going Under (Deluxe) (2022) [FLAC] [16B-44100kHz]/08. Sam Fender - The Leveller.flac,SUSPECT,"hard cutoff at ~16403Hz, steep 28.4dB/kHz -> likely transcoded from 128kbps MP3",44100,16403,22050,28.4
/home/adam/driveBig/Music/New unformated songs/Sam Fender - Seventeen Going Under (Deluxe) (2022) [FLAC] [16B-44100kHz]/09. Sam Fender - Mantra.flac,SUSPECT,"hard cutoff at ~16694Hz, steep 25.9dB/kHz -> likely transcoded from 128kbps MP3",44100,16694,22050,25.9
/home/adam/driveBig/Music/New unformated songs/Sam Fender - Seventeen Going Under (Deluxe) (2022) [FLAC] [16B-44100kHz]/10. Sam Fender - Paradigms (Explicit).flac,SUSPECT,"hard cutoff at ~16634Hz, steep 28.1dB/kHz -> likely transcoded from 128kbps MP3",44100,16634,22050,28.1
/home/adam/driveBig/Music/New unformated songs/Sam Fender - Seventeen Going Under (Deluxe) (2022) [FLAC] [16B-44100kHz]/11. Sam Fender - The Dying Light.flac,SUSPECT,"hard cutoff at ~16672Hz, steep 27.0dB/kHz -> likely transcoded from 128kbps MP3",44100,16672,22050,27
/home/adam/driveBig/Music/New unformated songs/Sam Fender - Seventeen Going Under (Deluxe) (2022) [FLAC] [16B-44100kHz]/12. Sam Fender - Better Of Me (Explicit).flac,SUSPECT,"hard cutoff at ~16780Hz, steep 32.3dB/kHz -> likely transcoded from 128kbps MP3",44100,16780,22050,32.3
/home/adam/driveBig/Music/New unformated songs/Sam Fender - Seventeen Going Under (Deluxe) (2022) [FLAC] [16B-44100kHz]/13. Sam Fender - Pretending That You're Dead.flac,SUSPECT,"hard cutoff at ~16494Hz, steep 23.0dB/kHz -> likely transcoded from 128kbps MP3",44100,16494,22050,23
/home/adam/driveBig/Music/New unformated songs/Sam Fender - Seventeen Going Under (Deluxe) (2022) [FLAC] [16B-44100kHz]/14. Sam Fender - Angel In Lothian (Explicit).flac,SUSPECT,"hard cutoff at ~16704Hz, steep 26.8dB/kHz -> likely transcoded from 128kbps MP3",44100,16704,22050,26.8
/home/adam/driveBig/Music/New unformated songs/Sam Fender - Seventeen Going Under (Deluxe) (2022) [FLAC] [16B-44100kHz]/15. Sam Fender - Good Company.flac,SUSPECT,"hard cutoff at ~16570Hz, steep 23.6dB/kHz -> likely transcoded from 128kbps MP3",44100,16570,22050,23.6
/home/adam/driveBig/Music/New unformated songs/Sam Fender - Seventeen Going Under (Deluxe) (2022) [FLAC] [16B-44100kHz]/16. Sam Fender - Alright.flac,SUSPECT,"hard cutoff at ~16559Hz, steep 23.9dB/kHz -> likely transcoded from 128kbps MP3",44100,16559,22050,23.9
/home/adam/driveBig/Music/New unformated songs/Sam Fender - Seventeen Going Under (Deluxe) (2022) [FLAC] [16B-44100kHz]/17. Sam Fender - Poltergeists (Explicit).flac,SUSPECT,"hard cutoff at ~16532Hz, steep 20.0dB/kHz -> likely transcoded from 128kbps MP3",44100,16532,22050,20
/home/adam/driveBig/Music/New unformated songs/Screaming Trees - Sweet Oblivion (1991) [FLAC] [16B-44100kHz]/01. Screaming Trees - Shadow of the Season.flac,SUSPECT,"hard cutoff at ~16764Hz, steep 31.0dB/kHz -> likely transcoded from 128kbps MP3",44100,16764,22050,31
/home/adam/driveBig/Music/New unformated songs/Screaming Trees - Sweet Oblivion (1991) [FLAC] [16B-44100kHz]/02. Screaming Trees - Nearly Lost You.flac,SUSPECT,"hard cutoff at ~16780Hz, steep 29.4dB/kHz -> likely transcoded from 128kbps MP3",44100,16780,22050,29.4
/home/adam/driveBig/Music/New unformated songs/Screaming Trees - Sweet Oblivion (1991) [FLAC] [16B-44100kHz]/03. Screaming Trees - Dollar Bill.flac,SUSPECT,"hard cutoff at ~16753Hz, steep 29.5dB/kHz -> likely transcoded from 128kbps MP3",44100,16753,22050,29.5
/home/adam/driveBig/Music/New unformated songs/Screaming Trees - Sweet Oblivion (1991) [FLAC] [16B-44100kHz]/04. Screaming Trees - More or Less.flac,SUSPECT,"hard cutoff at ~16774Hz, steep 28.1dB/kHz -> likely transcoded from 128kbps MP3",44100,16774,22050,28.1
/home/adam/driveBig/Music/New unformated songs/Screaming Trees - Sweet Oblivion (1991) [FLAC] [16B-44100kHz]/05. Screaming Trees - Butterfly.flac,SUSPECT,"hard cutoff at ~16489Hz, steep 24.8dB/kHz -> likely transcoded from 128kbps MP3",44100,16489,22050,24.8
/home/adam/driveBig/Music/New unformated songs/Screaming Trees - Sweet Oblivion (1991) [FLAC] [16B-44100kHz]/06. Screaming Trees - For Celebrations Past.flac,SUSPECT,"hard cutoff at ~16791Hz, steep 28.3dB/kHz -> likely transcoded from 128kbps MP3",44100,16791,22050,28.3
/home/adam/driveBig/Music/New unformated songs/Screaming Trees - Sweet Oblivion (1991) [FLAC] [16B-44100kHz]/07. Screaming Trees - The Secret Kind.flac,SUSPECT,"hard cutoff at ~16742Hz, steep 29.6dB/kHz -> likely transcoded from 128kbps MP3",44100,16742,22050,29.6
/home/adam/driveBig/Music/New unformated songs/Screaming Trees - Sweet Oblivion (1991) [FLAC] [16B-44100kHz]/08. Screaming Trees - Winter Song.flac,SUSPECT,"hard cutoff at ~16640Hz, steep 27.5dB/kHz -> likely transcoded from 128kbps MP3",44100,16640,22050,27.5
/home/adam/driveBig/Music/New unformated songs/Screaming Trees - Sweet Oblivion (1991) [FLAC] [16B-44100kHz]/09. Screaming Trees - Troubled Times.flac,SUSPECT,"hard cutoff at ~16726Hz, steep 29.8dB/kHz -> likely transcoded from 128kbps MP3",44100,16726,22050,29.8
/home/adam/driveBig/Music/New unformated songs/Screaming Trees - Sweet Oblivion (1991) [FLAC] [16B-44100kHz]/10. Screaming Trees - No One Knows.flac,SUSPECT,"hard cutoff at ~16737Hz, steep 30.0dB/kHz -> likely transcoded from 128kbps MP3",44100,16737,22050,30
/home/adam/driveBig/Music/New unformated songs/Screaming Trees - Sweet Oblivion (1991) [FLAC] [16B-44100kHz]/11. Screaming Trees - Julie Paradise.flac,SUSPECT,"hard cutoff at ~16699Hz, steep 30.3dB/kHz -> likely transcoded from 128kbps MP3",44100,16699,22050,30.3
/home/adam/driveBig/Music/New unformated songs/Shawn James - Shadows (2012) [FLAC] [16B-44100kHz]/01. Shawn James - The Wanderer.flac,SUSPECT,"hard cutoff at ~16656Hz, steep 24.8dB/kHz -> likely transcoded from 128kbps MP3",44100,16656,22050,24.8
/home/adam/driveBig/Music/New unformated songs/Shawn James - Shadows (2012) [FLAC] [16B-44100kHz]/02. Shawn James - The Shadow.flac,SUSPECT,"hard cutoff at ~16511Hz, steep 17.3dB/kHz -> likely transcoded from 128kbps MP3",44100,16511,22050,17.3
/home/adam/driveBig/Music/New unformated songs/Shawn James - Shadows (2012) [FLAC] [16B-44100kHz]/03. Shawn James - Funny Little Feeling.flac,SUSPECT,"hard cutoff at ~16715Hz, steep 29.4dB/kHz -> likely transcoded from 128kbps MP3",44100,16715,22050,29.4
/home/adam/driveBig/Music/New unformated songs/Shawn James - Shadows (2012) [FLAC] [16B-44100kHz]/04. Shawn James - No Rest.flac,SUSPECT,"hard cutoff at ~16721Hz, steep 26.9dB/kHz -> likely transcoded from 128kbps MP3",44100,16721,22050,26.9
/home/adam/driveBig/Music/New unformated songs/Shawn James - Shadows (2012) [FLAC] [16B-44100kHz]/05. Shawn James - Eating Like Kings.flac,SUSPECT,"hard cutoff at ~16747Hz, steep 29.8dB/kHz -> likely transcoded from 128kbps MP3",44100,16747,22050,29.8
/home/adam/driveBig/Music/New unformated songs/Shawn James - Shadows (2012) [FLAC] [16B-44100kHz]/06. Shawn James - Through the Valley.flac,SUSPECT,"hard cutoff at ~16677Hz, steep 24.8dB/kHz -> likely transcoded from 128kbps MP3",44100,16677,22050,24.8
/home/adam/driveBig/Music/New unformated songs/Shawn James - Shadows (2012) [FLAC] [16B-44100kHz]/07. Shawn James - Flow.flac,SUSPECT,"hard cutoff at ~16699Hz, steep 26.2dB/kHz -> likely transcoded from 128kbps MP3",44100,16699,22050,26.2
/home/adam/driveBig/Music/New unformated songs/Shawn James - Shadows (2012) [FLAC] [16B-44100kHz]/08. Shawn James - If That's Love.flac,SUSPECT,"hard cutoff at ~16742Hz, steep 26.0dB/kHz -> likely transcoded from 128kbps MP3",44100,16742,22050,26
/home/adam/driveBig/Music/New unformated songs/Shawn James - Shadows (2012) [FLAC] [16B-44100kHz]/09. Shawn James - Insane.flac,SUSPECT,"hard cutoff at ~16645Hz, steep 25.2dB/kHz -> likely transcoded from 128kbps MP3",44100,16645,22050,25.2
/home/adam/driveBig/Music/New unformated songs/Shawn James - Shadows (2012) [FLAC] [16B-44100kHz]/10. Shawn James - The Thief and the Moon.flac,SUSPECT,"hard cutoff at ~16640Hz, steep 23.0dB/kHz -> likely transcoded from 128kbps MP3",44100,16640,22050,23
/home/adam/driveBig/Music/New unformated songs/Shawn James - Shadows (2012) [FLAC] [16B-44100kHz]/11. Shawn James - Midnight Dove.flac,SUSPECT,"hard cutoff at ~16721Hz, steep 27.4dB/kHz -> likely transcoded from 128kbps MP3",44100,16721,22050,27.4
/home/adam/driveBig/Music/New unformated songs/Shawn James - Shadows (2012) [FLAC] [16B-44100kHz]/12. Shawn James - Along Our Way.flac,SUSPECT,"hard cutoff at ~16597Hz, steep 21.8dB/kHz -> likely transcoded from 128kbps MP3",44100,16597,22050,21.8
/home/adam/driveBig/Music/New unformated songs/Sleep Theory - Afterglow (2025) [FLAC] [16B-44100kHz]/01. Sleep Theory - Static.flac,SUSPECT,"hard cutoff at ~16667Hz, steep 24.3dB/kHz -> likely transcoded from 128kbps MP3",44100,16667,22050,24.3
/home/adam/driveBig/Music/New unformated songs/Sleep Theory - Afterglow (2025) [FLAC] [16B-44100kHz]/02. Sleep Theory - Hourglass.flac,SUSPECT,"hard cutoff at ~16715Hz, steep 28.1dB/kHz -> likely transcoded from 128kbps MP3",44100,16715,22050,28.1
/home/adam/driveBig/Music/New unformated songs/Sleep Theory - Afterglow (2025) [FLAC] [16B-44100kHz]/03. Sleep Theory - III.flac,SUSPECT,"hard cutoff at ~16694Hz, steep 25.3dB/kHz -> likely transcoded from 128kbps MP3",44100,16694,22050,25.3
/home/adam/driveBig/Music/New unformated songs/Sleep Theory - Afterglow (2025) [FLAC] [16B-44100kHz]/04. Sleep Theory - Fallout.flac,SUSPECT,"hard cutoff at ~16408Hz, steep 16.1dB/kHz -> likely transcoded from 128kbps MP3",44100,16408,22050,16.1
/home/adam/driveBig/Music/New unformated songs/Sleep Theory - Afterglow (2025) [FLAC] [16B-44100kHz]/05. Sleep Theory - Stuck In My Head.flac,SUSPECT,"hard cutoff at ~16607Hz, steep 22.3dB/kHz -> likely transcoded from 128kbps MP3",44100,16607,22050,22.3
/home/adam/driveBig/Music/New unformated songs/Sleep Theory - Afterglow (2025) [FLAC] [16B-44100kHz]/06. Sleep Theory - Gravity.flac,SUSPECT,"hard cutoff at ~16559Hz, steep 18.2dB/kHz -> likely transcoded from 128kbps MP3",44100,16559,22050,18.2
/home/adam/driveBig/Music/New unformated songs/Sleep Theory - Afterglow (2025) [FLAC] [16B-44100kHz]/07. Sleep Theory - Afterglow.flac,SUSPECT,"hard cutoff at ~16591Hz, steep 22.4dB/kHz -> likely transcoded from 128kbps MP3",44100,16591,22050,22.4
/home/adam/driveBig/Music/New unformated songs/Sleep Theory - Afterglow (2025) [FLAC] [16B-44100kHz]/08. Sleep Theory - Numb.flac,SUSPECT,"hard cutoff at ~16640Hz, steep 21.6dB/kHz -> likely transcoded from 128kbps MP3",44100,16640,22050,21.6
/home/adam/driveBig/Music/New unformated songs/Sleep Theory - Afterglow (2025) [FLAC] [16B-44100kHz]/09. Sleep Theory - Parasite.flac,SUSPECT,"hard cutoff at ~16532Hz, steep 18.9dB/kHz -> likely transcoded from 128kbps MP3",44100,16532,22050,18.9
/home/adam/driveBig/Music/New unformated songs/Sleep Theory - Afterglow (2025) [FLAC] [16B-44100kHz]/10. Sleep Theory - Just A Mistake.flac,SUSPECT,"hard cutoff at ~16607Hz, steep 21.2dB/kHz -> likely transcoded from 128kbps MP3",44100,16607,22050,21.2
/home/adam/driveBig/Music/New unformated songs/Sleep Theory - Afterglow (2025) [FLAC] [16B-44100kHz]/11. Sleep Theory - Paralyzed.flac,SUSPECT,"hard cutoff at ~16607Hz, steep 22.9dB/kHz -> likely transcoded from 128kbps MP3",44100,16607,22050,22.9
/home/adam/driveBig/Music/New unformated songs/Sleep Theory - Afterglow (2025) [FLAC] [16B-44100kHz]/12. Sleep Theory - Words Are Worthless.flac,SUSPECT,"hard cutoff at ~16570Hz, steep 20.1dB/kHz -> likely transcoded from 128kbps MP3",44100,16570,22050,20.1
/home/adam/driveBig/Music/New unformated songs/Sleep Theory - Paper Hearts (2023) [FLAC] [16B-44100kHz]/01. Sleep Theory - Fallout.flac,SUSPECT,"hard cutoff at ~16543Hz, steep 16.5dB/kHz -> likely transcoded from 128kbps MP3",44100,16543,22050,16.5
/home/adam/driveBig/Music/New unformated songs/Sleep Theory - Paper Hearts (2023) [FLAC] [16B-44100kHz]/02. Sleep Theory - Enough.flac,SUSPECT,"hard cutoff at ~16532Hz, steep 15.3dB/kHz -> likely transcoded from 128kbps MP3",44100,16532,22050,15.3
/home/adam/driveBig/Music/New unformated songs/Sleep Theory - Paper Hearts (2023) [FLAC] [16B-44100kHz]/03. Sleep Theory - Another Way.flac,SUSPECT,"hard cutoff at ~16602Hz, steep 19.6dB/kHz -> likely transcoded from 128kbps MP3",44100,16602,22050,19.6
/home/adam/driveBig/Music/New unformated songs/Sleep Theory - Paper Hearts (2023) [FLAC] [16B-44100kHz]/04. Sleep Theory - Gone or Staying.flac,SUSPECT,"hard cutoff at ~16441Hz, steep 16.3dB/kHz -> likely transcoded from 128kbps MP3",44100,16441,22050,16.3
/home/adam/driveBig/Music/New unformated songs/Sleep Theory - Paper Hearts (2023) [FLAC] [16B-44100kHz]/05. Sleep Theory - Numb.flac,SUSPECT,"hard cutoff at ~16527Hz, steep 20.7dB/kHz -> likely transcoded from 128kbps MP3",44100,16527,22050,20.7
/home/adam/driveBig/Music/New unformated songs/Sleep Theory - Paper Hearts (2023) [FLAC] [16B-44100kHz]/06. Sleep Theory - It's Over.flac,SUSPECT,"hard cutoff at ~16656Hz, steep 24.7dB/kHz -> likely transcoded from 128kbps MP3",44100,16656,22050,24.7
/home/adam/driveBig/Music/New unformated songs/Sleep Token - Take Me Back To Eden (2023) [FLAC] [16B-44100kHz]/01. Sleep Token - Chokehold.flac,SUSPECT,"hard cutoff at ~16026Hz, steep 15.0dB/kHz -> likely transcoded from 128kbps MP3",44100,16026,22050,15
/home/adam/driveBig/Music/New unformated songs/Sleep Token - Take Me Back To Eden (2023) [FLAC] [16B-44100kHz]/02. Sleep Token - The Summoning.flac,SUSPECT,"hard cutoff at ~16015Hz, steep 14.9dB/kHz -> likely transcoded from 128kbps MP3",44100,16015,22050,14.9
/home/adam/driveBig/Music/New unformated songs/Sleep Token - Take Me Back To Eden (2023) [FLAC] [16B-44100kHz]/03. Sleep Token - Granite.flac,SUSPECT,"hard cutoff at ~16554Hz, steep 16.8dB/kHz -> likely transcoded from 128kbps MP3",44100,16554,22050,16.8
/home/adam/driveBig/Music/New unformated songs/Sleep Token - Take Me Back To Eden (2023) [FLAC] [16B-44100kHz]/04. Sleep Token - Aqua Regia.flac,SUSPECT,"hard cutoff at ~16031Hz, steep 18.5dB/kHz -> likely transcoded from 128kbps MP3",44100,16031,22050,18.5
/home/adam/driveBig/Music/New unformated songs/Sleep Token - Take Me Back To Eden (2023) [FLAC] [16B-44100kHz]/05. Sleep Token - Vore.flac,SUSPECT,"hard cutoff at ~16026Hz, steep 17.5dB/kHz -> likely transcoded from 128kbps MP3",44100,16026,22050,17.5
/home/adam/driveBig/Music/New unformated songs/Sleep Token - Take Me Back To Eden (2023) [FLAC] [16B-44100kHz]/06. Sleep Token - Ascensionism.flac,GRADUAL_ROLLOFF,"rolloff at ~15983Hz but gentle (9.8dB/kHz) - could be an old master/analog source, not necessarily transcoded",44100,15983,22050,9.8
/home/adam/driveBig/Music/New unformated songs/Sleep Token - Take Me Back To Eden (2023) [FLAC] [16B-44100kHz]/07. Sleep Token - Are You Really Okay.flac,SUSPECT,"hard cutoff at ~16031Hz, steep 15.9dB/kHz -> likely transcoded from 128kbps MP3",44100,16031,22050,15.9
/home/adam/driveBig/Music/New unformated songs/Sleep Token - Take Me Back To Eden (2023) [FLAC] [16B-44100kHz]/08. Sleep Token - The Apparition.flac,SUSPECT,"hard cutoff at ~16624Hz, steep 18.4dB/kHz -> likely transcoded from 128kbps MP3",44100,16624,22050,18.4
/home/adam/driveBig/Music/New unformated songs/Sleep Token - Take Me Back To Eden (2023) [FLAC] [16B-44100kHz]/09. Sleep Token - DYWTYLM.flac,SUSPECT,"hard cutoff at ~15999Hz, steep 13.8dB/kHz -> likely transcoded from 128kbps MP3",44100,15999,22050,13.8
/home/adam/driveBig/Music/New unformated songs/Sleep Token - Take Me Back To Eden (2023) [FLAC] [16B-44100kHz]/10. Sleep Token - Rain.flac,SUSPECT,"hard cutoff at ~16031Hz, steep 18.0dB/kHz -> likely transcoded from 128kbps MP3",44100,16031,22050,18
/home/adam/driveBig/Music/New unformated songs/Sleep Token - Take Me Back To Eden (2023) [FLAC] [16B-44100kHz]/11. Sleep Token - Take Me Back To Eden.flac,SUSPECT,"hard cutoff at ~16478Hz, steep 15.2dB/kHz -> likely transcoded from 128kbps MP3",44100,16478,22050,15.2
/home/adam/driveBig/Music/New unformated songs/Sleep Token - Take Me Back To Eden (2023) [FLAC] [16B-44100kHz]/12. Sleep Token - Euclid.flac,SUSPECT,"hard cutoff at ~16258Hz, steep 14.9dB/kHz -> likely transcoded from 128kbps MP3",44100,16258,22050,14.9
/home/adam/driveBig/Music/New unformated songs/sombr - I Barely Know Her (2025) [FLAC] [16B-44100kHz]/01. sombr - crushing.flac,SUSPECT,"hard cutoff at ~16489Hz, steep 19.9dB/kHz -> likely transcoded from 128kbps MP3",44100,16489,22050,19.9
/home/adam/driveBig/Music/New unformated songs/sombr - I Barely Know Her (2025) [FLAC] [16B-44100kHz]/02. sombr - 12 to 12.flac,SUSPECT,"hard cutoff at ~16618Hz, steep 22.6dB/kHz -> likely transcoded from 128kbps MP3",44100,16618,22050,22.6
/home/adam/driveBig/Music/New unformated songs/sombr - I Barely Know Her (2025) [FLAC] [16B-44100kHz]/03. sombr - i wish i knew how to quit you.flac,SUSPECT,"hard cutoff at ~16570Hz, steep 22.7dB/kHz -> likely transcoded from 128kbps MP3",44100,16570,22050,22.7
/home/adam/driveBig/Music/New unformated songs/sombr - I Barely Know Her (2025) [FLAC] [16B-44100kHz]/04. sombr - back to friends.flac,SUSPECT,"hard cutoff at ~16414Hz, steep 20.3dB/kHz -> likely transcoded from 128kbps MP3",44100,16414,22050,20.3
/home/adam/driveBig/Music/New unformated songs/sombr - I Barely Know Her (2025) [FLAC] [16B-44100kHz]/05. sombr - canal street.flac,SUSPECT,"hard cutoff at ~16538Hz, steep 20.9dB/kHz -> likely transcoded from 128kbps MP3",44100,16538,22050,20.9
/home/adam/driveBig/Music/New unformated songs/sombr - I Barely Know Her (2025) [FLAC] [16B-44100kHz]/06. sombr - dime.flac,SUSPECT,"hard cutoff at ~16538Hz, steep 18.0dB/kHz -> likely transcoded from 128kbps MP3",44100,16538,22050,18
/home/adam/driveBig/Music/New unformated songs/sombr - I Barely Know Her (2025) [FLAC] [16B-44100kHz]/07. sombr - undressed.flac,SUSPECT,"hard cutoff at ~16521Hz, steep 26.4dB/kHz -> likely transcoded from 128kbps MP3",44100,16521,22050,26.4
/home/adam/driveBig/Music/New unformated songs/sombr - I Barely Know Her (2025) [FLAC] [16B-44100kHz]/08. sombr - come closer.flac,SUSPECT,"hard cutoff at ~16570Hz, steep 24.1dB/kHz -> likely transcoded from 128kbps MP3",44100,16570,22050,24.1
/home/adam/driveBig/Music/New unformated songs/sombr - I Barely Know Her (2025) [FLAC] [16B-44100kHz]/09. sombr - we never dated.flac,SUSPECT,"hard cutoff at ~16645Hz, steep 23.1dB/kHz -> likely transcoded from 128kbps MP3",44100,16645,22050,23.1
/home/adam/driveBig/Music/New unformated songs/sombr - I Barely Know Her (2025) [FLAC] [16B-44100kHz]/10. sombr - under the mat.flac,SUSPECT,"hard cutoff at ~16581Hz, steep 23.8dB/kHz -> likely transcoded from 128kbps MP3",44100,16581,22050,23.8
/home/adam/driveBig/Music/New unformated songs/Soundgarden - Down On The Upside (1996) [FLAC] [16B-44100kHz]/01. Soundgarden - Pretty Noose.flac,SUSPECT,"hard cutoff at ~16527Hz, steep 26.9dB/kHz -> likely transcoded from 128kbps MP3",44100,16527,22050,26.9
/home/adam/driveBig/Music/New unformated songs/Soundgarden - Down On The Upside (1996) [FLAC] [16B-44100kHz]/02. Soundgarden - Rhinosaur.flac,SUSPECT,"hard cutoff at ~16747Hz, steep 31.8dB/kHz -> likely transcoded from 128kbps MP3",44100,16747,22050,31.8
/home/adam/driveBig/Music/New unformated songs/Soundgarden - Down On The Upside (1996) [FLAC] [16B-44100kHz]/03. Soundgarden - Zero Chance.flac,SUSPECT,"hard cutoff at ~16672Hz, steep 30.5dB/kHz -> likely transcoded from 128kbps MP3",44100,16672,22050,30.5
/home/adam/driveBig/Music/New unformated songs/Soundgarden - Down On The Upside (1996) [FLAC] [16B-44100kHz]/04. Soundgarden - Dusty.flac,SUSPECT,"hard cutoff at ~16656Hz, steep 27.2dB/kHz -> likely transcoded from 128kbps MP3",44100,16656,22050,27.2
/home/adam/driveBig/Music/New unformated songs/Soundgarden - Down On The Upside (1996) [FLAC] [16B-44100kHz]/05. Soundgarden - Ty Cobb.flac,SUSPECT,"hard cutoff at ~16688Hz, steep 32.3dB/kHz -> likely transcoded from 128kbps MP3",44100,16688,22050,32.3
/home/adam/driveBig/Music/New unformated songs/Soundgarden - Down On The Upside (1996) [FLAC] [16B-44100kHz]/06. Soundgarden - Blow Up The Outside World.flac,SUSPECT,"hard cutoff at ~16747Hz, steep 28.0dB/kHz -> likely transcoded from 128kbps MP3",44100,16747,22050,28
/home/adam/driveBig/Music/New unformated songs/Soundgarden - Down On The Upside (1996) [FLAC] [16B-44100kHz]/07. Soundgarden - Burden In My Hand.flac,SUSPECT,"hard cutoff at ~16785Hz, steep 28.5dB/kHz -> likely transcoded from 128kbps MP3",44100,16785,22050,28.5
/home/adam/driveBig/Music/New unformated songs/Soundgarden - Down On The Upside (1996) [FLAC] [16B-44100kHz]/08. Soundgarden - Never Named.flac,SUSPECT,"hard cutoff at ~16629Hz, steep 30.0dB/kHz -> likely transcoded from 128kbps MP3",44100,16629,22050,30
/home/adam/driveBig/Music/New unformated songs/Soundgarden - Down On The Upside (1996) [FLAC] [16B-44100kHz]/09. Soundgarden - Applebite.flac,SUSPECT,"hard cutoff at ~16758Hz, steep 25.6dB/kHz -> likely transcoded from 128kbps MP3",44100,16758,22050,25.6
/home/adam/driveBig/Music/New unformated songs/Soundgarden - Down On The Upside (1996) [FLAC] [16B-44100kHz]/10. Soundgarden - Never The Machine Forever.flac,SUSPECT,"hard cutoff at ~16548Hz, steep 25.4dB/kHz -> likely transcoded from 128kbps MP3",44100,16548,22050,25.4
/home/adam/driveBig/Music/New unformated songs/Soundgarden - Down On The Upside (1996) [FLAC] [16B-44100kHz]/11. Soundgarden - Tighter & Tighter.flac,SUSPECT,"hard cutoff at ~16667Hz, steep 33.5dB/kHz -> likely transcoded from 128kbps MP3",44100,16667,22050,33.5
/home/adam/driveBig/Music/New unformated songs/Soundgarden - Down On The Upside (1996) [FLAC] [16B-44100kHz]/12. Soundgarden - No Attention.flac,SUSPECT,"hard cutoff at ~16747Hz, steep 33.1dB/kHz -> likely transcoded from 128kbps MP3",44100,16747,22050,33.1
/home/adam/driveBig/Music/New unformated songs/Soundgarden - Down On The Upside (1996) [FLAC] [16B-44100kHz]/13. Soundgarden - Switch Opens.flac,SUSPECT,"hard cutoff at ~16726Hz, steep 29.8dB/kHz -> likely transcoded from 128kbps MP3",44100,16726,22050,29.8
/home/adam/driveBig/Music/New unformated songs/Soundgarden - Down On The Upside (1996) [FLAC] [16B-44100kHz]/14. Soundgarden - Overfloater.flac,SUSPECT,"hard cutoff at ~16607Hz, steep 24.2dB/kHz -> likely transcoded from 128kbps MP3",44100,16607,22050,24.2
/home/adam/driveBig/Music/New unformated songs/Soundgarden - Down On The Upside (1996) [FLAC] [16B-44100kHz]/15. Soundgarden - An Unkind.flac,SUSPECT,"hard cutoff at ~16645Hz, steep 30.4dB/kHz -> likely transcoded from 128kbps MP3",44100,16645,22050,30.4
/home/adam/driveBig/Music/New unformated songs/Soundgarden - Down On The Upside (1996) [FLAC] [16B-44100kHz]/16. Soundgarden - Boot Camp.flac,SUSPECT,"hard cutoff at ~16726Hz, steep 30.0dB/kHz -> likely transcoded from 128kbps MP3",44100,16726,22050,30
/home/adam/driveBig/Music/New unformated songs/South Arcade - 2005 (2024) [FLAC] [16B-44100kHz]/01. South Arcade - 2005.flac,SUSPECT,"hard cutoff at ~16559Hz, steep 20.2dB/kHz -> likely transcoded from 128kbps MP3",44100,16559,22050,20.2
/home/adam/driveBig/Music/New unformated songs/South Arcade - 2005 (2024) [FLAC] [16B-44100kHz]/02. South Arcade - MOTH KIDS.flac,SUSPECT,"hard cutoff at ~16683Hz, steep 23.9dB/kHz -> likely transcoded from 128kbps MP3",44100,16683,22050,23.9
/home/adam/driveBig/Music/New unformated songs/South Arcade - 2005 (2024) [FLAC] [16B-44100kHz]/03. South Arcade - HOW 2 GET AWAY WITH MURDER.flac,SUSPECT,"hard cutoff at ~16677Hz, steep 27.5dB/kHz -> likely transcoded from 128kbps MP3",44100,16677,22050,27.5
/home/adam/driveBig/Music/New unformated songs/South Arcade - 2005 (2024) [FLAC] [16B-44100kHz]/04. South Arcade - stone cold summer.flac,SUSPECT,"hard cutoff at ~16451Hz, steep 24.3dB/kHz -> likely transcoded from 128kbps MP3",44100,16451,22050,24.3
/home/adam/driveBig/Music/New unformated songs/South Arcade - 2005 (2024) [FLAC] [16B-44100kHz]/05. South Arcade - Riptide.flac,SUSPECT,"hard cutoff at ~16688Hz, steep 26.0dB/kHz -> likely transcoded from 128kbps MP3",44100,16688,22050,26
/home/adam/driveBig/Music/New unformated songs/South Arcade - 2005 (2024) [FLAC] [16B-44100kHz]/06. South Arcade - Nepo Baby (Explicit).flac,SUSPECT,"hard cutoff at ~16645Hz, steep 28.2dB/kHz -> likely transcoded from 128kbps MP3",44100,16645,22050,28.2
/home/adam/driveBig/Music/New unformated songs/South Arcade - DANGER (2023) [FLAC] [16B-44100kHz]/01. South Arcade - DANGER.flac,SUSPECT,"hard cutoff at ~16796Hz, steep 32.1dB/kHz -> likely transcoded from 128kbps MP3",44100,16796,22050,32.1
/home/adam/driveBig/Music/New unformated songs/South Arcade - DEADMEAT (2026) [FLAC] [16B-44100kHz]/01. South Arcade - DEADMEAT.flac,SUSPECT,"hard cutoff at ~16564Hz, steep 24.9dB/kHz -> likely transcoded from 128kbps MP3",44100,16564,22050,24.9
/home/adam/driveBig/Music/New unformated songs/South Arcade - PLAY! (2025) [FLAC] [16B-44100kHz]/01. South Arcade - Drive Myself Home.flac,SUSPECT,"hard cutoff at ~16710Hz, steep 26.5dB/kHz -> likely transcoded from 128kbps MP3",44100,16710,22050,26.5
/home/adam/driveBig/Music/New unformated songs/South Arcade - PLAY! (2025) [FLAC] [16B-44100kHz]/02. South Arcade - Bleed Out.flac,SUSPECT,"hard cutoff at ~16414Hz, steep 20.7dB/kHz -> likely transcoded from 128kbps MP3",44100,16414,22050,20.7
/home/adam/driveBig/Music/New unformated songs/South Arcade - PLAY! (2025) [FLAC] [16B-44100kHz]/03. South Arcade - Supermodels.flac,SUSPECT,"hard cutoff at ~16564Hz, steep 23.1dB/kHz -> likely transcoded from 128kbps MP3",44100,16564,22050,23.1
/home/adam/driveBig/Music/New unformated songs/South Arcade - PLAY! (2025) [FLAC] [16B-44100kHz]/04. South Arcade - FEAR OF HEIGHTS (Explicit).flac,SUSPECT,"hard cutoff at ~16521Hz, steep 23.2dB/kHz -> likely transcoded from 128kbps MP3",44100,16521,22050,23.2
/home/adam/driveBig/Music/New unformated songs/South Arcade - PLAY! (2025) [FLAC] [16B-44100kHz]/05. South Arcade - Blood Run Warm.flac,SUSPECT,"hard cutoff at ~16521Hz, steep 24.0dB/kHz -> likely transcoded from 128kbps MP3",44100,16521,22050,24
/home/adam/driveBig/Music/New unformated songs/South Arcade - SUPERMAN (2026) [FLAC] [16B-44100kHz]/01. South Arcade - SUPERMAN.flac,SUSPECT,"hard cutoff at ~16672Hz, steep 24.7dB/kHz -> likely transcoded from 128kbps MP3",44100,16672,22050,24.7
/home/adam/driveBig/Music/New unformated songs/Stephen Sanchez - Until I Found You (Em Beihold Version) (2022) [FLAC] [16B-44100kHz]/01. Stephen Sanchez - Until I Found You (Em Beihold Version).flac,SUSPECT,"hard cutoff at ~16640Hz, steep 21.6dB/kHz -> likely transcoded from 128kbps MP3",44100,16640,22050,21.6
/home/adam/driveBig/Music/New unformated songs/Stevie Nicks - Bella Donna (2016 Remastered) (1981) [FLAC] [16B-44100kHz]/01. Stevie Nicks - Bella Donna (2016 Remaster).flac,SUSPECT,"hard cutoff at ~16677Hz, steep 27.8dB/kHz -> likely transcoded from 128kbps MP3",44100,16677,22050,27.8
/home/adam/driveBig/Music/New unformated songs/Stevie Nicks - Bella Donna (2016 Remastered) (1981) [FLAC] [16B-44100kHz]/02. Stevie Nicks - Kind of Woman (2016 Remaster).flac,SUSPECT,"hard cutoff at ~16737Hz, steep 29.6dB/kHz -> likely transcoded from 128kbps MP3",44100,16737,22050,29.6
/home/adam/driveBig/Music/New unformated songs/Stevie Nicks - Bella Donna (2016 Remastered) (1981) [FLAC] [16B-44100kHz]/03. Stevie Nicks - Stop Draggin' My Heart Around (with Tom Petty and The Heartbreakers) (2016 Remaster).flac,SUSPECT,"hard cutoff at ~16753Hz, steep 31.0dB/kHz -> likely transcoded from 128kbps MP3",44100,16753,22050,31
/home/adam/driveBig/Music/New unformated songs/Stevie Nicks - Bella Donna (2016 Remastered) (1981) [FLAC] [16B-44100kHz]/04. Stevie Nicks - Think About It (2016 Remaster).flac,SUSPECT,"hard cutoff at ~16672Hz, steep 25.2dB/kHz -> likely transcoded from 128kbps MP3",44100,16672,22050,25.2
/home/adam/driveBig/Music/New unformated songs/Stevie Nicks - Bella Donna (2016 Remastered) (1981) [FLAC] [16B-44100kHz]/05. Stevie Nicks - After the Glitter Fades (2016 Remaster).flac,SUSPECT,"hard cutoff at ~16694Hz, steep 25.2dB/kHz -> likely transcoded from 128kbps MP3",44100,16694,22050,25.2
/home/adam/driveBig/Music/New unformated songs/Stevie Nicks - Bella Donna (2016 Remastered) (1981) [FLAC] [16B-44100kHz]/06. Stevie Nicks - Edge of Seventeen (2016 Remaster).flac,SUSPECT,"hard cutoff at ~16699Hz, steep 26.8dB/kHz -> likely transcoded from 128kbps MP3",44100,16699,22050,26.8
/home/adam/driveBig/Music/New unformated songs/Stevie Nicks - Bella Donna (2016 Remastered) (1981) [FLAC] [16B-44100kHz]/07. Stevie Nicks - How Still My Love (2016 Remaster).flac,SUSPECT,"hard cutoff at ~16791Hz, steep 29.1dB/kHz -> likely transcoded from 128kbps MP3",44100,16791,22050,29.1
/home/adam/driveBig/Music/New unformated songs/Stevie Nicks - Bella Donna (2016 Remastered) (1981) [FLAC] [16B-44100kHz]/08. Stevie Nicks - Leather and Lace (2016 Remaster).flac,SUSPECT,"hard cutoff at ~16758Hz, steep 29.5dB/kHz -> likely transcoded from 128kbps MP3",44100,16758,22050,29.5
/home/adam/driveBig/Music/New unformated songs/Stevie Nicks - Bella Donna (2016 Remastered) (1981) [FLAC] [16B-44100kHz]/09. Stevie Nicks - Outside the Rain (2016 Remaster).flac,SUSPECT,"hard cutoff at ~16753Hz, steep 31.6dB/kHz -> likely transcoded from 128kbps MP3",44100,16753,22050,31.6
/home/adam/driveBig/Music/New unformated songs/Stevie Nicks - Bella Donna (2016 Remastered) (1981) [FLAC] [16B-44100kHz]/10. Stevie Nicks - The Highwayman (2016 Remaster).flac,SUSPECT,"hard cutoff at ~16704Hz, steep 27.7dB/kHz -> likely transcoded from 128kbps MP3",44100,16704,22050,27.7
/home/adam/driveBig/Music/New unformated songs/Sting - ...Nothing Like The Sun (1987) [FLAC] [16B-44100kHz]/01. Sting - The Lazarus Heart.flac,SUSPECT,"hard cutoff at ~16780Hz, steep 27.5dB/kHz -> likely transcoded from 128kbps MP3",44100,16780,22050,27.5
/home/adam/driveBig/Music/New unformated songs/Sting - ...Nothing Like The Sun (1987) [FLAC] [16B-44100kHz]/02. Sting - Be Still My Beating Heart.flac,SUSPECT,"hard cutoff at ~16796Hz, steep 30.7dB/kHz -> likely transcoded from 128kbps MP3",44100,16796,22050,30.7
/home/adam/driveBig/Music/New unformated songs/Sting - ...Nothing Like The Sun (1987) [FLAC] [16B-44100kHz]/03. Sting - Englishman In New York.flac,SUSPECT,"hard cutoff at ~16823Hz, steep 36.4dB/kHz -> likely transcoded from 128kbps MP3",44100,16823,22050,36.4
/home/adam/driveBig/Music/New unformated songs/Sting - ...Nothing Like The Sun (1987) [FLAC] [16B-44100kHz]/04. Sting - History Will Teach Us Nothing.flac,SUSPECT,"hard cutoff at ~16780Hz, steep 32.7dB/kHz -> likely transcoded from 128kbps MP3",44100,16780,22050,32.7
/home/adam/driveBig/Music/New unformated songs/Sting - ...Nothing Like The Sun (1987) [FLAC] [16B-44100kHz]/05. Sting - They Dance Alone (Cueca Solo).flac,SUSPECT,"hard cutoff at ~16753Hz, steep 28.6dB/kHz -> likely transcoded from 128kbps MP3",44100,16753,22050,28.6
/home/adam/driveBig/Music/New unformated songs/Sting - ...Nothing Like The Sun (1987) [FLAC] [16B-44100kHz]/06. Sting - Fragile.flac,SUSPECT,"hard cutoff at ~16699Hz, steep 26.0dB/kHz -> likely transcoded from 128kbps MP3",44100,16699,22050,26
/home/adam/driveBig/Music/New unformated songs/Sting - ...Nothing Like The Sun (1987) [FLAC] [16B-44100kHz]/07. Sting - We'll Be Together.flac,SUSPECT,"hard cutoff at ~16758Hz, steep 31.5dB/kHz -> likely transcoded from 128kbps MP3",44100,16758,22050,31.5
/home/adam/driveBig/Music/New unformated songs/Sting - ...Nothing Like The Sun (1987) [FLAC] [16B-44100kHz]/08. Sting - Straight To My Heart.flac,SUSPECT,"hard cutoff at ~16758Hz, steep 29.1dB/kHz -> likely transcoded from 128kbps MP3",44100,16758,22050,29.1
/home/adam/driveBig/Music/New unformated songs/Sting - ...Nothing Like The Sun (1987) [FLAC] [16B-44100kHz]/09. Sting - Rock Steady.flac,SUSPECT,"hard cutoff at ~16742Hz, steep 30.5dB/kHz -> likely transcoded from 128kbps MP3",44100,16742,22050,30.5
/home/adam/driveBig/Music/New unformated songs/Sting - ...Nothing Like The Sun (1987) [FLAC] [16B-44100kHz]/10. Sting - Sister Moon.flac,SUSPECT,"hard cutoff at ~16613Hz, steep 21.9dB/kHz -> likely transcoded from 128kbps MP3",44100,16613,22050,21.9
/home/adam/driveBig/Music/New unformated songs/Sting - ...Nothing Like The Sun (1987) [FLAC] [16B-44100kHz]/11. Sting - Little Wing.flac,SUSPECT,"hard cutoff at ~16710Hz, steep 29.2dB/kHz -> likely transcoded from 128kbps MP3",44100,16710,22050,29.2
/home/adam/driveBig/Music/New unformated songs/Sting - ...Nothing Like The Sun (1987) [FLAC] [16B-44100kHz]/12. Sting - The Secret Marriage.flac,SUSPECT,"hard cutoff at ~16441Hz, steep 23.3dB/kHz -> likely transcoded from 128kbps MP3",44100,16441,22050,23.3
/home/adam/driveBig/Music/New unformated songs/Sting - Ten Summoner's Tales (1998) [FLAC] [16B-44100kHz]/01. Sting - If I Ever Lose My Faith In You.flac,SUSPECT,"hard cutoff at ~16688Hz, steep 27.0dB/kHz -> likely transcoded from 128kbps MP3",44100,16688,22050,27
/home/adam/driveBig/Music/New unformated songs/Sting - Ten Summoner's Tales (1998) [FLAC] [16B-44100kHz]/02. Sting - Love Is Stronger Than Justice (The Munificent Seven).flac,SUSPECT,"hard cutoff at ~16785Hz, steep 31.6dB/kHz -> likely transcoded from 128kbps MP3",44100,16785,22050,31.6
/home/adam/driveBig/Music/New unformated songs/Sting - Ten Summoner's Tales (1998) [FLAC] [16B-44100kHz]/03. Sting - Fields Of Gold.flac,SUSPECT,"hard cutoff at ~16613Hz, steep 25.4dB/kHz -> likely transcoded from 128kbps MP3",44100,16613,22050,25.4
/home/adam/driveBig/Music/New unformated songs/Sting - Ten Summoner's Tales (1998) [FLAC] [16B-44100kHz]/04. Sting - Heavy Cloud No Rain.flac,SUSPECT,"hard cutoff at ~16758Hz, steep 28.7dB/kHz -> likely transcoded from 128kbps MP3",44100,16758,22050,28.7
/home/adam/driveBig/Music/New unformated songs/Sting - Ten Summoner's Tales (1998) [FLAC] [16B-44100kHz]/05. Sting - She's Too Good For Me.flac,SUSPECT,"hard cutoff at ~16101Hz, steep 25.1dB/kHz -> likely transcoded from 128kbps MP3",44100,16101,22050,25.1
/home/adam/driveBig/Music/New unformated songs/Sting - Ten Summoner's Tales (1998) [FLAC] [16B-44100kHz]/06. Sting - Seven Days.flac,SUSPECT,"hard cutoff at ~16758Hz, steep 27.5dB/kHz -> likely transcoded from 128kbps MP3",44100,16758,22050,27.5
/home/adam/driveBig/Music/New unformated songs/Sting - Ten Summoner's Tales (1998) [FLAC] [16B-44100kHz]/07. Sting - Saint Augustine In Hell.flac,SUSPECT,"hard cutoff at ~16667Hz, steep 25.3dB/kHz -> likely transcoded from 128kbps MP3",44100,16667,22050,25.3
/home/adam/driveBig/Music/New unformated songs/Sting - Ten Summoner's Tales (1998) [FLAC] [16B-44100kHz]/08. Sting - It's Probably Me.flac,SUSPECT,"hard cutoff at ~16758Hz, steep 29.6dB/kHz -> likely transcoded from 128kbps MP3",44100,16758,22050,29.6
/home/adam/driveBig/Music/New unformated songs/Sting - Ten Summoner's Tales (1998) [FLAC] [16B-44100kHz]/09. Sting - Everybody Laughed But You.flac,SUSPECT,"hard cutoff at ~16764Hz, steep 31.4dB/kHz -> likely transcoded from 128kbps MP3",44100,16764,22050,31.4
/home/adam/driveBig/Music/New unformated songs/Sting - Ten Summoner's Tales (1998) [FLAC] [16B-44100kHz]/10. Sting - Shape Of My Heart.flac,SUSPECT,"hard cutoff at ~16721Hz, steep 24.7dB/kHz -> likely transcoded from 128kbps MP3",44100,16721,22050,24.7
/home/adam/driveBig/Music/New unformated songs/Sting - Ten Summoner's Tales (1998) [FLAC] [16B-44100kHz]/11. Sting - Something The Boy Said.flac,SUSPECT,"hard cutoff at ~16758Hz, steep 29.8dB/kHz -> likely transcoded from 128kbps MP3",44100,16758,22050,29.8
/home/adam/driveBig/Music/New unformated songs/Sting - Ten Summoner's Tales (1998) [FLAC] [16B-44100kHz]/12. Sting - Epilogue (Nothing 'Bout Me).flac,SUSPECT,"hard cutoff at ~16785Hz, steep 29.4dB/kHz -> likely transcoded from 128kbps MP3",44100,16785,22050,29.4
/home/adam/driveBig/Music/New unformated songs/Stone Temple Pilots - Core (1992) [FLAC] [16B-44100kHz]/01. Stone Temple Pilots - Dead & Bloated (Explicit).flac,SUSPECT,"hard cutoff at ~16667Hz, steep 29.3dB/kHz -> likely transcoded from 128kbps MP3",44100,16667,22050,29.3
/home/adam/driveBig/Music/New unformated songs/Stone Temple Pilots - Core (1992) [FLAC] [16B-44100kHz]/02. Stone Temple Pilots - Sex Type Thing.flac,SUSPECT,"hard cutoff at ~16010Hz, steep 14.8dB/kHz -> likely transcoded from 128kbps MP3",44100,16010,22050,14.8
/home/adam/driveBig/Music/New unformated songs/Stone Temple Pilots - Core (1992) [FLAC] [16B-44100kHz]/03. Stone Temple Pilots - Wicked Garden.flac,SUSPECT,"hard cutoff at ~16031Hz, steep 17.0dB/kHz -> likely transcoded from 128kbps MP3",44100,16031,22050,17
/home/adam/driveBig/Music/New unformated songs/Stone Temple Pilots - Core (1992) [FLAC] [16B-44100kHz]/04. Stone Temple Pilots - No Memory.flac,SUSPECT,"hard cutoff at ~16618Hz, steep 19.7dB/kHz -> likely transcoded from 128kbps MP3",44100,16618,22050,19.7
/home/adam/driveBig/Music/New unformated songs/Stone Temple Pilots - Core (1992) [FLAC] [16B-44100kHz]/05. Stone Temple Pilots - Sin.flac,SUSPECT,"hard cutoff at ~16640Hz, steep 25.9dB/kHz -> likely transcoded from 128kbps MP3",44100,16640,22050,25.9
/home/adam/driveBig/Music/New unformated songs/Stone Temple Pilots - Core (1992) [FLAC] [16B-44100kHz]/06. Stone Temple Pilots - Naked Sunday.flac,SUSPECT,"hard cutoff at ~16511Hz, steep 23.4dB/kHz -> likely transcoded from 128kbps MP3",44100,16511,22050,23.4
/home/adam/driveBig/Music/New unformated songs/Stone Temple Pilots - Core (1992) [FLAC] [16B-44100kHz]/07. Stone Temple Pilots - Creep.flac,SUSPECT,"hard cutoff at ~16607Hz, steep 20.6dB/kHz -> likely transcoded from 128kbps MP3",44100,16607,22050,20.6
/home/adam/driveBig/Music/New unformated songs/Stone Temple Pilots - Core (1992) [FLAC] [16B-44100kHz]/08. Stone Temple Pilots - Piece of Pie.flac,SUSPECT,"hard cutoff at ~16607Hz, steep 27.2dB/kHz -> likely transcoded from 128kbps MP3",44100,16607,22050,27.2
/home/adam/driveBig/Music/New unformated songs/Stone Temple Pilots - Core (1992) [FLAC] [16B-44100kHz]/09. Stone Temple Pilots - Plush.flac,SUSPECT,"hard cutoff at ~16435Hz, steep 18.1dB/kHz -> likely transcoded from 128kbps MP3",44100,16435,22050,18.1
/home/adam/driveBig/Music/New unformated songs/Stone Temple Pilots - Core (1992) [FLAC] [16B-44100kHz]/10. Stone Temple Pilots - Wet My Bed.flac,SUSPECT,"hard cutoff at ~16688Hz, steep 26.4dB/kHz -> likely transcoded from 128kbps MP3",44100,16688,22050,26.4
/home/adam/driveBig/Music/New unformated songs/Stone Temple Pilots - Core (1992) [FLAC] [16B-44100kHz]/11. Stone Temple Pilots - Crackerman.flac,SUSPECT,"hard cutoff at ~16295Hz, steep 31.6dB/kHz -> likely transcoded from 128kbps MP3",44100,16295,22050,31.6
/home/adam/driveBig/Music/New unformated songs/Stone Temple Pilots - Core (1992) [FLAC] [16B-44100kHz]/12. Stone Temple Pilots - Where the River Goes.flac,SUSPECT,"hard cutoff at ~16721Hz, steep 33.8dB/kHz -> likely transcoded from 128kbps MP3",44100,16721,22050,33.8
/home/adam/driveBig/Music/New unformated songs/Stone Temple Pilots - Purple (1994) [FLAC] [16B-44100kHz]/01. Stone Temple Pilots - Meatplow.flac,SUSPECT,"hard cutoff at ~16785Hz, steep 31.8dB/kHz -> likely transcoded from 128kbps MP3",44100,16785,22050,31.8
/home/adam/driveBig/Music/New unformated songs/Stone Temple Pilots - Purple (1994) [FLAC] [16B-44100kHz]/02. Stone Temple Pilots - Vasoline.flac,SUSPECT,"hard cutoff at ~16564Hz, steep 20.3dB/kHz -> likely transcoded from 128kbps MP3",44100,16564,22050,20.3
/home/adam/driveBig/Music/New unformated songs/Stone Temple Pilots - Purple (1994) [FLAC] [16B-44100kHz]/03. Stone Temple Pilots - Lounge Fly (Explicit).flac,SUSPECT,"hard cutoff at ~16796Hz, steep 34.6dB/kHz -> likely transcoded from 128kbps MP3",44100,16796,22050,34.6
/home/adam/driveBig/Music/New unformated songs/Stone Temple Pilots - Purple (1994) [FLAC] [16B-44100kHz]/04. Stone Temple Pilots - Interstate Love Song.flac,SUSPECT,"hard cutoff at ~16586Hz, steep 22.7dB/kHz -> likely transcoded from 128kbps MP3",44100,16586,22050,22.7
/home/adam/driveBig/Music/New unformated songs/Stone Temple Pilots - Purple (1994) [FLAC] [16B-44100kHz]/05. Stone Temple Pilots - Still Remains.flac,SUSPECT,"hard cutoff at ~16602Hz, steep 28.1dB/kHz -> likely transcoded from 128kbps MP3",44100,16602,22050,28.1
/home/adam/driveBig/Music/New unformated songs/Stone Temple Pilots - Purple (1994) [FLAC] [16B-44100kHz]/06. Stone Temple Pilots - Pretty Penny.flac,SUSPECT,"hard cutoff at ~16683Hz, steep 25.6dB/kHz -> likely transcoded from 128kbps MP3",44100,16683,22050,25.6
/home/adam/driveBig/Music/New unformated songs/Stone Temple Pilots - Purple (1994) [FLAC] [16B-44100kHz]/07. Stone Temple Pilots - Silvergun Superman.flac,SUSPECT,"hard cutoff at ~16747Hz, steep 31.7dB/kHz -> likely transcoded from 128kbps MP3",44100,16747,22050,31.7
/home/adam/driveBig/Music/New unformated songs/Stone Temple Pilots - Purple (1994) [FLAC] [16B-44100kHz]/08. Stone Temple Pilots - Big Empty.flac,SUSPECT,"hard cutoff at ~16737Hz, steep 26.7dB/kHz -> likely transcoded from 128kbps MP3",44100,16737,22050,26.7
/home/adam/driveBig/Music/New unformated songs/Stone Temple Pilots - Purple (1994) [FLAC] [16B-44100kHz]/09. Stone Temple Pilots - Unglued.flac,SUSPECT,"hard cutoff at ~16640Hz, steep 29.6dB/kHz -> likely transcoded from 128kbps MP3",44100,16640,22050,29.6
/home/adam/driveBig/Music/New unformated songs/Stone Temple Pilots - Purple (1994) [FLAC] [16B-44100kHz]/10. Stone Temple Pilots - Army Ants.flac,SUSPECT,"hard cutoff at ~16554Hz, steep 25.1dB/kHz -> likely transcoded from 128kbps MP3",44100,16554,22050,25.1
/home/adam/driveBig/Music/New unformated songs/Stone Temple Pilots - Purple (1994) [FLAC] [16B-44100kHz]/11. Stone Temple Pilots - Kitchenware & Candybars.flac,SUSPECT,"hard cutoff at ~16661Hz, steep 24.4dB/kHz -> likely transcoded from 128kbps MP3",44100,16661,22050,24.4
/home/adam/driveBig/Music/New unformated songs/Swans - To Be Kind (2014) [FLAC] [16B-44100kHz]/Disc 1/01. Swans - Screen Shot.flac,SUSPECT,"hard cutoff at ~16602Hz, steep 23.2dB/kHz -> likely transcoded from 128kbps MP3",44100,16602,22050,23.2
/home/adam/driveBig/Music/New unformated songs/Swans - To Be Kind (2014) [FLAC] [16B-44100kHz]/Disc 1/02. Swans - Just a Little Boy (For Chester Burnett).flac,SUSPECT,"hard cutoff at ~16607Hz, steep 23.6dB/kHz -> likely transcoded from 128kbps MP3",44100,16607,22050,23.6
/home/adam/driveBig/Music/New unformated songs/Swans - To Be Kind (2014) [FLAC] [16B-44100kHz]/Disc 1/03. Swans - A Little God in My Hands.flac,SUSPECT,"hard cutoff at ~16607Hz, steep 24.5dB/kHz -> likely transcoded from 128kbps MP3",44100,16607,22050,24.5
/home/adam/driveBig/Music/New unformated songs/Swans - To Be Kind (2014) [FLAC] [16B-44100kHz]/Disc 1/04. Swans - Bring the Sun  Toussaint L'Ouverture.flac,SUSPECT,"hard cutoff at ~16613Hz, steep 20.4dB/kHz -> likely transcoded from 128kbps MP3",44100,16613,22050,20.4
/home/adam/driveBig/Music/New unformated songs/Swans - To Be Kind (2014) [FLAC] [16B-44100kHz]/Disc 1/05. Swans - Some Things We Do (Explicit).flac,SUSPECT,"hard cutoff at ~16651Hz, steep 17.1dB/kHz -> likely transcoded from 128kbps MP3",44100,16651,22050,17.1
/home/adam/driveBig/Music/New unformated songs/Swans - To Be Kind (2014) [FLAC] [16B-44100kHz]/Disc 2/01. Swans - She Loves Us (Explicit).flac,SUSPECT,"hard cutoff at ~16640Hz, steep 26.6dB/kHz -> likely transcoded from 128kbps MP3",44100,16640,22050,26.6
/home/adam/driveBig/Music/New unformated songs/Swans - To Be Kind (2014) [FLAC] [16B-44100kHz]/Disc 2/02. Swans - Kirsten Supine.flac,SUSPECT,"hard cutoff at ~16634Hz, steep 21.8dB/kHz -> likely transcoded from 128kbps MP3",44100,16634,22050,21.8
/home/adam/driveBig/Music/New unformated songs/Swans - To Be Kind (2014) [FLAC] [16B-44100kHz]/Disc 2/03. Swans - Oxygen.flac,SUSPECT,"hard cutoff at ~16484Hz, steep 20.9dB/kHz -> likely transcoded from 128kbps MP3",44100,16484,22050,20.9
/home/adam/driveBig/Music/New unformated songs/Swans - To Be Kind (2014) [FLAC] [16B-44100kHz]/Disc 2/04. Swans - Nathalie Neal.flac,SUSPECT,"hard cutoff at ~16645Hz, steep 19.5dB/kHz -> likely transcoded from 128kbps MP3",44100,16645,22050,19.5
/home/adam/driveBig/Music/New unformated songs/Swans - To Be Kind (2014) [FLAC] [16B-44100kHz]/Disc 2/05. Swans - To Be Kind.flac,SUSPECT,"hard cutoff at ~16031Hz, steep 15.7dB/kHz -> likely transcoded from 128kbps MP3",44100,16031,22050,15.7
/home/adam/driveBig/Music/New unformated songs/System of A Down - Hypnotize (2005) [FLAC] [16B-44100kHz]/01. System of A Down - Attack.flac,SUSPECT,"hard cutoff at ~16575Hz, steep 19.2dB/kHz -> likely transcoded from 128kbps MP3",44100,16575,22050,19.2
/home/adam/driveBig/Music/New unformated songs/System of A Down - Hypnotize (2005) [FLAC] [16B-44100kHz]/02. System of A Down - Dreaming.flac,SUSPECT,"hard cutoff at ~16478Hz, steep 15.6dB/kHz -> likely transcoded from 128kbps MP3",44100,16478,22050,15.6
/home/adam/driveBig/Music/New unformated songs/System of A Down - Hypnotize (2005) [FLAC] [16B-44100kHz]/03. System of A Down - Kill Rock 'n Roll (Explicit).flac,SUSPECT,"hard cutoff at ~16263Hz, steep 14.5dB/kHz -> likely transcoded from 128kbps MP3",44100,16263,22050,14.5
/home/adam/driveBig/Music/New unformated songs/System of A Down - Hypnotize (2005) [FLAC] [16B-44100kHz]/04. System of A Down - Hypnotize.flac,SUSPECT,"hard cutoff at ~16602Hz, steep 20.7dB/kHz -> likely transcoded from 128kbps MP3",44100,16602,22050,20.7
/home/adam/driveBig/Music/New unformated songs/System of A Down - Hypnotize (2005) [FLAC] [16B-44100kHz]/05. System of A Down - Stealing Society (Explicit).flac,SUSPECT,"hard cutoff at ~16457Hz, steep 18.4dB/kHz -> likely transcoded from 128kbps MP3",44100,16457,22050,18.4
/home/adam/driveBig/Music/New unformated songs/System of A Down - Hypnotize (2005) [FLAC] [16B-44100kHz]/06. System of A Down - Tentative.flac,SUSPECT,"hard cutoff at ~16484Hz, steep 19.9dB/kHz -> likely transcoded from 128kbps MP3",44100,16484,22050,19.9
/home/adam/driveBig/Music/New unformated songs/System of A Down - Hypnotize (2005) [FLAC] [16B-44100kHz]/07. System of A Down - U-Fig.flac,SUSPECT,"hard cutoff at ~16554Hz, steep 20.1dB/kHz -> likely transcoded from 128kbps MP3",44100,16554,22050,20.1
/home/adam/driveBig/Music/New unformated songs/System of A Down - Hypnotize (2005) [FLAC] [16B-44100kHz]/08. System of A Down - Holy Mountains.flac,SUSPECT,"hard cutoff at ~16231Hz, steep 16.1dB/kHz -> likely transcoded from 128kbps MP3",44100,16231,22050,16.1
/home/adam/driveBig/Music/New unformated songs/System of A Down - Hypnotize (2005) [FLAC] [16B-44100kHz]/09. System of A Down - Vicinity Of Obscenity.flac,SUSPECT,"hard cutoff at ~16554Hz, steep 22.0dB/kHz -> likely transcoded from 128kbps MP3",44100,16554,22050,22
/home/adam/driveBig/Music/New unformated songs/System of A Down - Hypnotize (2005) [FLAC] [16B-44100kHz]/10. System of A Down - She's Like Heroin (Explicit).flac,SUSPECT,"hard cutoff at ~16543Hz, steep 20.5dB/kHz -> likely transcoded from 128kbps MP3",44100,16543,22050,20.5
/home/adam/driveBig/Music/New unformated songs/System of A Down - Hypnotize (2005) [FLAC] [16B-44100kHz]/11. System of A Down - Lonely Day.flac,SUSPECT,"hard cutoff at ~16602Hz, steep 18.1dB/kHz -> likely transcoded from 128kbps MP3",44100,16602,22050,18.1
/home/adam/driveBig/Music/New unformated songs/System of A Down - Hypnotize (2005) [FLAC] [16B-44100kHz]/12. System of A Down - Soldier Side.flac,SUSPECT,"hard cutoff at ~16236Hz, steep 15.1dB/kHz -> likely transcoded from 128kbps MP3",44100,16236,22050,15.1
/home/adam/driveBig/Music/New unformated songs/Tame Impala - Lonerism (2012) [FLAC] [16B-44100kHz]/01. Tame Impala - Be Above It.flac,SUSPECT,"hard cutoff at ~16021Hz, steep 18.2dB/kHz -> likely transcoded from 128kbps MP3",44100,16021,22050,18.2
/home/adam/driveBig/Music/New unformated songs/Tame Impala - Lonerism (2012) [FLAC] [16B-44100kHz]/02. Tame Impala - Endors Toi.flac,SUSPECT,"hard cutoff at ~16031Hz, steep 20.7dB/kHz -> likely transcoded from 128kbps MP3",44100,16031,22050,20.7
/home/adam/driveBig/Music/New unformated songs/Tame Impala - Lonerism (2012) [FLAC] [16B-44100kHz]/03. Tame Impala - Apocalypse Dreams.flac,SUSPECT,"hard cutoff at ~16451Hz, steep 25.8dB/kHz -> likely transcoded from 128kbps MP3",44100,16451,22050,25.8
/home/adam/driveBig/Music/New unformated songs/Tame Impala - Lonerism (2012) [FLAC] [16B-44100kHz]/04. Tame Impala - Mind Mischief.flac,SUSPECT,"hard cutoff at ~16414Hz, steep 21.3dB/kHz -> likely transcoded from 128kbps MP3",44100,16414,22050,21.3
/home/adam/driveBig/Music/New unformated songs/Tame Impala - Lonerism (2012) [FLAC] [16B-44100kHz]/05. Tame Impala - Music To Walk Home By.flac,SUSPECT,"hard cutoff at ~16554Hz, steep 24.9dB/kHz -> likely transcoded from 128kbps MP3",44100,16554,22050,24.9
/home/adam/driveBig/Music/New unformated songs/Tame Impala - Lonerism (2012) [FLAC] [16B-44100kHz]/06. Tame Impala - Why Won't They Talk To Me.flac,SUSPECT,"hard cutoff at ~16328Hz, steep 22.7dB/kHz -> likely transcoded from 128kbps MP3",44100,16328,22050,22.7
/home/adam/driveBig/Music/New unformated songs/Tame Impala - Lonerism (2012) [FLAC] [16B-44100kHz]/07. Tame Impala - Feels Like We Only Go Backwards.flac,SUSPECT,"hard cutoff at ~16494Hz, steep 26.1dB/kHz -> likely transcoded from 128kbps MP3",44100,16494,22050,26.1
/home/adam/driveBig/Music/New unformated songs/Tame Impala - Lonerism (2012) [FLAC] [16B-44100kHz]/08. Tame Impala - Keep On Lying.flac,SUSPECT,"hard cutoff at ~16058Hz, steep 22.1dB/kHz -> likely transcoded from 128kbps MP3",44100,16058,22050,22.1
/home/adam/driveBig/Music/New unformated songs/Tame Impala - Lonerism (2012) [FLAC] [16B-44100kHz]/09. Tame Impala - Elephant.flac,SUSPECT,"hard cutoff at ~16683Hz, steep 27.4dB/kHz -> likely transcoded from 128kbps MP3",44100,16683,22050,27.4
/home/adam/driveBig/Music/New unformated songs/Tame Impala - Lonerism (2012) [FLAC] [16B-44100kHz]/10. Tame Impala - She Just Won't Believe Me.flac,SUSPECT,"hard cutoff at ~16026Hz, steep 17.2dB/kHz -> likely transcoded from 128kbps MP3",44100,16026,22050,17.2
/home/adam/driveBig/Music/New unformated songs/Tame Impala - Lonerism (2012) [FLAC] [16B-44100kHz]/11. Tame Impala - Nothing That Has Happened So Far Has Been Anything We Could Control.flac,SUSPECT,"hard cutoff at ~16101Hz, steep 24.7dB/kHz -> likely transcoded from 128kbps MP3",44100,16101,22050,24.7
/home/adam/driveBig/Music/New unformated songs/Tame Impala - Lonerism (2012) [FLAC] [16B-44100kHz]/12. Tame Impala - Sun's Coming Up.flac,SUSPECT,"hard cutoff at ~16225Hz, steep 20.7dB/kHz -> likely transcoded from 128kbps MP3",44100,16225,22050,20.7
/home/adam/driveBig/Music/New unformated songs/Tame Impala - The Slow Rush (2020) [FLAC] [16B-44100kHz]/01. Tame Impala - One More Year.flac,SUSPECT,"hard cutoff at ~16058Hz, steep 16.3dB/kHz -> likely transcoded from 128kbps MP3",44100,16058,22050,16.3
/home/adam/driveBig/Music/New unformated songs/Tame Impala - The Slow Rush (2020) [FLAC] [16B-44100kHz]/02. Tame Impala - Instant Destiny.flac,SUSPECT,"hard cutoff at ~15999Hz, steep 13.2dB/kHz -> likely transcoded from 128kbps MP3",44100,15999,22050,13.2
/home/adam/driveBig/Music/New unformated songs/Tame Impala - The Slow Rush (2020) [FLAC] [16B-44100kHz]/03. Tame Impala - Borderline.flac,SUSPECT,"hard cutoff at ~16031Hz, steep 21.8dB/kHz -> likely transcoded from 128kbps MP3",44100,16031,22050,21.8
/home/adam/driveBig/Music/New unformated songs/Tame Impala - The Slow Rush (2020) [FLAC] [16B-44100kHz]/04. Tame Impala - Posthumous Forgiveness.flac,SUSPECT,"hard cutoff at ~16026Hz, steep 18.1dB/kHz -> likely transcoded from 128kbps MP3",44100,16026,22050,18.1
/home/adam/driveBig/Music/New unformated songs/Tame Impala - The Slow Rush (2020) [FLAC] [16B-44100kHz]/05. Tame Impala - Breathe Deeper.flac,SUSPECT,"hard cutoff at ~16005Hz, steep 14.6dB/kHz -> likely transcoded from 128kbps MP3",44100,16005,22050,14.6
/home/adam/driveBig/Music/New unformated songs/Tame Impala - The Slow Rush (2020) [FLAC] [16B-44100kHz]/06. Tame Impala - Tomorrow's Dust.flac,SUSPECT,"hard cutoff at ~16064Hz, steep 20.6dB/kHz -> likely transcoded from 128kbps MP3",44100,16064,22050,20.6
/home/adam/driveBig/Music/New unformated songs/Tame Impala - The Slow Rush (2020) [FLAC] [16B-44100kHz]/07. Tame Impala - On Track.flac,SUSPECT,"hard cutoff at ~16064Hz, steep 21.3dB/kHz -> likely transcoded from 128kbps MP3",44100,16064,22050,21.3
/home/adam/driveBig/Music/New unformated songs/Tame Impala - The Slow Rush (2020) [FLAC] [16B-44100kHz]/08. Tame Impala - Lost In Yesterday.flac,SUSPECT,"hard cutoff at ~16058Hz, steep 17.5dB/kHz -> likely transcoded from 128kbps MP3",44100,16058,22050,17.5
/home/adam/driveBig/Music/New unformated songs/Tame Impala - The Slow Rush (2020) [FLAC] [16B-44100kHz]/09. Tame Impala - Is It True.flac,SUSPECT,"hard cutoff at ~16015Hz, steep 15.6dB/kHz -> likely transcoded from 128kbps MP3",44100,16015,22050,15.6
/home/adam/driveBig/Music/New unformated songs/Tame Impala - The Slow Rush (2020) [FLAC] [16B-44100kHz]/10. Tame Impala - It Might Be Time.flac,SUSPECT,"hard cutoff at ~16026Hz, steep 15.3dB/kHz -> likely transcoded from 128kbps MP3",44100,16026,22050,15.3
/home/adam/driveBig/Music/New unformated songs/Tame Impala - The Slow Rush (2020) [FLAC] [16B-44100kHz]/11. Tame Impala - Glimmer.flac,SUSPECT,"hard cutoff at ~16026Hz, steep 16.6dB/kHz -> likely transcoded from 128kbps MP3",44100,16026,22050,16.6
/home/adam/driveBig/Music/New unformated songs/Tame Impala - The Slow Rush (2020) [FLAC] [16B-44100kHz]/12. Tame Impala - One More Hour.flac,SUSPECT,"hard cutoff at ~16328Hz, steep 22.6dB/kHz -> likely transcoded from 128kbps MP3",44100,16328,22050,22.6
/home/adam/driveBig/Music/New unformated songs/Temple Of The Dog - Temple Of The Dog (1991) [FLAC] [16B-44100kHz]/01. Temple Of The Dog - Say Hello 2 Heaven.flac,SUSPECT,"hard cutoff at ~16629Hz, steep 26.2dB/kHz -> likely transcoded from 128kbps MP3",44100,16629,22050,26.2
/home/adam/driveBig/Music/New unformated songs/Temple Of The Dog - Temple Of The Dog (1991) [FLAC] [16B-44100kHz]/02. Temple Of The Dog - Reach Down.flac,SUSPECT,"hard cutoff at ~16640Hz, steep 24.3dB/kHz -> likely transcoded from 128kbps MP3",44100,16640,22050,24.3
/home/adam/driveBig/Music/New unformated songs/Temple Of The Dog - Temple Of The Dog (1991) [FLAC] [16B-44100kHz]/03. Temple Of The Dog - Hunger Strike.flac,SUSPECT,"hard cutoff at ~16704Hz, steep 29.6dB/kHz -> likely transcoded from 128kbps MP3",44100,16704,22050,29.6
/home/adam/driveBig/Music/New unformated songs/Temple Of The Dog - Temple Of The Dog (1991) [FLAC] [16B-44100kHz]/04. Temple Of The Dog - Pushin' Forward Back.flac,SUSPECT,"hard cutoff at ~16764Hz, steep 29.4dB/kHz -> likely transcoded from 128kbps MP3",44100,16764,22050,29.4
/home/adam/driveBig/Music/New unformated songs/Temple Of The Dog - Temple Of The Dog (1991) [FLAC] [16B-44100kHz]/05. Temple Of The Dog - Call Me A Dog.flac,SUSPECT,"hard cutoff at ~16640Hz, steep 24.7dB/kHz -> likely transcoded from 128kbps MP3",44100,16640,22050,24.7
/home/adam/driveBig/Music/New unformated songs/Temple Of The Dog - Temple Of The Dog (1991) [FLAC] [16B-44100kHz]/06. Temple Of The Dog - Times Of Trouble.flac,SUSPECT,"hard cutoff at ~16645Hz, steep 28.4dB/kHz -> likely transcoded from 128kbps MP3",44100,16645,22050,28.4
/home/adam/driveBig/Music/New unformated songs/Temple Of The Dog - Temple Of The Dog (1991) [FLAC] [16B-44100kHz]/07. Temple Of The Dog - Wooden Jesus.flac,SUSPECT,"hard cutoff at ~16774Hz, steep 30.3dB/kHz -> likely transcoded from 128kbps MP3",44100,16774,22050,30.3
/home/adam/driveBig/Music/New unformated songs/Temple Of The Dog - Temple Of The Dog (1991) [FLAC] [16B-44100kHz]/08. Temple Of The Dog - Your Savior.flac,SUSPECT,"hard cutoff at ~16785Hz, steep 28.5dB/kHz -> likely transcoded from 128kbps MP3",44100,16785,22050,28.5
/home/adam/driveBig/Music/New unformated songs/Temple Of The Dog - Temple Of The Dog (1991) [FLAC] [16B-44100kHz]/09. Temple Of The Dog - Four Walled World.flac,SUSPECT,"hard cutoff at ~16796Hz, steep 29.9dB/kHz -> likely transcoded from 128kbps MP3",44100,16796,22050,29.9
/home/adam/driveBig/Music/New unformated songs/Temple Of The Dog - Temple Of The Dog (1991) [FLAC] [16B-44100kHz]/10. Temple Of The Dog - All Night Thing.flac,SUSPECT,"hard cutoff at ~16634Hz, steep 26.1dB/kHz -> likely transcoded from 128kbps MP3",44100,16634,22050,26.1
/home/adam/driveBig/Music/New unformated songs/The Backseat Lovers - When We Were Friends (2019) [FLAC] [16B-44100kHz]/01. The Backseat Lovers - Watch Your Mouth.flac,SUSPECT,"hard cutoff at ~16656Hz, steep 24.6dB/kHz -> likely transcoded from 128kbps MP3",44100,16656,22050,24.6
/home/adam/driveBig/Music/New unformated songs/The Backseat Lovers - When We Were Friends (2019) [FLAC] [16B-44100kHz]/02. The Backseat Lovers - Pool House.flac,SUSPECT,"hard cutoff at ~16548Hz, steep 20.4dB/kHz -> likely transcoded from 128kbps MP3",44100,16548,22050,20.4
/home/adam/driveBig/Music/New unformated songs/The Backseat Lovers - When We Were Friends (2019) [FLAC] [16B-44100kHz]/03. The Backseat Lovers - Intuition.flac,SUSPECT,"hard cutoff at ~16737Hz, steep 25.2dB/kHz -> likely transcoded from 128kbps MP3",44100,16737,22050,25.2
/home/adam/driveBig/Music/New unformated songs/The Backseat Lovers - When We Were Friends (2019) [FLAC] [16B-44100kHz]/04. The Backseat Lovers - Kilby Girl.flac,SUSPECT,"hard cutoff at ~16559Hz, steep 21.6dB/kHz -> likely transcoded from 128kbps MP3",44100,16559,22050,21.6
/home/adam/driveBig/Music/New unformated songs/The Backseat Lovers - When We Were Friends (2019) [FLAC] [16B-44100kHz]/05. The Backseat Lovers - Dugout.flac,SUSPECT,"hard cutoff at ~16548Hz, steep 23.8dB/kHz -> likely transcoded from 128kbps MP3",44100,16548,22050,23.8
/home/adam/driveBig/Music/New unformated songs/The Backseat Lovers - When We Were Friends (2019) [FLAC] [16B-44100kHz]/06. The Backseat Lovers - Davy Crochet.flac,SUSPECT,"hard cutoff at ~16758Hz, steep 31.6dB/kHz -> likely transcoded from 128kbps MP3",44100,16758,22050,31.6
/home/adam/driveBig/Music/New unformated songs/The Backseat Lovers - When We Were Friends (2019) [FLAC] [16B-44100kHz]/07. The Backseat Lovers - Maple Syrup.flac,SUSPECT,"hard cutoff at ~16661Hz, steep 25.6dB/kHz -> likely transcoded from 128kbps MP3",44100,16661,22050,25.6
/home/adam/driveBig/Music/New unformated songs/The Backseat Lovers - When We Were Friends (2019) [FLAC] [16B-44100kHz]/08. The Backseat Lovers - Olivia.flac,SUSPECT,"hard cutoff at ~16656Hz, steep 22.2dB/kHz -> likely transcoded from 128kbps MP3",44100,16656,22050,22.2
/home/adam/driveBig/Music/New unformated songs/The Backseat Lovers - When We Were Friends (2019) [FLAC] [16B-44100kHz]/09. The Backseat Lovers - Sinking Ship.flac,SUSPECT,"hard cutoff at ~16441Hz, steep 18.2dB/kHz -> likely transcoded from 128kbps MP3",44100,16441,22050,18.2
/home/adam/driveBig/Music/New unformated songs/The Beths - Expert In A Dying Field (2022) [FLAC] [16B-44100kHz]/01. The Beths - Expert In A Dying Field.flac,SUSPECT,"hard cutoff at ~16484Hz, steep 20.9dB/kHz -> likely transcoded from 128kbps MP3",44100,16484,22050,20.9
/home/adam/driveBig/Music/New unformated songs/The Beths - Expert In A Dying Field (2022) [FLAC] [16B-44100kHz]/02. The Beths - Knees Deep.flac,SUSPECT,"hard cutoff at ~16489Hz, steep 29.1dB/kHz -> likely transcoded from 128kbps MP3",44100,16489,22050,29.1
/home/adam/driveBig/Music/New unformated songs/The Beths - Expert In A Dying Field (2022) [FLAC] [16B-44100kHz]/03. The Beths - Silence Is Golden.flac,SUSPECT,"hard cutoff at ~16667Hz, steep 28.6dB/kHz -> likely transcoded from 128kbps MP3",44100,16667,22050,28.6
/home/adam/driveBig/Music/New unformated songs/The Beths - Expert In A Dying Field (2022) [FLAC] [16B-44100kHz]/04. The Beths - Your Side.flac,SUSPECT,"hard cutoff at ~16624Hz, steep 21.7dB/kHz -> likely transcoded from 128kbps MP3",44100,16624,22050,21.7
/home/adam/driveBig/Music/New unformated songs/The Beths - Expert In A Dying Field (2022) [FLAC] [16B-44100kHz]/05. The Beths - I Want To Listen.flac,SUSPECT,"hard cutoff at ~16624Hz, steep 27.4dB/kHz -> likely transcoded from 128kbps MP3",44100,16624,22050,27.4
/home/adam/driveBig/Music/New unformated songs/The Beths - Expert In A Dying Field (2022) [FLAC] [16B-44100kHz]/06. The Beths - Head In The Clouds.flac,SUSPECT,"hard cutoff at ~16484Hz, steep 21.1dB/kHz -> likely transcoded from 128kbps MP3",44100,16484,22050,21.1
/home/adam/driveBig/Music/New unformated songs/The Beths - Expert In A Dying Field (2022) [FLAC] [16B-44100kHz]/07. The Beths - Best Left.flac,SUSPECT,"hard cutoff at ~16527Hz, steep 18.4dB/kHz -> likely transcoded from 128kbps MP3",44100,16527,22050,18.4
/home/adam/driveBig/Music/New unformated songs/The Beths - Expert In A Dying Field (2022) [FLAC] [16B-44100kHz]/08. The Beths - Change In The Weather.flac,SUSPECT,"hard cutoff at ~16672Hz, steep 25.1dB/kHz -> likely transcoded from 128kbps MP3",44100,16672,22050,25.1
/home/adam/driveBig/Music/New unformated songs/The Beths - Expert In A Dying Field (2022) [FLAC] [16B-44100kHz]/09. The Beths - When You Know You Know.flac,SUSPECT,"hard cutoff at ~16710Hz, steep 28.9dB/kHz -> likely transcoded from 128kbps MP3",44100,16710,22050,28.9
/home/adam/driveBig/Music/New unformated songs/The Beths - Expert In A Dying Field (2022) [FLAC] [16B-44100kHz]/10. The Beths - A Passing Rain.flac,SUSPECT,"hard cutoff at ~16263Hz, steep 22.3dB/kHz -> likely transcoded from 128kbps MP3",44100,16263,22050,22.3
/home/adam/driveBig/Music/New unformated songs/The Beths - Expert In A Dying Field (2022) [FLAC] [16B-44100kHz]/11. The Beths - I Told You That I Was Afraid.flac,SUSPECT,"hard cutoff at ~16559Hz, steep 22.5dB/kHz -> likely transcoded from 128kbps MP3",44100,16559,22050,22.5
/home/adam/driveBig/Music/New unformated songs/The Beths - Expert In A Dying Field (2022) [FLAC] [16B-44100kHz]/12. The Beths - 2am.flac,SUSPECT,"hard cutoff at ~16538Hz, steep 22.2dB/kHz -> likely transcoded from 128kbps MP3",44100,16538,22050,22.2
/home/adam/driveBig/Music/New unformated songs/The Beths - Future Me Hates Me (2018) [FLAC] [16B-44100kHz]/01. The Beths - Great No One.flac,SUSPECT,"hard cutoff at ~16677Hz, steep 28.7dB/kHz -> likely transcoded from 128kbps MP3",44100,16677,22050,28.7
/home/adam/driveBig/Music/New unformated songs/The Beths - Future Me Hates Me (2018) [FLAC] [16B-44100kHz]/02. The Beths - Future Me Hates Me.flac,SUSPECT,"hard cutoff at ~16828Hz, steep 31.6dB/kHz -> likely transcoded from 128kbps MP3",44100,16828,22050,31.6
/home/adam/driveBig/Music/New unformated songs/The Beths - Future Me Hates Me (2018) [FLAC] [16B-44100kHz]/03. The Beths - Uptown Girl.flac,SUSPECT,"hard cutoff at ~16721Hz, steep 30.2dB/kHz -> likely transcoded from 128kbps MP3",44100,16721,22050,30.2
/home/adam/driveBig/Music/New unformated songs/The Beths - Future Me Hates Me (2018) [FLAC] [16B-44100kHz]/04. The Beths - You Wouldn't Like Me.flac,SUSPECT,"hard cutoff at ~16721Hz, steep 30.1dB/kHz -> likely transcoded from 128kbps MP3",44100,16721,22050,30.1
/home/adam/driveBig/Music/New unformated songs/The Beths - Future Me Hates Me (2018) [FLAC] [16B-44100kHz]/05. The Beths - Not Running.flac,SUSPECT,"hard cutoff at ~16721Hz, steep 30.9dB/kHz -> likely transcoded from 128kbps MP3",44100,16721,22050,30.9
/home/adam/driveBig/Music/New unformated songs/The Beths - Future Me Hates Me (2018) [FLAC] [16B-44100kHz]/06. The Beths - Little Death.flac,SUSPECT,"hard cutoff at ~16661Hz, steep 29.0dB/kHz -> likely transcoded from 128kbps MP3",44100,16661,22050,29
/home/adam/driveBig/Music/New unformated songs/The Beths - Future Me Hates Me (2018) [FLAC] [16B-44100kHz]/07. The Beths - Happy Unhappy.flac,SUSPECT,"hard cutoff at ~16764Hz, steep 29.3dB/kHz -> likely transcoded from 128kbps MP3",44100,16764,22050,29.3
/home/adam/driveBig/Music/New unformated songs/The Beths - Future Me Hates Me (2018) [FLAC] [16B-44100kHz]/08. The Beths - River Run Lvl 1.flac,SUSPECT,"hard cutoff at ~16602Hz, steep 21.0dB/kHz -> likely transcoded from 128kbps MP3",44100,16602,22050,21
/home/adam/driveBig/Music/New unformated songs/The Beths - Future Me Hates Me (2018) [FLAC] [16B-44100kHz]/09. The Beths - Whatever.flac,SUSPECT,"hard cutoff at ~16715Hz, steep 25.0dB/kHz -> likely transcoded from 128kbps MP3",44100,16715,22050,25
/home/adam/driveBig/Music/New unformated songs/The Beths - Future Me Hates Me (2018) [FLAC] [16B-44100kHz]/10. The Beths - Less Than Thou.flac,SUSPECT,"hard cutoff at ~16656Hz, steep 27.6dB/kHz -> likely transcoded from 128kbps MP3",44100,16656,22050,27.6
/home/adam/driveBig/Music/New unformated songs/The Black Keys - Brothers (2010) [FLAC] [16B-44100kHz]/01. The Black Keys - Everlasting Light.flac,SUSPECT,"hard cutoff at ~16710Hz, steep 29.5dB/kHz -> likely transcoded from 128kbps MP3",44100,16710,22050,29.5
/home/adam/driveBig/Music/New unformated songs/The Black Keys - Brothers (2010) [FLAC] [16B-44100kHz]/02. The Black Keys - Next Girl.flac,SUSPECT,"hard cutoff at ~16721Hz, steep 25.4dB/kHz -> likely transcoded from 128kbps MP3",44100,16721,22050,25.4
/home/adam/driveBig/Music/New unformated songs/The Black Keys - Brothers (2010) [FLAC] [16B-44100kHz]/03. The Black Keys - Tighten Up.flac,SUSPECT,"hard cutoff at ~16559Hz, steep 21.2dB/kHz -> likely transcoded from 128kbps MP3",44100,16559,22050,21.2
/home/adam/driveBig/Music/New unformated songs/The Black Keys - Brothers (2010) [FLAC] [16B-44100kHz]/04. The Black Keys - Howlin' for You.flac,SUSPECT,"hard cutoff at ~16791Hz, steep 31.3dB/kHz -> likely transcoded from 128kbps MP3",44100,16791,22050,31.3
/home/adam/driveBig/Music/New unformated songs/The Black Keys - Brothers (2010) [FLAC] [16B-44100kHz]/05. The Black Keys - She's Long Gone.flac,SUSPECT,"hard cutoff at ~16672Hz, steep 28.5dB/kHz -> likely transcoded from 128kbps MP3",44100,16672,22050,28.5
/home/adam/driveBig/Music/New unformated songs/The Black Keys - Brothers (2010) [FLAC] [16B-44100kHz]/06. The Black Keys - Black Mud.flac,SUSPECT,"hard cutoff at ~16489Hz, steep 20.2dB/kHz -> likely transcoded from 128kbps MP3",44100,16489,22050,20.2
/home/adam/driveBig/Music/New unformated songs/The Black Keys - Brothers (2010) [FLAC] [16B-44100kHz]/07. The Black Keys - The Only One.flac,SUSPECT,"hard cutoff at ~16511Hz, steep 20.8dB/kHz -> likely transcoded from 128kbps MP3",44100,16511,22050,20.8
/home/adam/driveBig/Music/New unformated songs/The Black Keys - Brothers (2010) [FLAC] [16B-44100kHz]/08. The Black Keys - Too Afraid to Love You.flac,SUSPECT,"hard cutoff at ~16774Hz, steep 27.8dB/kHz -> likely transcoded from 128kbps MP3",44100,16774,22050,27.8
/home/adam/driveBig/Music/New unformated songs/The Black Keys - Brothers (2010) [FLAC] [16B-44100kHz]/09. The Black Keys - Ten Cent Pistol.flac,SUSPECT,"hard cutoff at ~16721Hz, steep 25.5dB/kHz -> likely transcoded from 128kbps MP3",44100,16721,22050,25.5
/home/adam/driveBig/Music/New unformated songs/The Black Keys - Brothers (2010) [FLAC] [16B-44100kHz]/10. The Black Keys - Sinister Kid.flac,SUSPECT,"hard cutoff at ~16796Hz, steep 30.6dB/kHz -> likely transcoded from 128kbps MP3",44100,16796,22050,30.6
/home/adam/driveBig/Music/New unformated songs/The Black Keys - Brothers (2010) [FLAC] [16B-44100kHz]/11. The Black Keys - The Go Getter.flac,SUSPECT,"hard cutoff at ~16817Hz, steep 32.7dB/kHz -> likely transcoded from 128kbps MP3",44100,16817,22050,32.7
/home/adam/driveBig/Music/New unformated songs/The Black Keys - Brothers (2010) [FLAC] [16B-44100kHz]/12. The Black Keys - I'm Not The One.flac,SUSPECT,"hard cutoff at ~16564Hz, steep 19.4dB/kHz -> likely transcoded from 128kbps MP3",44100,16564,22050,19.4
/home/adam/driveBig/Music/New unformated songs/The Black Keys - Brothers (2010) [FLAC] [16B-44100kHz]/13. The Black Keys - Unknown Brother.flac,SUSPECT,"hard cutoff at ~16667Hz, steep 25.2dB/kHz -> likely transcoded from 128kbps MP3",44100,16667,22050,25.2
/home/adam/driveBig/Music/New unformated songs/The Black Keys - Brothers (2010) [FLAC] [16B-44100kHz]/14. The Black Keys - Never Gonna Give You Up.flac,SUSPECT,"hard cutoff at ~16704Hz, steep 24.9dB/kHz -> likely transcoded from 128kbps MP3",44100,16704,22050,24.9
/home/adam/driveBig/Music/New unformated songs/The Black Keys - Brothers (2010) [FLAC] [16B-44100kHz]/15. The Black Keys - These Days.flac,SUSPECT,"hard cutoff at ~16527Hz, steep 18.8dB/kHz -> likely transcoded from 128kbps MP3",44100,16527,22050,18.8
/home/adam/driveBig/Music/New unformated songs/The Black Keys - El Camino (2011) [FLAC] [16B-44100kHz]/Disc 1/01. The Black Keys - Lonely Boy.flac,SUSPECT,"hard cutoff at ~16634Hz, steep 23.8dB/kHz -> likely transcoded from 128kbps MP3",44100,16634,22050,23.8
/home/adam/driveBig/Music/New unformated songs/The Black Keys - El Camino (2011) [FLAC] [16B-44100kHz]/Disc 1/02. The Black Keys - Dead and Gone.flac,SUSPECT,"hard cutoff at ~16026Hz, steep 20.9dB/kHz -> likely transcoded from 128kbps MP3",44100,16026,22050,20.9
/home/adam/driveBig/Music/New unformated songs/The Black Keys - El Camino (2011) [FLAC] [16B-44100kHz]/Disc 1/03. The Black Keys - Gold on the Ceiling.flac,SUSPECT,"hard cutoff at ~16618Hz, steep 26.0dB/kHz -> likely transcoded from 128kbps MP3",44100,16618,22050,26
/home/adam/driveBig/Music/New unformated songs/The Black Keys - El Camino (2011) [FLAC] [16B-44100kHz]/Disc 1/04. The Black Keys - Little Black Submarines.flac,SUSPECT,"hard cutoff at ~16446Hz, steep 24.2dB/kHz -> likely transcoded from 128kbps MP3",44100,16446,22050,24.2
/home/adam/driveBig/Music/New unformated songs/The Black Keys - El Camino (2011) [FLAC] [16B-44100kHz]/Disc 1/05. The Black Keys - Money Maker.flac,SUSPECT,"hard cutoff at ~16128Hz, steep 20.4dB/kHz -> likely transcoded from 128kbps MP3",44100,16128,22050,20.4
/home/adam/driveBig/Music/New unformated songs/The Black Keys - El Camino (2011) [FLAC] [16B-44100kHz]/Disc 1/06. The Black Keys - Run Right Back.flac,SUSPECT,"hard cutoff at ~16511Hz, steep 23.7dB/kHz -> likely transcoded from 128kbps MP3",44100,16511,22050,23.7
/home/adam/driveBig/Music/New unformated songs/The Black Keys - El Camino (2011) [FLAC] [16B-44100kHz]/Disc 1/07. The Black Keys - Sister.flac,SUSPECT,"hard cutoff at ~16478Hz, steep 24.1dB/kHz -> likely transcoded from 128kbps MP3",44100,16478,22050,24.1
/home/adam/driveBig/Music/New unformated songs/The Black Keys - El Camino (2011) [FLAC] [16B-44100kHz]/Disc 1/08. The Black Keys - Hell of a Season.flac,SUSPECT,"hard cutoff at ~16543Hz, steep 23.3dB/kHz -> likely transcoded from 128kbps MP3",44100,16543,22050,23.3
/home/adam/driveBig/Music/New unformated songs/The Black Keys - El Camino (2011) [FLAC] [16B-44100kHz]/Disc 1/09. The Black Keys - Stop Stop.flac,SUSPECT,"hard cutoff at ~16398Hz, steep 23.6dB/kHz -> likely transcoded from 128kbps MP3",44100,16398,22050,23.6
/home/adam/driveBig/Music/New unformated songs/The Black Keys - El Camino (2011) [FLAC] [16B-44100kHz]/Disc 1/10. The Black Keys - Nova Baby.flac,SUSPECT,"hard cutoff at ~16301Hz, steep 25.1dB/kHz -> likely transcoded from 128kbps MP3",44100,16301,22050,25.1
/home/adam/driveBig/Music/New unformated songs/The Black Keys - El Camino (2011) [FLAC] [16B-44100kHz]/Disc 1/11. The Black Keys - Mind Eraser.flac,SUSPECT,"hard cutoff at ~16521Hz, steep 22.6dB/kHz -> likely transcoded from 128kbps MP3",44100,16521,22050,22.6
/home/adam/driveBig/Music/New unformated songs/The Black Keys - El Camino (2011) [FLAC] [16B-44100kHz]/Disc 2/01. The Black Keys - Dead and Gone (Live in Studio).flac,SUSPECT,"hard cutoff at ~16570Hz, steep 28.0dB/kHz -> likely transcoded from 128kbps MP3",44100,16570,22050,28
/home/adam/driveBig/Music/New unformated songs/The Black Keys - El Camino (2011) [FLAC] [16B-44100kHz]/Disc 2/02. The Black Keys - Gold on the Ceiling (Live in Studio).flac,SUSPECT,"hard cutoff at ~16570Hz, steep 25.2dB/kHz -> likely transcoded from 128kbps MP3",44100,16570,22050,25.2
/home/adam/driveBig/Music/New unformated songs/The Black Keys - El Camino (2011) [FLAC] [16B-44100kHz]/Disc 2/03. The Black Keys - Howlin' for You (Live in Studio).flac,SUSPECT,"hard cutoff at ~16640Hz, steep 22.1dB/kHz -> likely transcoded from 128kbps MP3",44100,16640,22050,22.1
/home/adam/driveBig/Music/New unformated songs/The Black Keys - El Camino (2011) [FLAC] [16B-44100kHz]/Disc 2/04. The Black Keys - Lonely Boy (Live in Studio).flac,SUSPECT,"hard cutoff at ~16559Hz, steep 24.5dB/kHz -> likely transcoded from 128kbps MP3",44100,16559,22050,24.5
/home/adam/driveBig/Music/New unformated songs/The Black Keys - El Camino (2011) [FLAC] [16B-44100kHz]/Disc 2/05. The Black Keys - Money Maker (Live in Studio).flac,SUSPECT,"hard cutoff at ~16607Hz, steep 24.2dB/kHz -> likely transcoded from 128kbps MP3",44100,16607,22050,24.2
/home/adam/driveBig/Music/New unformated songs/The Black Keys - El Camino (2011) [FLAC] [16B-44100kHz]/Disc 2/06. The Black Keys - Next Girl (Live in Studio).flac,SUSPECT,"hard cutoff at ~16677Hz, steep 25.6dB/kHz -> likely transcoded from 128kbps MP3",44100,16677,22050,25.6
/home/adam/driveBig/Music/New unformated songs/The Black Keys - El Camino (2011) [FLAC] [16B-44100kHz]/Disc 2/07. The Black Keys - Run Right Back (Live in Studio).flac,SUSPECT,"hard cutoff at ~16607Hz, steep 28.1dB/kHz -> likely transcoded from 128kbps MP3",44100,16607,22050,28.1
/home/adam/driveBig/Music/New unformated songs/The Black Keys - El Camino (2011) [FLAC] [16B-44100kHz]/Disc 2/08. The Black Keys - Sister (Live in Studio).flac,SUSPECT,"hard cutoff at ~16753Hz, steep 30.0dB/kHz -> likely transcoded from 128kbps MP3",44100,16753,22050,30
/home/adam/driveBig/Music/New unformated songs/The Black Keys - El Camino (2011) [FLAC] [16B-44100kHz]/Disc 2/09. The Black Keys - Tighten Up (Live in Studio).flac,SUSPECT,"hard cutoff at ~16667Hz, steep 28.5dB/kHz -> likely transcoded from 128kbps MP3",44100,16667,22050,28.5
/home/adam/driveBig/Music/New unformated songs/The Clash - Combat Rock (Remastered) (1982) [FLAC] [16B-44100kHz]/01. The Clash - Know Your Rights (Remastered).flac,SUSPECT,"hard cutoff at ~16796Hz, steep 34.4dB/kHz -> likely transcoded from 128kbps MP3",44100,16796,22050,34.4
/home/adam/driveBig/Music/New unformated songs/The Clash - Combat Rock (Remastered) (1982) [FLAC] [16B-44100kHz]/02. The Clash - Car Jamming (Remastered).flac,SUSPECT,"hard cutoff at ~16715Hz, steep 29.0dB/kHz -> likely transcoded from 128kbps MP3",44100,16715,22050,29
/home/adam/driveBig/Music/New unformated songs/The Clash - Combat Rock (Remastered) (1982) [FLAC] [16B-44100kHz]/03. The Clash - Should I Stay or Should I Go (Remastered).flac,SUSPECT,"hard cutoff at ~16791Hz, steep 30.2dB/kHz -> likely transcoded from 128kbps MP3",44100,16791,22050,30.2
/home/adam/driveBig/Music/New unformated songs/The Clash - Combat Rock (Remastered) (1982) [FLAC] [16B-44100kHz]/04. The Clash - Rock the Casbah (Remastered).flac,SUSPECT,"hard cutoff at ~16834Hz, steep 34.9dB/kHz -> likely transcoded from 128kbps MP3",44100,16834,22050,34.9
/home/adam/driveBig/Music/New unformated songs/The Clash - Combat Rock (Remastered) (1982) [FLAC] [16B-44100kHz]/05. The Clash - Red Angel Dragnet (Remastered).flac,SUSPECT,"hard cutoff at ~16753Hz, steep 31.6dB/kHz -> likely transcoded from 128kbps MP3",44100,16753,22050,31.6
/home/adam/driveBig/Music/New unformated songs/The Clash - Combat Rock (Remastered) (1982) [FLAC] [16B-44100kHz]/06. The Clash - Straight to Hell (Remastered).flac,SUSPECT,"hard cutoff at ~16785Hz, steep 30.0dB/kHz -> likely transcoded from 128kbps MP3",44100,16785,22050,30
/home/adam/driveBig/Music/New unformated songs/The Clash - Combat Rock (Remastered) (1982) [FLAC] [16B-44100kHz]/07. The Clash - Overpowered by Funk (Remastered).flac,SUSPECT,"hard cutoff at ~16780Hz, steep 30.6dB/kHz -> likely transcoded from 128kbps MP3",44100,16780,22050,30.6
/home/adam/driveBig/Music/New unformated songs/The Clash - Combat Rock (Remastered) (1982) [FLAC] [16B-44100kHz]/08. The Clash - Atom Tan (Remastered).flac,SUSPECT,"hard cutoff at ~16688Hz, steep 27.2dB/kHz -> likely transcoded from 128kbps MP3",44100,16688,22050,27.2
/home/adam/driveBig/Music/New unformated songs/The Clash - Combat Rock (Remastered) (1982) [FLAC] [16B-44100kHz]/09. The Clash - Sean Flynn (Remastered).flac,SUSPECT,"hard cutoff at ~16753Hz, steep 31.8dB/kHz -> likely transcoded from 128kbps MP3",44100,16753,22050,31.8
/home/adam/driveBig/Music/New unformated songs/The Clash - Combat Rock (Remastered) (1982) [FLAC] [16B-44100kHz]/10. The Clash - Ghetto Defendant (Remastered).flac,SUSPECT,"hard cutoff at ~16823Hz, steep 31.7dB/kHz -> likely transcoded from 128kbps MP3",44100,16823,22050,31.7
/home/adam/driveBig/Music/New unformated songs/The Clash - Combat Rock (Remastered) (1982) [FLAC] [16B-44100kHz]/11. The Clash - Inoculated City (Remastered).flac,SUSPECT,"hard cutoff at ~16834Hz, steep 33.9dB/kHz -> likely transcoded from 128kbps MP3",44100,16834,22050,33.9
/home/adam/driveBig/Music/New unformated songs/The Clash - Combat Rock (Remastered) (1982) [FLAC] [16B-44100kHz]/12. The Clash - Death is a Star (Remastered).flac,SUSPECT,"hard cutoff at ~16764Hz, steep 30.8dB/kHz -> likely transcoded from 128kbps MP3",44100,16764,22050,30.8
/home/adam/driveBig/Music/New unformated songs/The Dream (2022)/alt‐J - The Dream - 01 - Bane.flac,GRADUAL_ROLLOFF,"rolloff at ~18729Hz but gentle (2.0dB/kHz) - could be an old master/analog source, not necessarily transcoded",44100,18729,22050,2
/home/adam/driveBig/Music/New unformated songs/The Dream (2022)/alt‐J - The Dream - 02 - U&ME.flac,GRADUAL_ROLLOFF,"rolloff at ~20812Hz but gentle (8.1dB/kHz) - could be an old master/analog source, not necessarily transcoded",44100,20812,22050,8.1
/home/adam/driveBig/Music/New unformated songs/The Dream (2022)/alt‐J - The Dream - 03 - Hard Drive Gold.flac,GRADUAL_ROLLOFF,"rolloff at ~18454Hz but gentle (2.5dB/kHz) - could be an old master/analog source, not necessarily transcoded",44100,18454,22050,2.5
/home/adam/driveBig/Music/New unformated songs/The Dream (2022)/alt‐J - The Dream - 04 - Happier When You’re Gone.flac,GRADUAL_ROLLOFF,"rolloff at ~19369Hz but gentle (2.1dB/kHz) - could be an old master/analog source, not necessarily transcoded",44100,19369,22050,2.1
/home/adam/driveBig/Music/New unformated songs/The Dream (2022)/alt‐J - The Dream - 05 - The Actor.flac,GRADUAL_ROLLOFF,"rolloff at ~15843Hz but gentle (2.5dB/kHz) - could be an old master/analog source, not necessarily transcoded",44100,15843,22050,2.5
/home/adam/driveBig/Music/New unformated songs/The Dream (2022)/alt‐J - The Dream - 06 - Get Better.flac,GRADUAL_ROLLOFF,"rolloff at ~15881Hz but gentle (0.4dB/kHz) - could be an old master/analog source, not necessarily transcoded",44100,15881,22050,0.4
/home/adam/driveBig/Music/New unformated songs/The Dream (2022)/alt‐J - The Dream - 07 - Chicago.flac,GRADUAL_ROLLOFF,"rolloff at ~20564Hz but gentle (3.2dB/kHz) - could be an old master/analog source, not necessarily transcoded",44100,20564,22050,3.2
/home/adam/driveBig/Music/New unformated songs/The Dream (2022)/alt‐J - The Dream - 08 - Philadelphia.flac,GRADUAL_ROLLOFF,"rolloff at ~21129Hz but gentle (10.1dB/kHz) - could be an old master/analog source, not necessarily transcoded",44100,21129,22050,10.1
/home/adam/driveBig/Music/New unformated songs/The Dream (2022)/alt‐J - The Dream - 09 - Walk a Mile.flac,GRADUAL_ROLLOFF,"rolloff at ~18373Hz but gentle (2.1dB/kHz) - could be an old master/analog source, not necessarily transcoded",44100,18373,22050,2.1
/home/adam/driveBig/Music/New unformated songs/The Dream (2022)/alt‐J - The Dream - 10 - Delta.flac,GRADUAL_ROLLOFF,"rolloff at ~15848Hz but gentle (1.4dB/kHz) - could be an old master/analog source, not necessarily transcoded",44100,15848,22050,1.4
/home/adam/driveBig/Music/New unformated songs/The Dream (2022)/alt‐J - The Dream - 11 - Losing My Mind.flac,GRADUAL_ROLLOFF,"rolloff at ~19708Hz but gentle (5.8dB/kHz) - could be an old master/analog source, not necessarily transcoded",44100,19708,22050,5.8
/home/adam/driveBig/Music/New unformated songs/The Dream (2022)/alt‐J - The Dream - 12 - Powders.flac,GRADUAL_ROLLOFF,"rolloff at ~18583Hz but gentle (2.1dB/kHz) - could be an old master/analog source, not necessarily transcoded",44100,18583,22050,2.1
/home/adam/driveBig/Music/New unformated songs/The Kooks - Inside In  Inside Out (2006) [FLAC] [16B-44100kHz]/01. The Kooks - Seaside.flac,SUSPECT,"hard cutoff at ~16656Hz, steep 26.3dB/kHz -> likely transcoded from 128kbps MP3",44100,16656,22050,26.3
/home/adam/driveBig/Music/New unformated songs/The Kooks - Inside In  Inside Out (2006) [FLAC] [16B-44100kHz]/02. The Kooks - See The World.flac,SUSPECT,"hard cutoff at ~16414Hz, steep 24.3dB/kHz -> likely transcoded from 128kbps MP3",44100,16414,22050,24.3
/home/adam/driveBig/Music/New unformated songs/The Kooks - Inside In  Inside Out (2006) [FLAC] [16B-44100kHz]/03. The Kooks - Sofa Song.flac,SUSPECT,"hard cutoff at ~16624Hz, steep 24.9dB/kHz -> likely transcoded from 128kbps MP3",44100,16624,22050,24.9
/home/adam/driveBig/Music/New unformated songs/The Kooks - Inside In  Inside Out (2006) [FLAC] [16B-44100kHz]/04. The Kooks - Eddie's Gun.flac,SUSPECT,"hard cutoff at ~16548Hz, steep 25.5dB/kHz -> likely transcoded from 128kbps MP3",44100,16548,22050,25.5
/home/adam/driveBig/Music/New unformated songs/The Kooks - Inside In  Inside Out (2006) [FLAC] [16B-44100kHz]/05. The Kooks - Ooh La.flac,SUSPECT,"hard cutoff at ~16527Hz, steep 24.1dB/kHz -> likely transcoded from 128kbps MP3",44100,16527,22050,24.1
/home/adam/driveBig/Music/New unformated songs/The Kooks - Inside In  Inside Out (2006) [FLAC] [16B-44100kHz]/06. The Kooks - You Don't Love Me.flac,SUSPECT,"hard cutoff at ~16564Hz, steep 26.1dB/kHz -> likely transcoded from 128kbps MP3",44100,16564,22050,26.1
/home/adam/driveBig/Music/New unformated songs/The Kooks - Inside In  Inside Out (2006) [FLAC] [16B-44100kHz]/07. The Kooks - She Moves In Her Own Way.flac,SUSPECT,"hard cutoff at ~16651Hz, steep 27.5dB/kHz -> likely transcoded from 128kbps MP3",44100,16651,22050,27.5
/home/adam/driveBig/Music/New unformated songs/The Kooks - Inside In  Inside Out (2006) [FLAC] [16B-44100kHz]/08. The Kooks - Matchbox.flac,SUSPECT,"hard cutoff at ~16478Hz, steep 28.9dB/kHz -> likely transcoded from 128kbps MP3",44100,16478,22050,28.9
/home/adam/driveBig/Music/New unformated songs/The Kooks - Inside In  Inside Out (2006) [FLAC] [16B-44100kHz]/09. The Kooks - Naive.flac,SUSPECT,"hard cutoff at ~16683Hz, steep 28.5dB/kHz -> likely transcoded from 128kbps MP3",44100,16683,22050,28.5
/home/adam/driveBig/Music/New unformated songs/The Kooks - Inside In  Inside Out (2006) [FLAC] [16B-44100kHz]/10. The Kooks - I Want You.flac,SUSPECT,"hard cutoff at ~16527Hz, steep 23.0dB/kHz -> likely transcoded from 128kbps MP3",44100,16527,22050,23
/home/adam/driveBig/Music/New unformated songs/The Kooks - Inside In  Inside Out (2006) [FLAC] [16B-44100kHz]/11. The Kooks - If Only.flac,SUSPECT,"hard cutoff at ~16710Hz, steep 27.6dB/kHz -> likely transcoded from 128kbps MP3",44100,16710,22050,27.6
/home/adam/driveBig/Music/New unformated songs/The Kooks - Inside In  Inside Out (2006) [FLAC] [16B-44100kHz]/12. The Kooks - Jackie Big Tits.flac,SUSPECT,"hard cutoff at ~16564Hz, steep 24.1dB/kHz -> likely transcoded from 128kbps MP3",44100,16564,22050,24.1
/home/adam/driveBig/Music/New unformated songs/The Kooks - Inside In  Inside Out (2006) [FLAC] [16B-44100kHz]/13. The Kooks - Time Awaits.flac,SUSPECT,"hard cutoff at ~16753Hz, steep 30.3dB/kHz -> likely transcoded from 128kbps MP3",44100,16753,22050,30.3
/home/adam/driveBig/Music/New unformated songs/The Kooks - Inside In  Inside Out (2006) [FLAC] [16B-44100kHz]/14. The Kooks - Got No Love.flac,SUSPECT,"hard cutoff at ~16645Hz, steep 22.7dB/kHz -> likely transcoded from 128kbps MP3",44100,16645,22050,22.7
/home/adam/driveBig/Music/New unformated songs/The Moody Blues - A Question Of Balance (2008) [FLAC] [16B-44100kHz]/01. The Moody Blues - Question.flac,SUSPECT,"hard cutoff at ~16489Hz, steep 29.9dB/kHz -> likely transcoded from 128kbps MP3",44100,16489,22050,29.9
/home/adam/driveBig/Music/New unformated songs/The Moody Blues - A Question Of Balance (2008) [FLAC] [16B-44100kHz]/02. The Moody Blues - How Is It (We Are Here).flac,SUSPECT,"hard cutoff at ~16107Hz, steep 26.0dB/kHz -> likely transcoded from 128kbps MP3",44100,16107,22050,26
/home/adam/driveBig/Music/New unformated songs/The Moody Blues - A Question Of Balance (2008) [FLAC] [16B-44100kHz]/03. The Moody Blues - And The Tide Rushes In.flac,SUSPECT,"hard cutoff at ~16026Hz, steep 18.5dB/kHz -> likely transcoded from 128kbps MP3",44100,16026,22050,18.5
/home/adam/driveBig/Music/New unformated songs/The Moody Blues - A Question Of Balance (2008) [FLAC] [16B-44100kHz]/04. The Moody Blues - Don't You Feel Small.flac,SUSPECT,"hard cutoff at ~16101Hz, steep 25.5dB/kHz -> likely transcoded from 128kbps MP3",44100,16101,22050,25.5
/home/adam/driveBig/Music/New unformated songs/The Moody Blues - A Question Of Balance (2008) [FLAC] [16B-44100kHz]/05. The Moody Blues - Tortoise And The Hare.flac,SUSPECT,"hard cutoff at ~16096Hz, steep 25.4dB/kHz -> likely transcoded from 128kbps MP3",44100,16096,22050,25.4
/home/adam/driveBig/Music/New unformated songs/The Moody Blues - A Question Of Balance (2008) [FLAC] [16B-44100kHz]/06. The Moody Blues - It's Up To You.flac,SUSPECT,"hard cutoff at ~16408Hz, steep 19.3dB/kHz -> likely transcoded from 128kbps MP3",44100,16408,22050,19.3
/home/adam/driveBig/Music/New unformated songs/The Moody Blues - A Question Of Balance (2008) [FLAC] [16B-44100kHz]/07. The Moody Blues - Minstrel's Song.flac,SUSPECT,"hard cutoff at ~16381Hz, steep 21.6dB/kHz -> likely transcoded from 128kbps MP3",44100,16381,22050,21.6
/home/adam/driveBig/Music/New unformated songs/The Moody Blues - A Question Of Balance (2008) [FLAC] [16B-44100kHz]/08. The Moody Blues - Dawning Is The Day.flac,SUSPECT,"hard cutoff at ~16403Hz, steep 22.0dB/kHz -> likely transcoded from 128kbps MP3",44100,16403,22050,22
/home/adam/driveBig/Music/New unformated songs/The Moody Blues - A Question Of Balance (2008) [FLAC] [16B-44100kHz]/09. The Moody Blues - Melancholy Man.flac,SUSPECT,"hard cutoff at ~16031Hz, steep 18.0dB/kHz -> likely transcoded from 128kbps MP3",44100,16031,22050,18
/home/adam/driveBig/Music/New unformated songs/The Moody Blues - A Question Of Balance (2008) [FLAC] [16B-44100kHz]/10. The Moody Blues - The Balance.flac,SUSPECT,"hard cutoff at ~16543Hz, steep 21.9dB/kHz -> likely transcoded from 128kbps MP3",44100,16543,22050,21.9
/home/adam/driveBig/Music/New unformated songs/The Moody Blues - A Question Of Balance (2008) [FLAC] [16B-44100kHz]/11. The Moody Blues - Mike's Number One.flac,SUSPECT,"hard cutoff at ~16451Hz, steep 23.5dB/kHz -> likely transcoded from 128kbps MP3",44100,16451,22050,23.5
/home/adam/driveBig/Music/New unformated songs/The Moody Blues - A Question Of Balance (2008) [FLAC] [16B-44100kHz]/12. The Moody Blues - Question (Alternate Version).flac,SUSPECT,"hard cutoff at ~16613Hz, steep 28.3dB/kHz -> likely transcoded from 128kbps MP3",44100,16613,22050,28.3
/home/adam/driveBig/Music/New unformated songs/The Moody Blues - A Question Of Balance (2008) [FLAC] [16B-44100kHz]/13. The Moody Blues - Minstrel's Song (Original Mix).flac,SUSPECT,"hard cutoff at ~16651Hz, steep 26.4dB/kHz -> likely transcoded from 128kbps MP3",44100,16651,22050,26.4
/home/adam/driveBig/Music/New unformated songs/The Moody Blues - A Question Of Balance (2008) [FLAC] [16B-44100kHz]/14. The Moody Blues - It's Up To You (Original Mix).flac,SUSPECT,"hard cutoff at ~16602Hz, steep 24.3dB/kHz -> likely transcoded from 128kbps MP3",44100,16602,22050,24.3
/home/adam/driveBig/Music/New unformated songs/The Moody Blues - A Question Of Balance (2008) [FLAC] [16B-44100kHz]/15. The Moody Blues - Don't You Feel Small.flac,SUSPECT,"hard cutoff at ~16441Hz, steep 22.3dB/kHz -> likely transcoded from 128kbps MP3",44100,16441,22050,22.3
/home/adam/driveBig/Music/New unformated songs/The Moody Blues - A Question Of Balance (2008) [FLAC] [16B-44100kHz]/16. The Moody Blues - Dawning Is The Day (Full Original Mix).flac,SUSPECT,"hard cutoff at ~16656Hz, steep 23.8dB/kHz -> likely transcoded from 128kbps MP3",44100,16656,22050,23.8
/home/adam/driveBig/Music/New unformated songs/The Presidents of the United States of America - Love Everybody (2004) [FLAC] [16B-44100kHz]/01. The Presidents of the United States of America - Love Everybody.flac,SUSPECT,"hard cutoff at ~16554Hz, steep 20.8dB/kHz -> likely transcoded from 128kbps MP3",44100,16554,22050,20.8
/home/adam/driveBig/Music/New unformated songs/The Presidents of the United States of America - Love Everybody (2004) [FLAC] [16B-44100kHz]/02. The Presidents of the United States of America - Some Postman.flac,SUSPECT,"hard cutoff at ~16607Hz, steep 24.1dB/kHz -> likely transcoded from 128kbps MP3",44100,16607,22050,24.1
/home/adam/driveBig/Music/New unformated songs/The Presidents of the United States of America - Love Everybody (2004) [FLAC] [16B-44100kHz]/03. The Presidents of the United States of America - Clean Machine.flac,SUSPECT,"hard cutoff at ~16538Hz, steep 17.8dB/kHz -> likely transcoded from 128kbps MP3",44100,16538,22050,17.8
/home/adam/driveBig/Music/New unformated songs/The Presidents of the United States of America - Love Everybody (2004) [FLAC] [16B-44100kHz]/04. The Presidents of the United States of America - Highway Forever.flac,SUSPECT,"hard cutoff at ~16311Hz, steep 15.5dB/kHz -> likely transcoded from 128kbps MP3",44100,16311,22050,15.5
/home/adam/driveBig/Music/New unformated songs/The Presidents of the United States of America - Love Everybody (2004) [FLAC] [16B-44100kHz]/05. The Presidents of the United States of America - Zero Friction.flac,SUSPECT,"hard cutoff at ~16516Hz, steep 18.4dB/kHz -> likely transcoded from 128kbps MP3",44100,16516,22050,18.4
/home/adam/driveBig/Music/New unformated songs/The Presidents of the United States of America - Love Everybody (2004) [FLAC] [16B-44100kHz]/06. The Presidents of the United States of America - Surf's Down.flac,SUSPECT,"hard cutoff at ~16645Hz, steep 21.4dB/kHz -> likely transcoded from 128kbps MP3",44100,16645,22050,21.4
/home/adam/driveBig/Music/New unformated songs/The Presidents of the United States of America - Love Everybody (2004) [FLAC] [16B-44100kHz]/07. The Presidents of the United States of America - Shortwave.flac,SUSPECT,"hard cutoff at ~16403Hz, steep 19.9dB/kHz -> likely transcoded from 128kbps MP3",44100,16403,22050,19.9
/home/adam/driveBig/Music/New unformated songs/The Presidents of the United States of America - Love Everybody (2004) [FLAC] [16B-44100kHz]/08. The Presidents of the United States of America - Poke and Destroy.flac,SUSPECT,"hard cutoff at ~16554Hz, steep 18.7dB/kHz -> likely transcoded from 128kbps MP3",44100,16554,22050,18.7
/home/adam/driveBig/Music/New unformated songs/The Presidents of the United States of America - Love Everybody (2004) [FLAC] [16B-44100kHz]/09. The Presidents of the United States of America - Munky River.flac,SUSPECT,"hard cutoff at ~16613Hz, steep 23.9dB/kHz -> likely transcoded from 128kbps MP3",44100,16613,22050,23.9
/home/adam/driveBig/Music/New unformated songs/The Presidents of the United States of America - Love Everybody (2004) [FLAC] [16B-44100kHz]/10. The Presidents of the United States of America - Drool At You.flac,SUSPECT,"hard cutoff at ~16597Hz, steep 21.0dB/kHz -> likely transcoded from 128kbps MP3",44100,16597,22050,21
/home/adam/driveBig/Music/New unformated songs/The Presidents of the United States of America - Love Everybody (2004) [FLAC] [16B-44100kHz]/11. The Presidents of the United States of America - Vestina.flac,SUSPECT,"hard cutoff at ~16564Hz, steep 25.6dB/kHz -> likely transcoded from 128kbps MP3",44100,16564,22050,25.6
"/home/adam/driveBig/Music/New unformated songs/The Presidents of the United States of America - Love Everybody (2004) [FLAC] [16B-44100kHz]/12. The Presidents of the United States of America - 5,500 Miles.flac",SUSPECT,"hard cutoff at ~16607Hz, steep 21.8dB/kHz -> likely transcoded from 128kbps MP3",44100,16607,22050,21.8
/home/adam/driveBig/Music/New unformated songs/The Presidents of the United States of America - Love Everybody (2004) [FLAC] [16B-44100kHz]/13. The Presidents of the United States of America - Shreds Of Boa.flac,SUSPECT,"hard cutoff at ~16640Hz, steep 23.0dB/kHz -> likely transcoded from 128kbps MP3",44100,16640,22050,23
/home/adam/driveBig/Music/New unformated songs/The Presidents of the United States of America - Love Everybody (2004) [FLAC] [16B-44100kHz]/14. The Presidents of the United States of America - Jennifer's Jacket.flac,SUSPECT,"hard cutoff at ~16548Hz, steep 21.2dB/kHz -> likely transcoded from 128kbps MP3",44100,16548,22050,21.2
/home/adam/driveBig/Music/New unformated songs/The Presidents of the United States of America - The Presidents of The United States of America Ten Year Super Bonus Special Anniversary Edition (2004) [FLAC] [16B-44100kHz]/01. The Presidents of the United States of America - Kitty (Explicit).flac,SUSPECT,"hard cutoff at ~16672Hz, steep 24.0dB/kHz -> likely transcoded from 128kbps MP3",44100,16672,22050,24
/home/adam/driveBig/Music/New unformated songs/The Presidents of the United States of America - The Presidents of The United States of America Ten Year Super Bonus Special Anniversary Edition (2004) [FLAC] [16B-44100kHz]/02. The Presidents of the United States of America - Feather Pluckn.flac,SUSPECT,"hard cutoff at ~16494Hz, steep 20.3dB/kHz -> likely transcoded from 128kbps MP3",44100,16494,22050,20.3
/home/adam/driveBig/Music/New unformated songs/The Presidents of the United States of America - The Presidents of The United States of America Ten Year Super Bonus Special Anniversary Edition (2004) [FLAC] [16B-44100kHz]/03. The Presidents of the United States of America - Lump.flac,SUSPECT,"hard cutoff at ~16500Hz, steep 19.8dB/kHz -> likely transcoded from 128kbps MP3",44100,16500,22050,19.8
/home/adam/driveBig/Music/New unformated songs/The Presidents of the United States of America - The Presidents of The United States of America Ten Year Super Bonus Special Anniversary Edition (2004) [FLAC] [16B-44100kHz]/04. The Presidents of the United States of America - Stranger.flac,SUSPECT,"hard cutoff at ~16559Hz, steep 18.9dB/kHz -> likely transcoded from 128kbps MP3",44100,16559,22050,18.9
/home/adam/driveBig/Music/New unformated songs/The Presidents of the United States of America - The Presidents of The United States of America Ten Year Super Bonus Special Anniversary Edition (2004) [FLAC] [16B-44100kHz]/05. The Presidents of the United States of America - Boll Weevil.flac,SUSPECT,"hard cutoff at ~16677Hz, steep 24.9dB/kHz -> likely transcoded from 128kbps MP3",44100,16677,22050,24.9
/home/adam/driveBig/Music/New unformated songs/The Presidents of the United States of America - The Presidents of The United States of America Ten Year Super Bonus Special Anniversary Edition (2004) [FLAC] [16B-44100kHz]/06. The Presidents of the United States of America - Peaches.flac,SUSPECT,"hard cutoff at ~16554Hz, steep 20.7dB/kHz -> likely transcoded from 128kbps MP3",44100,16554,22050,20.7
/home/adam/driveBig/Music/New unformated songs/The Presidents of the United States of America - The Presidents of The United States of America Ten Year Super Bonus Special Anniversary Edition (2004) [FLAC] [16B-44100kHz]/07. The Presidents of the United States of America - Dune Buggy.flac,SUSPECT,"hard cutoff at ~16570Hz, steep 20.3dB/kHz -> likely transcoded from 128kbps MP3",44100,16570,22050,20.3
/home/adam/driveBig/Music/New unformated songs/The Presidents of the United States of America - The Presidents of The United States of America Ten Year Super Bonus Special Anniversary Edition (2004) [FLAC] [16B-44100kHz]/08. The Presidents of the United States of America - We Are Not Going To Make It.flac,SUSPECT,"hard cutoff at ~16559Hz, steep 22.5dB/kHz -> likely transcoded from 128kbps MP3",44100,16559,22050,22.5
/home/adam/driveBig/Music/New unformated songs/The Presidents of the United States of America - The Presidents of The United States of America Ten Year Super Bonus Special Anniversary Edition (2004) [FLAC] [16B-44100kHz]/09. The Presidents of the United States of America - Kick out the Jams (Explicit).flac,SUSPECT,"hard cutoff at ~16564Hz, steep 20.7dB/kHz -> likely transcoded from 128kbps MP3",44100,16564,22050,20.7
/home/adam/driveBig/Music/New unformated songs/The Presidents of the United States of America - The Presidents of The United States of America Ten Year Super Bonus Special Anniversary Edition (2004) [FLAC] [16B-44100kHz]/10. The Presidents of the United States of America - Body.flac,SUSPECT,"hard cutoff at ~16634Hz, steep 26.1dB/kHz -> likely transcoded from 128kbps MP3",44100,16634,22050,26.1
/home/adam/driveBig/Music/New unformated songs/The Presidents of the United States of America - The Presidents of The United States of America Ten Year Super Bonus Special Anniversary Edition (2004) [FLAC] [16B-44100kHz]/11. The Presidents of the United States of America - Back Porch.flac,SUSPECT,"hard cutoff at ~16586Hz, steep 21.8dB/kHz -> likely transcoded from 128kbps MP3",44100,16586,22050,21.8
/home/adam/driveBig/Music/New unformated songs/The Presidents of the United States of America - The Presidents of The United States of America Ten Year Super Bonus Special Anniversary Edition (2004) [FLAC] [16B-44100kHz]/12. The Presidents of the United States of America - Candy.flac,SUSPECT,"hard cutoff at ~16559Hz, steep 22.0dB/kHz -> likely transcoded from 128kbps MP3",44100,16559,22050,22
/home/adam/driveBig/Music/New unformated songs/The Presidents of the United States of America - The Presidents of The United States of America Ten Year Super Bonus Special Anniversary Edition (2004) [FLAC] [16B-44100kHz]/13. The Presidents of the United States of America - Naked and Famous (Explicit).flac,SUSPECT,"hard cutoff at ~16618Hz, steep 23.0dB/kHz -> likely transcoded from 128kbps MP3",44100,16618,22050,23
/home/adam/driveBig/Music/New unformated songs/The Presidents of the United States of America - The Presidents of The United States of America Ten Year Super Bonus Special Anniversary Edition (2004) [FLAC] [16B-44100kHz]/14. The Presidents of the United States of America - Confusion.flac,SUSPECT,"hard cutoff at ~16640Hz, steep 25.8dB/kHz -> likely transcoded from 128kbps MP3",44100,16640,22050,25.8
/home/adam/driveBig/Music/New unformated songs/The Presidents of the United States of America - The Presidents of The United States of America Ten Year Super Bonus Special Anniversary Edition (2004) [FLAC] [16B-44100kHz]/15. The Presidents of the United States of America - Candy Cigarette.flac,SUSPECT,"hard cutoff at ~16645Hz, steep 24.8dB/kHz -> likely transcoded from 128kbps MP3",44100,16645,22050,24.8
/home/adam/driveBig/Music/New unformated songs/The Presidents of the United States of America - The Presidents of The United States of America Ten Year Super Bonus Special Anniversary Edition (2004) [FLAC] [16B-44100kHz]/16. The Presidents of the United States of America - Wake Up.flac,SUSPECT,"hard cutoff at ~16494Hz, steep 19.3dB/kHz -> likely transcoded from 128kbps MP3",44100,16494,22050,19.3
/home/adam/driveBig/Music/New unformated songs/The Presidents of the United States of America - The Presidents of The United States of America Ten Year Super Bonus Special Anniversary Edition (2004) [FLAC] [16B-44100kHz]/17. The Presidents of the United States of America - Carolyn's Booty.flac,SUSPECT,"hard cutoff at ~16516Hz, steep 23.1dB/kHz -> likely transcoded from 128kbps MP3",44100,16516,22050,23.1
/home/adam/driveBig/Music/New unformated songs/The Presidents of the United States of America - The Presidents of The United States of America Ten Year Super Bonus Special Anniversary Edition (2004) [FLAC] [16B-44100kHz]/18. The Presidents of the United States of America - Fk California (Explicit).flac,SUSPECT,"hard cutoff at ~16570Hz, steep 22.7dB/kHz -> likely transcoded from 128kbps MP3",44100,16570,22050,22.7
/home/adam/driveBig/Music/New unformated songs/The Presidents of the United States of America - The Presidents of The United States of America Ten Year Super Bonus Special Anniversary Edition (2004) [FLAC] [16B-44100kHz]/19. The Presidents of the United States of America - Puffy Little Shoes.flac,SUSPECT,"hard cutoff at ~16564Hz, steep 19.8dB/kHz -> likely transcoded from 128kbps MP3",44100,16564,22050,19.8
/home/adam/driveBig/Music/New unformated songs/The Presidents of the United States of America - The Presidents of The United States of America Ten Year Super Bonus Special Anniversary Edition (2004) [FLAC] [16B-44100kHz]/20. The Presidents of the United States of America - Kitty (Demo).flac,SUSPECT,"hard cutoff at ~12010Hz, steep 12.8dB/kHz -> likely transcoded from very low bitrate (<128kbps) or heavily filtered source",44100,12010,22050,12.8
/home/adam/driveBig/Music/New unformated songs/The Presidents of the United States of America - The Presidents of The United States of America Ten Year Super Bonus Special Anniversary Edition (2004) [FLAC] [16B-44100kHz]/21. The Presidents of the United States of America - Lump (Demo).flac,SUSPECT,"hard cutoff at ~16468Hz, steep 21.3dB/kHz -> likely transcoded from 128kbps MP3",44100,16468,22050,21.3
/home/adam/driveBig/Music/New unformated songs/The Presidents of the United States of America - The Presidents of The United States of America Ten Year Super Bonus Special Anniversary Edition (2004) [FLAC] [16B-44100kHz]/22. The Presidents of the United States of America - Stranger (Demo).flac,SUSPECT,"hard cutoff at ~15030Hz, steep 14.6dB/kHz -> likely transcoded from very low bitrate (<128kbps) or heavily filtered source",44100,15030,22050,14.6
/home/adam/driveBig/Music/New unformated songs/The Presidents of the United States of America - The Presidents of The United States of America Ten Year Super Bonus Special Anniversary Edition (2004) [FLAC] [16B-44100kHz]/23. The Presidents of the United States of America - Boll Weevil (Demo).flac,GRADUAL_ROLLOFF,"rolloff at ~13824Hz but gentle (10.4dB/kHz) - could be an old master/analog source, not necessarily transcoded",44100,13824,22050,10.4
/home/adam/driveBig/Music/New unformated songs/The Presidents of the United States of America - The Presidents of The United States of America Ten Year Super Bonus Special Anniversary Edition (2004) [FLAC] [16B-44100kHz]/24. The Presidents of the United States of America - Candy (Demo).flac,SUSPECT,"hard cutoff at ~15951Hz, steep 13.8dB/kHz -> likely transcoded from 128kbps MP3",44100,15951,22050,13.8
/home/adam/driveBig/Music/New unformated songs/The Presidents of the United States of America - The Presidents of The United States of America Ten Year Super Bonus Special Anniversary Edition (2004) [FLAC] [16B-44100kHz]/25. The Presidents of the United States of America - Naked and Famous (Boston Demo) (Explicit).flac,SUSPECT,"hard cutoff at ~16489Hz, steep 18.0dB/kHz -> likely transcoded from 128kbps MP3",44100,16489,22050,18
/home/adam/driveBig/Music/New unformated songs/The Presidents of the United States of America - The Presidents of The United States of America Ten Year Super Bonus Special Anniversary Edition (2004) [FLAC] [16B-44100kHz]/26. The Presidents of the United States of America - Naked and Famous (New York Demo) (Explicit).flac,GRADUAL_ROLLOFF,"rolloff at ~14406Hz but gentle (9.0dB/kHz) - could be an old master/analog source, not necessarily transcoded",44100,14406,22050,9
/home/adam/driveBig/Music/New unformated songs/The Shins - Chutes Too Narrow (20th Anniversary Remaster) (2003) [FLAC] [16B-44100kHz]/01. The Shins - Kissing the Lipless (2023 Remaster).flac,SUSPECT,"hard cutoff at ~16591Hz, steep 23.0dB/kHz -> likely transcoded from 128kbps MP3",44100,16591,22050,23
/home/adam/driveBig/Music/New unformated songs/The Shins - Chutes Too Narrow (20th Anniversary Remaster) (2003) [FLAC] [16B-44100kHz]/02. The Shins - Mine's Not a High Horse (2023 Remaster).flac,SUSPECT,"hard cutoff at ~16715Hz, steep 26.9dB/kHz -> likely transcoded from 128kbps MP3",44100,16715,22050,26.9
/home/adam/driveBig/Music/New unformated songs/The Shins - Chutes Too Narrow (20th Anniversary Remaster) (2003) [FLAC] [16B-44100kHz]/03. The Shins - So Says I (2023 Remaster).flac,SUSPECT,"hard cutoff at ~16667Hz, steep 27.6dB/kHz -> likely transcoded from 128kbps MP3",44100,16667,22050,27.6
/home/adam/driveBig/Music/New unformated songs/The Shins - Chutes Too Narrow (20th Anniversary Remaster) (2003) [FLAC] [16B-44100kHz]/04. The Shins - Young Pilgrims (2023 Remaster).flac,SUSPECT,"hard cutoff at ~16731Hz, steep 27.7dB/kHz -> likely transcoded from 128kbps MP3",44100,16731,22050,27.7
/home/adam/driveBig/Music/New unformated songs/The Shins - Chutes Too Narrow (20th Anniversary Remaster) (2003) [FLAC] [16B-44100kHz]/05. The Shins - Saint Simon (2023 Remaster).flac,SUSPECT,"hard cutoff at ~16704Hz, steep 28.2dB/kHz -> likely transcoded from 128kbps MP3",44100,16704,22050,28.2
/home/adam/driveBig/Music/New unformated songs/The Shins - Chutes Too Narrow (20th Anniversary Remaster) (2003) [FLAC] [16B-44100kHz]/06. The Shins - Fighting in a Sack (2023 Remaster).flac,SUSPECT,"hard cutoff at ~16559Hz, steep 19.5dB/kHz -> likely transcoded from 128kbps MP3",44100,16559,22050,19.5
/home/adam/driveBig/Music/New unformated songs/The Shins - Chutes Too Narrow (20th Anniversary Remaster) (2003) [FLAC] [16B-44100kHz]/07. The Shins - Pink Bullets (2023 Remaster).flac,SUSPECT,"hard cutoff at ~16715Hz, steep 28.0dB/kHz -> likely transcoded from 128kbps MP3",44100,16715,22050,28
/home/adam/driveBig/Music/New unformated songs/The Shins - Chutes Too Narrow (20th Anniversary Remaster) (2003) [FLAC] [16B-44100kHz]/08. The Shins - Turn a Square (2023 Remaster).flac,SUSPECT,"hard cutoff at ~16613Hz, steep 20.4dB/kHz -> likely transcoded from 128kbps MP3",44100,16613,22050,20.4
/home/adam/driveBig/Music/New unformated songs/The Shins - Chutes Too Narrow (20th Anniversary Remaster) (2003) [FLAC] [16B-44100kHz]/09. The Shins - Gone for Good (2023 Remaster).flac,SUSPECT,"hard cutoff at ~16548Hz, steep 20.1dB/kHz -> likely transcoded from 128kbps MP3",44100,16548,22050,20.1
/home/adam/driveBig/Music/New unformated songs/The Shins - Chutes Too Narrow (20th Anniversary Remaster) (2003) [FLAC] [16B-44100kHz]/10. The Shins - Those to Come (2023 Remaster).flac,SUSPECT,"hard cutoff at ~16651Hz, steep 19.7dB/kHz -> likely transcoded from 128kbps MP3",44100,16651,22050,19.7
/home/adam/driveBig/Music/New unformated songs/The Smashing Pumpkins - Adore (2014 Remaster) (2014) [FLAC] [16B-44100kHz]/01. The Smashing Pumpkins - To Sheila.flac,SUSPECT,"hard cutoff at ~16699Hz, steep 25.6dB/kHz -> likely transcoded from 128kbps MP3",44100,16699,22050,25.6
/home/adam/driveBig/Music/New unformated songs/The Smashing Pumpkins - Adore (2014 Remaster) (2014) [FLAC] [16B-44100kHz]/02. The Smashing Pumpkins - Ava Adore.flac,SUSPECT,"hard cutoff at ~16764Hz, steep 29.6dB/kHz -> likely transcoded from 128kbps MP3",44100,16764,22050,29.6
/home/adam/driveBig/Music/New unformated songs/The Smashing Pumpkins - Adore (2014 Remaster) (2014) [FLAC] [16B-44100kHz]/03. The Smashing Pumpkins - Perfect.flac,SUSPECT,"hard cutoff at ~16791Hz, steep 32.0dB/kHz -> likely transcoded from 128kbps MP3",44100,16791,22050,32
/home/adam/driveBig/Music/New unformated songs/The Smashing Pumpkins - Adore (2014 Remaster) (2014) [FLAC] [16B-44100kHz]/04. The Smashing Pumpkins - Daphne Descends.flac,SUSPECT,"hard cutoff at ~16780Hz, steep 29.5dB/kHz -> likely transcoded from 128kbps MP3",44100,16780,22050,29.5
/home/adam/driveBig/Music/New unformated songs/The Smashing Pumpkins - Adore (2014 Remaster) (2014) [FLAC] [16B-44100kHz]/05. The Smashing Pumpkins - Once Upon A Time.flac,SUSPECT,"hard cutoff at ~16758Hz, steep 33.3dB/kHz -> likely transcoded from 128kbps MP3",44100,16758,22050,33.3
/home/adam/driveBig/Music/New unformated songs/The Smashing Pumpkins - Adore (2014 Remaster) (2014) [FLAC] [16B-44100kHz]/06. The Smashing Pumpkins - Tear.flac,SUSPECT,"hard cutoff at ~16742Hz, steep 30.3dB/kHz -> likely transcoded from 128kbps MP3",44100,16742,22050,30.3
/home/adam/driveBig/Music/New unformated songs/The Smashing Pumpkins - Adore (2014 Remaster) (2014) [FLAC] [16B-44100kHz]/07. The Smashing Pumpkins - Crestfallen.flac,SUSPECT,"hard cutoff at ~16785Hz, steep 29.8dB/kHz -> likely transcoded from 128kbps MP3",44100,16785,22050,29.8
/home/adam/driveBig/Music/New unformated songs/The Smashing Pumpkins - Adore (2014 Remaster) (2014) [FLAC] [16B-44100kHz]/08. The Smashing Pumpkins - Appels + Oranjes.flac,SUSPECT,"hard cutoff at ~16764Hz, steep 29.8dB/kHz -> likely transcoded from 128kbps MP3",44100,16764,22050,29.8
/home/adam/driveBig/Music/New unformated songs/The Smashing Pumpkins - Adore (2014 Remaster) (2014) [FLAC] [16B-44100kHz]/09. The Smashing Pumpkins - Pug.flac,SUSPECT,"hard cutoff at ~16721Hz, steep 29.3dB/kHz -> likely transcoded from 128kbps MP3",44100,16721,22050,29.3
/home/adam/driveBig/Music/New unformated songs/The Smashing Pumpkins - Adore (2014 Remaster) (2014) [FLAC] [16B-44100kHz]/10. The Smashing Pumpkins - The Tale Of Dusty And Pistol Pete.flac,SUSPECT,"hard cutoff at ~16721Hz, steep 26.4dB/kHz -> likely transcoded from 128kbps MP3",44100,16721,22050,26.4
/home/adam/driveBig/Music/New unformated songs/The Smashing Pumpkins - Adore (2014 Remaster) (2014) [FLAC] [16B-44100kHz]/11. The Smashing Pumpkins - Annie-Dog.flac,SUSPECT,"hard cutoff at ~16677Hz, steep 24.7dB/kHz -> likely transcoded from 128kbps MP3",44100,16677,22050,24.7
/home/adam/driveBig/Music/New unformated songs/The Smashing Pumpkins - Adore (2014 Remaster) (2014) [FLAC] [16B-44100kHz]/12. The Smashing Pumpkins - Shame.flac,SUSPECT,"hard cutoff at ~16726Hz, steep 26.8dB/kHz -> likely transcoded from 128kbps MP3",44100,16726,22050,26.8
/home/adam/driveBig/Music/New unformated songs/The Smashing Pumpkins - Adore (2014 Remaster) (2014) [FLAC] [16B-44100kHz]/13. The Smashing Pumpkins - Behold! The Night Mare.flac,SUSPECT,"hard cutoff at ~16753Hz, steep 29.6dB/kHz -> likely transcoded from 128kbps MP3",44100,16753,22050,29.6
/home/adam/driveBig/Music/New unformated songs/The Smashing Pumpkins - Adore (2014 Remaster) (2014) [FLAC] [16B-44100kHz]/14. The Smashing Pumpkins - For Martha.flac,SUSPECT,"hard cutoff at ~16651Hz, steep 27.2dB/kHz -> likely transcoded from 128kbps MP3",44100,16651,22050,27.2
/home/adam/driveBig/Music/New unformated songs/The Smashing Pumpkins - Adore (2014 Remaster) (2014) [FLAC] [16B-44100kHz]/15. The Smashing Pumpkins - Blank Page.flac,SUSPECT,"hard cutoff at ~16107Hz, steep 16.7dB/kHz -> likely transcoded from 128kbps MP3",44100,16107,22050,16.7
/home/adam/driveBig/Music/New unformated songs/The Smashing Pumpkins - Adore (2014 Remaster) (2014) [FLAC] [16B-44100kHz]/16. The Smashing Pumpkins - 17.flac,SUSPECT,"hard cutoff at ~16828Hz, steep 33.3dB/kHz -> likely transcoded from 128kbps MP3",44100,16828,22050,33.3
/home/adam/driveBig/Music/New unformated songs/The Smashing Pumpkins - Mellon Collie And The Infinite Sadness (Remastered) (2012) [FLAC] [16B-44100kHz]/Disc 1/01. The Smashing Pumpkins - Mellon Collie And The Infinite Sadness (Remastered 2012).flac,SUSPECT,"hard cutoff at ~16031Hz, steep 14.2dB/kHz -> likely transcoded from 128kbps MP3",44100,16031,22050,14.2
"/home/adam/driveBig/Music/New unformated songs/The Smashing Pumpkins - Mellon Collie And The Infinite Sadness (Remastered) (2012) [FLAC] [16B-44100kHz]/Disc 1/02. The Smashing Pumpkins - Tonight, Tonight (Remastered 2012).flac",SUSPECT,"hard cutoff at ~16188Hz, steep 23.0dB/kHz -> likely transcoded from 128kbps MP3",44100,16188,22050,23
/home/adam/driveBig/Music/New unformated songs/The Smashing Pumpkins - Mellon Collie And The Infinite Sadness (Remastered) (2012) [FLAC] [16B-44100kHz]/Disc 1/03. The Smashing Pumpkins - Jellybelly (Remastered 2012).flac,SUSPECT,"hard cutoff at ~16064Hz, steep 25.7dB/kHz -> likely transcoded from 128kbps MP3",44100,16064,22050,25.7
/home/adam/driveBig/Music/New unformated songs/The Smashing Pumpkins - Mellon Collie And The Infinite Sadness (Remastered) (2012) [FLAC] [16B-44100kHz]/Disc 1/04. The Smashing Pumpkins - Zero (Remastered 2012) (Explicit).flac,SUSPECT,"hard cutoff at ~16064Hz, steep 22.6dB/kHz -> likely transcoded from 128kbps MP3",44100,16064,22050,22.6
/home/adam/driveBig/Music/New unformated songs/The Smashing Pumpkins - Mellon Collie And The Infinite Sadness (Remastered) (2012) [FLAC] [16B-44100kHz]/Disc 1/05. The Smashing Pumpkins - Here Is No Why (Remastered 2012).flac,SUSPECT,"hard cutoff at ~16516Hz, steep 25.2dB/kHz -> likely transcoded from 128kbps MP3",44100,16516,22050,25.2
/home/adam/driveBig/Music/New unformated songs/The Smashing Pumpkins - Mellon Collie And The Infinite Sadness (Remastered) (2012) [FLAC] [16B-44100kHz]/Disc 1/06. The Smashing Pumpkins - Bullet With Butterfly Wings (Remastered 2012).flac,SUSPECT,"hard cutoff at ~16026Hz, steep 20.1dB/kHz -> likely transcoded from 128kbps MP3",44100,16026,22050,20.1
/home/adam/driveBig/Music/New unformated songs/The Smashing Pumpkins - Mellon Collie And The Infinite Sadness (Remastered) (2012) [FLAC] [16B-44100kHz]/Disc 1/07. The Smashing Pumpkins - To Forgive (Remastered 2012).flac,SUSPECT,"hard cutoff at ~16581Hz, steep 17.6dB/kHz -> likely transcoded from 128kbps MP3",44100,16581,22050,17.6
/home/adam/driveBig/Music/New unformated songs/The Smashing Pumpkins - Mellon Collie And The Infinite Sadness (Remastered) (2012) [FLAC] [16B-44100kHz]/Disc 1/08. The Smashing Pumpkins - An Ode To No One (Remastered 2012).flac,SUSPECT,"hard cutoff at ~16414Hz, steep 20.4dB/kHz -> likely transcoded from 128kbps MP3",44100,16414,22050,20.4
/home/adam/driveBig/Music/New unformated songs/The Smashing Pumpkins - Mellon Collie And The Infinite Sadness (Remastered) (2012) [FLAC] [16B-44100kHz]/Disc 1/09. The Smashing Pumpkins - Love (Remastered 2012).flac,SUSPECT,"hard cutoff at ~16715Hz, steep 28.9dB/kHz -> likely transcoded from 128kbps MP3",44100,16715,22050,28.9
/home/adam/driveBig/Music/New unformated songs/The Smashing Pumpkins - Mellon Collie And The Infinite Sadness (Remastered) (2012) [FLAC] [16B-44100kHz]/Disc 1/10. The Smashing Pumpkins - Cupid De Locke (Remastered 2012).flac,SUSPECT,"hard cutoff at ~16656Hz, steep 26.9dB/kHz -> likely transcoded from 128kbps MP3",44100,16656,22050,26.9
/home/adam/driveBig/Music/New unformated songs/The Smashing Pumpkins - Mellon Collie And The Infinite Sadness (Remastered) (2012) [FLAC] [16B-44100kHz]/Disc 1/11. The Smashing Pumpkins - Galapogos (Remastered 2012).flac,SUSPECT,"hard cutoff at ~16521Hz, steep 19.9dB/kHz -> likely transcoded from 128kbps MP3",44100,16521,22050,19.9
/home/adam/driveBig/Music/New unformated songs/The Smashing Pumpkins - Mellon Collie And The Infinite Sadness (Remastered) (2012) [FLAC] [16B-44100kHz]/Disc 1/12. The Smashing Pumpkins - Muzzle (Remastered 2012).flac,SUSPECT,"hard cutoff at ~16521Hz, steep 23.7dB/kHz -> likely transcoded from 128kbps MP3",44100,16521,22050,23.7
/home/adam/driveBig/Music/New unformated songs/The Smashing Pumpkins - Mellon Collie And The Infinite Sadness (Remastered) (2012) [FLAC] [16B-44100kHz]/Disc 1/13. The Smashing Pumpkins - Porcelina Of The Vast Oceans (Remastered 2012).flac,SUSPECT,"hard cutoff at ~16715Hz, steep 25.8dB/kHz -> likely transcoded from 128kbps MP3",44100,16715,22050,25.8
/home/adam/driveBig/Music/New unformated songs/The Smashing Pumpkins - Mellon Collie And The Infinite Sadness (Remastered) (2012) [FLAC] [16B-44100kHz]/Disc 1/14. The Smashing Pumpkins - Take Me Down (Remastered 2012).flac,SUSPECT,"hard cutoff at ~16661Hz, steep 22.0dB/kHz -> likely transcoded from 128kbps MP3",44100,16661,22050,22
/home/adam/driveBig/Music/New unformated songs/The Smashing Pumpkins - Mellon Collie And The Infinite Sadness (Remastered) (2012) [FLAC] [16B-44100kHz]/Disc 2/01. The Smashing Pumpkins - Where Boys Fear To Tread (Remastered 2012).flac,SUSPECT,"hard cutoff at ~16473Hz, steep 19.9dB/kHz -> likely transcoded from 128kbps MP3",44100,16473,22050,19.9
/home/adam/driveBig/Music/New unformated songs/The Smashing Pumpkins - Mellon Collie And The Infinite Sadness (Remastered) (2012) [FLAC] [16B-44100kHz]/Disc 2/02. The Smashing Pumpkins - Bodies (Remastered 2012).flac,SUSPECT,"hard cutoff at ~16527Hz, steep 24.9dB/kHz -> likely transcoded from 128kbps MP3",44100,16527,22050,24.9
/home/adam/driveBig/Music/New unformated songs/The Smashing Pumpkins - Mellon Collie And The Infinite Sadness (Remastered) (2012) [FLAC] [16B-44100kHz]/Disc 2/03. The Smashing Pumpkins - Thirty-Three (Remastered 2012).flac,SUSPECT,"hard cutoff at ~16371Hz, steep 24.8dB/kHz -> likely transcoded from 128kbps MP3",44100,16371,22050,24.8
/home/adam/driveBig/Music/New unformated songs/The Smashing Pumpkins - Mellon Collie And The Infinite Sadness (Remastered) (2012) [FLAC] [16B-44100kHz]/Disc 2/04. The Smashing Pumpkins - In The Arms Of Sleep (Remastered 2012).flac,SUSPECT,"hard cutoff at ~16640Hz, steep 25.4dB/kHz -> likely transcoded from 128kbps MP3",44100,16640,22050,25.4
/home/adam/driveBig/Music/New unformated songs/The Smashing Pumpkins - Mellon Collie And The Infinite Sadness (Remastered) (2012) [FLAC] [16B-44100kHz]/Disc 2/05. The Smashing Pumpkins - 1979 (Remastered 2012).flac,SUSPECT,"hard cutoff at ~16715Hz, steep 29.6dB/kHz -> likely transcoded from 128kbps MP3",44100,16715,22050,29.6
/home/adam/driveBig/Music/New unformated songs/The Smashing Pumpkins - Mellon Collie And The Infinite Sadness (Remastered) (2012) [FLAC] [16B-44100kHz]/Disc 2/06. The Smashing Pumpkins - Tales Of A Scorched Earth (Remastered 2012) (Explicit).flac,SUSPECT,"hard cutoff at ~16710Hz, steep 32.5dB/kHz -> likely transcoded from 128kbps MP3",44100,16710,22050,32.5
/home/adam/driveBig/Music/New unformated songs/The Smashing Pumpkins - Mellon Collie And The Infinite Sadness (Remastered) (2012) [FLAC] [16B-44100kHz]/Disc 2/07. The Smashing Pumpkins - Thru The Eyes Of Ruby (Remastered 2012).flac,SUSPECT,"hard cutoff at ~16538Hz, steep 21.4dB/kHz -> likely transcoded from 128kbps MP3",44100,16538,22050,21.4
/home/adam/driveBig/Music/New unformated songs/The Smashing Pumpkins - Mellon Collie And The Infinite Sadness (Remastered) (2012) [FLAC] [16B-44100kHz]/Disc 2/08. The Smashing Pumpkins - Stumbleine (Remastered 2012) (Explicit).flac,SUSPECT,"hard cutoff at ~16026Hz, steep 18.6dB/kHz -> likely transcoded from 128kbps MP3",44100,16026,22050,18.6
/home/adam/driveBig/Music/New unformated songs/The Smashing Pumpkins - Mellon Collie And The Infinite Sadness (Remastered) (2012) [FLAC] [16B-44100kHz]/Disc 2/09. The Smashing Pumpkins - X.Y.U. (Remastered 2012) (Explicit).flac,SUSPECT,"hard cutoff at ~16107Hz, steep 25.1dB/kHz -> likely transcoded from 128kbps MP3",44100,16107,22050,25.1
/home/adam/driveBig/Music/New unformated songs/The Smashing Pumpkins - Mellon Collie And The Infinite Sadness (Remastered) (2012) [FLAC] [16B-44100kHz]/Disc 2/10. The Smashing Pumpkins - We Only Come Out At Night (Remastered 2012).flac,SUSPECT,"hard cutoff at ~16618Hz, steep 22.1dB/kHz -> likely transcoded from 128kbps MP3",44100,16618,22050,22.1
/home/adam/driveBig/Music/New unformated songs/The Smashing Pumpkins - Mellon Collie And The Infinite Sadness (Remastered) (2012) [FLAC] [16B-44100kHz]/Disc 2/11. The Smashing Pumpkins - Beautiful (Remastered 2012).flac,SUSPECT,"hard cutoff at ~16764Hz, steep 29.8dB/kHz -> likely transcoded from 128kbps MP3",44100,16764,22050,29.8
/home/adam/driveBig/Music/New unformated songs/The Smashing Pumpkins - Mellon Collie And The Infinite Sadness (Remastered) (2012) [FLAC] [16B-44100kHz]/Disc 2/12. The Smashing Pumpkins - Lily (My One And Only) (Remastered 2012).flac,SUSPECT,"hard cutoff at ~16710Hz, steep 28.1dB/kHz -> likely transcoded from 128kbps MP3",44100,16710,22050,28.1
/home/adam/driveBig/Music/New unformated songs/The Smashing Pumpkins - Mellon Collie And The Infinite Sadness (Remastered) (2012) [FLAC] [16B-44100kHz]/Disc 2/13. The Smashing Pumpkins - By Starlight (Remastered 2012).flac,SUSPECT,"hard cutoff at ~16607Hz, steep 21.5dB/kHz -> likely transcoded from 128kbps MP3",44100,16607,22050,21.5
/home/adam/driveBig/Music/New unformated songs/The Smashing Pumpkins - Mellon Collie And The Infinite Sadness (Remastered) (2012) [FLAC] [16B-44100kHz]/Disc 2/14. The Smashing Pumpkins - Farewell And Goodnight (Remastered 2012).flac,SUSPECT,"hard cutoff at ~16688Hz, steep 25.8dB/kHz -> likely transcoded from 128kbps MP3",44100,16688,22050,25.8
/home/adam/driveBig/Music/New unformated songs/The Smashing Pumpkins - Siamese Dream (Deluxe Edition) (2011) [FLAC] [16B-44100kHz]/Disc 1/01. The Smashing Pumpkins - Cherub Rock (2011 Remaster).flac,SUSPECT,"hard cutoff at ~16478Hz, steep 27.2dB/kHz -> likely transcoded from 128kbps MP3",44100,16478,22050,27.2
/home/adam/driveBig/Music/New unformated songs/The Smashing Pumpkins - Siamese Dream (Deluxe Edition) (2011) [FLAC] [16B-44100kHz]/Disc 1/02. The Smashing Pumpkins - Quiet (2011 Remaster).flac,SUSPECT,"hard cutoff at ~16457Hz, steep 23.1dB/kHz -> likely transcoded from 128kbps MP3",44100,16457,22050,23.1
/home/adam/driveBig/Music/New unformated songs/The Smashing Pumpkins - Siamese Dream (Deluxe Edition) (2011) [FLAC] [16B-44100kHz]/Disc 1/03. The Smashing Pumpkins - Today (2011 Remaster).flac,SUSPECT,"hard cutoff at ~16597Hz, steep 26.9dB/kHz -> likely transcoded from 128kbps MP3",44100,16597,22050,26.9
/home/adam/driveBig/Music/New unformated songs/The Smashing Pumpkins - Siamese Dream (Deluxe Edition) (2011) [FLAC] [16B-44100kHz]/Disc 1/04. The Smashing Pumpkins - Hummer (2011 Remaster).flac,SUSPECT,"hard cutoff at ~16721Hz, steep 29.0dB/kHz -> likely transcoded from 128kbps MP3",44100,16721,22050,29
/home/adam/driveBig/Music/New unformated songs/The Smashing Pumpkins - Siamese Dream (Deluxe Edition) (2011) [FLAC] [16B-44100kHz]/Disc 1/05. The Smashing Pumpkins - Rocket (2011 Remaster).flac,SUSPECT,"hard cutoff at ~16430Hz, steep 21.8dB/kHz -> likely transcoded from 128kbps MP3",44100,16430,22050,21.8
/home/adam/driveBig/Music/New unformated songs/The Smashing Pumpkins - Siamese Dream (Deluxe Edition) (2011) [FLAC] [16B-44100kHz]/Disc 1/06. The Smashing Pumpkins - Disarm (2011 Remaster).flac,SUSPECT,"hard cutoff at ~16564Hz, steep 24.6dB/kHz -> likely transcoded from 128kbps MP3",44100,16564,22050,24.6
/home/adam/driveBig/Music/New unformated songs/The Smashing Pumpkins - Siamese Dream (Deluxe Edition) (2011) [FLAC] [16B-44100kHz]/Disc 1/07. The Smashing Pumpkins - Soma (2011 Remaster).flac,SUSPECT,"hard cutoff at ~16624Hz, steep 24.2dB/kHz -> likely transcoded from 128kbps MP3",44100,16624,22050,24.2
/home/adam/driveBig/Music/New unformated songs/The Smashing Pumpkins - Siamese Dream (Deluxe Edition) (2011) [FLAC] [16B-44100kHz]/Disc 1/08. The Smashing Pumpkins - Geek U.S.A. (2011 Remaster).flac,SUSPECT,"hard cutoff at ~16478Hz, steep 20.1dB/kHz -> likely transcoded from 128kbps MP3",44100,16478,22050,20.1
/home/adam/driveBig/Music/New unformated songs/The Smashing Pumpkins - Siamese Dream (Deluxe Edition) (2011) [FLAC] [16B-44100kHz]/Disc 1/09. The Smashing Pumpkins - Mayonaise (2011 Remaster).flac,SUSPECT,"hard cutoff at ~16532Hz, steep 25.9dB/kHz -> likely transcoded from 128kbps MP3",44100,16532,22050,25.9
/home/adam/driveBig/Music/New unformated songs/The Smashing Pumpkins - Siamese Dream (Deluxe Edition) (2011) [FLAC] [16B-44100kHz]/Disc 1/10. The Smashing Pumpkins - Spaceboy (2011 Remaster).flac,SUSPECT,"hard cutoff at ~16758Hz, steep 27.5dB/kHz -> likely transcoded from 128kbps MP3",44100,16758,22050,27.5
/home/adam/driveBig/Music/New unformated songs/The Smashing Pumpkins - Siamese Dream (Deluxe Edition) (2011) [FLAC] [16B-44100kHz]/Disc 1/11. The Smashing Pumpkins - Silverfuck (2011 Remaster) (Explicit).flac,SUSPECT,"hard cutoff at ~16295Hz, steep 20.6dB/kHz -> likely transcoded from 128kbps MP3",44100,16295,22050,20.6
/home/adam/driveBig/Music/New unformated songs/The Smashing Pumpkins - Siamese Dream (Deluxe Edition) (2011) [FLAC] [16B-44100kHz]/Disc 1/12. The Smashing Pumpkins - Sweet Sweet (2011 Remaster).flac,SUSPECT,"hard cutoff at ~16101Hz, steep 24.8dB/kHz -> likely transcoded from 128kbps MP3",44100,16101,22050,24.8
/home/adam/driveBig/Music/New unformated songs/The Smashing Pumpkins - Siamese Dream (Deluxe Edition) (2011) [FLAC] [16B-44100kHz]/Disc 1/13. The Smashing Pumpkins - Luna (2011 Remaster).flac,SUSPECT,"hard cutoff at ~16688Hz, steep 23.5dB/kHz -> likely transcoded from 128kbps MP3",44100,16688,22050,23.5
/home/adam/driveBig/Music/New unformated songs/The Smashing Pumpkins - Siamese Dream (Deluxe Edition) (2011) [FLAC] [16B-44100kHz]/Disc 2/01. The Smashing Pumpkins - Pissant (Siamese Sessions Rough Mix) (Explicit).flac,SUSPECT,"hard cutoff at ~16667Hz, steep 30.3dB/kHz -> likely transcoded from 128kbps MP3",44100,16667,22050,30.3
/home/adam/driveBig/Music/New unformated songs/The Smashing Pumpkins - Siamese Dream (Deluxe Edition) (2011) [FLAC] [16B-44100kHz]/Disc 2/02. The Smashing Pumpkins - Siamese Dream (Broadway Rehearsals Demo).flac,SUSPECT,"hard cutoff at ~16021Hz, steep 16.9dB/kHz -> likely transcoded from 128kbps MP3",44100,16021,22050,16.9
/home/adam/driveBig/Music/New unformated songs/The Smashing Pumpkins - Siamese Dream (Deluxe Edition) (2011) [FLAC] [16B-44100kHz]/Disc 2/03. The Smashing Pumpkins - STP (Rehearsal Demo).flac,SUSPECT,"hard cutoff at ~16069Hz, steep 25.8dB/kHz -> likely transcoded from 128kbps MP3",44100,16069,22050,25.8
/home/adam/driveBig/Music/New unformated songs/The Smashing Pumpkins - Siamese Dream (Deluxe Edition) (2011) [FLAC] [16B-44100kHz]/Disc 2/04. The Smashing Pumpkins - Frail And Bedazzled (Soundworks Demo).flac,SUSPECT,"hard cutoff at ~16134Hz, steep 27.0dB/kHz -> likely transcoded from 128kbps MP3",44100,16134,22050,27
/home/adam/driveBig/Music/New unformated songs/The Smashing Pumpkins - Siamese Dream (Deluxe Edition) (2011) [FLAC] [16B-44100kHz]/Disc 2/05. The Smashing Pumpkins - Luna (Apartment Demo).flac,SUSPECT,"hard cutoff at ~16021Hz, steep 13.4dB/kHz -> likely transcoded from 128kbps MP3",44100,16021,22050,13.4
/home/adam/driveBig/Music/New unformated songs/The Smashing Pumpkins - Siamese Dream (Deluxe Edition) (2011) [FLAC] [16B-44100kHz]/Disc 2/06. The Smashing Pumpkins - Quiet (BBC SessionBC Mix).flac,SUSPECT,"hard cutoff at ~16704Hz, steep 31.4dB/kHz -> likely transcoded from 128kbps MP3",44100,16704,22050,31.4
/home/adam/driveBig/Music/New unformated songs/The Smashing Pumpkins - Siamese Dream (Deluxe Edition) (2011) [FLAC] [16B-44100kHz]/Disc 2/07. The Smashing Pumpkins - Moleasskiss (Soundworks Demo).flac,SUSPECT,"hard cutoff at ~16139Hz, steep 27.4dB/kHz -> likely transcoded from 128kbps MP3",44100,16139,22050,27.4
/home/adam/driveBig/Music/New unformated songs/The Smashing Pumpkins - Siamese Dream (Deluxe Edition) (2011) [FLAC] [16B-44100kHz]/Disc 2/08. The Smashing Pumpkins - Hello Kitty Kat (Soundworks Demo).flac,SUSPECT,"hard cutoff at ~16564Hz, steep 25.2dB/kHz -> likely transcoded from 128kbps MP3",44100,16564,22050,25.2
/home/adam/driveBig/Music/New unformated songs/The Smashing Pumpkins - Siamese Dream (Deluxe Edition) (2011) [FLAC] [16B-44100kHz]/Disc 2/09. The Smashing Pumpkins - Today (Broadway Rehearsals Demo).flac,SUSPECT,"hard cutoff at ~16015Hz, steep 14.6dB/kHz -> likely transcoded from 128kbps MP3",44100,16015,22050,14.6
/home/adam/driveBig/Music/New unformated songs/The Smashing Pumpkins - Siamese Dream (Deluxe Edition) (2011) [FLAC] [16B-44100kHz]/Disc 2/10. The Smashing Pumpkins - Never Let Me Down Again (BBC Session).flac,SUSPECT,"hard cutoff at ~16747Hz, steep 29.2dB/kHz -> likely transcoded from 128kbps MP3",44100,16747,22050,29.2
/home/adam/driveBig/Music/New unformated songs/The Smashing Pumpkins - Siamese Dream (Deluxe Edition) (2011) [FLAC] [16B-44100kHz]/Disc 2/11. The Smashing Pumpkins - Apathy's Last Kiss (Siamese Sessions Rough Mix).flac,SUSPECT,"hard cutoff at ~16683Hz, steep 27.7dB/kHz -> likely transcoded from 128kbps MP3",44100,16683,22050,27.7
/home/adam/driveBig/Music/New unformated songs/The Smashing Pumpkins - Siamese Dream (Deluxe Edition) (2011) [FLAC] [16B-44100kHz]/Disc 2/12. The Smashing Pumpkins - Ache (Silverfuck Rehearsal Demo).flac,SUSPECT,"hard cutoff at ~16101Hz, steep 21.6dB/kHz -> likely transcoded from 128kbps MP3",44100,16101,22050,21.6
/home/adam/driveBig/Music/New unformated songs/The Smashing Pumpkins - Siamese Dream (Deluxe Edition) (2011) [FLAC] [16B-44100kHz]/Disc 2/13. The Smashing Pumpkins - U.S.A. (Soundworks Demo).flac,SUSPECT,"hard cutoff at ~16468Hz, steep 19.8dB/kHz -> likely transcoded from 128kbps MP3",44100,16468,22050,19.8
/home/adam/driveBig/Music/New unformated songs/The Smashing Pumpkins - Siamese Dream (Deluxe Edition) (2011) [FLAC] [16B-44100kHz]/Disc 2/14. The Smashing Pumpkins - U.S.S.R. (Soundworks Demo).flac,SUSPECT,"hard cutoff at ~16634Hz, steep 28.1dB/kHz -> likely transcoded from 128kbps MP3",44100,16634,22050,28.1
/home/adam/driveBig/Music/New unformated songs/The Smashing Pumpkins - Siamese Dream (Deluxe Edition) (2011) [FLAC] [16B-44100kHz]/Disc 2/15. The Smashing Pumpkins - Spaceboy (Acoustic).flac,SUSPECT,"hard cutoff at ~16753Hz, steep 27.3dB/kHz -> likely transcoded from 128kbps MP3",44100,16753,22050,27.3
/home/adam/driveBig/Music/New unformated songs/The Smashing Pumpkins - Siamese Dream (Deluxe Edition) (2011) [FLAC] [16B-44100kHz]/Disc 2/16. The Smashing Pumpkins - Rocket (Rehearsal Demo).flac,SUSPECT,"hard cutoff at ~16031Hz, steep 17.8dB/kHz -> likely transcoded from 128kbps MP3",44100,16031,22050,17.8
/home/adam/driveBig/Music/New unformated songs/The Smashing Pumpkins - Siamese Dream (Deluxe Edition) (2011) [FLAC] [16B-44100kHz]/Disc 2/17. The Smashing Pumpkins - Disarm (Acoustic).flac,SUSPECT,"hard cutoff at ~16505Hz, steep 18.2dB/kHz -> likely transcoded from 128kbps MP3",44100,16505,22050,18.2
/home/adam/driveBig/Music/New unformated songs/The Smashing Pumpkins - Siamese Dream (Deluxe Edition) (2011) [FLAC] [16B-44100kHz]/Disc 2/18. The Smashing Pumpkins - Soma (Instrumental).flac,SUSPECT,"hard cutoff at ~16602Hz, steep 25.9dB/kHz -> likely transcoded from 128kbps MP3",44100,16602,22050,25.9
/home/adam/driveBig/Music/New unformated songs/The Smile - A Light for Attracting Attention/01 - The Same.flac,GRADUAL_ROLLOFF,"rolloff at ~16010Hz but gentle (1.0dB/kHz) - could be an old master/analog source, not necessarily transcoded",44100,16010,22050,1
/home/adam/driveBig/Music/New unformated songs/The Smile - A Light for Attracting Attention/02 - The Opposite.flac,GRADUAL_ROLLOFF,"rolloff at ~16349Hz but gentle (2.4dB/kHz) - could be an old master/analog source, not necessarily transcoded",44100,16349,22050,2.4
/home/adam/driveBig/Music/New unformated songs/The Smile - A Light for Attracting Attention/04 - Pana-vision.flac,GRADUAL_ROLLOFF,"rolloff at ~17668Hz but gentle (1.9dB/kHz) - could be an old master/analog source, not necessarily transcoded",44100,17668,22050,1.9
/home/adam/driveBig/Music/New unformated songs/The Smile - A Light for Attracting Attention/05 - The Smoke.flac,GRADUAL_ROLLOFF,"rolloff at ~16844Hz but gentle (3.0dB/kHz) - could be an old master/analog source, not necessarily transcoded",44100,16844,22050,3
/home/adam/driveBig/Music/New unformated songs/The Smile - A Light for Attracting Attention/06 - Speech Bubbles.flac,GRADUAL_ROLLOFF,"rolloff at ~13647Hz but gentle (1.9dB/kHz) - could be an old master/analog source, not necessarily transcoded",44100,13647,22050,1.9
/home/adam/driveBig/Music/New unformated songs/The Smile - A Light for Attracting Attention/07 - Thin Thing.flac,GRADUAL_ROLLOFF,"rolloff at ~16801Hz but gentle (2.2dB/kHz) - could be an old master/analog source, not necessarily transcoded",44100,16801,22050,2.2
/home/adam/driveBig/Music/New unformated songs/The Smile - A Light for Attracting Attention/08 - Open The Floodgates.flac,GRADUAL_ROLLOFF,"rolloff at ~13840Hz but gentle (1.7dB/kHz) - could be an old master/analog source, not necessarily transcoded",44100,13840,22050,1.7
/home/adam/driveBig/Music/New unformated songs/The Smile - A Light for Attracting Attention/09 - Free In The Knowledge.flac,GRADUAL_ROLLOFF,"rolloff at ~16252Hz but gentle (5.5dB/kHz) - could be an old master/analog source, not necessarily transcoded",44100,16252,22050,5.5
/home/adam/driveBig/Music/New unformated songs/The Smile - A Light for Attracting Attention/10 - A Hairdryer.flac,GRADUAL_ROLLOFF,"rolloff at ~16618Hz but gentle (2.1dB/kHz) - could be an old master/analog source, not necessarily transcoded",44100,16618,22050,2.1
/home/adam/driveBig/Music/New unformated songs/The Smile - A Light for Attracting Attention/11 - Waving A White Flag.flac,GRADUAL_ROLLOFF,"rolloff at ~14739Hz but gentle (1.4dB/kHz) - could be an old master/analog source, not necessarily transcoded",44100,14739,22050,1.4
/home/adam/driveBig/Music/New unformated songs/The Smile - A Light for Attracting Attention/12 - We Don_t Know What Tomorrow Brings.flac,GRADUAL_ROLLOFF,"rolloff at ~17264Hz but gentle (4.2dB/kHz) - could be an old master/analog source, not necessarily transcoded",44100,17264,22050,4.2
/home/adam/driveBig/Music/New unformated songs/The Smile - A Light for Attracting Attention/13 - Skrting On The Surface.flac,GRADUAL_ROLLOFF,"rolloff at ~16371Hz but gentle (2.0dB/kHz) - could be an old master/analog source, not necessarily transcoded",44100,16371,22050,2
"/home/adam/driveBig/Music/New unformated songs/The Smiths - Hatful of Hollow (2001) [FLAC] [16B-44100kHz]/01. The Smiths - William, It Was Really Nothing (2011 Remaster).flac",SUSPECT,"hard cutoff at ~16791Hz, steep 31.3dB/kHz -> likely transcoded from 128kbps MP3",44100,16791,22050,31.3
/home/adam/driveBig/Music/New unformated songs/The Smiths - Hatful of Hollow (2001) [FLAC] [16B-44100kHz]/02. The Smiths - What Difference Does It Make (John Peel Session 180583).flac,SUSPECT,"hard cutoff at ~16721Hz, steep 32.5dB/kHz -> likely transcoded from 128kbps MP3",44100,16721,22050,32.5
/home/adam/driveBig/Music/New unformated songs/The Smiths - Hatful of Hollow (2001) [FLAC] [16B-44100kHz]/03. The Smiths - These Things Take Time (David Jensen Session 260683).flac,SUSPECT,"hard cutoff at ~16629Hz, steep 27.3dB/kHz -> likely transcoded from 128kbps MP3",44100,16629,22050,27.3
/home/adam/driveBig/Music/New unformated songs/The Smiths - Hatful of Hollow (2001) [FLAC] [16B-44100kHz]/04. The Smiths - This Charming Man (John Peel Session 140983).flac,SUSPECT,"hard cutoff at ~16758Hz, steep 29.5dB/kHz -> likely transcoded from 128kbps MP3",44100,16758,22050,29.5
/home/adam/driveBig/Music/New unformated songs/The Smiths - Hatful of Hollow (2001) [FLAC] [16B-44100kHz]/05. The Smiths - How Soon Is Now (2011 Remaster).flac,SUSPECT,"hard cutoff at ~16672Hz, steep 27.9dB/kHz -> likely transcoded from 128kbps MP3",44100,16672,22050,27.9
/home/adam/driveBig/Music/New unformated songs/The Smiths - Hatful of Hollow (2001) [FLAC] [16B-44100kHz]/06. The Smiths - Handsome Devil (John Peel Session 180583).flac,SUSPECT,"hard cutoff at ~16661Hz, steep 33.0dB/kHz -> likely transcoded from 128kbps MP3",44100,16661,22050,33
/home/adam/driveBig/Music/New unformated songs/The Smiths - Hatful of Hollow (2001) [FLAC] [16B-44100kHz]/07. The Smiths - Hand in Glove (2011 Remaster).flac,SUSPECT,"hard cutoff at ~16726Hz, steep 29.6dB/kHz -> likely transcoded from 128kbps MP3",44100,16726,22050,29.6
/home/adam/driveBig/Music/New unformated songs/The Smiths - Hatful of Hollow (2001) [FLAC] [16B-44100kHz]/08. The Smiths - Still Ill (John Peel Session 140983).flac,SUSPECT,"hard cutoff at ~16677Hz, steep 30.4dB/kHz -> likely transcoded from 128kbps MP3",44100,16677,22050,30.4
/home/adam/driveBig/Music/New unformated songs/The Smiths - Hatful of Hollow (2001) [FLAC] [16B-44100kHz]/09. The Smiths - Heaven Knows I'm Miserable Now (2011 Remaster).flac,SUSPECT,"hard cutoff at ~16785Hz, steep 29.9dB/kHz -> likely transcoded from 128kbps MP3",44100,16785,22050,29.9
/home/adam/driveBig/Music/New unformated songs/The Smiths - Hatful of Hollow (2001) [FLAC] [16B-44100kHz]/10. The Smiths - This Night Has Opened My Eyes (2011 Remaster).flac,SUSPECT,"hard cutoff at ~16683Hz, steep 28.7dB/kHz -> likely transcoded from 128kbps MP3",44100,16683,22050,28.7
/home/adam/driveBig/Music/New unformated songs/The Smiths - Hatful of Hollow (2001) [FLAC] [16B-44100kHz]/11. The Smiths - You've Got Everything Now (David Jensen Session 260683).flac,SUSPECT,"hard cutoff at ~16683Hz, steep 28.6dB/kHz -> likely transcoded from 128kbps MP3",44100,16683,22050,28.6
/home/adam/driveBig/Music/New unformated songs/The Smiths - Hatful of Hollow (2001) [FLAC] [16B-44100kHz]/12. The Smiths - Accept Yourself (David Jensen Session 250883).flac,SUSPECT,"hard cutoff at ~16785Hz, steep 34.5dB/kHz -> likely transcoded from 128kbps MP3",44100,16785,22050,34.5
/home/adam/driveBig/Music/New unformated songs/The Smiths - Hatful of Hollow (2001) [FLAC] [16B-44100kHz]/13. The Smiths - Girl Afraid (2011 Remaster).flac,SUSPECT,"hard cutoff at ~16737Hz, steep 29.6dB/kHz -> likely transcoded from 128kbps MP3",44100,16737,22050,29.6
/home/adam/driveBig/Music/New unformated songs/The Smiths - Hatful of Hollow (2001) [FLAC] [16B-44100kHz]/14. The Smiths - Back to the Old House (John Peel Session 140983).flac,SUSPECT,"hard cutoff at ~16677Hz, steep 26.5dB/kHz -> likely transcoded from 128kbps MP3",44100,16677,22050,26.5
/home/adam/driveBig/Music/New unformated songs/The Smiths - Hatful of Hollow (2001) [FLAC] [16B-44100kHz]/15. The Smiths - Reel Around the Fountain (John Peel Session 180583).flac,SUSPECT,"hard cutoff at ~16758Hz, steep 34.1dB/kHz -> likely transcoded from 128kbps MP3",44100,16758,22050,34.1
"/home/adam/driveBig/Music/New unformated songs/The Smiths - Hatful of Hollow (2001) [FLAC] [16B-44100kHz]/16. The Smiths - Please, Please, Please, Let Me Get What I Want (2011 Remaster).flac",SUSPECT,"hard cutoff at ~16866Hz, steep 38.4dB/kHz -> likely transcoded from 128kbps MP3",44100,16866,22050,38.4
"/home/adam/driveBig/Music/New unformated songs/The Smiths - Louder Than Bombs (2001) [FLAC] [16B-44100kHz]/01. The Smiths - Is It Really so Strange (John Peel session, 12286).flac",SUSPECT,"hard cutoff at ~16758Hz, steep 32.3dB/kHz -> likely transcoded from 128kbps MP3",44100,16758,22050,32.3
/home/adam/driveBig/Music/New unformated songs/The Smiths - Louder Than Bombs (2001) [FLAC] [16B-44100kHz]/02. The Smiths - Sheila Take a Bow (2011 Remaster).flac,SUSPECT,"hard cutoff at ~16780Hz, steep 26.8dB/kHz -> likely transcoded from 128kbps MP3",44100,16780,22050,26.8
/home/adam/driveBig/Music/New unformated songs/The Smiths - Louder Than Bombs (2001) [FLAC] [16B-44100kHz]/03. The Smiths - Shoplifters of the World Unite (2011 Remaster).flac,SUSPECT,"hard cutoff at ~16618Hz, steep 26.3dB/kHz -> likely transcoded from 128kbps MP3",44100,16618,22050,26.3
"/home/adam/driveBig/Music/New unformated songs/The Smiths - Louder Than Bombs (2001) [FLAC] [16B-44100kHz]/04. The Smiths - Sweet and Tender Hooligan (John Peel Session, 12286).flac",SUSPECT,"hard cutoff at ~16661Hz, steep 23.6dB/kHz -> likely transcoded from 128kbps MP3",44100,16661,22050,23.6
/home/adam/driveBig/Music/New unformated songs/The Smiths - Louder Than Bombs (2001) [FLAC] [16B-44100kHz]/05. The Smiths - Half a Person (2011 Remaster).flac,SUSPECT,"hard cutoff at ~16791Hz, steep 30.3dB/kHz -> likely transcoded from 128kbps MP3",44100,16791,22050,30.3
/home/adam/driveBig/Music/New unformated songs/The Smiths - Louder Than Bombs (2001) [FLAC] [16B-44100kHz]/06. The Smiths - London (2011 Remaster).flac,SUSPECT,"hard cutoff at ~16672Hz, steep 27.1dB/kHz -> likely transcoded from 128kbps MP3",44100,16672,22050,27.1
/home/adam/driveBig/Music/New unformated songs/The Smiths - Louder Than Bombs (2001) [FLAC] [16B-44100kHz]/07. The Smiths - Panic (2011 Remaster).flac,SUSPECT,"hard cutoff at ~16624Hz, steep 25.9dB/kHz -> likely transcoded from 128kbps MP3",44100,16624,22050,25.9
/home/adam/driveBig/Music/New unformated songs/The Smiths - Louder Than Bombs (2001) [FLAC] [16B-44100kHz]/08. The Smiths - Girl Afraid (2011 Remaster).flac,SUSPECT,"hard cutoff at ~16737Hz, steep 29.6dB/kHz -> likely transcoded from 128kbps MP3",44100,16737,22050,29.6
/home/adam/driveBig/Music/New unformated songs/The Smiths - Louder Than Bombs (2001) [FLAC] [16B-44100kHz]/09. The Smiths - Shakespeare's Sister (2011 Remaster).flac,SUSPECT,"hard cutoff at ~16747Hz, steep 32.5dB/kHz -> likely transcoded from 128kbps MP3",44100,16747,22050,32.5
"/home/adam/driveBig/Music/New unformated songs/The Smiths - Louder Than Bombs (2001) [FLAC] [16B-44100kHz]/10. The Smiths - William, It Was Really Nothing (2011 Remaster).flac",SUSPECT,"hard cutoff at ~16791Hz, steep 31.3dB/kHz -> likely transcoded from 128kbps MP3",44100,16791,22050,31.3
"/home/adam/driveBig/Music/New unformated songs/The Smiths - Louder Than Bombs (2001) [FLAC] [16B-44100kHz]/11. The Smiths - You Just Haven't Earned It Yet, Baby.flac",SUSPECT,"hard cutoff at ~16301Hz, steep 25.6dB/kHz -> likely transcoded from 128kbps MP3",44100,16301,22050,25.6
/home/adam/driveBig/Music/New unformated songs/The Smiths - Louder Than Bombs (2001) [FLAC] [16B-44100kHz]/12. The Smiths - Heaven Knows I'm Miserable Now (2011 Remaster).flac,SUSPECT,"hard cutoff at ~16785Hz, steep 29.9dB/kHz -> likely transcoded from 128kbps MP3",44100,16785,22050,29.9
/home/adam/driveBig/Music/New unformated songs/The Smiths - Louder Than Bombs (2001) [FLAC] [16B-44100kHz]/13. The Smiths - Ask (2011 Remaster).flac,SUSPECT,"hard cutoff at ~16613Hz, steep 31.6dB/kHz -> likely transcoded from 128kbps MP3",44100,16613,22050,31.6
/home/adam/driveBig/Music/New unformated songs/The Smiths - Louder Than Bombs (2001) [FLAC] [16B-44100kHz]/14. The Smiths - Golden Lights (2011 Remaster).flac,SUSPECT,"hard cutoff at ~16780Hz, steep 26.6dB/kHz -> likely transcoded from 128kbps MP3",44100,16780,22050,26.6
/home/adam/driveBig/Music/New unformated songs/The Smiths - Louder Than Bombs (2001) [FLAC] [16B-44100kHz]/15. The Smiths - Oscillate Wildly (2011 Remaster).flac,SUSPECT,"hard cutoff at ~16554Hz, steep 25.6dB/kHz -> likely transcoded from 128kbps MP3",44100,16554,22050,25.6
/home/adam/driveBig/Music/New unformated songs/The Smiths - Louder Than Bombs (2001) [FLAC] [16B-44100kHz]/16. The Smiths - These Things Take Time (2011 Remaster).flac,SUSPECT,"hard cutoff at ~16511Hz, steep 19.3dB/kHz -> likely transcoded from 128kbps MP3",44100,16511,22050,19.3
/home/adam/driveBig/Music/New unformated songs/The Smiths - Louder Than Bombs (2001) [FLAC] [16B-44100kHz]/17. The Smiths - Rubber Ring (2011 Remaster).flac,SUSPECT,"hard cutoff at ~16764Hz, steep 30.6dB/kHz -> likely transcoded from 128kbps MP3",44100,16764,22050,30.6
/home/adam/driveBig/Music/New unformated songs/The Smiths - Louder Than Bombs (2001) [FLAC] [16B-44100kHz]/18. The Smiths - Back to the Old House (2011 Remaster).flac,SUSPECT,"hard cutoff at ~16667Hz, steep 24.5dB/kHz -> likely transcoded from 128kbps MP3",44100,16667,22050,24.5
/home/adam/driveBig/Music/New unformated songs/The Smiths - Louder Than Bombs (2001) [FLAC] [16B-44100kHz]/19. The Smiths - Hand in Glove (2011 Remaster).flac,SUSPECT,"hard cutoff at ~16726Hz, steep 29.6dB/kHz -> likely transcoded from 128kbps MP3",44100,16726,22050,29.6
/home/adam/driveBig/Music/New unformated songs/The Smiths - Louder Than Bombs (2001) [FLAC] [16B-44100kHz]/20. The Smiths - Stretch out and Wait (2011 Remaster).flac,SUSPECT,"hard cutoff at ~16801Hz, steep 36.4dB/kHz -> likely transcoded from 128kbps MP3",44100,16801,22050,36.4
"/home/adam/driveBig/Music/New unformated songs/The Smiths - Louder Than Bombs (2001) [FLAC] [16B-44100kHz]/21. The Smiths - Please, Please, Please, Let Me Get What I Want (2011 Remaster).flac",SUSPECT,"hard cutoff at ~16866Hz, steep 38.4dB/kHz -> likely transcoded from 128kbps MP3",44100,16866,22050,38.4
/home/adam/driveBig/Music/New unformated songs/The Smiths - Louder Than Bombs (2001) [FLAC] [16B-44100kHz]/22. The Smiths - This Night Has Opened My Eyes (2011 Remaster).flac,SUSPECT,"hard cutoff at ~16683Hz, steep 28.7dB/kHz -> likely transcoded from 128kbps MP3",44100,16683,22050,28.7
/home/adam/driveBig/Music/New unformated songs/The Smiths - Louder Than Bombs (2001) [FLAC] [16B-44100kHz]/23. The Smiths - Unloveable (2011 Remaster).flac,SUSPECT,"hard cutoff at ~16737Hz, steep 28.5dB/kHz -> likely transcoded from 128kbps MP3",44100,16737,22050,28.5
/home/adam/driveBig/Music/New unformated songs/The Smiths - Louder Than Bombs (2001) [FLAC] [16B-44100kHz]/24. The Smiths - Asleep (2011 Remaster).flac,SUSPECT,"hard cutoff at ~16704Hz, steep 26.8dB/kHz -> likely transcoded from 128kbps MP3",44100,16704,22050,26.8
/home/adam/driveBig/Music/New unformated songs/The Smiths - The Smiths (2001) [FLAC] [16B-44100kHz]/01. The Smiths - Reel Around the Fountain (2011 Remaster).flac,SUSPECT,"hard cutoff at ~16726Hz, steep 27.3dB/kHz -> likely transcoded from 128kbps MP3",44100,16726,22050,27.3
/home/adam/driveBig/Music/New unformated songs/The Smiths - The Smiths (2001) [FLAC] [16B-44100kHz]/02. The Smiths - You've Got Everything Now (2011 Remaster).flac,SUSPECT,"hard cutoff at ~16651Hz, steep 29.3dB/kHz -> likely transcoded from 128kbps MP3",44100,16651,22050,29.3
/home/adam/driveBig/Music/New unformated songs/The Smiths - The Smiths (2001) [FLAC] [16B-44100kHz]/03. The Smiths - Miserable Lie (2011 Remaster).flac,SUSPECT,"hard cutoff at ~16683Hz, steep 31.2dB/kHz -> likely transcoded from 128kbps MP3",44100,16683,22050,31.2
/home/adam/driveBig/Music/New unformated songs/The Smiths - The Smiths (2001) [FLAC] [16B-44100kHz]/04. The Smiths - Pretty Girls Make Graves (2011 Remaster).flac,SUSPECT,"hard cutoff at ~16688Hz, steep 29.9dB/kHz -> likely transcoded from 128kbps MP3",44100,16688,22050,29.9
/home/adam/driveBig/Music/New unformated songs/The Smiths - The Smiths (2001) [FLAC] [16B-44100kHz]/05. The Smiths - The Hand That Rocks the Cradle (2011 Remaster).flac,SUSPECT,"hard cutoff at ~16726Hz, steep 31.6dB/kHz -> likely transcoded from 128kbps MP3",44100,16726,22050,31.6
/home/adam/driveBig/Music/New unformated songs/The Smiths - The Smiths (2001) [FLAC] [16B-44100kHz]/06. The Smiths - This Charming Man (2011 Remaster).flac,SUSPECT,"hard cutoff at ~16828Hz, steep 34.1dB/kHz -> likely transcoded from 128kbps MP3",44100,16828,22050,34.1
/home/adam/driveBig/Music/New unformated songs/The Smiths - The Smiths (2001) [FLAC] [16B-44100kHz]/07. The Smiths - Still Ill (2011 Remaster).flac,SUSPECT,"hard cutoff at ~16753Hz, steep 34.8dB/kHz -> likely transcoded from 128kbps MP3",44100,16753,22050,34.8
/home/adam/driveBig/Music/New unformated songs/The Smiths - The Smiths (2001) [FLAC] [16B-44100kHz]/08. The Smiths - Hand in Glove (2011 Remaster).flac,SUSPECT,"hard cutoff at ~16785Hz, steep 30.3dB/kHz -> likely transcoded from 128kbps MP3",44100,16785,22050,30.3
/home/adam/driveBig/Music/New unformated songs/The Smiths - The Smiths (2001) [FLAC] [16B-44100kHz]/09. The Smiths - What Difference Does It Make (2011 Remaster).flac,SUSPECT,"hard cutoff at ~16613Hz, steep 25.9dB/kHz -> likely transcoded from 128kbps MP3",44100,16613,22050,25.9
/home/adam/driveBig/Music/New unformated songs/The Smiths - The Smiths (2001) [FLAC] [16B-44100kHz]/10. The Smiths - I Don't Owe You Anything (2011 Remaster).flac,SUSPECT,"hard cutoff at ~16747Hz, steep 27.9dB/kHz -> likely transcoded from 128kbps MP3",44100,16747,22050,27.9
/home/adam/driveBig/Music/New unformated songs/The Smiths - The Smiths (2001) [FLAC] [16B-44100kHz]/11. The Smiths - Suffer Little Children (2011 Remaster).flac,SUSPECT,"hard cutoff at ~16715Hz, steep 30.0dB/kHz -> likely transcoded from 128kbps MP3",44100,16715,22050,30
/home/adam/driveBig/Music/New unformated songs/The Snuts - W.L. (Deluxe) (2021) [FLAC] [16B-44100kHz]/Disc 1/01. The Snuts - Top Deck.flac,SUSPECT,"hard cutoff at ~16564Hz, steep 23.3dB/kHz -> likely transcoded from 128kbps MP3",44100,16564,22050,23.3
/home/adam/driveBig/Music/New unformated songs/The Snuts - W.L. (Deluxe) (2021) [FLAC] [16B-44100kHz]/Disc 1/02. The Snuts - Always.flac,SUSPECT,"hard cutoff at ~16667Hz, steep 24.9dB/kHz -> likely transcoded from 128kbps MP3",44100,16667,22050,24.9
/home/adam/driveBig/Music/New unformated songs/The Snuts - W.L. (Deluxe) (2021) [FLAC] [16B-44100kHz]/Disc 1/03. The Snuts - Juan Belmonte.flac,SUSPECT,"hard cutoff at ~16570Hz, steep 22.9dB/kHz -> likely transcoded from 128kbps MP3",44100,16570,22050,22.9
/home/adam/driveBig/Music/New unformated songs/The Snuts - W.L. (Deluxe) (2021) [FLAC] [16B-44100kHz]/Disc 1/04. The Snuts - All Your Friends (Explicit).flac,SUSPECT,"hard cutoff at ~16677Hz, steep 23.6dB/kHz -> likely transcoded from 128kbps MP3",44100,16677,22050,23.6
/home/adam/driveBig/Music/New unformated songs/The Snuts - W.L. (Deluxe) (2021) [FLAC] [16B-44100kHz]/Disc 1/05. The Snuts - Somebody Loves You.flac,SUSPECT,"hard cutoff at ~16645Hz, steep 20.2dB/kHz -> likely transcoded from 128kbps MP3",44100,16645,22050,20.2
/home/adam/driveBig/Music/New unformated songs/The Snuts - W.L. (Deluxe) (2021) [FLAC] [16B-44100kHz]/Disc 1/06. The Snuts - Glasgow.flac,SUSPECT,"hard cutoff at ~16451Hz, steep 17.4dB/kHz -> likely transcoded from 128kbps MP3",44100,16451,22050,17.4
/home/adam/driveBig/Music/New unformated songs/The Snuts - W.L. (Deluxe) (2021) [FLAC] [16B-44100kHz]/Disc 1/07. The Snuts - No Place I’d Rather Go.flac,SUSPECT,"hard cutoff at ~16069Hz, steep 17.3dB/kHz -> likely transcoded from 128kbps MP3",44100,16069,22050,17.3
/home/adam/driveBig/Music/New unformated songs/The Snuts - W.L. (Deluxe) (2021) [FLAC] [16B-44100kHz]/Disc 1/08. The Snuts - Boardwalk.flac,SUSPECT,"hard cutoff at ~16527Hz, steep 22.0dB/kHz -> likely transcoded from 128kbps MP3",44100,16527,22050,22
/home/adam/driveBig/Music/New unformated songs/The Snuts - W.L. (Deluxe) (2021) [FLAC] [16B-44100kHz]/Disc 1/09. The Snuts - Maybe California.flac,SUSPECT,"hard cutoff at ~16715Hz, steep 30.1dB/kHz -> likely transcoded from 128kbps MP3",44100,16715,22050,30.1
/home/adam/driveBig/Music/New unformated songs/The Snuts - W.L. (Deluxe) (2021) [FLAC] [16B-44100kHz]/Disc 1/10. The Snuts - Don't Forget It (Punk) (Explicit).flac,SUSPECT,"hard cutoff at ~16672Hz, steep 27.9dB/kHz -> likely transcoded from 128kbps MP3",44100,16672,22050,27.9
/home/adam/driveBig/Music/New unformated songs/The Snuts - W.L. (Deluxe) (2021) [FLAC] [16B-44100kHz]/Disc 1/11. The Snuts - Coffee & Cigarettes.flac,SUSPECT,"hard cutoff at ~16726Hz, steep 26.3dB/kHz -> likely transcoded from 128kbps MP3",44100,16726,22050,26.3
/home/adam/driveBig/Music/New unformated songs/The Snuts - W.L. (Deluxe) (2021) [FLAC] [16B-44100kHz]/Disc 1/12. The Snuts - Elephants.flac,SUSPECT,"hard cutoff at ~16796Hz, steep 31.5dB/kHz -> likely transcoded from 128kbps MP3",44100,16796,22050,31.5
/home/adam/driveBig/Music/New unformated songs/The Snuts - W.L. (Deluxe) (2021) [FLAC] [16B-44100kHz]/Disc 1/13. The Snuts - Sing For Your Supper.flac,SUSPECT,"hard cutoff at ~16371Hz, steep 17.7dB/kHz -> likely transcoded from 128kbps MP3",44100,16371,22050,17.7
/home/adam/driveBig/Music/New unformated songs/The Snuts - W.L. (Deluxe) (2021) [FLAC] [16B-44100kHz]/Disc 2/01. The Snuts - Blur Beat.flac,SUSPECT,"hard cutoff at ~16747Hz, steep 29.9dB/kHz -> likely transcoded from 128kbps MP3",44100,16747,22050,29.9
/home/adam/driveBig/Music/New unformated songs/The Snuts - W.L. (Deluxe) (2021) [FLAC] [16B-44100kHz]/Disc 2/02. The Snuts - 4 Baillie Street.flac,SUSPECT,"hard cutoff at ~16570Hz, steep 22.0dB/kHz -> likely transcoded from 128kbps MP3",44100,16570,22050,22
/home/adam/driveBig/Music/New unformated songs/The Snuts - W.L. (Deluxe) (2021) [FLAC] [16B-44100kHz]/Disc 2/03. The Snuts - Microwave.flac,SUSPECT,"hard cutoff at ~16645Hz, steep 24.7dB/kHz -> likely transcoded from 128kbps MP3",44100,16645,22050,24.7
/home/adam/driveBig/Music/New unformated songs/The Snuts - W.L. (Deluxe) (2021) [FLAC] [16B-44100kHz]/Disc 2/04. The Snuts - Waterbirds.flac,SUSPECT,"hard cutoff at ~16613Hz, steep 24.5dB/kHz -> likely transcoded from 128kbps MP3",44100,16613,22050,24.5
/home/adam/driveBig/Music/New unformated songs/The Unlikely Candidates - Novocaine (2019) [FLAC] [16B-44100kHz]/01. The Unlikely Candidates - Novocaine (Explicit).flac,SUSPECT,"hard cutoff at ~16435Hz, steep 20.0dB/kHz -> likely transcoded from 128kbps MP3",44100,16435,22050,20
/home/adam/driveBig/Music/New unformated songs/The Very Best Of Foreigner/01. Foreigner - Feels like the First Time (2008 Remaster).flac,SUSPECT,"hard cutoff at ~16328Hz, steep 25.1dB/kHz -> likely transcoded from 128kbps MP3",44100,16328,22050,25.1
"/home/adam/driveBig/Music/New unformated songs/The Very Best Of Foreigner/02. Foreigner - Long, Long Way from Home (2008 Remaster).flac",SUSPECT,"hard cutoff at ~16107Hz, steep 22.1dB/kHz -> likely transcoded from 128kbps MP3",44100,16107,22050,22.1
/home/adam/driveBig/Music/New unformated songs/The Very Best Of Foreigner/03. Foreigner - Headknocker (2008 Remaster).flac,SUSPECT,"hard cutoff at ~16559Hz, steep 27.4dB/kHz -> likely transcoded from 128kbps MP3",44100,16559,22050,27.4
/home/adam/driveBig/Music/New unformated songs/The Very Best Of Foreigner/04. Foreigner - Dirty White Boy (2008 Remaster).flac,SUSPECT,"hard cutoff at ~16575Hz, steep 22.6dB/kHz -> likely transcoded from 128kbps MP3",44100,16575,22050,22.6
/home/adam/driveBig/Music/New unformated songs/The Very Best Of Foreigner/05. Foreigner - Head Games (2008 Remaster).flac,SUSPECT,"hard cutoff at ~16554Hz, steep 25.1dB/kHz -> likely transcoded from 128kbps MP3",44100,16554,22050,25.1
/home/adam/driveBig/Music/New unformated songs/The Very Best Of Foreigner/06. Foreigner - Women (2008 Remaster).flac,SUSPECT,"hard cutoff at ~16521Hz, steep 23.4dB/kHz -> likely transcoded from 128kbps MP3",44100,16521,22050,23.4
/home/adam/driveBig/Music/New unformated songs/The Very Best Of Foreigner/07. Foreigner - Break It Up (2008 Remaster).flac,SUSPECT,"hard cutoff at ~16634Hz, steep 25.4dB/kHz -> likely transcoded from 128kbps MP3",44100,16634,22050,25.4
/home/adam/driveBig/Music/New unformated songs/The Very Best Of Foreigner/08. Foreigner - Juke Box Hero (2008 Remaster).flac,SUSPECT,"hard cutoff at ~16489Hz, steep 23.0dB/kHz -> likely transcoded from 128kbps MP3",44100,16489,22050,23
/home/adam/driveBig/Music/New unformated songs/The Very Best Of Foreigner/09. Foreigner - Night Life (2008 Remaster).flac,SUSPECT,"hard cutoff at ~16683Hz, steep 29.3dB/kHz -> likely transcoded from 128kbps MP3",44100,16683,22050,29.3
/home/adam/driveBig/Music/New unformated songs/The Very Best Of Foreigner/10. Foreigner - Urgent (2008 Remaster).flac,SUSPECT,"hard cutoff at ~16823Hz, steep 32.3dB/kHz -> likely transcoded from 128kbps MP3",44100,16823,22050,32.3
/home/adam/driveBig/Music/New unformated songs/The Very Best Of Foreigner/11. Foreigner - Waiting for a Girl like You (2008 Remaster).flac,SUSPECT,"hard cutoff at ~16758Hz, steep 28.7dB/kHz -> likely transcoded from 128kbps MP3",44100,16758,22050,28.7
/home/adam/driveBig/Music/New unformated songs/The Very Best Of Foreigner/12. Foreigner - I Want to Know What Love Is (2008 Remaster).flac,SUSPECT,"hard cutoff at ~16607Hz, steep 26.8dB/kHz -> likely transcoded from 128kbps MP3",44100,16607,22050,26.8
/home/adam/driveBig/Music/New unformated songs/The Very Best Of Foreigner/13. Foreigner - That Was Yesterday (2008 Remaster).flac,SUSPECT,"hard cutoff at ~16672Hz, steep 26.7dB/kHz -> likely transcoded from 128kbps MP3",44100,16672,22050,26.7
/home/adam/driveBig/Music/New unformated songs/The Very Best Of Foreigner/14. Foreigner - Cold as Ice (2008 Remaster).flac,SUSPECT,"hard cutoff at ~16446Hz, steep 25.2dB/kHz -> likely transcoded from 128kbps MP3",44100,16446,22050,25.2
/home/adam/driveBig/Music/New unformated songs/The Very Best Of Foreigner/15. Foreigner - Say You Will (2008 Remaster).flac,SUSPECT,"hard cutoff at ~16753Hz, steep 29.0dB/kHz -> likely transcoded from 128kbps MP3",44100,16753,22050,29
/home/adam/driveBig/Music/New unformated songs/The Zombies - Odessey & Oracle (2019) [FLAC] [16B-44100kHz]/01. The Zombies - Care of Cell.flac,SUSPECT,"hard cutoff at ~16688Hz, steep 27.6dB/kHz -> likely transcoded from 128kbps MP3",44100,16688,22050,27.6
/home/adam/driveBig/Music/New unformated songs/The Zombies - Odessey & Oracle (2019) [FLAC] [16B-44100kHz]/02. The Zombies - A Rose for Emily.flac,SUSPECT,"hard cutoff at ~16521Hz, steep 22.7dB/kHz -> likely transcoded from 128kbps MP3",44100,16521,22050,22.7
/home/adam/driveBig/Music/New unformated songs/The Zombies - Odessey & Oracle (2019) [FLAC] [16B-44100kHz]/03. The Zombies - Maybe After He's Gone.flac,SUSPECT,"hard cutoff at ~16026Hz, steep 19.0dB/kHz -> likely transcoded from 128kbps MP3",44100,16026,22050,19
/home/adam/driveBig/Music/New unformated songs/The Zombies - Odessey & Oracle (2019) [FLAC] [16B-44100kHz]/04. The Zombies - Beechwood Park.flac,SUSPECT,"hard cutoff at ~16527Hz, steep 18.3dB/kHz -> likely transcoded from 128kbps MP3",44100,16527,22050,18.3
/home/adam/driveBig/Music/New unformated songs/The Zombies - Odessey & Oracle (2019) [FLAC] [16B-44100kHz]/05. The Zombies - Brief Candles.flac,SUSPECT,"hard cutoff at ~16624Hz, steep 23.5dB/kHz -> likely transcoded from 128kbps MP3",44100,16624,22050,23.5
/home/adam/driveBig/Music/New unformated songs/The Zombies - Odessey & Oracle (2019) [FLAC] [16B-44100kHz]/06. The Zombies - Hung up on a Dream.flac,SUSPECT,"hard cutoff at ~16069Hz, steep 22.2dB/kHz -> likely transcoded from 128kbps MP3",44100,16069,22050,22.2
/home/adam/driveBig/Music/New unformated songs/The Zombies - Odessey & Oracle (2019) [FLAC] [16B-44100kHz]/07. The Zombies - Changes.flac,SUSPECT,"hard cutoff at ~16107Hz, steep 18.4dB/kHz -> likely transcoded from 128kbps MP3",44100,16107,22050,18.4
/home/adam/driveBig/Music/New unformated songs/The Zombies - Odessey & Oracle (2019) [FLAC] [16B-44100kHz]/08. The Zombies - I Want Her She Want Me.flac,SUSPECT,"hard cutoff at ~16058Hz, steep 17.2dB/kHz -> likely transcoded from 128kbps MP3",44100,16058,22050,17.2
/home/adam/driveBig/Music/New unformated songs/The Zombies - Odessey & Oracle (2019) [FLAC] [16B-44100kHz]/09. The Zombies - This Will Be Our Year.flac,SUSPECT,"hard cutoff at ~16058Hz, steep 16.6dB/kHz -> likely transcoded from 128kbps MP3",44100,16058,22050,16.6
/home/adam/driveBig/Music/New unformated songs/The Zombies - Odessey & Oracle (2019) [FLAC] [16B-44100kHz]/10. The Zombies - Butcher's Tale (Western Front 1914).flac,SUSPECT,"hard cutoff at ~16031Hz, steep 18.7dB/kHz -> likely transcoded from 128kbps MP3",44100,16031,22050,18.7
/home/adam/driveBig/Music/New unformated songs/The Zombies - Odessey & Oracle (2019) [FLAC] [16B-44100kHz]/11. The Zombies - Friend of Mine.flac,SUSPECT,"hard cutoff at ~16069Hz, steep 23.6dB/kHz -> likely transcoded from 128kbps MP3",44100,16069,22050,23.6
/home/adam/driveBig/Music/New unformated songs/The Zombies - Odessey & Oracle (2019) [FLAC] [16B-44100kHz]/12. The Zombies - Time of the Season.flac,SUSPECT,"hard cutoff at ~16624Hz, steep 25.3dB/kHz -> likely transcoded from 128kbps MP3",44100,16624,22050,25.3
/home/adam/driveBig/Music/New unformated songs/Thirty Seconds To Mars - A Beautiful Lie (2005) [FLAC] [16B-44100kHz]/01. Thirty Seconds To Mars - Attack.flac,SUSPECT,"hard cutoff at ~16527Hz, steep 20.5dB/kHz -> likely transcoded from 128kbps MP3",44100,16527,22050,20.5
/home/adam/driveBig/Music/New unformated songs/Thirty Seconds To Mars - A Beautiful Lie (2005) [FLAC] [16B-44100kHz]/02. Thirty Seconds To Mars - A Beautiful Lie.flac,SUSPECT,"hard cutoff at ~16688Hz, steep 26.4dB/kHz -> likely transcoded from 128kbps MP3",44100,16688,22050,26.4
/home/adam/driveBig/Music/New unformated songs/Thirty Seconds To Mars - A Beautiful Lie (2005) [FLAC] [16B-44100kHz]/03. Thirty Seconds To Mars - The Kill.flac,SUSPECT,"hard cutoff at ~16424Hz, steep 22.0dB/kHz -> likely transcoded from 128kbps MP3",44100,16424,22050,22
/home/adam/driveBig/Music/New unformated songs/Thirty Seconds To Mars - A Beautiful Lie (2005) [FLAC] [16B-44100kHz]/04. Thirty Seconds To Mars - Was It A Dream.flac,SUSPECT,"hard cutoff at ~16747Hz, steep 29.6dB/kHz -> likely transcoded from 128kbps MP3",44100,16747,22050,29.6
/home/adam/driveBig/Music/New unformated songs/Thirty Seconds To Mars - A Beautiful Lie (2005) [FLAC] [16B-44100kHz]/05. Thirty Seconds To Mars - The Fantasy.flac,SUSPECT,"hard cutoff at ~16618Hz, steep 24.4dB/kHz -> likely transcoded from 128kbps MP3",44100,16618,22050,24.4
/home/adam/driveBig/Music/New unformated songs/Thirty Seconds To Mars - A Beautiful Lie (2005) [FLAC] [16B-44100kHz]/06. Thirty Seconds To Mars - Savior.flac,SUSPECT,"hard cutoff at ~16564Hz, steep 24.6dB/kHz -> likely transcoded from 128kbps MP3",44100,16564,22050,24.6
/home/adam/driveBig/Music/New unformated songs/Thirty Seconds To Mars - A Beautiful Lie (2005) [FLAC] [16B-44100kHz]/07. Thirty Seconds To Mars - From Yesterday.flac,SUSPECT,"hard cutoff at ~16667Hz, steep 25.1dB/kHz -> likely transcoded from 128kbps MP3",44100,16667,22050,25.1
/home/adam/driveBig/Music/New unformated songs/Thirty Seconds To Mars - A Beautiful Lie (2005) [FLAC] [16B-44100kHz]/08. Thirty Seconds To Mars - The Story.flac,SUSPECT,"hard cutoff at ~16602Hz, steep 21.8dB/kHz -> likely transcoded from 128kbps MP3",44100,16602,22050,21.8
/home/adam/driveBig/Music/New unformated songs/Thirty Seconds To Mars - A Beautiful Lie (2005) [FLAC] [16B-44100kHz]/09. Thirty Seconds To Mars - R-Evolve.flac,SUSPECT,"hard cutoff at ~16570Hz, steep 20.5dB/kHz -> likely transcoded from 128kbps MP3",44100,16570,22050,20.5
/home/adam/driveBig/Music/New unformated songs/Thirty Seconds To Mars - A Beautiful Lie (2005) [FLAC] [16B-44100kHz]/10. Thirty Seconds To Mars - A Modern Myth.flac,SUSPECT,"hard cutoff at ~16683Hz, steep 26.2dB/kHz -> likely transcoded from 128kbps MP3",44100,16683,22050,26.2
/home/adam/driveBig/Music/New unformated songs/Thirty Seconds To Mars - A Beautiful Lie (2005) [FLAC] [16B-44100kHz]/11. Thirty Seconds To Mars - Battle Of One.flac,SUSPECT,"hard cutoff at ~16031Hz, steep 19.1dB/kHz -> likely transcoded from 128kbps MP3",44100,16031,22050,19.1
/home/adam/driveBig/Music/New unformated songs/Thirty Seconds To Mars - A Beautiful Lie (2005) [FLAC] [16B-44100kHz]/12. Thirty Seconds To Mars - Hunter.flac,SUSPECT,"hard cutoff at ~16656Hz, steep 24.0dB/kHz -> likely transcoded from 128kbps MP3",44100,16656,22050,24
/home/adam/driveBig/Music/New unformated songs/Thrice - The Artist In The Ambulance (2003) [FLAC] [16B-44100kHz]/01. Thrice - Cold Cash And Cold Hearts.flac,SUSPECT,"hard cutoff at ~16408Hz, steep 20.1dB/kHz -> likely transcoded from 128kbps MP3",44100,16408,22050,20.1
/home/adam/driveBig/Music/New unformated songs/Thrice - The Artist In The Ambulance (2003) [FLAC] [16B-44100kHz]/02. Thrice - Under A Killing Moon.flac,SUSPECT,"hard cutoff at ~16107Hz, steep 21.7dB/kHz -> likely transcoded from 128kbps MP3",44100,16107,22050,21.7
/home/adam/driveBig/Music/New unformated songs/Thrice - The Artist In The Ambulance (2003) [FLAC] [16B-44100kHz]/03. Thrice - All That's Left.flac,SUSPECT,"hard cutoff at ~16403Hz, steep 17.6dB/kHz -> likely transcoded from 128kbps MP3",44100,16403,22050,17.6
/home/adam/driveBig/Music/New unformated songs/Thrice - The Artist In The Ambulance (2003) [FLAC] [16B-44100kHz]/04. Thrice - Silhouette.flac,SUSPECT,"hard cutoff at ~16365Hz, steep 17.5dB/kHz -> likely transcoded from 128kbps MP3",44100,16365,22050,17.5
/home/adam/driveBig/Music/New unformated songs/Thrice - The Artist In The Ambulance (2003) [FLAC] [16B-44100kHz]/05. Thrice - Stare At The Sun.flac,SUSPECT,"hard cutoff at ~16527Hz, steep 21.1dB/kHz -> likely transcoded from 128kbps MP3",44100,16527,22050,21.1
/home/adam/driveBig/Music/New unformated songs/Thrice - The Artist In The Ambulance (2003) [FLAC] [16B-44100kHz]/06. Thrice - Paper Tigers.flac,SUSPECT,"hard cutoff at ~16220Hz, steep 16.7dB/kHz -> likely transcoded from 128kbps MP3",44100,16220,22050,16.7
/home/adam/driveBig/Music/New unformated songs/Thrice - The Artist In The Ambulance (2003) [FLAC] [16B-44100kHz]/07. Thrice - Hoods On Peregrine.flac,SUSPECT,"hard cutoff at ~16451Hz, steep 18.3dB/kHz -> likely transcoded from 128kbps MP3",44100,16451,22050,18.3
/home/adam/driveBig/Music/New unformated songs/Thrice - The Artist In The Ambulance (2003) [FLAC] [16B-44100kHz]/08. Thrice - The Melting Point Of Wax.flac,SUSPECT,"hard cutoff at ~16150Hz, steep 19.7dB/kHz -> likely transcoded from 128kbps MP3",44100,16150,22050,19.7
/home/adam/driveBig/Music/New unformated songs/Thrice - The Artist In The Ambulance (2003) [FLAC] [16B-44100kHz]/09. Thrice - Blood Clots And Black Holes.flac,SUSPECT,"hard cutoff at ~16451Hz, steep 19.0dB/kHz -> likely transcoded from 128kbps MP3",44100,16451,22050,19
/home/adam/driveBig/Music/New unformated songs/Thrice - The Artist In The Ambulance (2003) [FLAC] [16B-44100kHz]/10. Thrice - The Artist In The Ambulance.flac,SUSPECT,"hard cutoff at ~16521Hz, steep 22.9dB/kHz -> likely transcoded from 128kbps MP3",44100,16521,22050,22.9
/home/adam/driveBig/Music/New unformated songs/Thrice - The Artist In The Ambulance (2003) [FLAC] [16B-44100kHz]/11. Thrice - The Abolition Of Man.flac,SUSPECT,"hard cutoff at ~16031Hz, steep 15.9dB/kHz -> likely transcoded from 128kbps MP3",44100,16031,22050,15.9
/home/adam/driveBig/Music/New unformated songs/Thrice - The Artist In The Ambulance (2003) [FLAC] [16B-44100kHz]/12. Thrice - Don't Tell And We Won't Ask.flac,SUSPECT,"hard cutoff at ~16058Hz, steep 17.4dB/kHz -> likely transcoded from 128kbps MP3",44100,16058,22050,17.4
/home/adam/driveBig/Music/New unformated songs/to download/01. The Police - Walking On The Moon.flac,SUSPECT,"hard cutoff at ~16866Hz, steep 38.5dB/kHz -> likely transcoded from 128kbps MP3",44100,16866,22050,38.5
/home/adam/driveBig/Music/New unformated songs/to download/02. Carla Azar - Tomorrow Never Knows.flac,SUSPECT,"hard cutoff at ~16381Hz, steep 19.3dB/kHz -> likely transcoded from 128kbps MP3",44100,16381,22050,19.3
/home/adam/driveBig/Music/New unformated songs/to download/03. Fiona Apple - Across the Universe.flac,SUSPECT,"hard cutoff at ~16624Hz, steep 24.7dB/kHz -> likely transcoded from 128kbps MP3",44100,16624,22050,24.7
/home/adam/driveBig/Music/New unformated songs/to download/04. Dominic Fike - White Keys.flac,SUSPECT,"hard cutoff at ~16758Hz, steep 28.4dB/kHz -> likely transcoded from 128kbps MP3",44100,16758,22050,28.4
/home/adam/driveBig/Music/New unformated songs/to download/05. Michelle Weeks - Skid Row (Downtown).flac,SUSPECT,"hard cutoff at ~16683Hz, steep 28.3dB/kHz -> likely transcoded from 128kbps MP3",44100,16683,22050,28.3
/home/adam/driveBig/Music/New unformated songs/to download/06. Oliver Tree - Do You Feel Me.flac,SUSPECT,"hard cutoff at ~16667Hz, steep 29.1dB/kHz -> likely transcoded from 128kbps MP3",44100,16667,22050,29.1
/home/adam/driveBig/Music/New unformated songs/to download/07. The Temptations - My Girl.flac,SUSPECT,"hard cutoff at ~16031Hz, steep 16.8dB/kHz -> likely transcoded from 128kbps MP3",44100,16031,22050,16.8
/home/adam/driveBig/Music/New unformated songs/to download/08. Amigo the Devil - Cocaine and Abel (Explicit).flac,SUSPECT,"hard cutoff at ~16704Hz, steep 26.7dB/kHz -> likely transcoded from 128kbps MP3",44100,16704,22050,26.7
/home/adam/driveBig/Music/New unformated songs/Trauma Ray - [trauma ray] (2018) [FLAC] [16B-44100kHz]/01. Trauma Ray - Blend.flac,SUSPECT,"hard cutoff at ~16333Hz, steep 21.5dB/kHz -> likely transcoded from 128kbps MP3",44100,16333,22050,21.5
/home/adam/driveBig/Music/New unformated songs/Trauma Ray - [trauma ray] (2018) [FLAC] [16B-44100kHz]/02. Trauma Ray - Relay.flac,SUSPECT,"hard cutoff at ~16532Hz, steep 29.1dB/kHz -> likely transcoded from 128kbps MP3",44100,16532,22050,29.1
/home/adam/driveBig/Music/New unformated songs/Trauma Ray - [trauma ray] (2018) [FLAC] [16B-44100kHz]/03. Trauma Ray - Solstice.flac,SUSPECT,"hard cutoff at ~16069Hz, steep 21.6dB/kHz -> likely transcoded from 128kbps MP3",44100,16069,22050,21.6
/home/adam/driveBig/Music/New unformated songs/Trauma Ray - [trauma ray] (2018) [FLAC] [16B-44100kHz]/04. Trauma Ray - Starve.flac,SUSPECT,"hard cutoff at ~16688Hz, steep 28.5dB/kHz -> likely transcoded from 128kbps MP3",44100,16688,22050,28.5
/home/adam/driveBig/Music/New unformated songs/Trauma Ray - Chameleon (2024) [FLAC] [16B-44100kHz]/01. Trauma Ray - Ember.flac,SUSPECT,"hard cutoff at ~16575Hz, steep 19.7dB/kHz -> likely transcoded from 128kbps MP3",44100,16575,22050,19.7
/home/adam/driveBig/Music/New unformated songs/Trauma Ray - Chameleon (2024) [FLAC] [16B-44100kHz]/02. Trauma Ray - Torn.flac,SUSPECT,"hard cutoff at ~16559Hz, steep 25.3dB/kHz -> likely transcoded from 128kbps MP3",44100,16559,22050,25.3
/home/adam/driveBig/Music/New unformated songs/Trauma Ray - Chameleon (2024) [FLAC] [16B-44100kHz]/03. Trauma Ray - Chameleon.flac,SUSPECT,"hard cutoff at ~16511Hz, steep 22.6dB/kHz -> likely transcoded from 128kbps MP3",44100,16511,22050,22.6
/home/adam/driveBig/Music/New unformated songs/Trauma Ray - Chameleon (2024) [FLAC] [16B-44100kHz]/04. Trauma Ray - Bardo.flac,SUSPECT,"hard cutoff at ~16597Hz, steep 24.8dB/kHz -> likely transcoded from 128kbps MP3",44100,16597,22050,24.8
/home/adam/driveBig/Music/New unformated songs/Trauma Ray - Chameleon (2024) [FLAC] [16B-44100kHz]/05. Trauma Ray - Bishop.flac,SUSPECT,"hard cutoff at ~16645Hz, steep 23.0dB/kHz -> likely transcoded from 128kbps MP3",44100,16645,22050,23
/home/adam/driveBig/Music/New unformated songs/Trauma Ray - Chameleon (2024) [FLAC] [16B-44100kHz]/06. Trauma Ray - Elegy.flac,SUSPECT,"hard cutoff at ~16112Hz, steep 18.0dB/kHz -> likely transcoded from 128kbps MP3",44100,16112,22050,18
/home/adam/driveBig/Music/New unformated songs/Trauma Ray - Chameleon (2024) [FLAC] [16B-44100kHz]/07. Trauma Ray - Drift.flac,GRADUAL_ROLLOFF,"rolloff at ~16010Hz but gentle (9.4dB/kHz) - could be an old master/analog source, not necessarily transcoded",44100,16010,22050,9.4
/home/adam/driveBig/Music/New unformated songs/Trauma Ray - Chameleon (2024) [FLAC] [16B-44100kHz]/08. Trauma Ray - Breath.flac,SUSPECT,"hard cutoff at ~16468Hz, steep 20.5dB/kHz -> likely transcoded from 128kbps MP3",44100,16468,22050,20.5
/home/adam/driveBig/Music/New unformated songs/Trauma Ray - Chameleon (2024) [FLAC] [16B-44100kHz]/09. Trauma Ray - Spectre.flac,SUSPECT,"hard cutoff at ~16500Hz, steep 17.4dB/kHz -> likely transcoded from 128kbps MP3",44100,16500,22050,17.4
/home/adam/driveBig/Music/New unformated songs/Trauma Ray - Chameleon (2024) [FLAC] [16B-44100kHz]/10. Trauma Ray - Flare.flac,GRADUAL_ROLLOFF,"rolloff at ~11655Hz but gentle (2.7dB/kHz) - could be an old master/analog source, not necessarily transcoded",44100,11655,22050,2.7
/home/adam/driveBig/Music/New unformated songs/Trauma Ray - Chameleon (2024) [FLAC] [16B-44100kHz]/11. Trauma Ray - ISO.flac,SUSPECT,"hard cutoff at ~16521Hz, steep 19.6dB/kHz -> likely transcoded from 128kbps MP3",44100,16521,22050,19.6
/home/adam/driveBig/Music/New unformated songs/Trauma Ray - Chameleon (2024) [FLAC] [16B-44100kHz]/12. Trauma Ray - U.S.D.D.O.S.flac,SUSPECT,"hard cutoff at ~16414Hz, steep 19.7dB/kHz -> likely transcoded from 128kbps MP3",44100,16414,22050,19.7
/home/adam/driveBig/Music/New unformated songs/Trauma Ray - trauma ray (2021) [FLAC] [16B-44100kHz]/01. Trauma Ray - Spinning.flac,SUSPECT,"hard cutoff at ~16548Hz, steep 21.5dB/kHz -> likely transcoded from 128kbps MP3",44100,16548,22050,21.5
/home/adam/driveBig/Music/New unformated songs/Trauma Ray - trauma ray (2021) [FLAC] [16B-44100kHz]/02. Trauma Ray - Seen.flac,SUSPECT,"hard cutoff at ~16651Hz, steep 32.0dB/kHz -> likely transcoded from 128kbps MP3",44100,16651,22050,32
/home/adam/driveBig/Music/New unformated songs/Trauma Ray - trauma ray (2021) [FLAC] [16B-44100kHz]/03. Trauma Ray - Nühevan.flac,SUSPECT,"hard cutoff at ~16667Hz, steep 27.0dB/kHz -> likely transcoded from 128kbps MP3",44100,16667,22050,27
/home/adam/driveBig/Music/New unformated songs/Trauma Ray - trauma ray (2021) [FLAC] [16B-44100kHz]/04. Trauma Ray - Falling.flac,GRADUAL_ROLLOFF,"rolloff at ~16015Hz but gentle (11.5dB/kHz) - could be an old master/analog source, not necessarily transcoded",44100,16015,22050,11.5
/home/adam/driveBig/Music/New unformated songs/Trauma Ray - trauma ray (2021) [FLAC] [16B-44100kHz]/05. Trauma Ray - Deadpan (Explicit).flac,SUSPECT,"hard cutoff at ~16031Hz, steep 19.0dB/kHz -> likely transcoded from 128kbps MP3",44100,16031,22050,19
/home/adam/driveBig/Music/New unformated songs/Trauma Ray - WMD  Grind (2019) [FLAC] [16B-44100kHz]/01. Trauma Ray - WMD.flac,SUSPECT,"hard cutoff at ~16171Hz, steep 21.5dB/kHz -> likely transcoded from 128kbps MP3",44100,16171,22050,21.5
/home/adam/driveBig/Music/New unformated songs/Trauma Ray - WMD  Grind (2019) [FLAC] [16B-44100kHz]/02. Trauma Ray - Grind.flac,SUSPECT,"hard cutoff at ~16645Hz, steep 25.3dB/kHz -> likely transcoded from 128kbps MP3",44100,16645,22050,25.3
/home/adam/driveBig/Music/New unformated songs/Turnstile - NEVER ENOUGH (2025) [FLAC] [16B-44100kHz]/01. Turnstile - NEVER ENOUGH.flac,SUSPECT,"hard cutoff at ~16021Hz, steep 14.8dB/kHz -> likely transcoded from 128kbps MP3",44100,16021,22050,14.8
/home/adam/driveBig/Music/New unformated songs/Turnstile - NEVER ENOUGH (2025) [FLAC] [16B-44100kHz]/02. Turnstile - SOLE.flac,SUSPECT,"hard cutoff at ~16478Hz, steep 21.1dB/kHz -> likely transcoded from 128kbps MP3",44100,16478,22050,21.1
/home/adam/driveBig/Music/New unformated songs/Turnstile - NEVER ENOUGH (2025) [FLAC] [16B-44100kHz]/03. Turnstile - I CARE.flac,SUSPECT,"hard cutoff at ~16618Hz, steep 22.9dB/kHz -> likely transcoded from 128kbps MP3",44100,16618,22050,22.9
/home/adam/driveBig/Music/New unformated songs/Turnstile - NEVER ENOUGH (2025) [FLAC] [16B-44100kHz]/04. Turnstile - DREAMING.flac,SUSPECT,"hard cutoff at ~16516Hz, steep 20.3dB/kHz -> likely transcoded from 128kbps MP3",44100,16516,22050,20.3
/home/adam/driveBig/Music/New unformated songs/Turnstile - NEVER ENOUGH (2025) [FLAC] [16B-44100kHz]/05. Turnstile - LIGHT DESIGN.flac,SUSPECT,"hard cutoff at ~16031Hz, steep 18.6dB/kHz -> likely transcoded from 128kbps MP3",44100,16031,22050,18.6
/home/adam/driveBig/Music/New unformated songs/Turnstile - NEVER ENOUGH (2025) [FLAC] [16B-44100kHz]/06. Turnstile - DULL.flac,SUSPECT,"hard cutoff at ~16489Hz, steep 24.6dB/kHz -> likely transcoded from 128kbps MP3",44100,16489,22050,24.6
/home/adam/driveBig/Music/New unformated songs/Turnstile - NEVER ENOUGH (2025) [FLAC] [16B-44100kHz]/07. Turnstile - SUNSHOWER (Explicit).flac,SUSPECT,"hard cutoff at ~16031Hz, steep 19.2dB/kHz -> likely transcoded from 128kbps MP3",44100,16031,22050,19.2
/home/adam/driveBig/Music/New unformated songs/Turnstile - NEVER ENOUGH (2025) [FLAC] [16B-44100kHz]/08. Turnstile - LOOK OUT FOR ME.flac,SUSPECT,"hard cutoff at ~16058Hz, steep 20.7dB/kHz -> likely transcoded from 128kbps MP3",44100,16058,22050,20.7
/home/adam/driveBig/Music/New unformated songs/Turnstile - NEVER ENOUGH (2025) [FLAC] [16B-44100kHz]/09. Turnstile - CEILING.flac,SUSPECT,"hard cutoff at ~16015Hz, steep 19.2dB/kHz -> likely transcoded from 128kbps MP3",44100,16015,22050,19.2
/home/adam/driveBig/Music/New unformated songs/Turnstile - NEVER ENOUGH (2025) [FLAC] [16B-44100kHz]/10. Turnstile - SEEIN’ STARS.flac,SUSPECT,"hard cutoff at ~16602Hz, steep 28.0dB/kHz -> likely transcoded from 128kbps MP3",44100,16602,22050,28
/home/adam/driveBig/Music/New unformated songs/Turnstile - NEVER ENOUGH (2025) [FLAC] [16B-44100kHz]/11. Turnstile - BIRDS.flac,SUSPECT,"hard cutoff at ~16548Hz, steep 23.1dB/kHz -> likely transcoded from 128kbps MP3",44100,16548,22050,23.1
/home/adam/driveBig/Music/New unformated songs/Turnstile - NEVER ENOUGH (2025) [FLAC] [16B-44100kHz]/12. Turnstile - SLOWDIVE.flac,SUSPECT,"hard cutoff at ~16075Hz, steep 21.5dB/kHz -> likely transcoded from 128kbps MP3",44100,16075,22050,21.5
/home/adam/driveBig/Music/New unformated songs/Turnstile - NEVER ENOUGH (2025) [FLAC] [16B-44100kHz]/13. Turnstile - TIME IS HAPPENING.flac,SUSPECT,"hard cutoff at ~16484Hz, steep 22.9dB/kHz -> likely transcoded from 128kbps MP3",44100,16484,22050,22.9
/home/adam/driveBig/Music/New unformated songs/Turnstile - NEVER ENOUGH (2025) [FLAC] [16B-44100kHz]/14. Turnstile - MAGIC MAN.flac,SUSPECT,"hard cutoff at ~15999Hz, steep 14.3dB/kHz -> likely transcoded from 128kbps MP3",44100,15999,22050,14.3
/home/adam/driveBig/Music/New unformated songs/Turnstile - Nonstop Feeling (2015) [FLAC] [16B-44100kHz]/01. Turnstile - Gravity.flac,SUSPECT,"hard cutoff at ~16758Hz, steep 31.7dB/kHz -> likely transcoded from 128kbps MP3",44100,16758,22050,31.7
/home/adam/driveBig/Music/New unformated songs/Turnstile - Nonstop Feeling (2015) [FLAC] [16B-44100kHz]/02. Turnstile - Drop.flac,SUSPECT,"hard cutoff at ~16753Hz, steep 30.9dB/kHz -> likely transcoded from 128kbps MP3",44100,16753,22050,30.9
/home/adam/driveBig/Music/New unformated songs/Turnstile - Nonstop Feeling (2015) [FLAC] [16B-44100kHz]/03. Turnstile - Fazed Out.flac,SUSPECT,"hard cutoff at ~16747Hz, steep 28.5dB/kHz -> likely transcoded from 128kbps MP3",44100,16747,22050,28.5
/home/adam/driveBig/Music/New unformated songs/Turnstile - Nonstop Feeling (2015) [FLAC] [16B-44100kHz]/04. Turnstile - Can't Deny It.flac,SUSPECT,"hard cutoff at ~16774Hz, steep 29.4dB/kHz -> likely transcoded from 128kbps MP3",44100,16774,22050,29.4
/home/adam/driveBig/Music/New unformated songs/Turnstile - Nonstop Feeling (2015) [FLAC] [16B-44100kHz]/05. Turnstile - Bleach Temple.flac,SUSPECT,"hard cutoff at ~16791Hz, steep 28.4dB/kHz -> likely transcoded from 128kbps MP3",44100,16791,22050,28.4
/home/adam/driveBig/Music/New unformated songs/Turnstile - Nonstop Feeling (2015) [FLAC] [16B-44100kHz]/06. Turnstile - Bad Wave.flac,SUSPECT,"hard cutoff at ~16791Hz, steep 31.0dB/kHz -> likely transcoded from 128kbps MP3",44100,16791,22050,31
/home/adam/driveBig/Music/New unformated songs/Turnstile - Nonstop Feeling (2015) [FLAC] [16B-44100kHz]/07. Turnstile - Blue by You.flac,SUSPECT,"hard cutoff at ~16769Hz, steep 30.4dB/kHz -> likely transcoded from 128kbps MP3",44100,16769,22050,30.4
/home/adam/driveBig/Music/New unformated songs/Turnstile - Nonstop Feeling (2015) [FLAC] [16B-44100kHz]/08. Turnstile - Out of Rage.flac,SUSPECT,"hard cutoff at ~16796Hz, steep 35.3dB/kHz -> likely transcoded from 128kbps MP3",44100,16796,22050,35.3
/home/adam/driveBig/Music/New unformated songs/Turnstile - Nonstop Feeling (2015) [FLAC] [16B-44100kHz]/09. Turnstile - Bring It Back.flac,SUSPECT,"hard cutoff at ~16774Hz, steep 31.7dB/kHz -> likely transcoded from 128kbps MP3",44100,16774,22050,31.7
/home/adam/driveBig/Music/New unformated songs/Turnstile - Nonstop Feeling (2015) [FLAC] [16B-44100kHz]/10. Turnstile - Addicted.flac,SUSPECT,"hard cutoff at ~16780Hz, steep 31.3dB/kHz -> likely transcoded from 128kbps MP3",44100,16780,22050,31.3
/home/adam/driveBig/Music/New unformated songs/Turnstile - Nonstop Feeling (2015) [FLAC] [16B-44100kHz]/11. Turnstile - Love Lasso.flac,SUSPECT,"hard cutoff at ~16737Hz, steep 30.4dB/kHz -> likely transcoded from 128kbps MP3",44100,16737,22050,30.4
/home/adam/driveBig/Music/New unformated songs/Turnstile - Nonstop Feeling (2015) [FLAC] [16B-44100kHz]/12. Turnstile - Stress.flac,SUSPECT,"hard cutoff at ~16780Hz, steep 30.1dB/kHz -> likely transcoded from 128kbps MP3",44100,16780,22050,30.1
/home/adam/driveBig/Music/New unformated songs/TV Girl - French Exit (2014) [FLAC] [16B-44100kHz]/01. TV Girl - Pantyhose.flac,SUSPECT,"hard cutoff at ~16026Hz, steep 19.6dB/kHz -> likely transcoded from 128kbps MP3",44100,16026,22050,19.6
/home/adam/driveBig/Music/New unformated songs/TV Girl - French Exit (2014) [FLAC] [16B-44100kHz]/02. TV Girl - Birds Dont Sing.flac,SUSPECT,"hard cutoff at ~16473Hz, steep 21.4dB/kHz -> likely transcoded from 128kbps MP3",44100,16473,22050,21.4
/home/adam/driveBig/Music/New unformated songs/TV Girl - French Exit (2014) [FLAC] [16B-44100kHz]/03. TV Girl - Louise.flac,SUSPECT,"hard cutoff at ~16564Hz, steep 25.2dB/kHz -> likely transcoded from 128kbps MP3",44100,16564,22050,25.2
/home/adam/driveBig/Music/New unformated songs/TV Girl - French Exit (2014) [FLAC] [16B-44100kHz]/04. TV Girl - Hate Yourself.flac,SUSPECT,"hard cutoff at ~16667Hz, steep 21.4dB/kHz -> likely transcoded from 128kbps MP3",44100,16667,22050,21.4
/home/adam/driveBig/Music/New unformated songs/TV Girl - French Exit (2014) [FLAC] [16B-44100kHz]/05. TV Girl - The Getaway.flac,SUSPECT,"hard cutoff at ~16462Hz, steep 17.1dB/kHz -> likely transcoded from 128kbps MP3",44100,16462,22050,17.1
/home/adam/driveBig/Music/New unformated songs/TV Girl - French Exit (2014) [FLAC] [16B-44100kHz]/06. TV Girl - Talk to Strangers.flac,SUSPECT,"hard cutoff at ~16015Hz, steep 14.0dB/kHz -> likely transcoded from 128kbps MP3",44100,16015,22050,14
/home/adam/driveBig/Music/New unformated songs/TV Girl - French Exit (2014) [FLAC] [16B-44100kHz]/07. TV Girl - The Blonde.flac,SUSPECT,"hard cutoff at ~16031Hz, steep 17.6dB/kHz -> likely transcoded from 128kbps MP3",44100,16031,22050,17.6
/home/adam/driveBig/Music/New unformated songs/TV Girl - French Exit (2014) [FLAC] [16B-44100kHz]/08. TV Girl - Daughter of a Cop.flac,SUSPECT,"hard cutoff at ~16532Hz, steep 30.1dB/kHz -> likely transcoded from 128kbps MP3",44100,16532,22050,30.1
/home/adam/driveBig/Music/New unformated songs/TV Girl - French Exit (2014) [FLAC] [16B-44100kHz]/09. TV Girl - Lovers Rock.flac,SUSPECT,"hard cutoff at ~16694Hz, steep 24.1dB/kHz -> likely transcoded from 128kbps MP3",44100,16694,22050,24.1
/home/adam/driveBig/Music/New unformated songs/TV Girl - French Exit (2014) [FLAC] [16B-44100kHz]/10. TV Girl - Her and Her Friend.flac,SUSPECT,"hard cutoff at ~16408Hz, steep 18.8dB/kHz -> likely transcoded from 128kbps MP3",44100,16408,22050,18.8
/home/adam/driveBig/Music/New unformated songs/TV Girl - French Exit (2014) [FLAC] [16B-44100kHz]/11. TV Girl - Come When You Call.flac,SUSPECT,"hard cutoff at ~16516Hz, steep 27.1dB/kHz -> likely transcoded from 128kbps MP3",44100,16516,22050,27.1
/home/adam/driveBig/Music/New unformated songs/TV Girl - French Exit (2014) [FLAC] [16B-44100kHz]/12. TV Girl - Anjela.flac,SUSPECT,"hard cutoff at ~16441Hz, steep 20.3dB/kHz -> likely transcoded from 128kbps MP3",44100,16441,22050,20.3
/home/adam/driveBig/Music/New unformated songs/TV Girl - Who Really Cares (2016) [FLAC] [16B-44100kHz]/01. TV Girl - Taking What's Not Yours.flac,SUSPECT,"hard cutoff at ~16554Hz, steep 22.4dB/kHz -> likely transcoded from 128kbps MP3",44100,16554,22050,22.4
/home/adam/driveBig/Music/New unformated songs/TV Girl - Who Really Cares (2016) [FLAC] [16B-44100kHz]/02. TV Girl - Song About Me (Explicit).flac,SUSPECT,"hard cutoff at ~16661Hz, steep 27.3dB/kHz -> likely transcoded from 128kbps MP3",44100,16661,22050,27.3
/home/adam/driveBig/Music/New unformated songs/TV Girl - Who Really Cares (2016) [FLAC] [16B-44100kHz]/03. TV Girl - Cigarettes out the Window.flac,SUSPECT,"hard cutoff at ~16005Hz, steep 26.6dB/kHz -> likely transcoded from 128kbps MP3",44100,16005,22050,26.6
/home/adam/driveBig/Music/New unformated songs/TV Girl - Who Really Cares (2016) [FLAC] [16B-44100kHz]/04. TV Girl - Till You Tell Me to Leave.flac,SUSPECT,"hard cutoff at ~16672Hz, steep 19.0dB/kHz -> likely transcoded from 128kbps MP3",44100,16672,22050,19
/home/adam/driveBig/Music/New unformated songs/TV Girl - Who Really Cares (2016) [FLAC] [16B-44100kHz]/05. TV Girl - Not Allowed (Explicit).flac,SUSPECT,"hard cutoff at ~16031Hz, steep 17.0dB/kHz -> likely transcoded from 128kbps MP3",44100,16031,22050,17
/home/adam/driveBig/Music/New unformated songs/TV Girl - Who Really Cares (2016) [FLAC] [16B-44100kHz]/06. TV Girl - (Do The) Act Like You Never Met Me.flac,SUSPECT,"hard cutoff at ~16640Hz, steep 24.2dB/kHz -> likely transcoded from 128kbps MP3",44100,16640,22050,24.2
/home/adam/driveBig/Music/New unformated songs/TV Girl - Who Really Cares (2016) [FLAC] [16B-44100kHz]/07. TV Girl - Safeword.flac,SUSPECT,"hard cutoff at ~16656Hz, steep 24.7dB/kHz -> likely transcoded from 128kbps MP3",44100,16656,22050,24.7
/home/adam/driveBig/Music/New unformated songs/TV Girl - Who Really Cares (2016) [FLAC] [16B-44100kHz]/08. TV Girl - For You.flac,SUSPECT,"hard cutoff at ~16570Hz, steep 22.1dB/kHz -> likely transcoded from 128kbps MP3",44100,16570,22050,22.1
/home/adam/driveBig/Music/New unformated songs/TV Girl - Who Really Cares (2016) [FLAC] [16B-44100kHz]/09. TV Girl - Loving Machine.flac,SUSPECT,"hard cutoff at ~16554Hz, steep 20.4dB/kHz -> likely transcoded from 128kbps MP3",44100,16554,22050,20.4
/home/adam/driveBig/Music/New unformated songs/TV Girl - Who Really Cares (2016) [FLAC] [16B-44100kHz]/10. TV Girl - Heaven Is a Bedroom.flac,SUSPECT,"hard cutoff at ~16564Hz, steep 20.3dB/kHz -> likely transcoded from 128kbps MP3",44100,16564,22050,20.3
/home/adam/driveBig/Music/New unformated songs/Twenty One Pilots - Clancy (2024) [FLAC] [16B-44100kHz]/01. Twenty One Pilots - Overcompensate.flac,SUSPECT,"hard cutoff at ~16564Hz, steep 18.6dB/kHz -> likely transcoded from 128kbps MP3",44100,16564,22050,18.6
/home/adam/driveBig/Music/New unformated songs/Twenty One Pilots - Clancy (2024) [FLAC] [16B-44100kHz]/02. Twenty One Pilots - Next Semester.flac,SUSPECT,"hard cutoff at ~16548Hz, steep 22.6dB/kHz -> likely transcoded from 128kbps MP3",44100,16548,22050,22.6
/home/adam/driveBig/Music/New unformated songs/Twenty One Pilots - Clancy (2024) [FLAC] [16B-44100kHz]/03. Twenty One Pilots - Backslide.flac,SUSPECT,"hard cutoff at ~16403Hz, steep 20.7dB/kHz -> likely transcoded from 128kbps MP3",44100,16403,22050,20.7
/home/adam/driveBig/Music/New unformated songs/Twenty One Pilots - Clancy (2024) [FLAC] [16B-44100kHz]/04. Twenty One Pilots - Midwest Indigo.flac,SUSPECT,"hard cutoff at ~16591Hz, steep 23.0dB/kHz -> likely transcoded from 128kbps MP3",44100,16591,22050,23
/home/adam/driveBig/Music/New unformated songs/Twenty One Pilots - Clancy (2024) [FLAC] [16B-44100kHz]/05. Twenty One Pilots - Routines In The Night.flac,SUSPECT,"hard cutoff at ~16494Hz, steep 22.0dB/kHz -> likely transcoded from 128kbps MP3",44100,16494,22050,22
/home/adam/driveBig/Music/New unformated songs/Twenty One Pilots - Clancy (2024) [FLAC] [16B-44100kHz]/06. Twenty One Pilots - Vignette.flac,SUSPECT,"hard cutoff at ~16371Hz, steep 19.8dB/kHz -> likely transcoded from 128kbps MP3",44100,16371,22050,19.8
/home/adam/driveBig/Music/New unformated songs/Twenty One Pilots - Clancy (2024) [FLAC] [16B-44100kHz]/07. Twenty One Pilots - The Craving (Jenna's version).flac,SUSPECT,"hard cutoff at ~16570Hz, steep 20.1dB/kHz -> likely transcoded from 128kbps MP3",44100,16570,22050,20.1
/home/adam/driveBig/Music/New unformated songs/Twenty One Pilots - Clancy (2024) [FLAC] [16B-44100kHz]/08. Twenty One Pilots - Lavish.flac,SUSPECT,"hard cutoff at ~16494Hz, steep 24.2dB/kHz -> likely transcoded from 128kbps MP3",44100,16494,22050,24.2
/home/adam/driveBig/Music/New unformated songs/Twenty One Pilots - Clancy (2024) [FLAC] [16B-44100kHz]/09. Twenty One Pilots - Navigating.flac,SUSPECT,"hard cutoff at ~16581Hz, steep 22.6dB/kHz -> likely transcoded from 128kbps MP3",44100,16581,22050,22.6
/home/adam/driveBig/Music/New unformated songs/Twenty One Pilots - Clancy (2024) [FLAC] [16B-44100kHz]/10. Twenty One Pilots - Snap Back.flac,SUSPECT,"hard cutoff at ~16284Hz, steep 22.1dB/kHz -> likely transcoded from 128kbps MP3",44100,16284,22050,22.1
/home/adam/driveBig/Music/New unformated songs/Twenty One Pilots - Clancy (2024) [FLAC] [16B-44100kHz]/11. Twenty One Pilots - Oldies Station.flac,SUSPECT,"hard cutoff at ~16570Hz, steep 23.8dB/kHz -> likely transcoded from 128kbps MP3",44100,16570,22050,23.8
/home/adam/driveBig/Music/New unformated songs/Twenty One Pilots - Clancy (2024) [FLAC] [16B-44100kHz]/12. Twenty One Pilots - At The Risk Of Feeling Dumb.flac,SUSPECT,"hard cutoff at ~16371Hz, steep 21.7dB/kHz -> likely transcoded from 128kbps MP3",44100,16371,22050,21.7
/home/adam/driveBig/Music/New unformated songs/Twenty One Pilots - Clancy (2024) [FLAC] [16B-44100kHz]/13. Twenty One Pilots - Paladin Strait.flac,SUSPECT,"hard cutoff at ~16521Hz, steep 22.8dB/kHz -> likely transcoded from 128kbps MP3",44100,16521,22050,22.8
/home/adam/driveBig/Music/New unformated songs/Twenty One Pilots - Drag Path (2026) [FLAC] [16B-44100kHz]/01. Twenty One Pilots - Drag Path.flac,SUSPECT,"hard cutoff at ~16462Hz, steep 15.5dB/kHz -> likely transcoded from 128kbps MP3",44100,16462,22050,15.5
/home/adam/driveBig/Music/New unformated songs/Twenty One Pilots - Scaled And Icy (2021) [FLAC] [16B-44100kHz]/01. Twenty One Pilots - Good Day.flac,SUSPECT,"hard cutoff at ~16710Hz, steep 27.7dB/kHz -> likely transcoded from 128kbps MP3",44100,16710,22050,27.7
/home/adam/driveBig/Music/New unformated songs/Twenty One Pilots - Scaled And Icy (2021) [FLAC] [16B-44100kHz]/02. Twenty One Pilots - Choker.flac,SUSPECT,"hard cutoff at ~16554Hz, steep 23.2dB/kHz -> likely transcoded from 128kbps MP3",44100,16554,22050,23.2
/home/adam/driveBig/Music/New unformated songs/Twenty One Pilots - Scaled And Icy (2021) [FLAC] [16B-44100kHz]/03. Twenty One Pilots - Shy Away.flac,SUSPECT,"hard cutoff at ~16721Hz, steep 28.2dB/kHz -> likely transcoded from 128kbps MP3",44100,16721,22050,28.2
/home/adam/driveBig/Music/New unformated songs/Twenty One Pilots - Scaled And Icy (2021) [FLAC] [16B-44100kHz]/04. Twenty One Pilots - The Outside.flac,SUSPECT,"hard cutoff at ~16715Hz, steep 26.5dB/kHz -> likely transcoded from 128kbps MP3",44100,16715,22050,26.5
/home/adam/driveBig/Music/New unformated songs/Twenty One Pilots - Scaled And Icy (2021) [FLAC] [16B-44100kHz]/05. Twenty One Pilots - Saturday.flac,SUSPECT,"hard cutoff at ~16559Hz, steep 23.6dB/kHz -> likely transcoded from 128kbps MP3",44100,16559,22050,23.6
/home/adam/driveBig/Music/New unformated songs/Twenty One Pilots - Scaled And Icy (2021) [FLAC] [16B-44100kHz]/06. Twenty One Pilots - Never Take It.flac,SUSPECT,"hard cutoff at ~16651Hz, steep 26.4dB/kHz -> likely transcoded from 128kbps MP3",44100,16651,22050,26.4
/home/adam/driveBig/Music/New unformated songs/Twenty One Pilots - Scaled And Icy (2021) [FLAC] [16B-44100kHz]/07. Twenty One Pilots - Mulberry Street.flac,SUSPECT,"hard cutoff at ~16774Hz, steep 29.1dB/kHz -> likely transcoded from 128kbps MP3",44100,16774,22050,29.1
/home/adam/driveBig/Music/New unformated songs/Twenty One Pilots - Scaled And Icy (2021) [FLAC] [16B-44100kHz]/08. Twenty One Pilots - Formidable.flac,SUSPECT,"hard cutoff at ~16629Hz, steep 26.5dB/kHz -> likely transcoded from 128kbps MP3",44100,16629,22050,26.5
/home/adam/driveBig/Music/New unformated songs/Twenty One Pilots - Scaled And Icy (2021) [FLAC] [16B-44100kHz]/09. Twenty One Pilots - Bounce Man.flac,SUSPECT,"hard cutoff at ~16532Hz, steep 19.2dB/kHz -> likely transcoded from 128kbps MP3",44100,16532,22050,19.2
/home/adam/driveBig/Music/New unformated songs/Twenty One Pilots - Scaled And Icy (2021) [FLAC] [16B-44100kHz]/10. Twenty One Pilots - No Chances.flac,SUSPECT,"hard cutoff at ~16602Hz, steep 21.9dB/kHz -> likely transcoded from 128kbps MP3",44100,16602,22050,21.9
/home/adam/driveBig/Music/New unformated songs/Twenty One Pilots - Scaled And Icy (2021) [FLAC] [16B-44100kHz]/11. Twenty One Pilots - Redecorate.flac,SUSPECT,"hard cutoff at ~16457Hz, steep 19.7dB/kHz -> likely transcoded from 128kbps MP3",44100,16457,22050,19.7
/home/adam/driveBig/Music/New unformated songs/Twenty One Pilots - Trench (2018) [FLAC] [16B-44100kHz]/01. Twenty One Pilots - Jumpsuit.flac,SUSPECT,"hard cutoff at ~16031Hz, steep 16.0dB/kHz -> likely transcoded from 128kbps MP3",44100,16031,22050,16
/home/adam/driveBig/Music/New unformated songs/Twenty One Pilots - Trench (2018) [FLAC] [16B-44100kHz]/02. Twenty One Pilots - Levitate.flac,SUSPECT,"hard cutoff at ~16602Hz, steep 19.0dB/kHz -> likely transcoded from 128kbps MP3",44100,16602,22050,19
/home/adam/driveBig/Music/New unformated songs/Twenty One Pilots - Trench (2018) [FLAC] [16B-44100kHz]/03. Twenty One Pilots - Morph.flac,SUSPECT,"hard cutoff at ~16468Hz, steep 16.6dB/kHz -> likely transcoded from 128kbps MP3",44100,16468,22050,16.6
/home/adam/driveBig/Music/New unformated songs/Twenty One Pilots - Trench (2018) [FLAC] [16B-44100kHz]/04. Twenty One Pilots - My Blood.flac,SUSPECT,"hard cutoff at ~16414Hz, steep 23.9dB/kHz -> likely transcoded from 128kbps MP3",44100,16414,22050,23.9
/home/adam/driveBig/Music/New unformated songs/Twenty One Pilots - Trench (2018) [FLAC] [16B-44100kHz]/05. Twenty One Pilots - Chlorine.flac,SUSPECT,"hard cutoff at ~16607Hz, steep 20.6dB/kHz -> likely transcoded from 128kbps MP3",44100,16607,22050,20.6
/home/adam/driveBig/Music/New unformated songs/Twenty One Pilots - Trench (2018) [FLAC] [16B-44100kHz]/06. Twenty One Pilots - Smithereens.flac,SUSPECT,"hard cutoff at ~16715Hz, steep 29.0dB/kHz -> likely transcoded from 128kbps MP3",44100,16715,22050,29
/home/adam/driveBig/Music/New unformated songs/Twenty One Pilots - Trench (2018) [FLAC] [16B-44100kHz]/07. Twenty One Pilots - Neon Gravestones.flac,SUSPECT,"hard cutoff at ~16564Hz, steep 20.8dB/kHz -> likely transcoded from 128kbps MP3",44100,16564,22050,20.8
/home/adam/driveBig/Music/New unformated songs/Twenty One Pilots - Trench (2018) [FLAC] [16B-44100kHz]/08. Twenty One Pilots - The Hype.flac,SUSPECT,"hard cutoff at ~16021Hz, steep 16.3dB/kHz -> likely transcoded from 128kbps MP3",44100,16021,22050,16.3
/home/adam/driveBig/Music/New unformated songs/Twenty One Pilots - Trench (2018) [FLAC] [16B-44100kHz]/09. Twenty One Pilots - Nico and the Niners.flac,SUSPECT,"hard cutoff at ~16543Hz, steep 21.8dB/kHz -> likely transcoded from 128kbps MP3",44100,16543,22050,21.8
/home/adam/driveBig/Music/New unformated songs/Twenty One Pilots - Trench (2018) [FLAC] [16B-44100kHz]/10. Twenty One Pilots - Cut My Lip.flac,SUSPECT,"hard cutoff at ~16527Hz, steep 22.9dB/kHz -> likely transcoded from 128kbps MP3",44100,16527,22050,22.9
/home/adam/driveBig/Music/New unformated songs/Twenty One Pilots - Trench (2018) [FLAC] [16B-44100kHz]/11. Twenty One Pilots - Bandito.flac,SUSPECT,"hard cutoff at ~16026Hz, steep 17.1dB/kHz -> likely transcoded from 128kbps MP3",44100,16026,22050,17.1
/home/adam/driveBig/Music/New unformated songs/Twenty One Pilots - Trench (2018) [FLAC] [16B-44100kHz]/12. Twenty One Pilots - Pet Cheetah.flac,SUSPECT,"hard cutoff at ~16624Hz, steep 21.6dB/kHz -> likely transcoded from 128kbps MP3",44100,16624,22050,21.6
/home/adam/driveBig/Music/New unformated songs/Twenty One Pilots - Trench (2018) [FLAC] [16B-44100kHz]/13. Twenty One Pilots - Legend.flac,SUSPECT,"hard cutoff at ~16575Hz, steep 21.9dB/kHz -> likely transcoded from 128kbps MP3",44100,16575,22050,21.9
/home/adam/driveBig/Music/New unformated songs/Twenty One Pilots - Trench (2018) [FLAC] [16B-44100kHz]/14. Twenty One Pilots - Leave the City.flac,SUSPECT,"hard cutoff at ~16069Hz, steep 19.6dB/kHz -> likely transcoded from 128kbps MP3",44100,16069,22050,19.6
/home/adam/driveBig/Music/New unformated songs/Twisted Sister - Stay Hungry (1984) [FLAC] [16B-44100kHz]/01. Twisted Sister - Stay Hungry.flac,SUSPECT,"hard cutoff at ~16559Hz, steep 20.0dB/kHz -> likely transcoded from 128kbps MP3",44100,16559,22050,20
/home/adam/driveBig/Music/New unformated songs/Twisted Sister - Stay Hungry (1984) [FLAC] [16B-44100kHz]/02. Twisted Sister - We're Not Gonna Take It.flac,SUSPECT,"hard cutoff at ~16554Hz, steep 25.2dB/kHz -> likely transcoded from 128kbps MP3",44100,16554,22050,25.2
/home/adam/driveBig/Music/New unformated songs/Twisted Sister - Stay Hungry (1984) [FLAC] [16B-44100kHz]/03. Twisted Sister - Burn in Hell.flac,SUSPECT,"hard cutoff at ~16629Hz, steep 28.4dB/kHz -> likely transcoded from 128kbps MP3",44100,16629,22050,28.4
/home/adam/driveBig/Music/New unformated songs/Twisted Sister - Stay Hungry (1984) [FLAC] [16B-44100kHz]/04. Twisted Sister - Horror-Teria (The Beginning) A) Captain Howdy B) Street Justice.flac,SUSPECT,"hard cutoff at ~16672Hz, steep 30.1dB/kHz -> likely transcoded from 128kbps MP3",44100,16672,22050,30.1
/home/adam/driveBig/Music/New unformated songs/Twisted Sister - Stay Hungry (1984) [FLAC] [16B-44100kHz]/05. Twisted Sister - I Wanna Rock.flac,SUSPECT,"hard cutoff at ~16607Hz, steep 24.2dB/kHz -> likely transcoded from 128kbps MP3",44100,16607,22050,24.2
/home/adam/driveBig/Music/New unformated songs/Twisted Sister - Stay Hungry (1984) [FLAC] [16B-44100kHz]/06. Twisted Sister - The Price.flac,SUSPECT,"hard cutoff at ~16753Hz, steep 30.5dB/kHz -> likely transcoded from 128kbps MP3",44100,16753,22050,30.5
/home/adam/driveBig/Music/New unformated songs/Twisted Sister - Stay Hungry (1984) [FLAC] [16B-44100kHz]/07. Twisted Sister - Don't Let Me Down.flac,SUSPECT,"hard cutoff at ~16715Hz, steep 30.1dB/kHz -> likely transcoded from 128kbps MP3",44100,16715,22050,30.1
/home/adam/driveBig/Music/New unformated songs/Twisted Sister - Stay Hungry (1984) [FLAC] [16B-44100kHz]/08. Twisted Sister - The Beast.flac,SUSPECT,"hard cutoff at ~16688Hz, steep 31.0dB/kHz -> likely transcoded from 128kbps MP3",44100,16688,22050,31
/home/adam/driveBig/Music/New unformated songs/Twisted Sister - Stay Hungry (1984) [FLAC] [16B-44100kHz]/09. Twisted Sister - S.M.F.flac,SUSPECT,"hard cutoff at ~16715Hz, steep 30.2dB/kHz -> likely transcoded from 128kbps MP3",44100,16715,22050,30.2
/home/adam/driveBig/Music/New unformated songs/Van Halen - 1984 (Remastered) (1984) [FLAC] [16B-44100kHz]/01. Van Halen - 1984 (2015 Remaster).flac,SUSPECT,"hard cutoff at ~16408Hz, steep 26.7dB/kHz -> likely transcoded from 128kbps MP3",44100,16408,22050,26.7
/home/adam/driveBig/Music/New unformated songs/Van Halen - 1984 (Remastered) (1984) [FLAC] [16B-44100kHz]/02. Van Halen - Jump (2015 Remaster).flac,SUSPECT,"hard cutoff at ~16597Hz, steep 25.5dB/kHz -> likely transcoded from 128kbps MP3",44100,16597,22050,25.5
/home/adam/driveBig/Music/New unformated songs/Van Halen - 1984 (Remastered) (1984) [FLAC] [16B-44100kHz]/03. Van Halen - Panama (2015 Remaster).flac,SUSPECT,"hard cutoff at ~16489Hz, steep 23.0dB/kHz -> likely transcoded from 128kbps MP3",44100,16489,22050,23
/home/adam/driveBig/Music/New unformated songs/Van Halen - 1984 (Remastered) (1984) [FLAC] [16B-44100kHz]/04. Van Halen - Top Jimmy (2015 Remaster).flac,SUSPECT,"hard cutoff at ~16645Hz, steep 26.1dB/kHz -> likely transcoded from 128kbps MP3",44100,16645,22050,26.1
/home/adam/driveBig/Music/New unformated songs/Van Halen - 1984 (Remastered) (1984) [FLAC] [16B-44100kHz]/05. Van Halen - Drop Dead Legs (2015 Remaster).flac,SUSPECT,"hard cutoff at ~16645Hz, steep 25.7dB/kHz -> likely transcoded from 128kbps MP3",44100,16645,22050,25.7
/home/adam/driveBig/Music/New unformated songs/Van Halen - 1984 (Remastered) (1984) [FLAC] [16B-44100kHz]/06. Van Halen - Hot for Teacher (2015 Remaster).flac,SUSPECT,"hard cutoff at ~16414Hz, steep 22.0dB/kHz -> likely transcoded from 128kbps MP3",44100,16414,22050,22
/home/adam/driveBig/Music/New unformated songs/Van Halen - 1984 (Remastered) (1984) [FLAC] [16B-44100kHz]/07. Van Halen - I'll Wait (2015 Remaster).flac,SUSPECT,"hard cutoff at ~16532Hz, steep 23.5dB/kHz -> likely transcoded from 128kbps MP3",44100,16532,22050,23.5
/home/adam/driveBig/Music/New unformated songs/Van Halen - 1984 (Remastered) (1984) [FLAC] [16B-44100kHz]/08. Van Halen - Girl Gone Bad (2015 Remaster).flac,SUSPECT,"hard cutoff at ~16430Hz, steep 18.3dB/kHz -> likely transcoded from 128kbps MP3",44100,16430,22050,18.3
/home/adam/driveBig/Music/New unformated songs/Van Halen - 1984 (Remastered) (1984) [FLAC] [16B-44100kHz]/09. Van Halen - House of Pain (2015 Remaster).flac,SUSPECT,"hard cutoff at ~16451Hz, steep 19.2dB/kHz -> likely transcoded from 128kbps MP3",44100,16451,22050,19.2
/home/adam/driveBig/Music/New unformated songs/Van Halen - Van Halen (Remastered) (1978) [FLAC] [16B-44100kHz]/01. Van Halen - Runnin' with the Devil (2015 Remaster).flac,SUSPECT,"hard cutoff at ~16753Hz, steep 28.6dB/kHz -> likely transcoded from 128kbps MP3",44100,16753,22050,28.6
/home/adam/driveBig/Music/New unformated songs/Van Halen - Van Halen (Remastered) (1978) [FLAC] [16B-44100kHz]/02. Van Halen - Eruption (2015 Remaster).flac,SUSPECT,"hard cutoff at ~16139Hz, steep 18.7dB/kHz -> likely transcoded from 128kbps MP3",44100,16139,22050,18.7
/home/adam/driveBig/Music/New unformated songs/Van Halen - Van Halen (Remastered) (1978) [FLAC] [16B-44100kHz]/03. Van Halen - You Really Got Me (2015 Remaster).flac,SUSPECT,"hard cutoff at ~16742Hz, steep 30.7dB/kHz -> likely transcoded from 128kbps MP3",44100,16742,22050,30.7
/home/adam/driveBig/Music/New unformated songs/Van Halen - Van Halen (Remastered) (1978) [FLAC] [16B-44100kHz]/04. Van Halen - Ain't Talkin' 'Bout Love (2015 Remaster).flac,SUSPECT,"hard cutoff at ~16521Hz, steep 23.7dB/kHz -> likely transcoded from 128kbps MP3",44100,16521,22050,23.7
/home/adam/driveBig/Music/New unformated songs/Van Halen - Van Halen (Remastered) (1978) [FLAC] [16B-44100kHz]/05. Van Halen - I'm the One (2015 Remaster).flac,SUSPECT,"hard cutoff at ~16661Hz, steep 28.7dB/kHz -> likely transcoded from 128kbps MP3",44100,16661,22050,28.7
/home/adam/driveBig/Music/New unformated songs/Van Halen - Van Halen (Remastered) (1978) [FLAC] [16B-44100kHz]/06. Van Halen - Jamie's Cryin' (2015 Remaster).flac,SUSPECT,"hard cutoff at ~16796Hz, steep 32.7dB/kHz -> likely transcoded from 128kbps MP3",44100,16796,22050,32.7
/home/adam/driveBig/Music/New unformated songs/Van Halen - Van Halen (Remastered) (1978) [FLAC] [16B-44100kHz]/07. Van Halen - Atomic Punk (2015 Remaster).flac,SUSPECT,"hard cutoff at ~16769Hz, steep 31.0dB/kHz -> likely transcoded from 128kbps MP3",44100,16769,22050,31
/home/adam/driveBig/Music/New unformated songs/Van Halen - Van Halen (Remastered) (1978) [FLAC] [16B-44100kHz]/08. Van Halen - Feel Your Love Tonight (2015 Remaster).flac,SUSPECT,"hard cutoff at ~16758Hz, steep 30.7dB/kHz -> likely transcoded from 128kbps MP3",44100,16758,22050,30.7
/home/adam/driveBig/Music/New unformated songs/Van Halen - Van Halen (Remastered) (1978) [FLAC] [16B-44100kHz]/09. Van Halen - Little Dreamer (2015 Remaster).flac,SUSPECT,"hard cutoff at ~16742Hz, steep 28.5dB/kHz -> likely transcoded from 128kbps MP3",44100,16742,22050,28.5
/home/adam/driveBig/Music/New unformated songs/Van Halen - Van Halen (Remastered) (1978) [FLAC] [16B-44100kHz]/10. Van Halen - Ice Cream Man (2015 Remaster).flac,SUSPECT,"hard cutoff at ~16645Hz, steep 28.3dB/kHz -> likely transcoded from 128kbps MP3",44100,16645,22050,28.3
/home/adam/driveBig/Music/New unformated songs/Van Halen - Van Halen (Remastered) (1978) [FLAC] [16B-44100kHz]/11. Van Halen - On Fire (2015 Remaster).flac,SUSPECT,"hard cutoff at ~16629Hz, steep 30.3dB/kHz -> likely transcoded from 128kbps MP3",44100,16629,22050,30.3
"/home/adam/driveBig/Music/New unformated songs/Various Artists - Cyberpunk 2077 Radio, Vol. 1 (Original Soundtrack) (2020) [FLAC] [16B-44100kHz]/01. Run The Jewels - No Save Point (Explicit).flac",SUSPECT,"hard cutoff at ~16586Hz, steep 24.0dB/kHz -> likely transcoded from 128kbps MP3",44100,16586,22050,24
"/home/adam/driveBig/Music/New unformated songs/Various Artists - Cyberpunk 2077 Radio, Vol. 1 (Original Soundtrack) (2020) [FLAC] [16B-44100kHz]/02. Le Destroy - Kill Kill.flac",SUSPECT,"hard cutoff at ~16780Hz, steep 26.9dB/kHz -> likely transcoded from 128kbps MP3",44100,16780,22050,26.9
"/home/adam/driveBig/Music/New unformated songs/Various Artists - Cyberpunk 2077 Radio, Vol. 1 (Original Soundtrack) (2020) [FLAC] [16B-44100kHz]/03. Yugen Blakrok - Metamorphosis.flac",SUSPECT,"hard cutoff at ~16532Hz, steep 18.6dB/kHz -> likely transcoded from 128kbps MP3",44100,16532,22050,18.6
"/home/adam/driveBig/Music/New unformated songs/Various Artists - Cyberpunk 2077 Radio, Vol. 1 (Original Soundtrack) (2020) [FLAC] [16B-44100kHz]/04. Konrad Oldmoney - Dinero (feat. Cerbeus) (Explicit).flac",SUSPECT,"hard cutoff at ~16645Hz, steep 25.7dB/kHz -> likely transcoded from 128kbps MP3",44100,16645,22050,25.7
"/home/adam/driveBig/Music/New unformated songs/Various Artists - Cyberpunk 2077 Radio, Vol. 1 (Original Soundtrack) (2020) [FLAC] [16B-44100kHz]/05. Deadly Hunta - When It's War.flac",SUSPECT,"hard cutoff at ~16532Hz, steep 25.4dB/kHz -> likely transcoded from 128kbps MP3",44100,16532,22050,25.4
"/home/adam/driveBig/Music/New unformated songs/Various Artists - Cyberpunk 2077 Radio, Vol. 1 (Original Soundtrack) (2020) [FLAC] [16B-44100kHz]/06. The Armed - Night City Aliens.flac",SUSPECT,"hard cutoff at ~16527Hz, steep 28.3dB/kHz -> likely transcoded from 128kbps MP3",44100,16527,22050,28.3
"/home/adam/driveBig/Music/New unformated songs/Various Artists - Cyberpunk 2077 Radio, Vol. 1 (Original Soundtrack) (2020) [FLAC] [16B-44100kHz]/07. Converge - I Won't Let You Go.flac",SUSPECT,"hard cutoff at ~16704Hz, steep 26.9dB/kHz -> likely transcoded from 128kbps MP3",44100,16704,22050,26.9
"/home/adam/driveBig/Music/New unformated songs/Various Artists - Cyberpunk 2077 Radio, Vol. 1 (Original Soundtrack) (2020) [FLAC] [16B-44100kHz]/08. Aligns - Friday Night Fire Fight.flac",SUSPECT,"hard cutoff at ~16511Hz, steep 22.5dB/kHz -> likely transcoded from 128kbps MP3",44100,16511,22050,22.5
"/home/adam/driveBig/Music/New unformated songs/Various Artists - Cyberpunk 2077 Radio, Vol. 1 (Original Soundtrack) (2020) [FLAC] [16B-44100kHz]/09. Tomb Mold - Adaptive Manipulator.flac",SUSPECT,"hard cutoff at ~16527Hz, steep 28.7dB/kHz -> likely transcoded from 128kbps MP3",44100,16527,22050,28.7
"/home/adam/driveBig/Music/New unformated songs/Various Artists - Cyberpunk 2077 Radio, Vol. 1 (Original Soundtrack) (2020) [FLAC] [16B-44100kHz]/10. Deafkids - Selva Pulsátil.flac",SUSPECT,"hard cutoff at ~16311Hz, steep 24.5dB/kHz -> likely transcoded from 128kbps MP3",44100,16311,22050,24.5
"/home/adam/driveBig/Music/New unformated songs/Various Artists - Cyberpunk 2077 Radio, Vol. 2 (Original Soundtrack) (2020) [FLAC] [16B-44100kHz]/01. namakopuri - Ponpon Shit.flac",SUSPECT,"hard cutoff at ~16710Hz, steep 28.3dB/kHz -> likely transcoded from 128kbps MP3",44100,16710,22050,28.3
"/home/adam/driveBig/Music/New unformated songs/Various Artists - Cyberpunk 2077 Radio, Vol. 2 (Original Soundtrack) (2020) [FLAC] [16B-44100kHz]/02. Grimes - Delicate Weapon.flac",SUSPECT,"hard cutoff at ~16624Hz, steep 24.2dB/kHz -> likely transcoded from 128kbps MP3",44100,16624,22050,24.2
"/home/adam/driveBig/Music/New unformated songs/Various Artists - Cyberpunk 2077 Radio, Vol. 2 (Original Soundtrack) (2020) [FLAC] [16B-44100kHz]/03. RAT BOY - Who's Ready for Tomorrow.flac",SUSPECT,"hard cutoff at ~16710Hz, steep 24.8dB/kHz -> likely transcoded from 128kbps MP3",44100,16710,22050,24.8
"/home/adam/driveBig/Music/New unformated songs/Various Artists - Cyberpunk 2077 Radio, Vol. 2 (Original Soundtrack) (2020) [FLAC] [16B-44100kHz]/04. HEALTH - Major Crimes.flac",SUSPECT,"hard cutoff at ~16683Hz, steep 25.7dB/kHz -> likely transcoded from 128kbps MP3",44100,16683,22050,25.7
"/home/adam/driveBig/Music/New unformated songs/Various Artists - Cyberpunk 2077 Radio, Vol. 2 (Original Soundtrack) (2020) [FLAC] [16B-44100kHz]/05. Rosa Walton - I Really Want to Stay at Your House.flac",SUSPECT,"hard cutoff at ~16737Hz, steep 32.3dB/kHz -> likely transcoded from 128kbps MP3",44100,16737,22050,32.3
"/home/adam/driveBig/Music/New unformated songs/Various Artists - Cyberpunk 2077 Radio, Vol. 2 (Original Soundtrack) (2020) [FLAC] [16B-44100kHz]/06. Nina Kraviz - Surprise Me, I'm Surprised Today.flac",SUSPECT,"hard cutoff at ~16597Hz, steep 20.9dB/kHz -> likely transcoded from 128kbps MP3",44100,16597,22050,20.9
"/home/adam/driveBig/Music/New unformated songs/Various Artists - Cyberpunk 2077 Radio, Vol. 2 (Original Soundtrack) (2020) [FLAC] [16B-44100kHz]/07. Raney Shockne - Hole in the Sun (feat. COS & Conway) (Explicit).flac",SUSPECT,"hard cutoff at ~16710Hz, steep 29.9dB/kHz -> likely transcoded from 128kbps MP3",44100,16710,22050,29.9
"/home/adam/driveBig/Music/New unformated songs/Various Artists - Cyberpunk 2077 Radio, Vol. 2 (Original Soundtrack) (2020) [FLAC] [16B-44100kHz]/08. Gazelle Twin - History.flac",SUSPECT,"hard cutoff at ~16721Hz, steep 28.2dB/kHz -> likely transcoded from 128kbps MP3",44100,16721,22050,28.2
"/home/adam/driveBig/Music/New unformated songs/Various Artists - Cyberpunk 2077 Radio, Vol. 2 (Original Soundtrack) (2020) [FLAC] [16B-44100kHz]/09. Połoz - On My Way to Hell.flac",SUSPECT,"hard cutoff at ~16365Hz, steep 18.3dB/kHz -> likely transcoded from 128kbps MP3",44100,16365,22050,18.3
"/home/adam/driveBig/Music/New unformated songs/Various Artists - Cyberpunk 2077 Radio, Vol. 3 (Original Soundtrack) (2020) [FLAC] [16B-44100kHz]/01. Geno Lenardo - Suicide (feat. Zeale) (Explicit).flac",SUSPECT,"hard cutoff at ~16683Hz, steep 24.6dB/kHz -> likely transcoded from 128kbps MP3",44100,16683,22050,24.6
"/home/adam/driveBig/Music/New unformated songs/Various Artists - Cyberpunk 2077 Radio, Vol. 3 (Original Soundtrack) (2020) [FLAC] [16B-44100kHz]/02. Baron Black - RATATATA.flac",SUSPECT,"hard cutoff at ~16699Hz, steep 27.2dB/kHz -> likely transcoded from 128kbps MP3",44100,16699,22050,27.2
"/home/adam/driveBig/Music/New unformated songs/Various Artists - Cyberpunk 2077 Radio, Vol. 3 (Original Soundtrack) (2020) [FLAC] [16B-44100kHz]/03. RAT BOY - Likewise (Explicit).flac",SUSPECT,"hard cutoff at ~16564Hz, steep 20.5dB/kHz -> likely transcoded from 128kbps MP3",44100,16564,22050,20.5
"/home/adam/driveBig/Music/New unformated songs/Various Artists - Cyberpunk 2077 Radio, Vol. 3 (Original Soundtrack) (2020) [FLAC] [16B-44100kHz]/04. David Rolas - Muévelo (Explicit).flac",SUSPECT,"hard cutoff at ~16667Hz, steep 25.6dB/kHz -> likely transcoded from 128kbps MP3",44100,16667,22050,25.6
"/home/adam/driveBig/Music/New unformated songs/Various Artists - Cyberpunk 2077 Radio, Vol. 3 (Original Soundtrack) (2020) [FLAC] [16B-44100kHz]/05. namakopuri - User Friendly.flac",SUSPECT,"hard cutoff at ~16661Hz, steep 26.4dB/kHz -> likely transcoded from 128kbps MP3",44100,16661,22050,26.4
"/home/adam/driveBig/Music/New unformated songs/Various Artists - Cyberpunk 2077 Radio, Vol. 3 (Original Soundtrack) (2020) [FLAC] [16B-44100kHz]/06. r e l - Night City.flac",SUSPECT,"hard cutoff at ~16677Hz, steep 24.0dB/kHz -> likely transcoded from 128kbps MP3",44100,16677,22050,24
"/home/adam/driveBig/Music/New unformated songs/Various Artists - Cyberpunk 2077 Radio, Vol. 3 (Original Soundtrack) (2020) [FLAC] [16B-44100kHz]/07. Damian Ukeje - Chippin' In (Explicit).flac",SUSPECT,"hard cutoff at ~16069Hz, steep 16.9dB/kHz -> likely transcoded from 128kbps MP3",44100,16069,22050,16.9
"/home/adam/driveBig/Music/New unformated songs/Various Artists - Cyberpunk 2077 Radio, Vol. 3 (Original Soundtrack) (2020) [FLAC] [16B-44100kHz]/08. Le Destroy - Violence (Explicit).flac",SUSPECT,"hard cutoff at ~16661Hz, steep 28.1dB/kHz -> likely transcoded from 128kbps MP3",44100,16661,22050,28.1
"/home/adam/driveBig/Music/New unformated songs/Various Artists - Cyberpunk 2077 Radio, Vol. 3 (Original Soundtrack) (2020) [FLAC] [16B-44100kHz]/09. Steven Richard Davis - Run.flac",SUSPECT,"hard cutoff at ~16554Hz, steep 14.3dB/kHz -> likely transcoded from 128kbps MP3",44100,16554,22050,14.3
"/home/adam/driveBig/Music/New unformated songs/Various Artists - Cyberpunk 2077 Radio, Vol. 3 (Original Soundtrack) (2020) [FLAC] [16B-44100kHz]/10. Konrad Oldmoney - Tatted On My Face (feat. 37 Heartbreak) (Explicit).flac",SUSPECT,"hard cutoff at ~16607Hz, steep 16.1dB/kHz -> likely transcoded from 128kbps MP3",44100,16607,22050,16.1
"/home/adam/driveBig/Music/New unformated songs/Various Artists - Cyberpunk 2077 Radio, Vol. 3 (Original Soundtrack) (2020) [FLAC] [16B-44100kHz]/11. Rezodrone - Resist and Disorder.flac",SUSPECT,"hard cutoff at ~15994Hz, steep 14.2dB/kHz -> likely transcoded from 128kbps MP3",44100,15994,22050,14.2
"/home/adam/driveBig/Music/New unformated songs/Various Artists - Cyberpunk 2077 Radio, Vol. 3 (Original Soundtrack) (2020) [FLAC] [16B-44100kHz]/12. Sebastian Robertson - Dead Pilot.flac",SUSPECT,"hard cutoff at ~16559Hz, steep 18.6dB/kHz -> likely transcoded from 128kbps MP3",44100,16559,22050,18.6
/home/adam/driveBig/Music/New unformated songs/Various Artists - Scott Pilgrim vs. the World (Original Motion Picture Soundtrack) (2010) [FLAC] [16B-44100kHz]/01. Sex Bob-Omb - We Are Sex Bob-Omb.flac,SUSPECT,"hard cutoff at ~16828Hz, steep 34.2dB/kHz -> likely transcoded from 128kbps MP3",44100,16828,22050,34.2
/home/adam/driveBig/Music/New unformated songs/Various Artists - Scott Pilgrim vs. the World (Original Motion Picture Soundtrack) (2010) [FLAC] [16B-44100kHz]/02. Plumtree - Scott Pilgrim.flac,SUSPECT,"hard cutoff at ~16634Hz, steep 28.1dB/kHz -> likely transcoded from 128kbps MP3",44100,16634,22050,28.1
/home/adam/driveBig/Music/New unformated songs/Various Artists - Scott Pilgrim vs. the World (Original Motion Picture Soundtrack) (2010) [FLAC] [16B-44100kHz]/03. Frank Black - I Heard Ramona Sing.flac,SUSPECT,"hard cutoff at ~16721Hz, steep 29.0dB/kHz -> likely transcoded from 128kbps MP3",44100,16721,22050,29
/home/adam/driveBig/Music/New unformated songs/Various Artists - Scott Pilgrim vs. the World (Original Motion Picture Soundtrack) (2010) [FLAC] [16B-44100kHz]/04. Beachwood Sparks - By Your Side.flac,SUSPECT,"hard cutoff at ~16737Hz, steep 31.8dB/kHz -> likely transcoded from 128kbps MP3",44100,16737,22050,31.8
/home/adam/driveBig/Music/New unformated songs/Various Artists - Scott Pilgrim vs. the World (Original Motion Picture Soundtrack) (2010) [FLAC] [16B-44100kHz]/05. Black Lips - O Katrina!.flac,SUSPECT,"hard cutoff at ~16624Hz, steep 18.8dB/kHz -> likely transcoded from 128kbps MP3",44100,16624,22050,18.8
"/home/adam/driveBig/Music/New unformated songs/Various Artists - Scott Pilgrim vs. the World (Original Motion Picture Soundtrack) (2010) [FLAC] [16B-44100kHz]/06. Crash and the Boys - I'm So Sad, So Very, Very, Sad.flac",SUSPECT,"hard cutoff at ~16602Hz, steep 25.4dB/kHz -> likely transcoded from 128kbps MP3",44100,16602,22050,25.4
/home/adam/driveBig/Music/New unformated songs/Various Artists - Scott Pilgrim vs. the World (Original Motion Picture Soundtrack) (2010) [FLAC] [16B-44100kHz]/07. Crash and the Boys - We Hate You Please Die.flac,SUSPECT,"hard cutoff at ~16247Hz, steep 25.6dB/kHz -> likely transcoded from 128kbps MP3",44100,16247,22050,25.6
/home/adam/driveBig/Music/New unformated songs/Various Artists - Scott Pilgrim vs. the World (Original Motion Picture Soundtrack) (2010) [FLAC] [16B-44100kHz]/08. Sex Bob-Omb - Garbage Truck.flac,SUSPECT,"hard cutoff at ~16764Hz, steep 31.0dB/kHz -> likely transcoded from 128kbps MP3",44100,16764,22050,31
/home/adam/driveBig/Music/New unformated songs/Various Artists - Scott Pilgrim vs. the World (Original Motion Picture Soundtrack) (2010) [FLAC] [16B-44100kHz]/09. T. Rex - Teenage Dream.flac,SUSPECT,"hard cutoff at ~16591Hz, steep 25.4dB/kHz -> likely transcoded from 128kbps MP3",44100,16591,22050,25.4
/home/adam/driveBig/Music/New unformated songs/Various Artists - Scott Pilgrim vs. the World (Original Motion Picture Soundtrack) (2010) [FLAC] [16B-44100kHz]/10. The Bluetones - Sleazy Bed Track.flac,SUSPECT,"hard cutoff at ~16672Hz, steep 26.0dB/kHz -> likely transcoded from 128kbps MP3",44100,16672,22050,26
/home/adam/driveBig/Music/New unformated songs/Various Artists - Scott Pilgrim vs. the World (Original Motion Picture Soundtrack) (2010) [FLAC] [16B-44100kHz]/11. Blood Red Shoes - It's Getting Boring By The Sea.flac,SUSPECT,"hard cutoff at ~16457Hz, steep 23.4dB/kHz -> likely transcoded from 128kbps MP3",44100,16457,22050,23.4
/home/adam/driveBig/Music/New unformated songs/Various Artists - Scott Pilgrim vs. the World (Original Motion Picture Soundtrack) (2010) [FLAC] [16B-44100kHz]/12. Metric - Black Sheep.flac,SUSPECT,"hard cutoff at ~16699Hz, steep 24.3dB/kHz -> likely transcoded from 128kbps MP3",44100,16699,22050,24.3
/home/adam/driveBig/Music/New unformated songs/Various Artists - Scott Pilgrim vs. the World (Original Motion Picture Soundtrack) (2010) [FLAC] [16B-44100kHz]/13. Sex Bob-Omb - Threshold.flac,SUSPECT,"hard cutoff at ~16834Hz, steep 33.6dB/kHz -> likely transcoded from 128kbps MP3",44100,16834,22050,33.6
/home/adam/driveBig/Music/New unformated songs/Various Artists - Scott Pilgrim vs. the World (Original Motion Picture Soundtrack) (2010) [FLAC] [16B-44100kHz]/14. Broken Social Scene - Anthems For A Seventeen Year-Old Girl.flac,SUSPECT,"hard cutoff at ~16527Hz, steep 24.4dB/kHz -> likely transcoded from 128kbps MP3",44100,16527,22050,24.4
/home/adam/driveBig/Music/New unformated songs/Various Artists - Scott Pilgrim vs. the World (Original Motion Picture Soundtrack) (2010) [FLAC] [16B-44100kHz]/15. The Rolling Stones - Under My Thumb.flac,SUSPECT,"hard cutoff at ~16527Hz, steep 19.7dB/kHz -> likely transcoded from 128kbps MP3",44100,16527,22050,19.7
/home/adam/driveBig/Music/New unformated songs/Various Artists - Scott Pilgrim vs. the World (Original Motion Picture Soundtrack) (2010) [FLAC] [16B-44100kHz]/16. Beck - Ramona (Acoustic Version).flac,SUSPECT,"hard cutoff at ~16672Hz, steep 22.7dB/kHz -> likely transcoded from 128kbps MP3",44100,16672,22050,22.7
/home/adam/driveBig/Music/New unformated songs/Various Artists - Scott Pilgrim vs. the World (Original Motion Picture Soundtrack) (2010) [FLAC] [16B-44100kHz]/17. Beck - Ramona.flac,SUSPECT,"hard cutoff at ~16634Hz, steep 25.4dB/kHz -> likely transcoded from 128kbps MP3",44100,16634,22050,25.4
/home/adam/driveBig/Music/New unformated songs/Various Artists - Scott Pilgrim vs. the World (Original Motion Picture Soundtrack) (2010) [FLAC] [16B-44100kHz]/18. Sex Bob-Omb - Summertime.flac,SUSPECT,"hard cutoff at ~16774Hz, steep 32.0dB/kHz -> likely transcoded from 128kbps MP3",44100,16774,22050,32
/home/adam/driveBig/Music/New unformated songs/Various Artists - Scott Pilgrim vs. the World (Original Motion Picture Soundtrack) (2010) [FLAC] [16B-44100kHz]/19. Brian LeBarton - Threshold (8 Bit).flac,SUSPECT,"hard cutoff at ~16527Hz, steep 26.5dB/kHz -> likely transcoded from 128kbps MP3",44100,16527,22050,26.5
/home/adam/driveBig/Music/New unformated songs/Violet Grohl - Be Sweet To Me (2026) [FLAC] [16B-44100kHz]/01. Violet Grohl - THUM.flac,SUSPECT,"hard cutoff at ~16516Hz, steep 19.9dB/kHz -> likely transcoded from 128kbps MP3",44100,16516,22050,19.9
/home/adam/driveBig/Music/New unformated songs/Violet Grohl - Be Sweet To Me (2026) [FLAC] [16B-44100kHz]/02. Violet Grohl - 595.flac,SUSPECT,"hard cutoff at ~16613Hz, steep 23.7dB/kHz -> likely transcoded from 128kbps MP3",44100,16613,22050,23.7
/home/adam/driveBig/Music/New unformated songs/Violet Grohl - Be Sweet To Me (2026) [FLAC] [16B-44100kHz]/03. Violet Grohl - Bug In The Cake.flac,SUSPECT,"hard cutoff at ~16489Hz, steep 20.8dB/kHz -> likely transcoded from 128kbps MP3",44100,16489,22050,20.8
/home/adam/driveBig/Music/New unformated songs/Violet Grohl - Be Sweet To Me (2026) [FLAC] [16B-44100kHz]/04. Violet Grohl - Last Day I Loved You.flac,SUSPECT,"hard cutoff at ~16554Hz, steep 23.6dB/kHz -> likely transcoded from 128kbps MP3",44100,16554,22050,23.6
/home/adam/driveBig/Music/New unformated songs/Violet Grohl - Be Sweet To Me (2026) [FLAC] [16B-44100kHz]/05. Violet Grohl - Big Memory.flac,SUSPECT,"hard cutoff at ~16559Hz, steep 22.1dB/kHz -> likely transcoded from 128kbps MP3",44100,16559,22050,22.1
/home/adam/driveBig/Music/New unformated songs/Violet Grohl - Be Sweet To Me (2026) [FLAC] [16B-44100kHz]/06. Violet Grohl - Mobile Star.flac,SUSPECT,"hard cutoff at ~16069Hz, steep 18.8dB/kHz -> likely transcoded from 128kbps MP3",44100,16069,22050,18.8
/home/adam/driveBig/Music/New unformated songs/Violet Grohl - Be Sweet To Me (2026) [FLAC] [16B-44100kHz]/07. Violet Grohl - Often Others.flac,SUSPECT,"hard cutoff at ~16478Hz, steep 18.5dB/kHz -> likely transcoded from 128kbps MP3",44100,16478,22050,18.5
/home/adam/driveBig/Music/New unformated songs/Violet Grohl - Be Sweet To Me (2026) [FLAC] [16B-44100kHz]/08. Violet Grohl - Applefish.flac,SUSPECT,"hard cutoff at ~16532Hz, steep 18.1dB/kHz -> likely transcoded from 128kbps MP3",44100,16532,22050,18.1
/home/adam/driveBig/Music/New unformated songs/Violet Grohl - Be Sweet To Me (2026) [FLAC] [16B-44100kHz]/09. Violet Grohl - Cool Buzz.flac,SUSPECT,"hard cutoff at ~16532Hz, steep 18.9dB/kHz -> likely transcoded from 128kbps MP3",44100,16532,22050,18.9
/home/adam/driveBig/Music/New unformated songs/Violet Grohl - Be Sweet To Me (2026) [FLAC] [16B-44100kHz]/10. Violet Grohl - Pool Of My Dreams.flac,SUSPECT,"hard cutoff at ~16527Hz, steep 23.3dB/kHz -> likely transcoded from 128kbps MP3",44100,16527,22050,23.3
/home/adam/driveBig/Music/New unformated songs/Violet Grohl - Be Sweet To Me (2026) [FLAC] [16B-44100kHz]/11. Violet Grohl - Plastic Couch.flac,SUSPECT,"hard cutoff at ~16096Hz, steep 16.5dB/kHz -> likely transcoded from 128kbps MP3",44100,16096,22050,16.5
/home/adam/driveBig/Music/New unformated songs/Weezer - Make Believe (2007) [FLAC] [16B-44100kHz]/01. Weezer - Beverly Hills.flac,SUSPECT,"hard cutoff at ~16618Hz, steep 19.4dB/kHz -> likely transcoded from 128kbps MP3",44100,16618,22050,19.4
/home/adam/driveBig/Music/New unformated songs/Weezer - Make Believe (2007) [FLAC] [16B-44100kHz]/02. Weezer - Perfect Situation.flac,SUSPECT,"hard cutoff at ~16607Hz, steep 25.4dB/kHz -> likely transcoded from 128kbps MP3",44100,16607,22050,25.4
/home/adam/driveBig/Music/New unformated songs/Weezer - Make Believe (2007) [FLAC] [16B-44100kHz]/03. Weezer - This Is Such A Pity.flac,SUSPECT,"hard cutoff at ~16516Hz, steep 19.6dB/kHz -> likely transcoded from 128kbps MP3",44100,16516,22050,19.6
/home/adam/driveBig/Music/New unformated songs/Weezer - Make Believe (2007) [FLAC] [16B-44100kHz]/04. Weezer - Hold Me.flac,SUSPECT,"hard cutoff at ~16478Hz, steep 20.0dB/kHz -> likely transcoded from 128kbps MP3",44100,16478,22050,20
/home/adam/driveBig/Music/New unformated songs/Weezer - Make Believe (2007) [FLAC] [16B-44100kHz]/05. Weezer - Peace.flac,SUSPECT,"hard cutoff at ~16494Hz, steep 18.6dB/kHz -> likely transcoded from 128kbps MP3",44100,16494,22050,18.6
/home/adam/driveBig/Music/New unformated songs/Weezer - Make Believe (2007) [FLAC] [16B-44100kHz]/06. Weezer - We Are All On Drugs.flac,SUSPECT,"hard cutoff at ~16597Hz, steep 21.2dB/kHz -> likely transcoded from 128kbps MP3",44100,16597,22050,21.2
/home/adam/driveBig/Music/New unformated songs/Weezer - Make Believe (2007) [FLAC] [16B-44100kHz]/07. Weezer - The Damage In Your Heart.flac,SUSPECT,"hard cutoff at ~16473Hz, steep 22.7dB/kHz -> likely transcoded from 128kbps MP3",44100,16473,22050,22.7
/home/adam/driveBig/Music/New unformated songs/Weezer - Make Believe (2007) [FLAC] [16B-44100kHz]/08. Weezer - Pardon Me.flac,SUSPECT,"hard cutoff at ~16607Hz, steep 22.4dB/kHz -> likely transcoded from 128kbps MP3",44100,16607,22050,22.4
/home/adam/driveBig/Music/New unformated songs/Weezer - Make Believe (2007) [FLAC] [16B-44100kHz]/09. Weezer - My Best Friend.flac,SUSPECT,"hard cutoff at ~16570Hz, steep 20.6dB/kHz -> likely transcoded from 128kbps MP3",44100,16570,22050,20.6
/home/adam/driveBig/Music/New unformated songs/Weezer - Make Believe (2007) [FLAC] [16B-44100kHz]/10. Weezer - The Other Way.flac,SUSPECT,"hard cutoff at ~16484Hz, steep 20.9dB/kHz -> likely transcoded from 128kbps MP3",44100,16484,22050,20.9
/home/adam/driveBig/Music/New unformated songs/Weezer - Make Believe (2007) [FLAC] [16B-44100kHz]/11. Weezer - Freak Me Out.flac,SUSPECT,"hard cutoff at ~16629Hz, steep 22.4dB/kHz -> likely transcoded from 128kbps MP3",44100,16629,22050,22.4
/home/adam/driveBig/Music/New unformated songs/Weezer - Make Believe (2007) [FLAC] [16B-44100kHz]/12. Weezer - Haunt You Every Day.flac,SUSPECT,"hard cutoff at ~16150Hz, steep 17.6dB/kHz -> likely transcoded from 128kbps MP3",44100,16150,22050,17.6
/home/adam/driveBig/Music/New unformated songs/Weezer - Pinkerton (1996) [FLAC] [16B-44100kHz]/01. Weezer - Tired Of Sex.flac,SUSPECT,"hard cutoff at ~16640Hz, steep 27.4dB/kHz -> likely transcoded from 128kbps MP3",44100,16640,22050,27.4
/home/adam/driveBig/Music/New unformated songs/Weezer - Pinkerton (1996) [FLAC] [16B-44100kHz]/02. Weezer - Getchoo.flac,SUSPECT,"hard cutoff at ~16721Hz, steep 31.8dB/kHz -> likely transcoded from 128kbps MP3",44100,16721,22050,31.8
/home/adam/driveBig/Music/New unformated songs/Weezer - Pinkerton (1996) [FLAC] [16B-44100kHz]/03. Weezer - No Other One.flac,SUSPECT,"hard cutoff at ~16581Hz, steep 22.8dB/kHz -> likely transcoded from 128kbps MP3",44100,16581,22050,22.8
/home/adam/driveBig/Music/New unformated songs/Weezer - Pinkerton (1996) [FLAC] [16B-44100kHz]/04. Weezer - Why Bother.flac,SUSPECT,"hard cutoff at ~16607Hz, steep 25.3dB/kHz -> likely transcoded from 128kbps MP3",44100,16607,22050,25.3
/home/adam/driveBig/Music/New unformated songs/Weezer - Pinkerton (1996) [FLAC] [16B-44100kHz]/05. Weezer - Across The Sea.flac,SUSPECT,"hard cutoff at ~16629Hz, steep 24.8dB/kHz -> likely transcoded from 128kbps MP3",44100,16629,22050,24.8
/home/adam/driveBig/Music/New unformated songs/Weezer - Pinkerton (1996) [FLAC] [16B-44100kHz]/06. Weezer - The Good Life (Explicit).flac,SUSPECT,"hard cutoff at ~16645Hz, steep 25.0dB/kHz -> likely transcoded from 128kbps MP3",44100,16645,22050,25
/home/adam/driveBig/Music/New unformated songs/Weezer - Pinkerton (1996) [FLAC] [16B-44100kHz]/07. Weezer - El Scorcho.flac,SUSPECT,"hard cutoff at ~16634Hz, steep 24.5dB/kHz -> likely transcoded from 128kbps MP3",44100,16634,22050,24.5
/home/adam/driveBig/Music/New unformated songs/Weezer - Pinkerton (1996) [FLAC] [16B-44100kHz]/08. Weezer - Pink Triangle.flac,SUSPECT,"hard cutoff at ~16699Hz, steep 27.8dB/kHz -> likely transcoded from 128kbps MP3",44100,16699,22050,27.8
/home/adam/driveBig/Music/New unformated songs/Weezer - Pinkerton (1996) [FLAC] [16B-44100kHz]/09. Weezer - Falling For You.flac,SUSPECT,"hard cutoff at ~16640Hz, steep 25.2dB/kHz -> likely transcoded from 128kbps MP3",44100,16640,22050,25.2
/home/adam/driveBig/Music/New unformated songs/Weezer - Pinkerton (1996) [FLAC] [16B-44100kHz]/10. Weezer - Butterfly.flac,SUSPECT,"hard cutoff at ~16747Hz, steep 27.6dB/kHz -> likely transcoded from 128kbps MP3",44100,16747,22050,27.6
/home/adam/driveBig/Music/New unformated songs/Wet Leg - Wet Leg (2022) [FLAC] [16B-44100kHz]/01. Wet Leg - Being In Love (Explicit).flac,SUSPECT,"hard cutoff at ~16618Hz, steep 27.9dB/kHz -> likely transcoded from 128kbps MP3",44100,16618,22050,27.9
/home/adam/driveBig/Music/New unformated songs/Wet Leg - Wet Leg (2022) [FLAC] [16B-44100kHz]/02. Wet Leg - Chaise Longue.flac,SUSPECT,"hard cutoff at ~16597Hz, steep 27.2dB/kHz -> likely transcoded from 128kbps MP3",44100,16597,22050,27.2
/home/adam/driveBig/Music/New unformated songs/Wet Leg - Wet Leg (2022) [FLAC] [16B-44100kHz]/03. Wet Leg - Angelica.flac,SUSPECT,"hard cutoff at ~16640Hz, steep 25.9dB/kHz -> likely transcoded from 128kbps MP3",44100,16640,22050,25.9
/home/adam/driveBig/Music/New unformated songs/Wet Leg - Wet Leg (2022) [FLAC] [16B-44100kHz]/04. Wet Leg - I Don't Wanna Go Out (Explicit).flac,SUSPECT,"hard cutoff at ~16753Hz, steep 30.1dB/kHz -> likely transcoded from 128kbps MP3",44100,16753,22050,30.1
/home/adam/driveBig/Music/New unformated songs/Wet Leg - Wet Leg (2022) [FLAC] [16B-44100kHz]/05. Wet Leg - Wet Dream.flac,SUSPECT,"hard cutoff at ~16742Hz, steep 28.1dB/kHz -> likely transcoded from 128kbps MP3",44100,16742,22050,28.1
/home/adam/driveBig/Music/New unformated songs/Wet Leg - Wet Leg (2022) [FLAC] [16B-44100kHz]/06. Wet Leg - Convincing (Explicit).flac,SUSPECT,"hard cutoff at ~16538Hz, steep 21.9dB/kHz -> likely transcoded from 128kbps MP3",44100,16538,22050,21.9
/home/adam/driveBig/Music/New unformated songs/Wet Leg - Wet Leg (2022) [FLAC] [16B-44100kHz]/07. Wet Leg - Loving You (Explicit).flac,SUSPECT,"hard cutoff at ~16575Hz, steep 20.6dB/kHz -> likely transcoded from 128kbps MP3",44100,16575,22050,20.6
/home/adam/driveBig/Music/New unformated songs/Wet Leg - Wet Leg (2022) [FLAC] [16B-44100kHz]/08. Wet Leg - Ur Mum (Explicit).flac,SUSPECT,"hard cutoff at ~16672Hz, steep 26.2dB/kHz -> likely transcoded from 128kbps MP3",44100,16672,22050,26.2
/home/adam/driveBig/Music/New unformated songs/Wet Leg - Wet Leg (2022) [FLAC] [16B-44100kHz]/09. Wet Leg - Oh No (Explicit).flac,SUSPECT,"hard cutoff at ~16473Hz, steep 20.5dB/kHz -> likely transcoded from 128kbps MP3",44100,16473,22050,20.5
/home/adam/driveBig/Music/New unformated songs/Wet Leg - Wet Leg (2022) [FLAC] [16B-44100kHz]/10. Wet Leg - Piece Of Shit (Explicit).flac,SUSPECT,"hard cutoff at ~16645Hz, steep 24.2dB/kHz -> likely transcoded from 128kbps MP3",44100,16645,22050,24.2
/home/adam/driveBig/Music/New unformated songs/Wet Leg - Wet Leg (2022) [FLAC] [16B-44100kHz]/11. Wet Leg - Supermarket (Explicit).flac,SUSPECT,"hard cutoff at ~16564Hz, steep 19.6dB/kHz -> likely transcoded from 128kbps MP3",44100,16564,22050,19.6
/home/adam/driveBig/Music/New unformated songs/Wet Leg - Wet Leg (2022) [FLAC] [16B-44100kHz]/12. Wet Leg - Too Late Now (Explicit).flac,SUSPECT,"hard cutoff at ~16527Hz, steep 22.1dB/kHz -> likely transcoded from 128kbps MP3",44100,16527,22050,22.1
/home/adam/driveBig/Music/New unformated songs/Where's Jai - Avenues (2024) [FLAC] [16B-44100kHz]/01. Where's Jai - Killing off Dreams.flac,SUSPECT,"hard cutoff at ~16704Hz, steep 26.4dB/kHz -> likely transcoded from 128kbps MP3",44100,16704,22050,26.4
/home/adam/driveBig/Music/New unformated songs/Where's Jai - Avenues (2024) [FLAC] [16B-44100kHz]/02. Where's Jai - Citrus Mistress.flac,SUSPECT,"hard cutoff at ~16683Hz, steep 26.6dB/kHz -> likely transcoded from 128kbps MP3",44100,16683,22050,26.6
/home/adam/driveBig/Music/New unformated songs/Where's Jai - Avenues (2024) [FLAC] [16B-44100kHz]/03. Where's Jai - Stuck in Time.flac,SUSPECT,"hard cutoff at ~16570Hz, steep 23.8dB/kHz -> likely transcoded from 128kbps MP3",44100,16570,22050,23.8
/home/adam/driveBig/Music/New unformated songs/Where's Jai - Avenues (2024) [FLAC] [16B-44100kHz]/04. Where's Jai - Pull Me In.flac,SUSPECT,"hard cutoff at ~16677Hz, steep 25.1dB/kHz -> likely transcoded from 128kbps MP3",44100,16677,22050,25.1
/home/adam/driveBig/Music/New unformated songs/Where's Jai - Avenues (2024) [FLAC] [16B-44100kHz]/05. Where's Jai - Tyler's Apology (Demo).flac,SUSPECT,"hard cutoff at ~16742Hz, steep 29.3dB/kHz -> likely transcoded from 128kbps MP3",44100,16742,22050,29.3
/home/adam/driveBig/Music/New unformated songs/Where's Jai - Chaos You Started (2022) [FLAC] [16B-44100kHz]/01. Where's Jai - Chaos You Started.flac,SUSPECT,"hard cutoff at ~16527Hz, steep 15.9dB/kHz -> likely transcoded from 128kbps MP3",44100,16527,22050,15.9
/home/adam/driveBig/Music/New unformated songs/Where's Jai - Fresh Out Of Air (2025) [FLAC] [16B-44100kHz]/01. Where's Jai - Greenhouse.flac,SUSPECT,"hard cutoff at ~16710Hz, steep 25.2dB/kHz -> likely transcoded from 128kbps MP3",44100,16710,22050,25.2
/home/adam/driveBig/Music/New unformated songs/Where's Jai - Fresh Out Of Air (2025) [FLAC] [16B-44100kHz]/02. Where's Jai - The Square.flac,SUSPECT,"hard cutoff at ~16661Hz, steep 22.9dB/kHz -> likely transcoded from 128kbps MP3",44100,16661,22050,22.9
/home/adam/driveBig/Music/New unformated songs/Where's Jai - Fresh Out Of Air (2025) [FLAC] [16B-44100kHz]/03. Where's Jai - Call Me Tonight.flac,SUSPECT,"hard cutoff at ~16602Hz, steep 20.5dB/kHz -> likely transcoded from 128kbps MP3",44100,16602,22050,20.5
/home/adam/driveBig/Music/New unformated songs/Where's Jai - Fresh Out Of Air (2025) [FLAC] [16B-44100kHz]/04. Where's Jai - Tell Me.flac,SUSPECT,"hard cutoff at ~16489Hz, steep 18.7dB/kHz -> likely transcoded from 128kbps MP3",44100,16489,22050,18.7
/home/adam/driveBig/Music/New unformated songs/Where's Jai - Fresh Out Of Air (2025) [FLAC] [16B-44100kHz]/05. Where's Jai - Ka - Cash (Explicit).flac,SUSPECT,"hard cutoff at ~16661Hz, steep 24.8dB/kHz -> likely transcoded from 128kbps MP3",44100,16661,22050,24.8
/home/adam/driveBig/Music/New unformated songs/Where's Jai - Fresh Out Of Air (2025) [FLAC] [16B-44100kHz]/06. Where's Jai - Hudson.flac,SUSPECT,"hard cutoff at ~16613Hz, steep 19.9dB/kHz -> likely transcoded from 128kbps MP3",44100,16613,22050,19.9
/home/adam/driveBig/Music/New unformated songs/Where's Jai - Fresh Out Of Air (2025) [FLAC] [16B-44100kHz]/07. Where's Jai - Rosaline (Explicit).flac,SUSPECT,"hard cutoff at ~16688Hz, steep 24.7dB/kHz -> likely transcoded from 128kbps MP3",44100,16688,22050,24.7
/home/adam/driveBig/Music/New unformated songs/Where's Jai - Fresh Out Of Air (2025) [FLAC] [16B-44100kHz]/08. Where's Jai - War Underwater.flac,SUSPECT,"hard cutoff at ~16607Hz, steep 21.2dB/kHz -> likely transcoded from 128kbps MP3",44100,16607,22050,21.2
/home/adam/driveBig/Music/New unformated songs/Where's Jai - Fresh Out Of Air (2025) [FLAC] [16B-44100kHz]/09. Where's Jai - Skinny Love.flac,SUSPECT,"hard cutoff at ~16737Hz, steep 23.3dB/kHz -> likely transcoded from 128kbps MP3",44100,16737,22050,23.3
/home/adam/driveBig/Music/New unformated songs/Where's Jai - Fresh Out Of Air (2025) [FLAC] [16B-44100kHz]/10. Where's Jai - Fresh Out Of Air.flac,SUSPECT,"hard cutoff at ~16656Hz, steep 25.2dB/kHz -> likely transcoded from 128kbps MP3",44100,16656,22050,25.2
/home/adam/driveBig/Music/New unformated songs/Where's Jai - Perfect Crime (2023) [FLAC] [16B-44100kHz]/01. Where's Jai - Perfect Crime.flac,SUSPECT,"hard cutoff at ~16634Hz, steep 23.0dB/kHz -> likely transcoded from 128kbps MP3",44100,16634,22050,23
/home/adam/driveBig/Music/New unformated songs/WILLOW - ARDIPITHECUS (2015) [FLAC] [16B-44100kHz]/01. WILLOW - Organization & Classification.flac,SUSPECT,"hard cutoff at ~16715Hz, steep 25.8dB/kHz -> likely transcoded from 128kbps MP3",44100,16715,22050,25.8
/home/adam/driveBig/Music/New unformated songs/WILLOW - ARDIPITHECUS (2015) [FLAC] [16B-44100kHz]/02. WILLOW - Natives of the Windy Forest.flac,SUSPECT,"hard cutoff at ~16538Hz, steep 25.5dB/kHz -> likely transcoded from 128kbps MP3",44100,16538,22050,25.5
/home/adam/driveBig/Music/New unformated songs/WILLOW - ARDIPITHECUS (2015) [FLAC] [16B-44100kHz]/03. WILLOW - dRuGz.flac,SUSPECT,"hard cutoff at ~16753Hz, steep 29.5dB/kHz -> likely transcoded from 128kbps MP3",44100,16753,22050,29.5
/home/adam/driveBig/Music/New unformated songs/WILLOW - ARDIPITHECUS (2015) [FLAC] [16B-44100kHz]/04. WILLOW - Cycles.flac,SUSPECT,"hard cutoff at ~16645Hz, steep 22.4dB/kHz -> likely transcoded from 128kbps MP3",44100,16645,22050,22.4
/home/adam/driveBig/Music/New unformated songs/WILLOW - ARDIPITHECUS (2015) [FLAC] [16B-44100kHz]/05. WILLOW - F Q-­C #8.flac,SUSPECT,"hard cutoff at ~16559Hz, steep 18.8dB/kHz -> likely transcoded from 128kbps MP3",44100,16559,22050,18.8
/home/adam/driveBig/Music/New unformated songs/WILLOW - ARDIPITHECUS (2015) [FLAC] [16B-44100kHz]/06. WILLOW - Not So Different.flac,SUSPECT,"hard cutoff at ~16365Hz, steep 17.8dB/kHz -> likely transcoded from 128kbps MP3",44100,16365,22050,17.8
/home/adam/driveBig/Music/New unformated songs/WILLOW - ARDIPITHECUS (2015) [FLAC] [16B-44100kHz]/07. WILLOW - IDK.flac,SUSPECT,"hard cutoff at ~16710Hz, steep 30.3dB/kHz -> likely transcoded from 128kbps MP3",44100,16710,22050,30.3
/home/adam/driveBig/Music/New unformated songs/WILLOW - ARDIPITHECUS (2015) [FLAC] [16B-44100kHz]/08. WILLOW - RANDOMSONG.flac,SUSPECT,"hard cutoff at ~16645Hz, steep 21.9dB/kHz -> likely transcoded from 128kbps MP3",44100,16645,22050,21.9
/home/adam/driveBig/Music/New unformated songs/WILLOW - ARDIPITHECUS (2015) [FLAC] [16B-44100kHz]/09. WILLOW - Marceline.flac,SUSPECT,"hard cutoff at ~16677Hz, steep 26.6dB/kHz -> likely transcoded from 128kbps MP3",44100,16677,22050,26.6
/home/adam/driveBig/Music/New unformated songs/WILLOW - ARDIPITHECUS (2015) [FLAC] [16B-44100kHz]/10. WILLOW - Marceline PT. 2.flac,SUSPECT,"hard cutoff at ~16667Hz, steep 22.3dB/kHz -> likely transcoded from 128kbps MP3",44100,16667,22050,22.3
/home/adam/driveBig/Music/New unformated songs/WILLOW - ARDIPITHECUS (2015) [FLAC] [16B-44100kHz]/11. WILLOW - UR Town.flac,SUSPECT,"hard cutoff at ~16478Hz, steep 19.8dB/kHz -> likely transcoded from 128kbps MP3",44100,16478,22050,19.8
/home/adam/driveBig/Music/New unformated songs/WILLOW - ARDIPITHECUS (2015) [FLAC] [16B-44100kHz]/12. WILLOW - Star.flac,SUSPECT,"hard cutoff at ~16699Hz, steep 23.3dB/kHz -> likely transcoded from 128kbps MP3",44100,16699,22050,23.3
/home/adam/driveBig/Music/New unformated songs/WILLOW - ARDIPITHECUS (2015) [FLAC] [16B-44100kHz]/13. WILLOW - Wait a Minute!.flac,SUSPECT,"hard cutoff at ~16672Hz, steep 24.8dB/kHz -> likely transcoded from 128kbps MP3",44100,16672,22050,24.8
/home/adam/driveBig/Music/New unformated songs/WILLOW - ARDIPITHECUS (2015) [FLAC] [16B-44100kHz]/14. WILLOW - Waves of Nature.flac,SUSPECT,"hard cutoff at ~16699Hz, steep 24.9dB/kHz -> likely transcoded from 128kbps MP3",44100,16699,22050,24.9
/home/adam/driveBig/Music/New unformated songs/WILLOW - ARDIPITHECUS (2015) [FLAC] [16B-44100kHz]/15. WILLOW - Why Don't You Cry.flac,SUSPECT,"hard cutoff at ~16543Hz, steep 20.5dB/kHz -> likely transcoded from 128kbps MP3",44100,16543,22050,20.5
/home/adam/driveBig/Music/New unformated songs/Wolf Alice - Blue Weekend (2021) [FLAC] [16B-44100kHz]/01. Wolf Alice - The Beach (Explicit).flac,SUSPECT,"hard cutoff at ~16532Hz, steep 21.8dB/kHz -> likely transcoded from 128kbps MP3",44100,16532,22050,21.8
/home/adam/driveBig/Music/New unformated songs/Wolf Alice - Blue Weekend (2021) [FLAC] [16B-44100kHz]/02. Wolf Alice - Delicious Things.flac,SUSPECT,"hard cutoff at ~16645Hz, steep 26.3dB/kHz -> likely transcoded from 128kbps MP3",44100,16645,22050,26.3
/home/adam/driveBig/Music/New unformated songs/Wolf Alice - Blue Weekend (2021) [FLAC] [16B-44100kHz]/03. Wolf Alice - Lipstick On The Glass.flac,SUSPECT,"hard cutoff at ~16591Hz, steep 21.7dB/kHz -> likely transcoded from 128kbps MP3",44100,16591,22050,21.7
/home/adam/driveBig/Music/New unformated songs/Wolf Alice - Blue Weekend (2021) [FLAC] [16B-44100kHz]/04. Wolf Alice - Smile (Explicit).flac,SUSPECT,"hard cutoff at ~16661Hz, steep 23.1dB/kHz -> likely transcoded from 128kbps MP3",44100,16661,22050,23.1
/home/adam/driveBig/Music/New unformated songs/Wolf Alice - Blue Weekend (2021) [FLAC] [16B-44100kHz]/05. Wolf Alice - Safe From Heartbreak (if you never fall in love) (Explicit).flac,SUSPECT,"hard cutoff at ~16564Hz, steep 28.7dB/kHz -> likely transcoded from 128kbps MP3",44100,16564,22050,28.7
/home/adam/driveBig/Music/New unformated songs/Wolf Alice - Blue Weekend (2021) [FLAC] [16B-44100kHz]/06. Wolf Alice - How Can I Make It OK.flac,SUSPECT,"hard cutoff at ~16624Hz, steep 20.2dB/kHz -> likely transcoded from 128kbps MP3",44100,16624,22050,20.2
/home/adam/driveBig/Music/New unformated songs/Wolf Alice - Blue Weekend (2021) [FLAC] [16B-44100kHz]/07. Wolf Alice - Play The Greatest Hits (Explicit).flac,SUSPECT,"hard cutoff at ~16629Hz, steep 21.4dB/kHz -> likely transcoded from 128kbps MP3",44100,16629,22050,21.4
/home/adam/driveBig/Music/New unformated songs/Wolf Alice - Blue Weekend (2021) [FLAC] [16B-44100kHz]/08. Wolf Alice - Feeling Myself.flac,SUSPECT,"hard cutoff at ~16548Hz, steep 20.3dB/kHz -> likely transcoded from 128kbps MP3",44100,16548,22050,20.3
/home/adam/driveBig/Music/New unformated songs/Wolf Alice - Blue Weekend (2021) [FLAC] [16B-44100kHz]/09. Wolf Alice - The Last Man on Earth.flac,SUSPECT,"hard cutoff at ~16559Hz, steep 23.7dB/kHz -> likely transcoded from 128kbps MP3",44100,16559,22050,23.7
/home/adam/driveBig/Music/New unformated songs/Wolf Alice - Blue Weekend (2021) [FLAC] [16B-44100kHz]/10. Wolf Alice - No Hard Feelings.flac,SUSPECT,"hard cutoff at ~16026Hz, steep 15.7dB/kHz -> likely transcoded from 128kbps MP3",44100,16026,22050,15.7
/home/adam/driveBig/Music/New unformated songs/Wolf Alice - Blue Weekend (2021) [FLAC] [16B-44100kHz]/11. Wolf Alice - The Beach II.flac,SUSPECT,"hard cutoff at ~16290Hz, steep 18.2dB/kHz -> likely transcoded from 128kbps MP3",44100,16290,22050,18.2
/home/adam/driveBig/Music/New unformated songs/Wolf Alice - Blush EP (2013) [FLAC] [16B-44100kHz]/01. Wolf Alice - Blush.flac,SUSPECT,"hard cutoff at ~16602Hz, steep 17.3dB/kHz -> likely transcoded from 128kbps MP3",44100,16602,22050,17.3
/home/adam/driveBig/Music/New unformated songs/Wolf Alice - Blush EP (2013) [FLAC] [16B-44100kHz]/02. Wolf Alice - She.flac,SUSPECT,"hard cutoff at ~16715Hz, steep 31.3dB/kHz -> likely transcoded from 128kbps MP3",44100,16715,22050,31.3
/home/adam/driveBig/Music/New unformated songs/Wolf Alice - Blush EP (2013) [FLAC] [16B-44100kHz]/03. Wolf Alice - Nosedive.flac,SUSPECT,"hard cutoff at ~16586Hz, steep 23.5dB/kHz -> likely transcoded from 128kbps MP3",44100,16586,22050,23.5
/home/adam/driveBig/Music/New unformated songs/Wolf Alice - Blush EP (2013) [FLAC] [16B-44100kHz]/04. Wolf Alice - 90 Mile Beach.flac,SUSPECT,"hard cutoff at ~16548Hz, steep 22.1dB/kHz -> likely transcoded from 128kbps MP3",44100,16548,22050,22.1
/home/adam/driveBig/Music/New unformated songs/Wolf Alice - My Love Is Cool (2015) [FLAC] [16B-44100kHz]/01. Wolf Alice - Turn to Dust.flac,SUSPECT,"hard cutoff at ~16516Hz, steep 18.8dB/kHz -> likely transcoded from 128kbps MP3",44100,16516,22050,18.8
/home/adam/driveBig/Music/New unformated songs/Wolf Alice - My Love Is Cool (2015) [FLAC] [16B-44100kHz]/02. Wolf Alice - Bros.flac,SUSPECT,"hard cutoff at ~16704Hz, steep 25.2dB/kHz -> likely transcoded from 128kbps MP3",44100,16704,22050,25.2
/home/adam/driveBig/Music/New unformated songs/Wolf Alice - My Love Is Cool (2015) [FLAC] [16B-44100kHz]/03. Wolf Alice - Your Loves Whore (Explicit).flac,SUSPECT,"hard cutoff at ~16721Hz, steep 25.0dB/kHz -> likely transcoded from 128kbps MP3",44100,16721,22050,25
/home/adam/driveBig/Music/New unformated songs/Wolf Alice - My Love Is Cool (2015) [FLAC] [16B-44100kHz]/04. Wolf Alice - You’re a Germ (Explicit).flac,SUSPECT,"hard cutoff at ~16704Hz, steep 28.7dB/kHz -> likely transcoded from 128kbps MP3",44100,16704,22050,28.7
/home/adam/driveBig/Music/New unformated songs/Wolf Alice - My Love Is Cool (2015) [FLAC] [16B-44100kHz]/05. Wolf Alice - Lisbon.flac,SUSPECT,"hard cutoff at ~16731Hz, steep 27.8dB/kHz -> likely transcoded from 128kbps MP3",44100,16731,22050,27.8
/home/adam/driveBig/Music/New unformated songs/Wolf Alice - My Love Is Cool (2015) [FLAC] [16B-44100kHz]/06. Wolf Alice - Silk.flac,SUSPECT,"hard cutoff at ~16527Hz, steep 18.1dB/kHz -> likely transcoded from 128kbps MP3",44100,16527,22050,18.1
/home/adam/driveBig/Music/New unformated songs/Wolf Alice - My Love Is Cool (2015) [FLAC] [16B-44100kHz]/07. Wolf Alice - Freazy.flac,SUSPECT,"hard cutoff at ~16753Hz, steep 29.4dB/kHz -> likely transcoded from 128kbps MP3",44100,16753,22050,29.4
/home/adam/driveBig/Music/New unformated songs/Wolf Alice - My Love Is Cool (2015) [FLAC] [16B-44100kHz]/08. Wolf Alice - Giant Peach.flac,SUSPECT,"hard cutoff at ~16602Hz, steep 25.6dB/kHz -> likely transcoded from 128kbps MP3",44100,16602,22050,25.6
/home/adam/driveBig/Music/New unformated songs/Wolf Alice - My Love Is Cool (2015) [FLAC] [16B-44100kHz]/09. Wolf Alice - Swallowtail.flac,SUSPECT,"hard cutoff at ~16742Hz, steep 25.4dB/kHz -> likely transcoded from 128kbps MP3",44100,16742,22050,25.4
/home/adam/driveBig/Music/New unformated songs/Wolf Alice - My Love Is Cool (2015) [FLAC] [16B-44100kHz]/10. Wolf Alice - Soapy Water.flac,SUSPECT,"hard cutoff at ~16645Hz, steep 24.7dB/kHz -> likely transcoded from 128kbps MP3",44100,16645,22050,24.7
/home/adam/driveBig/Music/New unformated songs/Wolf Alice - My Love Is Cool (2015) [FLAC] [16B-44100kHz]/11. Wolf Alice - Fluffy.flac,SUSPECT,"hard cutoff at ~16640Hz, steep 26.8dB/kHz -> likely transcoded from 128kbps MP3",44100,16640,22050,26.8
/home/adam/driveBig/Music/New unformated songs/Wolf Alice - My Love Is Cool (2015) [FLAC] [16B-44100kHz]/12. Wolf Alice - The Wonderwhy (Hidden Track).flac,SUSPECT,"hard cutoff at ~16629Hz, steep 20.5dB/kHz -> likely transcoded from 128kbps MP3",44100,16629,22050,20.5
/home/adam/driveBig/Music/New unformated songs/Wolf Alice - Visions Of A Life (2017) [FLAC] [16B-44100kHz]/01. Wolf Alice - Heavenward.flac,SUSPECT,"hard cutoff at ~16656Hz, steep 23.3dB/kHz -> likely transcoded from 128kbps MP3",44100,16656,22050,23.3
/home/adam/driveBig/Music/New unformated songs/Wolf Alice - Visions Of A Life (2017) [FLAC] [16B-44100kHz]/02. Wolf Alice - Yuk Foo (Explicit).flac,SUSPECT,"hard cutoff at ~16656Hz, steep 27.7dB/kHz -> likely transcoded from 128kbps MP3",44100,16656,22050,27.7
/home/adam/driveBig/Music/New unformated songs/Wolf Alice - Visions Of A Life (2017) [FLAC] [16B-44100kHz]/03. Wolf Alice - Beautifully Unconventional.flac,SUSPECT,"hard cutoff at ~16607Hz, steep 26.8dB/kHz -> likely transcoded from 128kbps MP3",44100,16607,22050,26.8
/home/adam/driveBig/Music/New unformated songs/Wolf Alice - Visions Of A Life (2017) [FLAC] [16B-44100kHz]/04. Wolf Alice - Don’t Delete The Kisses.flac,SUSPECT,"hard cutoff at ~16629Hz, steep 20.6dB/kHz -> likely transcoded from 128kbps MP3",44100,16629,22050,20.6
/home/adam/driveBig/Music/New unformated songs/Wolf Alice - Visions Of A Life (2017) [FLAC] [16B-44100kHz]/05. Wolf Alice - Planet Hunter.flac,SUSPECT,"hard cutoff at ~16484Hz, steep 21.5dB/kHz -> likely transcoded from 128kbps MP3",44100,16484,22050,21.5
/home/adam/driveBig/Music/New unformated songs/Wolf Alice - Visions Of A Life (2017) [FLAC] [16B-44100kHz]/06. Wolf Alice - Sky Musings (Explicit).flac,SUSPECT,"hard cutoff at ~16543Hz, steep 19.7dB/kHz -> likely transcoded from 128kbps MP3",44100,16543,22050,19.7
/home/adam/driveBig/Music/New unformated songs/Wolf Alice - Visions Of A Life (2017) [FLAC] [16B-44100kHz]/07. Wolf Alice - Formidable Cool (Explicit).flac,SUSPECT,"hard cutoff at ~16532Hz, steep 21.0dB/kHz -> likely transcoded from 128kbps MP3",44100,16532,22050,21
/home/adam/driveBig/Music/New unformated songs/Wolf Alice - Visions Of A Life (2017) [FLAC] [16B-44100kHz]/08. Wolf Alice - Space & Time.flac,SUSPECT,"hard cutoff at ~16123Hz, steep 20.0dB/kHz -> likely transcoded from 128kbps MP3",44100,16123,22050,20
/home/adam/driveBig/Music/New unformated songs/Wolf Alice - Visions Of A Life (2017) [FLAC] [16B-44100kHz]/09. Wolf Alice - Sadboy.flac,SUSPECT,"hard cutoff at ~16677Hz, steep 25.1dB/kHz -> likely transcoded from 128kbps MP3",44100,16677,22050,25.1
/home/adam/driveBig/Music/New unformated songs/Wolf Alice - Visions Of A Life (2017) [FLAC] [16B-44100kHz]/10. Wolf Alice - St. Purple & Green.flac,SUSPECT,"hard cutoff at ~16613Hz, steep 24.8dB/kHz -> likely transcoded from 128kbps MP3",44100,16613,22050,24.8
/home/adam/driveBig/Music/New unformated songs/Wolf Alice - Visions Of A Life (2017) [FLAC] [16B-44100kHz]/11. Wolf Alice - After The Zero Hour.flac,SUSPECT,"hard cutoff at ~16521Hz, steep 22.9dB/kHz -> likely transcoded from 128kbps MP3",44100,16521,22050,22.9
/home/adam/driveBig/Music/New unformated songs/Wolf Alice - Visions Of A Life (2017) [FLAC] [16B-44100kHz]/12. Wolf Alice - Visions Of A Life (Explicit).flac,SUSPECT,"hard cutoff at ~16672Hz, steep 25.0dB/kHz -> likely transcoded from 128kbps MP3",44100,16672,22050,25
/home/adam/driveBig/Music/New unformated songs/Yusuf  Cat Stevens - Tea For The Tillerman (Remastered 2020) (2020) [FLAC] [16B-44100kHz]/01. Yusuf  Cat Stevens - Where Do The Children Play.flac,SUSPECT,"hard cutoff at ~16704Hz, steep 27.2dB/kHz -> likely transcoded from 128kbps MP3",44100,16704,22050,27.2
/home/adam/driveBig/Music/New unformated songs/Yusuf  Cat Stevens - Tea For The Tillerman (Remastered 2020) (2020) [FLAC] [16B-44100kHz]/02. Yusuf  Cat Stevens - Hard Headed Woman.flac,SUSPECT,"hard cutoff at ~16667Hz, steep 24.6dB/kHz -> likely transcoded from 128kbps MP3",44100,16667,22050,24.6
/home/adam/driveBig/Music/New unformated songs/Yusuf  Cat Stevens - Tea For The Tillerman (Remastered 2020) (2020) [FLAC] [16B-44100kHz]/03. Yusuf  Cat Stevens - Wild World.flac,SUSPECT,"hard cutoff at ~16742Hz, steep 26.0dB/kHz -> likely transcoded from 128kbps MP3",44100,16742,22050,26
/home/adam/driveBig/Music/New unformated songs/Yusuf  Cat Stevens - Tea For The Tillerman (Remastered 2020) (2020) [FLAC] [16B-44100kHz]/04. Yusuf  Cat Stevens - Sad Lisa.flac,SUSPECT,"hard cutoff at ~16446Hz, steep 20.8dB/kHz -> likely transcoded from 128kbps MP3",44100,16446,22050,20.8
/home/adam/driveBig/Music/New unformated songs/Yusuf  Cat Stevens - Tea For The Tillerman (Remastered 2020) (2020) [FLAC] [16B-44100kHz]/05. Yusuf  Cat Stevens - Miles From Nowhere.flac,SUSPECT,"hard cutoff at ~16704Hz, steep 28.3dB/kHz -> likely transcoded from 128kbps MP3",44100,16704,22050,28.3
/home/adam/driveBig/Music/New unformated songs/Yusuf  Cat Stevens - Tea For The Tillerman (Remastered 2020) (2020) [FLAC] [16B-44100kHz]/06. Yusuf  Cat Stevens - But I Might Die Tonight.flac,SUSPECT,"hard cutoff at ~16031Hz, steep 16.5dB/kHz -> likely transcoded from 128kbps MP3",44100,16031,22050,16.5
/home/adam/driveBig/Music/New unformated songs/Yusuf  Cat Stevens - Tea For The Tillerman (Remastered 2020) (2020) [FLAC] [16B-44100kHz]/07. Yusuf  Cat Stevens - Longer Boats.flac,SUSPECT,"hard cutoff at ~16634Hz, steep 24.7dB/kHz -> likely transcoded from 128kbps MP3",44100,16634,22050,24.7
/home/adam/driveBig/Music/New unformated songs/Yusuf  Cat Stevens - Tea For The Tillerman (Remastered 2020) (2020) [FLAC] [16B-44100kHz]/08. Yusuf  Cat Stevens - Into White.flac,SUSPECT,"hard cutoff at ~16360Hz, steep 19.0dB/kHz -> likely transcoded from 128kbps MP3",44100,16360,22050,19
/home/adam/driveBig/Music/New unformated songs/Yusuf  Cat Stevens - Tea For The Tillerman (Remastered 2020) (2020) [FLAC] [16B-44100kHz]/09. Yusuf  Cat Stevens - On The Road To Find Out.flac,SUSPECT,"hard cutoff at ~16699Hz, steep 26.0dB/kHz -> likely transcoded from 128kbps MP3",44100,16699,22050,26
/home/adam/driveBig/Music/New unformated songs/Yusuf  Cat Stevens - Tea For The Tillerman (Remastered 2020) (2020) [FLAC] [16B-44100kHz]/10. Yusuf  Cat Stevens - Father And Son.flac,SUSPECT,"hard cutoff at ~16661Hz, steep 22.5dB/kHz -> likely transcoded from 128kbps MP3",44100,16661,22050,22.5
/home/adam/driveBig/Music/New unformated songs/Yusuf  Cat Stevens - Tea For The Tillerman (Remastered 2020) (2020) [FLAC] [16B-44100kHz]/11. Yusuf  Cat Stevens - Tea For The Tillerman.flac,SUSPECT,"hard cutoff at ~16624Hz, steep 21.7dB/kHz -> likely transcoded from 128kbps MP3",44100,16624,22050,21.7
