path,verdict,detail,samplerate,cutoff_hz,nyquist_hz,slope_db_per_khz
/home/adam/driveBig/Music/My Playlist/2085 - AJR - The Maybe Man.flac,CLEAN,content extends to 21199Hz (Nyquist 22050Hz) - looks genuine,44100,21199,22050,17.4
/home/adam/driveBig/Music/My Playlist/2good - Balu Brigada - BALU.flac,CLEAN,content extends to 21377Hz (Nyquist 22050Hz) - looks genuine,44100,21377,22050,17.3
/home/adam/driveBig/Music/My Playlist/40 Days - Slowdive - Souvlaki.flac,CLEAN,content extends to 21269Hz (Nyquist 22050Hz) - looks genuine,44100,21269,22050,17.4
/home/adam/driveBig/Music/My Playlist/3 Speed - Eels - Meet the Eels - Essential Eels.flac,CLEAN,content extends to 21173Hz (Nyquist 22050Hz) - looks genuine,44100,21173,22050,12.9
/home/adam/driveBig/Music/My Playlist/777 - Joji - Nectar.flac,CLEAN,content extends to 21485Hz (Nyquist 22050Hz) - looks genuine,44100,21485,22050,18.3
/home/adam/driveBig/Music/My Playlist/A Love Profound - Bully - Lucky for You.flac,CLEAN,content extends to 21361Hz (Nyquist 22050Hz) - looks genuine,44100,21361,22050,21.8
"/home/adam/driveBig/Music/My Playlist/10,000 Emerald Pools - BØRNS - Candy.flac",CLEAN,content extends to 21350Hz (Nyquist 22050Hz) - looks genuine,44100,21350,22050,22.5
/home/adam/driveBig/Music/My Playlist/Alison - Slowdive - Souvlaki.flac,CLEAN,content extends to 21286Hz (Nyquist 22050Hz) - looks genuine,44100,21286,22050,18.1
/home/adam/driveBig/Music/My Playlist/Across the Border - Electric Light Orchestra - Out of the Blue.flac,CLEAN,content extends to 21447Hz (Nyquist 22050Hz) - looks genuine,44100,21447,22050,27.7
/home/adam/driveBig/Music/My Playlist/All These Things That I've Done - The Killers - Hot Fuss.flac,CLEAN,content extends to 21420Hz (Nyquist 22050Hz) - looks genuine,44100,21420,22050,9.6
/home/adam/driveBig/Music/My Playlist/All I Do - Bully - Lucky for You.flac,CLEAN,content extends to 21216Hz (Nyquist 22050Hz) - looks genuine,44100,21216,22050,17.5
/home/adam/driveBig/Music/My Playlist/All Night Radio - Ado - Ado's Best Adobum.flac,CLEAN,content extends to 21366Hz (Nyquist 22050Hz) - looks genuine,44100,21366,22050,23
/home/adam/driveBig/Music/My Playlist/All She’s Got - Sum 41 - All Killer No Filler.flac,CLEAN,content extends to 21264Hz (Nyquist 22050Hz) - looks genuine,44100,21264,22050,13.9
/home/adam/driveBig/Music/My Playlist/All the Ghosts Still Talk About an Angel They Once Knew - Daniel Champagne - Trying To Hold The Setting Sun.flac,CLEAN,content extends to 21323Hz (Nyquist 22050Hz) - looks genuine,44100,21323,22050,21.4
/home/adam/driveBig/Music/My Playlist/All Star - Smash Mouth - Astro Lounge.flac,CLEAN,content extends to 21318Hz (Nyquist 22050Hz) - looks genuine,44100,21318,22050,21.3
/home/adam/driveBig/Music/My Playlist/All This Noise - Bully - Lucky for You.flac,CLEAN,content extends to 21382Hz (Nyquist 22050Hz) - looks genuine,44100,21382,22050,21.5
/home/adam/driveBig/Music/My Playlist/Another Saturday Night - Sam Cooke - Ain't That Good News.flac,CLEAN,content extends to 22050Hz (Nyquist 22050Hz) - looks genuine,44100,22050,22050,-25.5
/home/adam/driveBig/Music/My Playlist/Any Colour You Like - Pink Floyd - The Dark Side of the Moon.flac,CLEAN,content extends to 22050Hz (Nyquist 22050Hz) - looks genuine,44100,22050,22050,-27.4
/home/adam/driveBig/Music/My Playlist/April Sun In Cuba - Dragon - Running Free.flac,CLEAN,content extends to 21178Hz (Nyquist 22050Hz) - looks genuine,44100,21178,22050,21.2
/home/adam/driveBig/Music/My Playlist/Apache Rose Peacock - Red Hot Chili Peppers - Blood Sugar Sex Magik.flac,CLEAN,content extends to 21372Hz (Nyquist 22050Hz) - looks genuine,44100,21372,22050,15.2
/home/adam/driveBig/Music/My Playlist/Are You Gonna Be My Girl (live - AOL session) - Jet - Get Born.flac,CLEAN,content extends to 21173Hz (Nyquist 22050Hz) - looks genuine,44100,21173,22050,18.6
/home/adam/driveBig/Music/My Playlist/Arizona - Rich Brian; AUGUST 08 - Amen.flac,CLEAN,content extends to 21210Hz (Nyquist 22050Hz) - looks genuine,44100,21210,22050,14.6
/home/adam/driveBig/Music/My Playlist/Bad Luck - BoyWithUke - Fever Dreams.flac,CLEAN,content extends to 21409Hz (Nyquist 22050Hz) - looks genuine,44100,21409,22050,7
/home/adam/driveBig/Music/My Playlist/Bandoliers - Them Crooked Vultures - Them Crooked Vultures.flac,CLEAN,content extends to 21765Hz (Nyquist 22050Hz) - looks genuine,44100,21765,22050,-0.8
/home/adam/driveBig/Music/My Playlist/Beaches - beabadoobee - This Is How Tomorrow Moves.flac,CLEAN,content extends to 21377Hz (Nyquist 22050Hz) - looks genuine,44100,21377,22050,16.8
/home/adam/driveBig/Music/My Playlist/Big Yellow Taxi - Counting Crows; Vanessa Carlton - Hard Candy.flac,CLEAN,content extends to 21216Hz (Nyquist 22050Hz) - looks genuine,44100,21216,22050,19.2
/home/adam/driveBig/Music/My Playlist/Blood - My Chemical Romance - The Black Parade.flac,CLEAN,content extends to 22050Hz (Nyquist 22050Hz) - looks genuine,44100,22050,22050,0.9
/home/adam/driveBig/Music/My Playlist/Bok Choy - BoyWithUke - Fever Dreams.flac,CLEAN,content extends to 21409Hz (Nyquist 22050Hz) - looks genuine,44100,21409,22050,9.7
/home/adam/driveBig/Music/My Playlist/Bones - Radiohead - The Bends.flac,CLEAN,content extends to 21232Hz (Nyquist 22050Hz) - looks genuine,44100,21232,22050,16.6
/home/adam/driveBig/Music/My Playlist/Brain Damage - Pink Floyd - The Dark Side of the Moon.flac,CLEAN,content extends to 22050Hz (Nyquist 22050Hz) - looks genuine,44100,22050,22050,-29.3
/home/adam/driveBig/Music/My Playlist/broken cd - beabadoobee - Beatopia.flac,CLEAN,content extends to 21356Hz (Nyquist 22050Hz) - looks genuine,44100,21356,22050,13.9
/home/adam/driveBig/Music/My Playlist/Brotherly Hate - Hayley Williams - Ego Death at a Bachelorette Party.flac,CLEAN,content extends to 21291Hz (Nyquist 22050Hz) - looks genuine,44100,21291,22050,12.9
/home/adam/driveBig/Music/My Playlist/Buddy Holly - Weezer - Weezer (Blue Album).flac,CLEAN,content extends to 21377Hz (Nyquist 22050Hz) - looks genuine,44100,21377,22050,21.2
/home/adam/driveBig/Music/My Playlist/Bullet Proof... I Wish I Was - Radiohead - The Bends.flac,CLEAN,content extends to 21199Hz (Nyquist 22050Hz) - looks genuine,44100,21199,22050,17.2
/home/adam/driveBig/Music/My Playlist/But It’s Alright - Huey Lewis & The News - Greatest Hits.flac,CLEAN,content extends to 21248Hz (Nyquist 22050Hz) - looks genuine,44100,21248,22050,16.5
/home/adam/driveBig/Music/My Playlist/C'mon Girl - Red Hot Chili Peppers - Stadium Arcadium.flac,CLEAN,content extends to 21243Hz (Nyquist 22050Hz) - looks genuine,44100,21243,22050,15.3
/home/adam/driveBig/Music/My Playlist/Cabron - Red Hot Chili Peppers - By the Way.flac,CLEAN,content extends to 21221Hz (Nyquist 22050Hz) - looks genuine,44100,21221,22050,14.5
/home/adam/driveBig/Music/My Playlist/Cassy O' - George Ezra - Wanted on Voyage (Deluxe Edition).flac,CLEAN,content extends to 21189Hz (Nyquist 22050Hz) - looks genuine,44100,21189,22050,14.2
/home/adam/driveBig/Music/My Playlist/Catch Me - Jvke - This is What ____ Feels Like.flac,CLEAN,content extends to 21205Hz (Nyquist 22050Hz) - looks genuine,44100,21205,22050,19.1
/home/adam/driveBig/Music/My Playlist/CCF (I'm Gonna Stay With You) - Car Seat Headrest - The Scholars.flac,CLEAN,content extends to 21409Hz (Nyquist 22050Hz) - looks genuine,44100,21409,22050,24.1
/home/adam/driveBig/Music/My Playlist/Breathe - Pink Floyd - The Dark Side of the Moon.flac,CLEAN,content extends to 22050Hz (Nyquist 22050Hz) - looks genuine,44100,22050,22050,-30.1
/home/adam/driveBig/Music/My Playlist/Change Your Mind - Bully - Lucky for You.flac,CLEAN,content extends to 21307Hz (Nyquist 22050Hz) - looks genuine,44100,21307,22050,20.7
/home/adam/driveBig/Music/My Playlist/Chocolat Cadabra - Ado - Ado's Best Adobum.flac,CLEAN,content extends to 21458Hz (Nyquist 22050Hz) - looks genuine,44100,21458,22050,26.8
/home/adam/driveBig/Music/My Playlist/Collared Shirt - BoyWithUke - BoyWithUke - B Sides.flac,CLEAN,content extends to 21404Hz (Nyquist 22050Hz) - looks genuine,44100,21404,22050,5.8
/home/adam/driveBig/Music/My Playlist/Comfort Eagle - CAKE.flac,CLEAN,content extends to 21393Hz (Nyquist 22050Hz) - looks genuine,44100,21393,22050,28.1
/home/adam/driveBig/Music/My Playlist/Commotion - Creedence Clearwater Revival - Platinum.flac,CLEAN,content extends to 21173Hz (Nyquist 22050Hz) - looks genuine,44100,21173,22050,11.7
/home/adam/driveBig/Music/My Playlist/Contigo - BoyWithUke; Powfu - Serotonin Dreams.flac,CLEAN,content extends to 21183Hz (Nyquist 22050Hz) - looks genuine,44100,21183,22050,12.2
/home/adam/driveBig/Music/My Playlist/Corduroy - BoyWithUke - Burnout.flac,CLEAN,content extends to 21409Hz (Nyquist 22050Hz) - looks genuine,44100,21409,22050,16.4
/home/adam/driveBig/Music/My Playlist/Crazy Amanda Bunkface - Sum 41 - All Killer No Filler.flac,CLEAN,content extends to 21350Hz (Nyquist 22050Hz) - looks genuine,44100,21350,22050,15.1
/home/adam/driveBig/Music/My Playlist/Creep - Radiohead - Pablo Honey.flac,CLEAN,content extends to 22050Hz (Nyquist 22050Hz) - looks genuine,44100,22050,22050,-21.2
/home/adam/driveBig/Music/My Playlist/Dancin' - CG5.flac,CLEAN,content extends to 21452Hz (Nyquist 22050Hz) - looks genuine,44100,21452,22050,20.3
/home/adam/driveBig/Music/My Playlist/Days Move Slow - Bully - Lucky for You.flac,CLEAN,content extends to 21291Hz (Nyquist 22050Hz) - looks genuine,44100,21291,22050,18.3
/home/adam/driveBig/Music/My Playlist/Dime - CAKE - Pressure Chief.flac,CLEAN,content extends to 21404Hz (Nyquist 22050Hz) - looks genuine,44100,21404,22050,19.6
/home/adam/driveBig/Music/My Playlist/Dirty - grandson - Death of an Optimist.flac,CLEAN,content extends to 21183Hz (Nyquist 22050Hz) - looks genuine,44100,21183,22050,14.4
/home/adam/driveBig/Music/My Playlist/Dirty Girl (live at Town Hall) - Eels - Meet the Eels - Essential Eels.flac,CLEAN,content extends to 21377Hz (Nyquist 22050Hz) - looks genuine,44100,21377,22050,21.7
/home/adam/driveBig/Music/My Playlist/Dirty Sexy Money - The Struts - Everybody Wants.flac,CLEAN,content extends to 21302Hz (Nyquist 22050Hz) - looks genuine,44100,21302,22050,17.7
/home/adam/driveBig/Music/My Playlist/Don’t get the deal - beabadoobee - Beatopia.flac,CLEAN,content extends to 21549Hz (Nyquist 22050Hz) - looks genuine,44100,21549,22050,23.8
/home/adam/driveBig/Music/My Playlist/Don’t You (Forget About Me) - beabadoobee - spotify singles.flac,CLEAN,content extends to 21356Hz (Nyquist 22050Hz) - looks genuine,44100,21356,22050,16.9
/home/adam/driveBig/Music/My Playlist/Dracula - Tame Impala - Deadbeat.flac,CLEAN,content extends to 21205Hz (Nyquist 22050Hz) - looks genuine,44100,21205,22050,15.6
/home/adam/driveBig/Music/My Playlist/Drones In The Valley - Cage The Elephant - Cage The Elephant.flac,CLEAN,content extends to 21264Hz (Nyquist 22050Hz) - looks genuine,44100,21264,22050,11.2
/home/adam/driveBig/Music/My Playlist/Drugs - Tai Verdes - TV.flac,CLEAN,content extends to 21275Hz (Nyquist 22050Hz) - looks genuine,44100,21275,22050,18.7
/home/adam/driveBig/Music/My Playlist/Dumb Ways to Die - Tangerine Kitty.flac,CLEAN,content extends to 21479Hz (Nyquist 22050Hz) - looks genuine,44100,21479,22050,26
/home/adam/driveBig/Music/My Playlist/Dumpweed - Blink-182 - Enema of the State.flac,CLEAN,content extends to 21199Hz (Nyquist 22050Hz) - looks genuine,44100,21199,22050,20.9
/home/adam/driveBig/Music/My Playlist/Easier - BoyWithUke - Burnout.flac,CLEAN,content extends to 21307Hz (Nyquist 22050Hz) - looks genuine,44100,21307,22050,12.3
/home/adam/driveBig/Music/My Playlist/Eclipse - Pink Floyd - The Dark Side of the Moon.flac,CLEAN,content extends to 22050Hz (Nyquist 22050Hz) - looks genuine,44100,22050,22050,-27.9
/home/adam/driveBig/Music/My Playlist/Equals - Car Seat Headrest - The Scholars.flac,CLEAN,content extends to 21173Hz (Nyquist 22050Hz) - looks genuine,44100,21173,22050,14.2
/home/adam/driveBig/Music/My Playlist/Flyswatter - Eels - Meet the Eels - Essential Eels.flac,CLEAN,content extends to 21210Hz (Nyquist 22050Hz) - looks genuine,44100,21210,22050,11.1
/home/adam/driveBig/Music/My Playlist/For Those Below - Mumford & Sons - Babel.flac,CLEAN,content extends to 21216Hz (Nyquist 22050Hz) - looks genuine,44100,21216,22050,6.9
/home/adam/driveBig/Music/My Playlist/Inertia - AJR - The Maybe Man.flac,CLEAN,content extends to 21269Hz (Nyquist 22050Hz) - looks genuine,44100,21269,22050,18.3
/home/adam/driveBig/Music/My Playlist/Gas Gas Gas - Manuel - Initial D.flac,CLEAN,content extends to 21194Hz (Nyquist 22050Hz) - looks genuine,44100,21194,22050,13.8
/home/adam/driveBig/Music/My Playlist/Get Ur Freak On - Eels - Meet the Eels - Essential Eels.flac,CLEAN,content extends to 21377Hz (Nyquist 22050Hz) - looks genuine,44100,21377,22050,23.2
/home/adam/driveBig/Music/My Playlist/Gethsemane - Car Seat Headrest - The Scholars.flac,CLEAN,content extends to 21312Hz (Nyquist 22050Hz) - looks genuine,44100,21312,22050,19
/home/adam/driveBig/Music/My Playlist/Ghost Town - Jvke - This is What ____ Feels Like.flac,CLEAN,content extends to 21216Hz (Nyquist 22050Hz) - looks genuine,44100,21216,22050,19
/home/adam/driveBig/Music/My Playlist/Glamorous Indie Rock & Roll - The Killers - Hot Fuss.flac,CLEAN,content extends to 21318Hz (Nyquist 22050Hz) - looks genuine,44100,21318,22050,12.2
/home/adam/driveBig/Music/My Playlist/Glitz At The Ritz - Jules Gaia - Razzmatazz.flac,CLEAN,content extends to 21393Hz (Nyquist 22050Hz) - looks genuine,44100,21393,22050,19.2
/home/adam/driveBig/Music/My Playlist/Got My Mind Set on You - George Harrison - Cloud Nine.flac,CLEAN,content extends to 21199Hz (Nyquist 22050Hz) - looks genuine,44100,21199,22050,20
/home/adam/driveBig/Music/My Playlist/Got to Choose - Kiss - The Very Best of KISS.flac,CLEAN,content extends to 21592Hz (Nyquist 22050Hz) - looks genuine,44100,21592,22050,1.4
/home/adam/driveBig/Music/My Playlist/Grow Up - Paramore - Paramore.flac,CLEAN,content extends to 21399Hz (Nyquist 22050Hz) - looks genuine,44100,21399,22050,9.6
/home/adam/driveBig/Music/My Playlist/Gump - 'Weird Al' Yankovic - Bad Hair Day.flac,CLEAN,content extends to 21442Hz (Nyquist 22050Hz) - looks genuine,44100,21442,22050,31.5
"/home/adam/driveBig/Music/My Playlist/Haha, Hi - BoyWithUke - Fever Dreams.flac",CLEAN,content extends to 21393Hz (Nyquist 22050Hz) - looks genuine,44100,21393,22050,5.7
/home/adam/driveBig/Music/My Playlist/Halo - Cage The Elephant - Melophobia.flac,CLEAN,content extends to 21194Hz (Nyquist 22050Hz) - looks genuine,44100,21194,22050,22.4
/home/adam/driveBig/Music/My Playlist/Happy - Pharrell Williams - Girl.flac,CLEAN,content extends to 21458Hz (Nyquist 22050Hz) - looks genuine,44100,21458,22050,20.6
/home/adam/driveBig/Music/My Playlist/Hard to Love - Bully - Lucky for You.flac,CLEAN,content extends to 21409Hz (Nyquist 22050Hz) - looks genuine,44100,21409,22050,24.2
/home/adam/driveBig/Music/My Playlist/Hazel Eyes - BoyWithUke - Fever Dreams.flac,CLEAN,content extends to 21404Hz (Nyquist 22050Hz) - looks genuine,44100,21404,22050,6.8
/home/adam/driveBig/Music/My Playlist/Hold My Breath - BoyWithUke - BoyWithUke - B Sides.flac,CLEAN,content extends to 21409Hz (Nyquist 22050Hz) - looks genuine,44100,21409,22050,7.7
/home/adam/driveBig/Music/My Playlist/Holiday - Weezer - Weezer (Blue Album).flac,CLEAN,content extends to 21372Hz (Nyquist 22050Hz) - looks genuine,44100,21372,22050,19
/home/adam/driveBig/Music/My Playlist/Hotter Than Hell - Kiss - The Very Best of KISS.flac,CLEAN,content extends to 21598Hz (Nyquist 22050Hz) - looks genuine,44100,21598,22050,0.9
/home/adam/driveBig/Music/My Playlist/House of Gold - Twenty One Pilots - Vessel.flac,CLEAN,content extends to 21173Hz (Nyquist 22050Hz) - looks genuine,44100,21173,22050,24.8
/home/adam/driveBig/Music/My Playlist/How Will I Know - Bully - Lucky for You.flac,CLEAN,content extends to 21496Hz (Nyquist 22050Hz) - looks genuine,44100,21496,22050,32.4
/home/adam/driveBig/Music/My Playlist/I Can See Clearly Now - Johnny Nash - I Can See Clearly Now (Expanded Edition).flac,CLEAN,content extends to 22050Hz (Nyquist 22050Hz) - looks genuine,44100,22050,22050,-25.7
/home/adam/driveBig/Music/My Playlist/I Could Have Lied - Red Hot Chili Peppers - Blood Sugar Sex Magik.flac,CLEAN,content extends to 21232Hz (Nyquist 22050Hz) - looks genuine,44100,21232,22050,15.4
/home/adam/driveBig/Music/My Playlist/I'm Going to Stop Pretending That I Didn't Break Your Heart - Eels - Meet the Eels - Essential Eels.flac,CLEAN,content extends to 21243Hz (Nyquist 22050Hz) - looks genuine,44100,21243,22050,16.8
/home/adam/driveBig/Music/My Playlist/I'm Not Okay - Jvke - This is What ____ Feels Like.flac,CLEAN,content extends to 21366Hz (Nyquist 22050Hz) - looks genuine,44100,21366,22050,19.2
/home/adam/driveBig/Music/My Playlist/10-36 - beabadoobee - Beatopia.flac,CLEAN,content extends to 21517Hz (Nyquist 22050Hz) - looks genuine,44100,21517,22050,24.8
/home/adam/driveBig/Music/My Playlist/In One Ear - Cage The Elephant - Cage The Elephant.flac,CLEAN,content extends to 21259Hz (Nyquist 22050Hz) - looks genuine,44100,21259,22050,10
/home/adam/driveBig/Music/My Playlist/I Want To Hold Your Hand - The Beatles - 1 (Remastered).flac,CLEAN,content extends to 21533Hz (Nyquist 22050Hz) - looks genuine,44100,21533,22050,31.1
/home/adam/driveBig/Music/My Playlist/I Want You - Kiss - The Very Best of KISS.flac,CLEAN,content extends to 21571Hz (Nyquist 22050Hz) - looks genuine,44100,21571,22050,1.1
/home/adam/driveBig/Music/My Playlist/Jenny's Tale - Ren - Violet's Tale.flac,CLEAN,content extends to 21404Hz (Nyquist 22050Hz) - looks genuine,44100,21404,22050,20.5
/home/adam/driveBig/Music/My Playlist/Kick Back - Kenshi Yonezu.flac,CLEAN,content extends to 21506Hz (Nyquist 22050Hz) - looks genuine,44100,21506,22050,32.6
/home/adam/driveBig/Music/My Playlist/Kill Me - Hayley Williams - Ego Death at a Bachelorette Party.flac,CLEAN,content extends to 21221Hz (Nyquist 22050Hz) - looks genuine,44100,21221,22050,14.6
/home/adam/driveBig/Music/My Playlist/Kiss the Go-Goat - Ghost - Seven Inches of Satanic Panic.flac,CLEAN,content extends to 21296Hz (Nyquist 22050Hz) - looks genuine,44100,21296,22050,17.8
/home/adam/driveBig/Music/My Playlist/Kura Kura - Ado - Ado's Best Adobum.flac,CLEAN,content extends to 21436Hz (Nyquist 22050Hz) - looks genuine,44100,21436,22050,28.8
/home/adam/driveBig/Music/My Playlist/Lady Gay Approximately - Car Seat Headrest - The Scholars.flac,CLEAN,content extends to 21323Hz (Nyquist 22050Hz) - looks genuine,44100,21323,22050,19.8
/home/adam/driveBig/Music/My Playlist/James Brown - Cage The Elephant - Cage The Elephant.flac,CLEAN,content extends to 21248Hz (Nyquist 22050Hz) - looks genuine,44100,21248,22050,8.9
/home/adam/driveBig/Music/My Playlist/Kind of Sick of Life - BoyWithUke - Fever Dreams.flac,CLEAN,content extends to 21399Hz (Nyquist 22050Hz) - looks genuine,44100,21399,22050,9.2
/home/adam/driveBig/Music/My Playlist/Let ’Em Cry - Red Hot Chili Peppers - Unlimited Love.flac,CLEAN,content extends to 21199Hz (Nyquist 22050Hz) - looks genuine,44100,21199,22050,15.5
/home/adam/driveBig/Music/My Playlist/Letter for My Future Ex - BoyWithUke - BoyWithUke - B Sides.flac,CLEAN,content extends to 21393Hz (Nyquist 22050Hz) - looks genuine,44100,21393,22050,8
/home/adam/driveBig/Music/My Playlist/Long Line Of Cars - CAKE - Comfort Eagle.flac,CLEAN,content extends to 21399Hz (Nyquist 22050Hz) - looks genuine,44100,21399,22050,19.4
/home/adam/driveBig/Music/My Playlist/Lose You - Bully - Lucky for You.flac,CLEAN,content extends to 21479Hz (Nyquist 22050Hz) - looks genuine,44100,21479,22050,28.3
/home/adam/driveBig/Music/My Playlist/Lost Umbrella - 稲葉曇 - ANTICYCLONE.flac,CLEAN,content extends to 21189Hz (Nyquist 22050Hz) - looks genuine,44100,21189,22050,20.1
/home/adam/driveBig/Music/My Playlist/Love Lost - BoyWithUke - Burnout.flac,CLEAN,content extends to 21366Hz (Nyquist 22050Hz) - looks genuine,44100,21366,22050,15.6
/home/adam/driveBig/Music/My Playlist/Mailman - Soundgarden - Superunknown (Deluxe Edition).flac,CLEAN,content extends to 21312Hz (Nyquist 22050Hz) - looks genuine,44100,21312,22050,20.3
/home/adam/driveBig/Music/My Playlist/Migraine - Twenty One Pilots - Vessel.flac,CLEAN,content extends to 21248Hz (Nyquist 22050Hz) - looks genuine,44100,21248,22050,15.4
/home/adam/driveBig/Music/My Playlist/Mirtazapine - Hayley Williams - Ego Death at a Bachelorette Party.flac,CLEAN,content extends to 21372Hz (Nyquist 22050Hz) - looks genuine,44100,21372,22050,18.1
/home/adam/driveBig/Music/My Playlist/Minor Thing - Red Hot Chili Peppers - By the Way.flac,CLEAN,content extends to 21216Hz (Nyquist 22050Hz) - looks genuine,44100,21216,22050,15.8
/home/adam/driveBig/Music/My Playlist/Misguided Ghosts - Paramore - Brand New Eyes.flac,CLEAN,content extends to 21802Hz (Nyquist 22050Hz) - looks genuine,44100,21802,22050,1.9
/home/adam/driveBig/Music/My Playlist/Moon and Back - Jvke - This is What ____ Feels Like.flac,CLEAN,content extends to 21194Hz (Nyquist 22050Hz) - looks genuine,44100,21194,22050,16.5
/home/adam/driveBig/Music/My Playlist/Monster - The Automatic - Not Accepted Anywhere.flac,CLEAN,content extends to 21393Hz (Nyquist 22050Hz) - looks genuine,44100,21393,22050,30.5
/home/adam/driveBig/Music/My Playlist/My Iron Lung - Radiohead - The Bends.flac,CLEAN,content extends to 21334Hz (Nyquist 22050Hz) - looks genuine,44100,21334,22050,19.6
/home/adam/driveBig/Music/My Playlist/My Name Is Jonas - Weezer - Weezer (Blue Album).flac,CLEAN,content extends to 21361Hz (Nyquist 22050Hz) - looks genuine,44100,21361,22050,19.7
/home/adam/driveBig/Music/My Playlist/Mellowship Slinky in B Major - Red Hot Chili Peppers - Blood Sugar Sex Magik.flac,CLEAN,content extends to 21269Hz (Nyquist 22050Hz) - looks genuine,44100,21269,22050,15.3
/home/adam/driveBig/Music/My Playlist/Next Best Thing - BoyWithUke - BoyWithUke - B Sides.flac,CLEAN,content extends to 21350Hz (Nyquist 22050Hz) - looks genuine,44100,21350,22050,10.2
/home/adam/driveBig/Music/My Playlist/No One Else - Weezer - Weezer (Blue Album).flac,CLEAN,content extends to 21275Hz (Nyquist 22050Hz) - looks genuine,44100,21275,22050,15.3
/home/adam/driveBig/Music/My Playlist/Nobody Else - Em Beihold.flac,CLEAN,content extends to 21296Hz (Nyquist 22050Hz) - looks genuine,44100,21296,22050,22.4
/home/adam/driveBig/Music/My Playlist/Not Enough - 3 Doors Down - The Better Life.flac,CLEAN,content extends to 21458Hz (Nyquist 22050Hz) - looks genuine,44100,21458,22050,9.6
/home/adam/driveBig/Music/My Playlist/Not What I Needed - Car Seat Headrest - Teens Of Denial.flac,CLEAN,content extends to 21226Hz (Nyquist 22050Hz) - looks genuine,44100,21226,22050,13.7
/home/adam/driveBig/Music/My Playlist/Nothing on My Back - Sum 41 - All Killer No Filler.flac,CLEAN,content extends to 21221Hz (Nyquist 22050Hz) - looks genuine,44100,21221,22050,15.5
/home/adam/driveBig/Music/My Playlist/Only the Lonely - Roy Orbison - The Essential Roy Orbison.flac,CLEAN,content extends to 21264Hz (Nyquist 22050Hz) - looks genuine,44100,21264,22050,19.8
/home/adam/driveBig/Music/My Playlist/Open Book - CAKE - Fashion Nugget.flac,CLEAN,content extends to 21388Hz (Nyquist 22050Hz) - looks genuine,44100,21388,22050,10.5
/home/adam/driveBig/Music/My Playlist/Opera Singer - CAKE - Comfort Eagle.flac,CLEAN,content extends to 21173Hz (Nyquist 22050Hz) - looks genuine,44100,21173,22050,15.2
/home/adam/driveBig/Music/My Playlist/Palm Of Your Hand - CAKE - Pressure Chief.flac,CLEAN,content extends to 21269Hz (Nyquist 22050Hz) - looks genuine,44100,21269,22050,17.6
/home/adam/driveBig/Music/My Playlist/Parachute - Hayley Williams - Ego Death at a Bachelorette Party.flac,CLEAN,content extends to 21323Hz (Nyquist 22050Hz) - looks genuine,44100,21323,22050,16.2
/home/adam/driveBig/Music/My Playlist/Paradise City - Guns N' Roses - Appetite for Destruction.flac,CLEAN,content extends to 21404Hz (Nyquist 22050Hz) - looks genuine,44100,21404,22050,22
/home/adam/driveBig/Music/My Playlist/Pitchfork Kids - AJR - Living Room.flac,CLEAN,content extends to 21183Hz (Nyquist 22050Hz) - looks genuine,44100,21183,22050,14.1
/home/adam/driveBig/Music/My Playlist/Porcelain - Red Hot Chili Peppers - Californication.flac,CLEAN,content extends to 21183Hz (Nyquist 22050Hz) - looks genuine,44100,21183,22050,2.7
/home/adam/driveBig/Music/My Playlist/Put Your Money on Me - The Struts - Everybody Wants.flac,CLEAN,content extends to 21490Hz (Nyquist 22050Hz) - looks genuine,44100,21490,22050,18.1
/home/adam/driveBig/Music/My Playlist/Race Car Ya-Yas - CAKE - Fashion Nugget.flac,CLEAN,content extends to 21377Hz (Nyquist 22050Hz) - looks genuine,44100,21377,22050,10.7
/home/adam/driveBig/Music/My Playlist/Reality - Car Seat Headrest - The Scholars.flac,CLEAN,content extends to 21323Hz (Nyquist 22050Hz) - looks genuine,44100,21323,22050,19.6
/home/adam/driveBig/Music/My Playlist/Rebellion - Ado - Ado's Best Adobum.flac,CLEAN,content extends to 21426Hz (Nyquist 22050Hz) - looks genuine,44100,21426,22050,28.3
/home/adam/driveBig/Music/My Playlist/Rhythms - Sum 41 - All Killer No Filler.flac,CLEAN,content extends to 21248Hz (Nyquist 22050Hz) - looks genuine,44100,21248,22050,13.4
/home/adam/driveBig/Music/My Playlist/Ride - Twenty One Pilots - Blurryface.flac,CLEAN,content extends to 21178Hz (Nyquist 22050Hz) - looks genuine,44100,21178,22050,15.9
/home/adam/driveBig/Music/My Playlist/Sad Songs and Waltzes - CAKE - Fashion Nugget.flac,CLEAN,content extends to 21345Hz (Nyquist 22050Hz) - looks genuine,44100,21345,22050,9.1
/home/adam/driveBig/Music/My Playlist/Save Your Breath - Jvke - This is What ____ Feels Like.flac,CLEAN,content extends to 21216Hz (Nyquist 22050Hz) - looks genuine,44100,21216,22050,17.4
/home/adam/driveBig/Music/My Playlist/Say Anything - Good Charlotte - The Young and the Hopeless.flac,CLEAN,content extends to 21404Hz (Nyquist 22050Hz) - looks genuine,44100,21404,22050,12.3
/home/adam/driveBig/Music/My Playlist/Say It Ain’t So - Weezer - Weezer (Blue Album).flac,CLEAN,content extends to 21275Hz (Nyquist 22050Hz) - looks genuine,44100,21275,22050,13.8
/home/adam/driveBig/Music/My Playlist/Scar Tissue - Red Hot Chili Peppers - Californication.flac,CLEAN,content extends to 21216Hz (Nyquist 22050Hz) - looks genuine,44100,21216,22050,14.7
/home/adam/driveBig/Music/My Playlist/Screech's Tale - Ren - Violet's Tale.flac,CLEAN,content extends to 21307Hz (Nyquist 22050Hz) - looks genuine,44100,21307,22050,16.6
/home/adam/driveBig/Music/My Playlist/See you Soon - beabadoobee - Beatopia.flac,CLEAN,content extends to 21533Hz (Nyquist 22050Hz) - looks genuine,44100,21533,22050,25.4
/home/adam/driveBig/Music/My Playlist/Sgt Major - Jet - Get Born.flac,CLEAN,content extends to 21194Hz (Nyquist 22050Hz) - looks genuine,44100,21194,22050,17.9
/home/adam/driveBig/Music/My Playlist/She'll Hang The Baskets - CAKE - Pressure Chief.flac,CLEAN,content extends to 21388Hz (Nyquist 22050Hz) - looks genuine,44100,21388,22050,18.8
/home/adam/driveBig/Music/My Playlist/Roxanne - The Police - Outlandos d'Amour.flac,CLEAN,content extends to 21221Hz (Nyquist 22050Hz) - looks genuine,44100,21221,22050,21.1
/home/adam/driveBig/Music/My Playlist/ROCKSTAR - Ado - Ado's Best Adobum.flac,CLEAN,content extends to 21205Hz (Nyquist 22050Hz) - looks genuine,44100,21205,22050,17
/home/adam/driveBig/Music/My Playlist/Shine - Collective Soul - Hints Allegations and Things Left Unsaid.flac,CLEAN,content extends to 21431Hz (Nyquist 22050Hz) - looks genuine,44100,21431,22050,24.2
/home/adam/driveBig/Music/My Playlist/Short Skirt - Long Jacket - CAKE - Comfort Eagle.flac,CLEAN,content extends to 21199Hz (Nyquist 22050Hz) - looks genuine,44100,21199,22050,14.4
/home/adam/driveBig/Music/My Playlist/Showbiz - Hayley Williams - Ego Death at a Bachelorette Party.flac,CLEAN,content extends to 21205Hz (Nyquist 22050Hz) - looks genuine,44100,21205,22050,11.1
/home/adam/driveBig/Music/My Playlist/Show - Ado - Ado's Best Adobum.flac,CLEAN,content extends to 21312Hz (Nyquist 22050Hz) - looks genuine,44100,21312,22050,19.4
/home/adam/driveBig/Music/My Playlist/Shy - BoyWithUke - Fever Dreams.flac,CLEAN,content extends to 21609Hz (Nyquist 22050Hz) - looks genuine,44100,21609,22050,6.6
/home/adam/driveBig/Music/My Playlist/Shy Eyes - Cage The Elephant - Neon Pill.flac,CLEAN,content extends to 22050Hz (Nyquist 22050Hz) - looks genuine,44100,22050,22050,-29.1
/home/adam/driveBig/Music/My Playlist/Single-Handed Sailor - Dire Straits - Communiqué.flac,CLEAN,content extends to 21657Hz (Nyquist 22050Hz) - looks genuine,44100,21657,22050,2.4
/home/adam/driveBig/Music/My Playlist/Sleep Deprived - BoyWithUke - Fever Dreams.flac,CLEAN,content extends to 21399Hz (Nyquist 22050Hz) - looks genuine,44100,21399,22050,7.5
/home/adam/driveBig/Music/My Playlist/Snap Out of It - Arctic Monkeys - AM.flac,CLEAN,content extends to 21210Hz (Nyquist 22050Hz) - looks genuine,44100,21210,22050,17.5
/home/adam/driveBig/Music/My Playlist/Speak To Me - Pink Floyd - The Dark Side of the Moon.flac,CLEAN,content extends to 22050Hz (Nyquist 22050Hz) - looks genuine,44100,22050,22050,-33.2
/home/adam/driveBig/Music/My Playlist/Spiderhead - Cage The Elephant - Melophobia.flac,CLEAN,content extends to 21183Hz (Nyquist 22050Hz) - looks genuine,44100,21183,22050,21.8
/home/adam/driveBig/Music/My Playlist/Spoonful - Daniel Champagne - The Heartland Hurricanes.flac,CLEAN,content extends to 21226Hz (Nyquist 22050Hz) - looks genuine,44100,21226,22050,19.3
/home/adam/driveBig/Music/My Playlist/Stick Up - grandson - a modern tragedy vol. 1.flac,CLEAN,content extends to 21232Hz (Nyquist 22050Hz) - looks genuine,44100,21232,22050,15.6
/home/adam/driveBig/Music/My Playlist/Steve’s Going to London - AJR - The Maybe Man.flac,CLEAN,content extends to 21173Hz (Nyquist 22050Hz) - looks genuine,44100,21173,22050,15.5
/home/adam/driveBig/Music/My Playlist/Street Spirit (Fade Out) - Radiohead - The Bends.flac,CLEAN,content extends to 21528Hz (Nyquist 22050Hz) - looks genuine,44100,21528,22050,15.2
/home/adam/driveBig/Music/My Playlist/Suck My Kiss - Red Hot Chili Peppers - Blood Sugar Sex Magik.flac,CLEAN,content extends to 21409Hz (Nyquist 22050Hz) - looks genuine,44100,21409,22050,16.7
/home/adam/driveBig/Music/My Playlist/Sulk - Radiohead - The Bends.flac,CLEAN,content extends to 21232Hz (Nyquist 22050Hz) - looks genuine,44100,21232,22050,15.3
/home/adam/driveBig/Music/My Playlist/Supernova - Daniel Champagne - The Heartland Hurricanes.flac,CLEAN,content extends to 21199Hz (Nyquist 22050Hz) - looks genuine,44100,21199,22050,15.9
/home/adam/driveBig/Music/My Playlist/Surf Wax America - Weezer - Weezer (Blue Album).flac,CLEAN,content extends to 21345Hz (Nyquist 22050Hz) - looks genuine,44100,21345,22050,20.3
/home/adam/driveBig/Music/My Playlist/Sweet Child O' Mine - Guns N' Roses - Appetite for Destruction.flac,CLEAN,content extends to 21323Hz (Nyquist 22050Hz) - looks genuine,44100,21323,22050,20
/home/adam/driveBig/Music/My Playlist/Swim - Alec Benjamin - Narrated for You.flac,CLEAN,content extends to 21296Hz (Nyquist 22050Hz) - looks genuine,44100,21296,22050,13.7
/home/adam/driveBig/Music/My Playlist/Tainted Love - Marilyn Manson - The Golden Age Of Grotesque.flac,CLEAN,content extends to 21318Hz (Nyquist 22050Hz) - looks genuine,44100,21318,22050,26.4
/home/adam/driveBig/Music/My Playlist/Take a Bow - Muse - Black Holes and Revelations.flac,CLEAN,content extends to 21571Hz (Nyquist 22050Hz) - looks genuine,44100,21571,22050,8.5
/home/adam/driveBig/Music/My Playlist/Take It All Away - CAKE - Pressure Chief.flac,CLEAN,content extends to 21334Hz (Nyquist 22050Hz) - looks genuine,44100,21334,22050,22.1
/home/adam/driveBig/Music/My Playlist/Talk to Me - Damiano David - FUNNY little FEARS.flac,CLEAN,content extends to 21345Hz (Nyquist 22050Hz) - looks genuine,44100,21345,22050,24.8
/home/adam/driveBig/Music/My Playlist/Talk - beabadoobee - Beatopia.flac,CLEAN,content extends to 21560Hz (Nyquist 22050Hz) - looks genuine,44100,21560,22050,30.1
/home/adam/driveBig/Music/My Playlist/Tame - Pixies - Doolittle.flac,CLEAN,content extends to 21178Hz (Nyquist 22050Hz) - looks genuine,44100,21178,22050,21.9
/home/adam/driveBig/Music/My Playlist/Teeth - Cage The Elephant - Melophobia.flac,CLEAN,content extends to 21178Hz (Nyquist 22050Hz) - looks genuine,44100,21178,22050,21.4
/home/adam/driveBig/Music/My Playlist/The Final Countdown - Europe - The Final Countdown (Expanded Edition).flac,CLEAN,content extends to 21178Hz (Nyquist 22050Hz) - looks genuine,44100,21178,22050,19.5
/home/adam/driveBig/Music/My Playlist/The Great Apes - Red Hot Chili Peppers - Unlimited Love.flac,CLEAN,content extends to 21189Hz (Nyquist 22050Hz) - looks genuine,44100,21189,22050,15.4
/home/adam/driveBig/Music/My Playlist/The Guitar Man - CAKE - Pressure Chief.flac,CLEAN,content extends to 21506Hz (Nyquist 22050Hz) - looks genuine,44100,21506,22050,23.8
/home/adam/driveBig/Music/My Playlist/The Party Song - Blink-182 - Enema of the State.flac,CLEAN,content extends to 21194Hz (Nyquist 22050Hz) - looks genuine,44100,21194,22050,18.5
/home/adam/driveBig/Music/My Playlist/the perfect pair - beabadoobee - Beatopia.flac,CLEAN,content extends to 21479Hz (Nyquist 22050Hz) - looks genuine,44100,21479,22050,22.1
/home/adam/driveBig/Music/My Playlist/The Righteous & the Wicked - Red Hot Chili Peppers - Blood Sugar Sex Magik.flac,CLEAN,content extends to 21259Hz (Nyquist 22050Hz) - looks genuine,44100,21259,22050,16.6
/home/adam/driveBig/Music/My Playlist/The World Has Turned and Left Me Here - Weezer - Weezer (Blue Album).flac,CLEAN,content extends to 21382Hz (Nyquist 22050Hz) - looks genuine,44100,21382,22050,19.5
/home/adam/driveBig/Music/My Playlist/The Zephyr Song - Red Hot Chili Peppers - By the Way.flac,CLEAN,content extends to 21248Hz (Nyquist 22050Hz) - looks genuine,44100,21248,22050,15.8
/home/adam/driveBig/Music/My Playlist/This Happiness - Of Monsters and Men - Tíu.flac,CLEAN,content extends to 21372Hz (Nyquist 22050Hz) - looks genuine,44100,21372,22050,23.3
/home/adam/driveBig/Music/My Playlist/This is What Heartbreak Feels Like - Jvke - This is What ____ Feels Like.flac,CLEAN,content extends to 21210Hz (Nyquist 22050Hz) - looks genuine,44100,21210,22050,17.8
/home/adam/driveBig/Music/My Playlist/This is What Sadness Feels Like - Jvke - This is What ____ Feels Like.flac,CLEAN,content extends to 21205Hz (Nyquist 22050Hz) - looks genuine,44100,21205,22050,17.3
/home/adam/driveBig/Music/My Playlist/Time - Pink Floyd - The Dark Side of the Moon.flac,CLEAN,content extends to 22050Hz (Nyquist 22050Hz) - looks genuine,44100,22050,22050,-29.5
/home/adam/driveBig/Music/My Playlist/Tougher Than It Is - CAKE - Pressure Chief.flac,CLEAN,content extends to 21329Hz (Nyquist 22050Hz) - looks genuine,44100,21329,22050,16.9
/home/adam/driveBig/Music/My Playlist/Toxic - BoyWithUke - Serotonin Dreams.flac,CLEAN,content extends to 21232Hz (Nyquist 22050Hz) - looks genuine,44100,21232,22050,15.5
/home/adam/driveBig/Music/My Playlist/Trees - Twenty One Pilots - Vessel.flac,CLEAN,content extends to 21345Hz (Nyquist 22050Hz) - looks genuine,44100,21345,22050,27
"/home/adam/driveBig/Music/My Playlist/Trouble in Paradise (live in San Francisco, CA, 2-21-85) - Huey Lewis & The News - Greatest Hits.flac",CLEAN,content extends to 21291Hz (Nyquist 22050Hz) - looks genuine,44100,21291,22050,17.7
/home/adam/driveBig/Music/My Playlist/Undone – The Sweater Song - Weezer - Weezer (Blue Album).flac,CLEAN,content extends to 21307Hz (Nyquist 22050Hz) - looks genuine,44100,21307,22050,17.6
/home/adam/driveBig/Music/My Playlist/Voices - Damiano David - FUNNY little FEARS.flac,CLEAN,content extends to 21291Hz (Nyquist 22050Hz) - looks genuine,44100,21291,22050,20.3
/home/adam/driveBig/Music/My Playlist/Waiting - CAKE - Pressure Chief.flac,CLEAN,content extends to 21372Hz (Nyquist 22050Hz) - looks genuine,44100,21372,22050,32.7
/home/adam/driveBig/Music/My Playlist/Whatchu Thinkin’ - Red Hot Chili Peppers - Unlimited Love.flac,CLEAN,content extends to 21178Hz (Nyquist 22050Hz) - looks genuine,44100,21178,22050,15.8
/home/adam/driveBig/Music/My Playlist/Wheels - CAKE - Pressure Chief.flac,CLEAN,content extends to 21339Hz (Nyquist 22050Hz) - looks genuine,44100,21339,22050,17.7
/home/adam/driveBig/Music/My Playlist/When the Sun Hits - Slowdive - Souvlaki.flac,CLEAN,content extends to 21189Hz (Nyquist 22050Hz) - looks genuine,44100,21189,22050,14.8
"/home/adam/driveBig/Music/My Playlist/Who's Ready for Tomorrow - Rat Boy as IBDY - Cyberpunk 2077 - Radio, Vol. 2 (Original Soundtrack).flac",CLEAN,content extends to 21361Hz (Nyquist 22050Hz) - looks genuine,44100,21361,22050,20.3
/home/adam/driveBig/Music/My Playlist/Window (Actress remix) - Joji - In Tongues (Deluxe).flac,CLEAN,content extends to 21205Hz (Nyquist 22050Hz) - looks genuine,44100,21205,22050,15.7
/home/adam/driveBig/Music/My Playlist/Wonder If She Loves Me - Jvke - This is What ____ Feels Like.flac,CLEAN,content extends to 21216Hz (Nyquist 22050Hz) - looks genuine,44100,21216,22050,19.7
/home/adam/driveBig/Music/My Playlist/(Nice Dream) - Radiohead - The Bends.flac,CLEAN,content extends to 21210Hz (Nyquist 22050Hz) - looks genuine,44100,21210,22050,17.1
/home/adam/driveBig/Music/My Playlist/Ice in My OJ - Hayley Williams - Ego Death at a Bachelorette Party.flac,CLEAN,content extends to 21356Hz (Nyquist 22050Hz) - looks genuine,44100,21356,22050,15.6
/home/adam/driveBig/Music/My Playlist/Ibara - Ado - Ado's Best Adobum.flac,CLEAN,content extends to 21312Hz (Nyquist 22050Hz) - looks genuine,44100,21312,22050,20.2
/home/adam/driveBig/Music/My Playlist/A New Beginning - Good Charlotte - The Young and the Hopeless.flac,CLEAN,content extends to 21442Hz (Nyquist 22050Hz) - looks genuine,44100,21442,22050,14
/home/adam/driveBig/Music/My Playlist/A Wonderful Life - Bully - Lucky for You.flac,CLEAN,content extends to 21339Hz (Nyquist 22050Hz) - looks genuine,44100,21339,22050,20.1
/home/adam/driveBig/Music/My Playlist/Acland Street - Daniel Champagne - The Heartland Hurricanes.flac,CLEAN,content extends to 21183Hz (Nyquist 22050Hz) - looks genuine,44100,21183,22050,15.5
/home/adam/driveBig/Music/My Playlist/On Melancholy Hill - Gorillaz - Plastic Beach.flac,CLEAN,content extends to 21199Hz (Nyquist 22050Hz) - looks genuine,44100,21199,22050,8.1
/home/adam/driveBig/Music/My Playlist/On Mercury - Red Hot Chili Peppers - By the Way.flac,CLEAN,content extends to 21183Hz (Nyquist 22050Hz) - looks genuine,44100,21183,22050,13.3
/home/adam/driveBig/Music/My Playlist/Planet Desperation - Car Seat Headrest - The Scholars.flac,CLEAN,content extends to 21275Hz (Nyquist 22050Hz) - looks genuine,44100,21275,22050,18.1
/home/adam/driveBig/Music/My Playlist/Polarize - Twenty One Pilots - Blurryface.flac,CLEAN,content extends to 21221Hz (Nyquist 22050Hz) - looks genuine,44100,21221,22050,14.8
/home/adam/driveBig/Music/My Playlist/Deuce - Kiss - The Very Best of KISS.flac,CLEAN,content extends to 21587Hz (Nyquist 22050Hz) - looks genuine,44100,21587,22050,7.2
/home/adam/driveBig/Music/My Playlist/Devereaux - Car Seat Headrest - The Scholars.flac,CLEAN,content extends to 21183Hz (Nyquist 22050Hz) - looks genuine,44100,21183,22050,14.3
/home/adam/driveBig/Music/My Playlist/Don't Leave Me - Blink-182 - Enema of the State.flac,CLEAN,content extends to 21232Hz (Nyquist 22050Hz) - looks genuine,44100,21232,22050,22
/home/adam/driveBig/Music/My Playlist/I Will Survive - CAKE - Fashion Nugget.flac,CLEAN,content extends to 21372Hz (Nyquist 22050Hz) - looks genuine,44100,21372,22050,9.8
/home/adam/driveBig/Music/My Playlist/I Won’t Let You Go - BoyWithUke - Melatonin Dreams.flac,CLEAN,content extends to 21404Hz (Nyquist 22050Hz) - looks genuine,44100,21404,22050,8.6
/home/adam/driveBig/Music/My Playlist/Lucky - Radiohead - OK Computer.flac,CLEAN,content extends to 21469Hz (Nyquist 22050Hz) - looks genuine,44100,21469,22050,6.7
/home/adam/driveBig/Music/My Playlist/True-False Lover - Car Seat Headrest - The Scholars.flac,CLEAN,content extends to 21377Hz (Nyquist 22050Hz) - looks genuine,44100,21377,22050,22.5
/home/adam/driveBig/Music/My Playlist/In Over My Head - grandson - Death of an Optimist.flac,CLEAN,content extends to 21205Hz (Nyquist 22050Hz) - looks genuine,44100,21205,22050,18.4
/home/adam/driveBig/Music/My Playlist/In the Garage - Weezer - Weezer (Blue Album).flac,CLEAN,content extends to 21350Hz (Nyquist 22050Hz) - looks genuine,44100,21350,22050,19
/home/adam/driveBig/Music/My Playlist/Audio 002 - Vaundy - strobo.flac,CLEAN,content extends to 22002Hz (Nyquist 22050Hz) - looks genuine,44100,22002,22050,2.5
/home/adam/driveBig/Music/My Playlist/It’s Alright - Huey Lewis & The News - Greatest Hits.flac,CLEAN,content extends to 21237Hz (Nyquist 22050Hz) - looks genuine,44100,21237,22050,18
/home/adam/driveBig/Music/My Playlist/Last Hope - Paramore - Paramore.flac,CLEAN,content extends to 21452Hz (Nyquist 22050Hz) - looks genuine,44100,21452,22050,6.8
/home/adam/driveBig/Music/My Playlist/World of Two - CAKE - Comfort Eagle.flac,CLEAN,content extends to 21237Hz (Nyquist 22050Hz) - looks genuine,44100,21237,22050,15.9
/home/adam/driveBig/Music/My Playlist/fairy song - beabadoobee - Beatopia.flac,CLEAN,content extends to 21544Hz (Nyquist 22050Hz) - looks genuine,44100,21544,22050,27.5
/home/adam/driveBig/Music/My Playlist/Fake Plastic Trees - Radiohead - The Bends.flac,CLEAN,content extends to 21296Hz (Nyquist 22050Hz) - looks genuine,44100,21296,22050,19.8
"/home/adam/driveBig/Music/My Playlist/The Catastrophe (Good Luck With That, Man) - Car Seat Headrest - The Scholars.flac",CLEAN,content extends to 21447Hz (Nyquist 22050Hz) - looks genuine,44100,21447,22050,27.5
/home/adam/driveBig/Music/My Playlist/Lonely Weather - Of Monsters and Men - Tíu.flac,CLEAN,content extends to 21253Hz (Nyquist 22050Hz) - looks genuine,44100,21253,22050,14.6
/home/adam/driveBig/Music/My Playlist/Where Are You Now - Mumford & Sons - Babel.flac,CLEAN,content extends to 21307Hz (Nyquist 22050Hz) - looks genuine,44100,21307,22050,19.7
/home/adam/driveBig/Music/My Playlist/(A Slide In) New Drugs - King Krule - The Ooz.flac,GRADUAL_ROLLOFF,"rolloff at ~13286Hz but gentle (3.9dB/kHz) - could be an old master/analog source, not necessarily transcoded",44100,13286,22050,3.9
/home/adam/driveBig/Music/My Playlist/'39 - Queen - A Night At The Opera (Deluxe Edition 2011 Remaster).flac,GRADUAL_ROLLOFF,"rolloff at ~18513Hz but gentle (3.6dB/kHz) - could be an old master/analog source, not necessarily transcoded",44100,18513,22050,3.6
"/home/adam/driveBig/Music/My Playlist/(Druun, Part II) - DIIV - Oshin.flac",GRADUAL_ROLLOFF,"rolloff at ~16284Hz but gentle (6.0dB/kHz) - could be an old master/analog source, not necessarily transcoded",44100,16284,22050,6
/home/adam/driveBig/Music/My Playlist/(I Can't Get No) Satisfaction - Mono - The Rolling Stones - Out Of Our Heads (US Edition).flac,GRADUAL_ROLLOFF,"rolloff at ~15558Hz but gentle (2.3dB/kHz) - could be an old master/analog source, not necessarily transcoded",44100,15558,22050,2.3
"/home/adam/driveBig/Music/My Playlist/(I’m Always Touched by Your) Presence, Dear - Blondie - The Best of Blondie.flac",GRADUAL_ROLLOFF,"rolloff at ~17297Hz but gentle (1.7dB/kHz) - could be an old master/analog source, not necessarily transcoded",44100,17297,22050,1.7
/home/adam/driveBig/Music/My Playlist/(I'm Not Your) Steppin' Stone - The Monkees - Greatest Hits.flac,GRADUAL_ROLLOFF,"rolloff at ~20850Hz but gentle (11.6dB/kHz) - could be an old master/analog source, not necessarily transcoded",44100,20850,22050,11.6
/home/adam/driveBig/Music/My Playlist/21 Guns - Green Day - Greatest Hits - God's Favorite Band.flac,GRADUAL_ROLLOFF,"rolloff at ~11789Hz but gentle (1.8dB/kHz) - could be an old master/analog source, not necessarily transcoded",44100,11789,22050,1.8
/home/adam/driveBig/Music/My Playlist/21st Century - Red Hot Chili Peppers - Stadium Arcadium.flac,GRADUAL_ROLLOFF,"rolloff at ~20150Hz but gentle (2.7dB/kHz) - could be an old master/analog source, not necessarily transcoded",44100,20150,22050,2.7
/home/adam/driveBig/Music/My Playlist/22 Acacia Avenue - Iron Maiden - The Number of the Beast  (2015 Remaster).flac,GRADUAL_ROLLOFF,"rolloff at ~16010Hz but gentle (3.7dB/kHz) - could be an old master/analog source, not necessarily transcoded",44100,16010,22050,3.7
/home/adam/driveBig/Music/My Playlist/21st Century Schizoid Man (including Mirrors) - King Crimson - In the Court of the Crimson King.flac,GRADUAL_ROLLOFF,"rolloff at ~19692Hz but gentle (1.6dB/kHz) - could be an old master/analog source, not necessarily transcoded",44100,19692,22050,1.6
/home/adam/driveBig/Music/My Playlist/3-5th of a Mile In 10 Seconds - Jefferson Airplane - Surrealistic Pillow.flac,GRADUAL_ROLLOFF,"rolloff at ~12834Hz but gentle (4.0dB/kHz) - could be an old master/analog source, not necessarily transcoded",44100,12834,22050,4
/home/adam/driveBig/Music/My Playlist/3 A.M. - NF - Perception.flac,GRADUAL_ROLLOFF,"rolloff at ~17528Hz but gentle (0.5dB/kHz) - could be an old master/analog source, not necessarily transcoded",44100,17528,22050,0.5
/home/adam/driveBig/Music/My Playlist/3 outfits - Tai Verdes - HDTV.flac,GRADUAL_ROLLOFF,"rolloff at ~12382Hz but gentle (2.1dB/kHz) - could be an old master/analog source, not necessarily transcoded",44100,12382,22050,2.1
"/home/adam/driveBig/Music/My Playlist/5-4=Unity - Pavement - Crooked Rain, Crooked Rain.flac",GRADUAL_ROLLOFF,"rolloff at ~19784Hz but gentle (8.4dB/kHz) - could be an old master/analog source, not necessarily transcoded",44100,19784,22050,8.4
/home/adam/driveBig/Music/My Playlist/505 - Arctic Monkeys - Favourite Worst Nightmare.flac,GRADUAL_ROLLOFF,"rolloff at ~20936Hz but gentle (4.2dB/kHz) - could be an old master/analog source, not necessarily transcoded",44100,20936,22050,4.2
/home/adam/driveBig/Music/My Playlist/4th Of July - Soundgarden - Superunknown (Deluxe Edition).flac,GRADUAL_ROLLOFF,"rolloff at ~15079Hz but gentle (2.6dB/kHz) - could be an old master/analog source, not necessarily transcoded",44100,15079,22050,2.6
/home/adam/driveBig/Music/My Playlist/40' - Franz Ferdinand - Franz Ferdinand.flac,GRADUAL_ROLLOFF,"rolloff at ~17959Hz but gentle (2.3dB/kHz) - could be an old master/analog source, not necessarily transcoded",44100,17959,22050,2.3
/home/adam/driveBig/Music/My Playlist/6-00 - grandson - a modern tragedy vol. 1.flac,GRADUAL_ROLLOFF,"rolloff at ~14809Hz but gentle (2.1dB/kHz) - could be an old master/analog source, not necessarily transcoded",44100,14809,22050,2.1
/home/adam/driveBig/Music/My Playlist/99 - MOB CHOIR.flac,GRADUAL_ROLLOFF,"rolloff at ~20753Hz but gentle (6.4dB/kHz) - could be an old master/analog source, not necessarily transcoded",44100,20753,22050,6.4
/home/adam/driveBig/Music/My Playlist/99.9 - MOB CHOIR; sajou no hana.flac,GRADUAL_ROLLOFF,"rolloff at ~18755Hz but gentle (1.0dB/kHz) - could be an old master/analog source, not necessarily transcoded",44100,18755,22050,1
/home/adam/driveBig/Music/My Playlist/99 Red Balloons - Nena - 99 Luftballons.flac,GRADUAL_ROLLOFF,"rolloff at ~18492Hz but gentle (2.0dB/kHz) - could be an old master/analog source, not necessarily transcoded",44100,18492,22050,2
/home/adam/driveBig/Music/My Playlist/A Bird of Paradise - Daniel Champagne - Fault Lines.flac,GRADUAL_ROLLOFF,"rolloff at ~16834Hz but gentle (3.4dB/kHz) - could be an old master/analog source, not necessarily transcoded",44100,16834,22050,3.4
/home/adam/driveBig/Music/My Playlist/A Comet Appears - The Shins - Wincing the Night Away.flac,GRADUAL_ROLLOFF,"rolloff at ~15789Hz but gentle (1.5dB/kHz) - could be an old master/analog source, not necessarily transcoded",44100,15789,22050,1.5
/home/adam/driveBig/Music/My Playlist/976-EVIL - Deftones - Diamond Eyes.flac,GRADUAL_ROLLOFF,"rolloff at ~18459Hz but gentle (1.8dB/kHz) - could be an old master/analog source, not necessarily transcoded",44100,18459,22050,1.8
/home/adam/driveBig/Music/My Playlist/A Horse Named Cold Air - Mitski - Be the Cowboy.flac,GRADUAL_ROLLOFF,"rolloff at ~20823Hz but gentle (9.3dB/kHz) - could be an old master/analog source, not necessarily transcoded",44100,20823,22050,9.3
/home/adam/driveBig/Music/My Playlist/99 Luftballons - Nena.flac,GRADUAL_ROLLOFF,"rolloff at ~17291Hz but gentle (2.6dB/kHz) - could be an old master/analog source, not necessarily transcoded",44100,17291,22050,2.6
/home/adam/driveBig/Music/My Playlist/A Greater Love - Yves Tumor - Heaven to a Tortured Mind.flac,GRADUAL_ROLLOFF,"rolloff at ~14040Hz but gentle (2.3dB/kHz) - could be an old master/analog source, not necessarily transcoded",44100,14040,22050,2.3
/home/adam/driveBig/Music/My Playlist/A Lizard State - King Krule - 6 Feet Beneath the Moon.flac,GRADUAL_ROLLOFF,"rolloff at ~18583Hz but gentle (1.4dB/kHz) - could be an old master/analog source, not necessarily transcoded",44100,18583,22050,1.4
/home/adam/driveBig/Music/My Playlist/A Forest - The Cure - Seventeen Seconds.flac,GRADUAL_ROLLOFF,"rolloff at ~19951Hz but gentle (9.8dB/kHz) - could be an old master/analog source, not necessarily transcoded",44100,19951,22050,9.8
"/home/adam/driveBig/Music/My Playlist/A Little Bit Me, A Little Bit You - The Monkees - Greatest Hits.flac",GRADUAL_ROLLOFF,"rolloff at ~20839Hz but gentle (10.9dB/kHz) - could be an old master/analog source, not necessarily transcoded",44100,20839,22050,10.9
"/home/adam/driveBig/Music/My Playlist/A Lot Like Me - The Offspring - Rise and Fall, Rage and Grace.flac",GRADUAL_ROLLOFF,"rolloff at ~16731Hz but gentle (1.5dB/kHz) - could be an old master/analog source, not necessarily transcoded",44100,16731,22050,1.5
/home/adam/driveBig/Music/My Playlist/Actual Daydream - Kings of Leon - Can We Please Have Fun.flac,GRADUAL_ROLLOFF,"rolloff at ~16952Hz but gentle (3.5dB/kHz) - could be an old master/analog source, not necessarily transcoded",44100,16952,22050,3.5
/home/adam/driveBig/Music/My Playlist/Add It Up - Violent Femmes - Permanent Record - The Very Best of the Violent Femmes.flac,GRADUAL_ROLLOFF,"rolloff at ~17560Hz but gentle (3.0dB/kHz) - could be an old master/analog source, not necessarily transcoded",44100,17560,22050,3
/home/adam/driveBig/Music/My Playlist/Across the Great Divide - The Band - The Band.flac,GRADUAL_ROLLOFF,"rolloff at ~16177Hz but gentle (4.2dB/kHz) - could be an old master/analog source, not necessarily transcoded",44100,16177,22050,4.2
/home/adam/driveBig/Music/My Playlist/Aerodynamic - Daft Punk - Discovery.flac,GRADUAL_ROLLOFF,"rolloff at ~18449Hz but gentle (0.8dB/kHz) - could be an old master/analog source, not necessarily transcoded",44100,18449,22050,0.8
/home/adam/driveBig/Music/My Playlist/Affection - BoyWithUke - BoyWithUke - B Sides.flac,GRADUAL_ROLLOFF,"rolloff at ~19197Hz but gentle (2.6dB/kHz) - could be an old master/analog source, not necessarily transcoded",44100,19197,22050,2.6
/home/adam/driveBig/Music/My Playlist/Afterthought - Joji; BENEE - Nectar.flac,GRADUAL_ROLLOFF,"rolloff at ~19558Hz but gentle (1.8dB/kHz) - could be an old master/analog source, not necessarily transcoded",44100,19558,22050,1.8
/home/adam/driveBig/Music/My Playlist/Ahay - Of Monsters and Men - Fever Dream.flac,GRADUAL_ROLLOFF,"rolloff at ~15951Hz but gentle (2.6dB/kHz) - could be an old master/analog source, not necessarily transcoded",44100,15951,22050,2.6
/home/adam/driveBig/Music/My Playlist/Adult Education - Daryl Hall & John Oates - The Very Best of Daryl Hall & John Oates.flac,GRADUAL_ROLLOFF,"rolloff at ~20683Hz but gentle (7.0dB/kHz) - could be an old master/analog source, not necessarily transcoded",44100,20683,22050,7
/home/adam/driveBig/Music/My Playlist/After The Storm - Mumford & Sons - Sigh No More.flac,GRADUAL_ROLLOFF,"rolloff at ~16930Hz but gentle (1.6dB/kHz) - could be an old master/analog source, not necessarily transcoded",44100,16930,22050,1.6
/home/adam/driveBig/Music/My Playlist/Ain't It Fun - Paramore - Paramore.flac,GRADUAL_ROLLOFF,"rolloff at ~17754Hz but gentle (2.6dB/kHz) - could be an old master/analog source, not necessarily transcoded",44100,17754,22050,2.6
/home/adam/driveBig/Music/My Playlist/Ain't It The Life - Foo Fighters - There Is Nothing Left To Lose.flac,GRADUAL_ROLLOFF,"rolloff at ~20349Hz but gentle (5.6dB/kHz) - could be an old master/analog source, not necessarily transcoded",44100,20349,22050,5.6
/home/adam/driveBig/Music/My Playlist/Ain't No Good - CAKE - Motorcade of Generosity.flac,GRADUAL_ROLLOFF,"rolloff at ~20634Hz but gentle (5.3dB/kHz) - could be an old master/analog source, not necessarily transcoded",44100,20634,22050,5.3
/home/adam/driveBig/Music/My Playlist/Air Conditioning - DIIV - Oshin.flac,GRADUAL_ROLLOFF,"rolloff at ~15945Hz but gentle (7.5dB/kHz) - could be an old master/analog source, not necessarily transcoded",44100,15945,22050,7.5
/home/adam/driveBig/Music/My Playlist/Airbag - Radiohead - OK Computer.flac,GRADUAL_ROLLOFF,"rolloff at ~20903Hz but gentle (9.2dB/kHz) - could be an old master/analog source, not necessarily transcoded",44100,20903,22050,9.2
/home/adam/driveBig/Music/My Playlist/Aitakute - Ado - Kyougen.flac,GRADUAL_ROLLOFF,"rolloff at ~16441Hz but gentle (3.1dB/kHz) - could be an old master/analog source, not necessarily transcoded",44100,16441,22050,3.1
/home/adam/driveBig/Music/My Playlist/Ain't Nobody's Problem - The Lumineers - The Lumineers.flac,GRADUAL_ROLLOFF,"rolloff at ~17899Hz but gentle (2.9dB/kHz) - could be an old master/analog source, not necessarily transcoded",44100,17899,22050,2.9
/home/adam/driveBig/Music/My Playlist/ALIEN LOVE CALL (feat. Blood Orange) - Turnstile - GLOW ON.flac,GRADUAL_ROLLOFF,"rolloff at ~19611Hz but gentle (3.0dB/kHz) - could be an old master/analog source, not necessarily transcoded",44100,19611,22050,3
/home/adam/driveBig/Music/My Playlist/Airportman - R.E.M. - Up (25th Anniversary Edition).flac,GRADUAL_ROLLOFF,"rolloff at ~20973Hz but gentle (10.8dB/kHz) - could be an old master/analog source, not necessarily transcoded",44100,20973,22050,10.8
/home/adam/driveBig/Music/My Playlist/(Joe Gets Kicked Out Of School For Using) Drugs With Friends (But Says This Isn't A Problem) - Car Seat Headrest - Teens Of Denial.flac,GRADUAL_ROLLOFF,"rolloff at ~16909Hz but gentle (-0.3dB/kHz) - could be an old master/analog source, not necessarily transcoded",44100,16909,22050,-0.3
/home/adam/driveBig/Music/My Playlist/Alive - Pearl Jam - Ten.flac,GRADUAL_ROLLOFF,"rolloff at ~19095Hz but gentle (2.6dB/kHz) - could be an old master/analog source, not necessarily transcoded",44100,19095,22050,2.6
/home/adam/driveBig/Music/My Playlist/Aishite Aishite Aishite - Ado - Ado's Utattemita Album.flac,GRADUAL_ROLLOFF,"rolloff at ~19245Hz but gentle (4.9dB/kHz) - could be an old master/analog source, not necessarily transcoded",44100,19245,22050,4.9
/home/adam/driveBig/Music/My Playlist/Alien She - Bikini Kill - Pussy Whipped.flac,GRADUAL_ROLLOFF,"rolloff at ~15741Hz but gentle (1.8dB/kHz) - could be an old master/analog source, not necessarily transcoded",44100,15741,22050,1.8
/home/adam/driveBig/Music/My Playlist/88 - Sum 41 - Chuck.flac,GRADUAL_ROLLOFF,"rolloff at ~18885Hz but gentle (1.5dB/kHz) - could be an old master/analog source, not necessarily transcoded",44100,18885,22050,1.5
/home/adam/driveBig/Music/My Playlist/All of This - Blink-182 - Blink-182.flac,GRADUAL_ROLLOFF,"rolloff at ~18739Hz but gentle (2.1dB/kHz) - could be an old master/analog source, not necessarily transcoded",44100,18739,22050,2.1
/home/adam/driveBig/Music/My Playlist/All at Once - The Fray - How to Save a Life.flac,GRADUAL_ROLLOFF,"rolloff at ~20403Hz but gentle (6.2dB/kHz) - could be an old master/analog source, not necessarily transcoded",44100,20403,22050,6.2
/home/adam/driveBig/Music/My Playlist/All Dressed Up (With Nowhere To Go) - The Struts - Strange Days.flac,GRADUAL_ROLLOFF,"rolloff at ~19875Hz but gentle (4.4dB/kHz) - could be an old master/analog source, not necessarily transcoded",44100,19875,22050,4.4
/home/adam/driveBig/Music/My Playlist/All Day and All of the Night - The Kinks - From Muswell Hill.flac,GRADUAL_ROLLOFF,"rolloff at ~16651Hz but gentle (2.3dB/kHz) - could be an old master/analog source, not necessarily transcoded",44100,16651,22050,2.3
/home/adam/driveBig/Music/My Playlist/All Apologies - Nirvana - In Utero.flac,GRADUAL_ROLLOFF,"rolloff at ~16333Hz but gentle (2.5dB/kHz) - could be an old master/analog source, not necessarily transcoded",44100,16333,22050,2.5
"/home/adam/driveBig/Music/My Playlist/Another Brick in the Wall, Pt. 2 - Pink Floyd - The Wall.flac",GRADUAL_ROLLOFF,"rolloff at ~16602Hz but gentle (0.7dB/kHz) - could be an old master/analog source, not necessarily transcoded",44100,16602,22050,0.7
/home/adam/driveBig/Music/My Playlist/All Eyes On Me (Song Only) - Bo Burnham - Inside.flac,GRADUAL_ROLLOFF,"rolloff at ~13458Hz but gentle (3.2dB/kHz) - could be an old master/analog source, not necessarily transcoded",44100,13458,22050,3.2
/home/adam/driveBig/Music/My Playlist/Ain't No Rest for the Wicked - Cage The Elephant - Cage The Elephant.flac,GRADUAL_ROLLOFF,"rolloff at ~20925Hz but gentle (10.8dB/kHz) - could be an old master/analog source, not necessarily transcoded",44100,20925,22050,10.8
/home/adam/driveBig/Music/My Playlist/All I Think About Now - Pixies - Head Carrier.flac,GRADUAL_ROLLOFF,"rolloff at ~19837Hz but gentle (5.1dB/kHz) - could be an old master/analog source, not necessarily transcoded",44100,19837,22050,5.1
/home/adam/driveBig/Music/My Playlist/All by Myself - Green Day - Dookie.flac,GRADUAL_ROLLOFF,"rolloff at ~15757Hz but gentle (1.6dB/kHz) - could be an old master/analog source, not necessarily transcoded",44100,15757,22050,1.6
/home/adam/driveBig/Music/My Playlist/All I Wanted - Paramore - Brand New Eyes.flac,GRADUAL_ROLLOFF,"rolloff at ~15628Hz but gentle (2.8dB/kHz) - could be an old master/analog source, not necessarily transcoded",44100,15628,22050,2.8
/home/adam/driveBig/Music/My Playlist/All in My Head - Blink-182 - One More Time... Part-2.flac,GRADUAL_ROLLOFF,"rolloff at ~18513Hz but gentle (3.8dB/kHz) - could be an old master/analog source, not necessarily transcoded",44100,18513,22050,3.8
/home/adam/driveBig/Music/My Playlist/All of My Stars - Daniel Champagne - Fault Lines.flac,GRADUAL_ROLLOFF,"rolloff at ~16473Hz but gentle (2.8dB/kHz) - could be an old master/analog source, not necessarily transcoded",44100,16473,22050,2.8
/home/adam/driveBig/Music/My Playlist/All Night - The Vamps; Matoma.flac,GRADUAL_ROLLOFF,"rolloff at ~17404Hz but gentle (1.1dB/kHz) - could be an old master/analog source, not necessarily transcoded",44100,17404,22050,1.1
/home/adam/driveBig/Music/My Playlist/All My Favorite Songs - Weezer; AJR.flac,GRADUAL_ROLLOFF,"rolloff at ~19784Hz but gentle (9.5dB/kHz) - could be an old master/analog source, not necessarily transcoded",44100,19784,22050,9.5
/home/adam/driveBig/Music/My Playlist/All Right Now - Free - Fire And Water.flac,GRADUAL_ROLLOFF,"rolloff at ~14906Hz but gentle (1.5dB/kHz) - could be an old master/analog source, not necessarily transcoded",44100,14906,22050,1.5
/home/adam/driveBig/Music/My Playlist/All She Wants Is - Duran Duran - Greatest.flac,GRADUAL_ROLLOFF,"rolloff at ~20500Hz but gentle (11.1dB/kHz) - could be an old master/analog source, not necessarily transcoded",44100,20500,22050,11.1
/home/adam/driveBig/Music/My Playlist/ALL MY FELLAS - Frizk.flac,GRADUAL_ROLLOFF,"rolloff at ~20629Hz but gentle (9.2dB/kHz) - could be an old master/analog source, not necessarily transcoded",44100,20629,22050,9.2
/home/adam/driveBig/Music/My Playlist/All Summer Long - Kid Rock - Rock N Roll Jesus.flac,GRADUAL_ROLLOFF,"rolloff at ~19633Hz but gentle (6.2dB/kHz) - could be an old master/analog source, not necessarily transcoded",44100,19633,22050,6.2
/home/adam/driveBig/Music/My Playlist/All the Pretty Girls - KALEO - A-B.flac,GRADUAL_ROLLOFF,"rolloff at ~19719Hz but gentle (1.0dB/kHz) - could be an old master/analog source, not necessarily transcoded",44100,19719,22050,1
/home/adam/driveBig/Music/My Playlist/All the Road Dogs Know - Daniel Champagne - Trying To Hold The Setting Sun.flac,GRADUAL_ROLLOFF,"rolloff at ~20618Hz but gentle (8.7dB/kHz) - could be an old master/analog source, not necessarily transcoded",44100,20618,22050,8.7
/home/adam/driveBig/Music/My Playlist/All the Saints - Pixies - Head Carrier.flac,GRADUAL_ROLLOFF,"rolloff at ~15638Hz but gentle (0.5dB/kHz) - could be an old master/analog source, not necessarily transcoded",44100,15638,22050,0.5
/home/adam/driveBig/Music/My Playlist/All The Little Lights - Passenger.flac,GRADUAL_ROLLOFF,"rolloff at ~18831Hz but gentle (0.1dB/kHz) - could be an old master/analog source, not necessarily transcoded",44100,18831,22050,0.1
/home/adam/driveBig/Music/My Playlist/All-Nighter - Bad Bad Hats - Psychic Reader.flac,GRADUAL_ROLLOFF,"rolloff at ~20812Hz but gentle (5.5dB/kHz) - could be an old master/analog source, not necessarily transcoded",44100,20812,22050,5.5
/home/adam/driveBig/Music/My Playlist/Alligator - Of Monsters and Men - Fever Dream.flac,GRADUAL_ROLLOFF,"rolloff at ~15757Hz but gentle (3.1dB/kHz) - could be an old master/analog source, not necessarily transcoded",44100,15757,22050,3.1
/home/adam/driveBig/Music/My Playlist/Along the Way - Red Vox - What Could Go Wrong.flac,GRADUAL_ROLLOFF,"rolloff at ~18626Hz but gentle (4.6dB/kHz) - could be an old master/analog source, not necessarily transcoded",44100,18626,22050,4.6
"/home/adam/driveBig/Music/My Playlist/Alone, Together - The Strokes - Is This It.flac",GRADUAL_ROLLOFF,"rolloff at ~20602Hz but gentle (6.5dB/kHz) - could be an old master/analog source, not necessarily transcoded",44100,20602,22050,6.5
/home/adam/driveBig/Music/My Playlist/Always - Blink-182 - Blink-182.flac,GRADUAL_ROLLOFF,"rolloff at ~11913Hz but gentle (2.6dB/kHz) - could be an old master/analog source, not necessarily transcoded",44100,11913,22050,2.6
/home/adam/driveBig/Music/My Playlist/Allergic (To Thoughts Of Mother Earth) - Placebo - Without You I'm Nothing.flac,GRADUAL_ROLLOFF,"rolloff at ~15633Hz but gentle (1.5dB/kHz) - could be an old master/analog source, not necessarily transcoded",44100,15633,22050,1.5
/home/adam/driveBig/Music/My Playlist/Aluminum - The White Stripes - White Blood Cells.flac,GRADUAL_ROLLOFF,"rolloff at ~15865Hz but gentle (1.3dB/kHz) - could be an old master/analog source, not necessarily transcoded",44100,15865,22050,1.3
/home/adam/driveBig/Music/My Playlist/Allergies - Marcin; Delaney Bailey - Dragon in Harmony.flac,GRADUAL_ROLLOFF,"rolloff at ~20252Hz but gentle (3.4dB/kHz) - could be an old master/analog source, not necessarily transcoded",44100,20252,22050,3.4
/home/adam/driveBig/Music/My Playlist/Altogether - Slowdive - Souvlaki.flac,GRADUAL_ROLLOFF,"rolloff at ~20683Hz but gentle (10.8dB/kHz) - could be an old master/analog source, not necessarily transcoded",44100,20683,22050,10.8
"/home/adam/driveBig/Music/My Playlist/Always on My Mind - Tiki Taane - Past, Present, Future.flac",GRADUAL_ROLLOFF,"rolloff at ~21027Hz but gentle (6.6dB/kHz) - could be an old master/analog source, not necessarily transcoded",44100,21027,22050,6.6
/home/adam/driveBig/Music/My Playlist/Ambitions (Introduction) - ONE OK ROCK - Ambitions.flac,GRADUAL_ROLLOFF,"rolloff at ~20457Hz but gentle (6.4dB/kHz) - could be an old master/analog source, not necessarily transcoded",44100,20457,22050,6.4
/home/adam/driveBig/Music/My Playlist/Amen - Rich Brian.flac,GRADUAL_ROLLOFF,"rolloff at ~19951Hz but gentle (3.6dB/kHz) - could be an old master/analog source, not necessarily transcoded",44100,19951,22050,3.6
/home/adam/driveBig/Music/My Playlist/Am I Talking To The Champagne (Or Talking To You) - The Struts - Strange Days.flac,GRADUAL_ROLLOFF,"rolloff at ~20963Hz but gentle (11.8dB/kHz) - could be an old master/analog source, not necessarily transcoded",44100,20963,22050,11.8
/home/adam/driveBig/Music/My Playlist/American Idiot - Green Day - Greatest Hits - God's Favorite Band.flac,GRADUAL_ROLLOFF,"rolloff at ~20101Hz but gentle (2.3dB/kHz) - could be an old master/analog source, not necessarily transcoded",44100,20101,22050,2.3
/home/adam/driveBig/Music/My Playlist/Americana - The Offspring.flac,GRADUAL_ROLLOFF,"rolloff at ~18836Hz but gentle (1.8dB/kHz) - could be an old master/analog source, not necessarily transcoded",44100,18836,22050,1.8
/home/adam/driveBig/Music/My Playlist/Amy - THE ORAL CIGARETTES - FIXION.flac,GRADUAL_ROLLOFF,"rolloff at ~18427Hz but gentle (2.0dB/kHz) - could be an old master/analog source, not necessarily transcoded",44100,18427,22050,2
"/home/adam/driveBig/Music/My Playlist/Andy, You're a Star - The Killers - Hot Fuss.flac",GRADUAL_ROLLOFF,"rolloff at ~19568Hz but gentle (3.0dB/kHz) - could be an old master/analog source, not necessarily transcoded",44100,19568,22050,3
/home/adam/driveBig/Music/My Playlist/Angel - Damiano David - FUNNY little FEARS.flac,GRADUAL_ROLLOFF,"rolloff at ~17765Hz but gentle (2.5dB/kHz) - could be an old master/analog source, not necessarily transcoded",44100,17765,22050,2.5
/home/adam/driveBig/Music/My Playlist/Angel of Mercy - Dire Straits - Communiqué.flac,GRADUAL_ROLLOFF,"rolloff at ~19423Hz but gentle (3.6dB/kHz) - could be an old master/analog source, not necessarily transcoded",44100,19423,22050,3.6
/home/adam/driveBig/Music/My Playlist/Angels With Dirty Faces - Sum 41 - Chuck.flac,GRADUAL_ROLLOFF,"rolloff at ~17953Hz but gentle (1.3dB/kHz) - could be an old master/analog source, not necessarily transcoded",44100,17953,22050,1.3
/home/adam/driveBig/Music/My Playlist/Anesthesia - Red Vox - Realign.flac,GRADUAL_ROLLOFF,"rolloff at ~14470Hz but gentle (1.2dB/kHz) - could be an old master/analog source, not necessarily transcoded",44100,14470,22050,1.2
/home/adam/driveBig/Music/My Playlist/Always on Time - Bad Bad Hats - Walkman.flac,GRADUAL_ROLLOFF,"rolloff at ~15429Hz but gentle (2.0dB/kHz) - could be an old master/analog source, not necessarily transcoded",44100,15429,22050,2
/home/adam/driveBig/Music/My Playlist/Angela - The Lumineers - Cleopatra.flac,GRADUAL_ROLLOFF,"rolloff at ~14944Hz but gentle (2.1dB/kHz) - could be an old master/analog source, not necessarily transcoded",44100,14944,22050,2.1
/home/adam/driveBig/Music/My Playlist/Animal Bar - Red Hot Chili Peppers - Stadium Arcadium.flac,GRADUAL_ROLLOFF,"rolloff at ~20887Hz but gentle (8.7dB/kHz) - could be an old master/analog source, not necessarily transcoded",44100,20887,22050,8.7
/home/adam/driveBig/Music/My Playlist/Ankle Biters - Paramore - Paramore.flac,GRADUAL_ROLLOFF,"rolloff at ~20295Hz but gentle (5.1dB/kHz) - could be an old master/analog source, not necessarily transcoded",44100,20295,22050,5.1
/home/adam/driveBig/Music/My Playlist/Ann - The Stooges - The Stooges.flac,GRADUAL_ROLLOFF,"rolloff at ~16801Hz but gentle (2.5dB/kHz) - could be an old master/analog source, not necessarily transcoded",44100,16801,22050,2.5
/home/adam/driveBig/Music/My Playlist/Annabelle’s Homework - Alec Benjamin - Narrated for You.flac,GRADUAL_ROLLOFF,"rolloff at ~17323Hz but gentle (1.4dB/kHz) - could be an old master/analog source, not necessarily transcoded",44100,17323,22050,1.4
/home/adam/driveBig/Music/My Playlist/Animals - Nickelback - All The Right Reasons.flac,GRADUAL_ROLLOFF,"rolloff at ~16753Hz but gentle (2.0dB/kHz) - could be an old master/analog source, not necessarily transcoded",44100,16753,22050,2
/home/adam/driveBig/Music/My Playlist/Another One Bites The Dust - Queen - The Game (Deluxe Edition 2011 Remaster).flac,GRADUAL_ROLLOFF,"rolloff at ~19326Hz but gentle (6.6dB/kHz) - could be an old master/analog source, not necessarily transcoded",44100,19326,22050,6.6
/home/adam/driveBig/Music/My Playlist/Anthem Part 3 - Blink-182 - One More Time... Part-2.flac,GRADUAL_ROLLOFF,"rolloff at ~20306Hz but gentle (3.9dB/kHz) - could be an old master/analog source, not necessarily transcoded",44100,20306,22050,3.9
/home/adam/driveBig/Music/My Playlist/Antarctica - Men Without Hats - Rhythm Of Youth (Expanded Edition).flac,GRADUAL_ROLLOFF,"rolloff at ~20763Hz but gentle (8.5dB/kHz) - could be an old master/analog source, not necessarily transcoded",44100,20763,22050,8.5
/home/adam/driveBig/Music/My Playlist/Another Light - Red Vox.flac,GRADUAL_ROLLOFF,"rolloff at ~17980Hz but gentle (2.5dB/kHz) - could be an old master/analog source, not necessarily transcoded",44100,17980,22050,2.5
/home/adam/driveBig/Music/My Playlist/Anthem Part 3 - Blink-182 - One More Time....flac,GRADUAL_ROLLOFF,"rolloff at ~20306Hz but gentle (4.1dB/kHz) - could be an old master/analog source, not necessarily transcoded",44100,20306,22050,4.1
/home/adam/driveBig/Music/My Playlist/Another Love Song - Queens Of The Stone Age - Songs For The Deaf.flac,GRADUAL_ROLLOFF,"rolloff at ~20806Hz but gentle (7.4dB/kHz) - could be an old master/analog source, not necessarily transcoded",44100,20806,22050,7.4
/home/adam/driveBig/Music/My Playlist/Anthem Part Two - Blink-182 - Take Off Your Pants and Jacket.flac,GRADUAL_ROLLOFF,"rolloff at ~17437Hz but gentle (0.8dB/kHz) - could be an old master/analog source, not necessarily transcoded",44100,17437,22050,0.8
/home/adam/driveBig/Music/My Playlist/Anti-Pleasure Dissertation - Bikini Kill - The Singles.flac,GRADUAL_ROLLOFF,"rolloff at ~17474Hz but gentle (2.4dB/kHz) - could be an old master/analog source, not necessarily transcoded",44100,17474,22050,2.4
/home/adam/driveBig/Music/My Playlist/Any Time You Want Love - The Dave Clark Five - American Tour (2019 - Remaster).flac,GRADUAL_ROLLOFF,"rolloff at ~18895Hz but gentle (2.3dB/kHz) - could be an old master/analog source, not necessarily transcoded",44100,18895,22050,2.3
/home/adam/driveBig/Music/My Playlist/Any Way You Want It - Journey - Departure.flac,GRADUAL_ROLLOFF,"rolloff at ~19283Hz but gentle (7.6dB/kHz) - could be an old master/analog source, not necessarily transcoded",44100,19283,22050,7.6
/home/adam/driveBig/Music/My Playlist/Anyday - Derek and the Dominos - Layla & Other Assorted Love Songs.flac,GRADUAL_ROLLOFF,"rolloff at ~16548Hz but gentle (2.4dB/kHz) - could be an old master/analog source, not necessarily transcoded",44100,16548,22050,2.4
/home/adam/driveBig/Music/My Playlist/Apathetic Empathy - Red Vox - Realign.flac,GRADUAL_ROLLOFF,"rolloff at ~18825Hz but gentle (2.6dB/kHz) - could be an old master/analog source, not necessarily transcoded",44100,18825,22050,2.6
/home/adam/driveBig/Music/My Playlist/Aqueous Transmission - Incubus - Morning View.flac,GRADUAL_ROLLOFF,"rolloff at ~17114Hz but gentle (2.4dB/kHz) - could be an old master/analog source, not necessarily transcoded",44100,17114,22050,2.4
/home/adam/driveBig/Music/My Playlist/Are You Bored Yet - Wallows; Clairo - Nothing Happens.flac,GRADUAL_ROLLOFF,"rolloff at ~19261Hz but gentle (4.2dB/kHz) - could be an old master/analog source, not necessarily transcoded",44100,19261,22050,4.2
/home/adam/driveBig/Music/My Playlist/Aria Math (Remix) - C418; Protostar - Minecraft - Volume Gamma.flac,GRADUAL_ROLLOFF,"rolloff at ~18190Hz but gentle (2.1dB/kHz) - could be an old master/analog source, not necessarily transcoded",44100,18190,22050,2.1
/home/adam/driveBig/Music/My Playlist/Are You In - Incubus - Morning View.flac,GRADUAL_ROLLOFF,"rolloff at ~17690Hz but gentle (1.9dB/kHz) - could be an old master/analog source, not necessarily transcoded",44100,17690,22050,1.9
/home/adam/driveBig/Music/My Playlist/Arizona - Kings of Leon - Because of the Times.flac,GRADUAL_ROLLOFF,"rolloff at ~10471Hz but gentle (2.3dB/kHz) - could be an old master/analog source, not necessarily transcoded",44100,10471,22050,2.3
/home/adam/driveBig/Music/My Playlist/As We Are - Kongos - Lunatic.flac,GRADUAL_ROLLOFF,"rolloff at ~15649Hz but gentle (0.8dB/kHz) - could be an old master/analog source, not necessarily transcoded",44100,15649,22050,0.8
/home/adam/driveBig/Music/My Playlist/Around the World - Red Hot Chili Peppers - Californication.flac,GRADUAL_ROLLOFF,"rolloff at ~17835Hz but gentle (2.9dB/kHz) - could be an old master/analog source, not necessarily transcoded",44100,17835,22050,2.9
/home/adam/driveBig/Music/My Playlist/Ask For Answers - Placebo - Without You I'm Nothing.flac,GRADUAL_ROLLOFF,"rolloff at ~8010Hz but gentle (1.1dB/kHz) - could be an old master/analog source, not necessarily transcoded",44100,8010,22050,1.1
/home/adam/driveBig/Music/My Playlist/Are You Ready - Måneskin - Il Ballo Della Vita.flac,GRADUAL_ROLLOFF,"rolloff at ~17345Hz but gentle (1.4dB/kHz) - could be an old master/analog source, not necessarily transcoded",44100,17345,22050,1.4
/home/adam/driveBig/Music/My Playlist/Ashura-chan - Ado - Kyougen.flac,GRADUAL_ROLLOFF,"rolloff at ~19579Hz but gentle (4.2dB/kHz) - could be an old master/analog source, not necessarily transcoded",44100,19579,22050,4.2
/home/adam/driveBig/Music/My Playlist/Ashes In the Fall - Rage Against the Machine - The Battle Of Los Angeles.flac,GRADUAL_ROLLOFF,"rolloff at ~21065Hz but gentle (11.5dB/kHz) - could be an old master/analog source, not necessarily transcoded",44100,21065,22050,11.5
/home/adam/driveBig/Music/My Playlist/Asteroid Blues - Yves Tumor - Heaven to a Tortured Mind.flac,GRADUAL_ROLLOFF,"rolloff at ~18551Hz but gentle (3.9dB/kHz) - could be an old master/analog source, not necessarily transcoded",44100,18551,22050,3.9
/home/adam/driveBig/Music/My Playlist/Assassin - Muse - Black Holes and Revelations.flac,GRADUAL_ROLLOFF,"rolloff at ~18029Hz but gentle (3.0dB/kHz) - could be an old master/analog source, not necessarily transcoded",44100,18029,22050,3
/home/adam/driveBig/Music/My Playlist/Automatic Stop - The Strokes - Room on Fire.flac,GRADUAL_ROLLOFF,"rolloff at ~20640Hz but gentle (5.5dB/kHz) - could be an old master/analog source, not necessarily transcoded",44100,20640,22050,5.5
/home/adam/driveBig/Music/My Playlist/Automobile - KALEO - A-B.flac,GRADUAL_ROLLOFF,"rolloff at ~20763Hz but gentle (8.6dB/kHz) - could be an old master/analog source, not necessarily transcoded",44100,20763,22050,8.6
/home/adam/driveBig/Music/My Playlist/Awake My Soul - Mumford & Sons - Sigh No More.flac,GRADUAL_ROLLOFF,"rolloff at ~17587Hz but gentle (2.8dB/kHz) - could be an old master/analog source, not necessarily transcoded",44100,17587,22050,2.8
/home/adam/driveBig/Music/My Playlist/Away From The Sun - 3 Doors Down.flac,GRADUAL_ROLLOFF,"rolloff at ~20688Hz but gentle (6.0dB/kHz) - could be an old master/analog source, not necessarily transcoded",44100,20688,22050,6
/home/adam/driveBig/Music/My Playlist/Asthenia - Blink-182 - Blink-182.flac,GRADUAL_ROLLOFF,"rolloff at ~16473Hz but gentle (1.9dB/kHz) - could be an old master/analog source, not necessarily transcoded",44100,16473,22050,1.9
/home/adam/driveBig/Music/My Playlist/Awake And Alive - Skillet - Awake.flac,GRADUAL_ROLLOFF,"rolloff at ~18109Hz but gentle (3.7dB/kHz) - could be an old master/analog source, not necessarily transcoded",44100,18109,22050,3.7
/home/adam/driveBig/Music/My Playlist/Baal’s Back - Pixies - Head Carrier.flac,GRADUAL_ROLLOFF,"rolloff at ~19541Hz but gentle (4.0dB/kHz) - could be an old master/analog source, not necessarily transcoded",44100,19541,22050,4
/home/adam/driveBig/Music/My Playlist/Awkward Phase - Bad Bad Hats - Walkman.flac,GRADUAL_ROLLOFF,"rolloff at ~15714Hz but gentle (1.4dB/kHz) - could be an old master/analog source, not necessarily transcoded",44100,15714,22050,1.4
/home/adam/driveBig/Music/My Playlist/A‐E‐U‐I - THE ORAL CIGARETTES - FIXION.flac,GRADUAL_ROLLOFF,"rolloff at ~18982Hz but gentle (1.5dB/kHz) - could be an old master/analog source, not necessarily transcoded",44100,18982,22050,1.5
/home/adam/driveBig/Music/My Playlist/Babaji - Supertramp - Even In The Quietest Moments.flac,GRADUAL_ROLLOFF,"rolloff at ~17916Hz but gentle (3.1dB/kHz) - could be an old master/analog source, not necessarily transcoded",44100,17916,22050,3.1
/home/adam/driveBig/Music/My Playlist/Baby Blue - King Krule - 6 Feet Beneath the Moon.flac,GRADUAL_ROLLOFF,"rolloff at ~18842Hz but gentle (1.3dB/kHz) - could be an old master/analog source, not necessarily transcoded",44100,18842,22050,1.3
/home/adam/driveBig/Music/My Playlist/Babel - Mumford & Sons.flac,GRADUAL_ROLLOFF,"rolloff at ~14400Hz but gentle (0.7dB/kHz) - could be an old master/analog source, not necessarily transcoded",44100,14400,22050,0.7
/home/adam/driveBig/Music/My Playlist/Baba O’Riley - The Who - Who’s Next.flac,GRADUAL_ROLLOFF,"rolloff at ~20225Hz but gentle (2.3dB/kHz) - could be an old master/analog source, not necessarily transcoded",44100,20225,22050,2.3
/home/adam/driveBig/Music/My Playlist/Baby Don’t You Do It - The Who - Who’s Next.flac,GRADUAL_ROLLOFF,"rolloff at ~21000Hz but gentle (11.5dB/kHz) - could be an old master/analog source, not necessarily transcoded",44100,21000,22050,11.5
/home/adam/driveBig/Music/My Playlist/Back Home - Yellowcard - Ocean Avenue.flac,GRADUAL_ROLLOFF,"rolloff at ~19116Hz but gentle (2.4dB/kHz) - could be an old master/analog source, not necessarily transcoded",44100,19116,22050,2.4
/home/adam/driveBig/Music/My Playlist/Babylon - Barns Courtney - 404.flac,GRADUAL_ROLLOFF,"rolloff at ~19735Hz but gentle (6.0dB/kHz) - could be an old master/analog source, not necessarily transcoded",44100,19735,22050,6
/home/adam/driveBig/Music/My Playlist/Back Against the Wall - Cage The Elephant - Cage The Elephant.flac,GRADUAL_ROLLOFF,"rolloff at ~20957Hz but gentle (6.2dB/kHz) - could be an old master/analog source, not necessarily transcoded",44100,20957,22050,6.2
/home/adam/driveBig/Music/My Playlist/Baby Said - Måneskin - Rush!.flac,GRADUAL_ROLLOFF,"rolloff at ~20370Hz but gentle (5.1dB/kHz) - could be an old master/analog source, not necessarily transcoded",44100,20370,22050,5.1
/home/adam/driveBig/Music/My Playlist/Back Stabbin' Betty - Cage The Elephant - Cage The Elephant.flac,GRADUAL_ROLLOFF,"rolloff at ~20699Hz but gentle (6.3dB/kHz) - could be an old master/analog source, not necessarily transcoded",44100,20699,22050,6.3
/home/adam/driveBig/Music/My Playlist/Back to Nova Scotia - Daniel Champagne - Fault Lines.flac,GRADUAL_ROLLOFF,"rolloff at ~15019Hz but gentle (1.8dB/kHz) - could be an old master/analog source, not necessarily transcoded",44100,15019,22050,1.8
/home/adam/driveBig/Music/My Playlist/Back In The Usa - Green Day - Greatest Hits - God's Favorite Band.flac,GRADUAL_ROLLOFF,"rolloff at ~15708Hz but gentle (1.0dB/kHz) - could be an old master/analog source, not necessarily transcoded",44100,15708,22050,1
/home/adam/driveBig/Music/My Playlist/Back in Time - Huey Lewis & The News - Greatest Hits.flac,GRADUAL_ROLLOFF,"rolloff at ~20483Hz but gentle (8.6dB/kHz) - could be an old master/analog source, not necessarily transcoded",44100,20483,22050,8.6
/home/adam/driveBig/Music/My Playlist/Back to School - Red Vox - What Could Go Wrong.flac,GRADUAL_ROLLOFF,"rolloff at ~18201Hz but gentle (2.1dB/kHz) - could be an old master/analog source, not necessarily transcoded",44100,18201,22050,2.1
/home/adam/driveBig/Music/My Playlist/Backseat - Balu Brigada - Sideways.flac,GRADUAL_ROLLOFF,"rolloff at ~19514Hz but gentle (4.1dB/kHz) - could be an old master/analog source, not necessarily transcoded",44100,19514,22050,4.1
/home/adam/driveBig/Music/My Playlist/Backseat - Balu Brigada - What Do We Ever Really Know.flac,GRADUAL_ROLLOFF,"rolloff at ~19514Hz but gentle (4.1dB/kHz) - could be an old master/analog source, not necessarily transcoded",44100,19514,22050,4.1
/home/adam/driveBig/Music/My Playlist/Backlight - Ado - Uta's Songs One Piece Film Red.flac,GRADUAL_ROLLOFF,"rolloff at ~18901Hz but gentle (1.9dB/kHz) - could be an old master/analog source, not necessarily transcoded",44100,18901,22050,1.9
/home/adam/driveBig/Music/My Playlist/Backyard (Bonus Track) - Of Monsters and Men - Beneath The Skin (Deluxe).flac,GRADUAL_ROLLOFF,"rolloff at ~16602Hz but gentle (2.6dB/kHz) - could be an old master/analog source, not necessarily transcoded",44100,16602,22050,2.6
/home/adam/driveBig/Music/My Playlist/Backseat - BoyWithUke - Burnout.flac,GRADUAL_ROLLOFF,"rolloff at ~20769Hz but gentle (9.5dB/kHz) - could be an old master/analog source, not necessarily transcoded",44100,20769,22050,9.5
/home/adam/driveBig/Music/My Playlist/Bad Decisions - The Strokes - The New Abnormal.flac,GRADUAL_ROLLOFF,"rolloff at ~17447Hz but gentle (1.9dB/kHz) - could be an old master/analog source, not necessarily transcoded",44100,17447,22050,1.9
/home/adam/driveBig/Music/My Playlist/Bad Moon Rising - Creedence Clearwater Revival - Green River (Expanded Edition).flac,GRADUAL_ROLLOFF,"rolloff at ~20591Hz but gentle (9.3dB/kHz) - could be an old master/analog source, not necessarily transcoded",44100,20591,22050,9.3
/home/adam/driveBig/Music/My Playlist/Bad News - Blink-182 - One More Time... Part-2.flac,GRADUAL_ROLLOFF,"rolloff at ~16118Hz but gentle (2.5dB/kHz) - could be an old master/analog source, not necessarily transcoded",44100,16118,22050,2.5
/home/adam/driveBig/Music/My Playlist/Bad Girl - ZZ Top - Eliminator.flac,GRADUAL_ROLLOFF,"rolloff at ~20413Hz but gentle (5.5dB/kHz) - could be an old master/analog source, not necessarily transcoded",44100,20413,22050,5.5
/home/adam/driveBig/Music/My Playlist/Bad News Travels Fast - Player - The Best of Player.flac,GRADUAL_ROLLOFF,"rolloff at ~20247Hz but gentle (9.4dB/kHz) - could be an old master/analog source, not necessarily transcoded",44100,20247,22050,9.4
/home/adam/driveBig/Music/My Playlist/Bad Bad News - Tai Verdes - TV.flac,GRADUAL_ROLLOFF,"rolloff at ~18998Hz but gentle (4.6dB/kHz) - could be an old master/analog source, not necessarily transcoded",44100,18998,22050,4.6
/home/adam/driveBig/Music/My Playlist/Bag of Money - Fly My Pretties - The Studio Recordings Part One.flac,GRADUAL_ROLLOFF,"rolloff at ~17216Hz but gentle (0.9dB/kHz) - could be an old master/analog source, not necessarily transcoded",44100,17216,22050,0.9
/home/adam/driveBig/Music/My Playlist/Bald Headed Woman - The Kinks - Kinks.flac,GRADUAL_ROLLOFF,"rolloff at ~18443Hz but gentle (2.9dB/kHz) - could be an old master/analog source, not necessarily transcoded",44100,18443,22050,2.9
"/home/adam/driveBig/Music/My Playlist/Ballad of the Beaconsfield Miners - Foo Fighters - Echoes, Silence, Patience & Grace.flac",GRADUAL_ROLLOFF,"rolloff at ~9884Hz but gentle (0.1dB/kHz) - could be an old master/analog source, not necessarily transcoded",44100,9884,22050,0.1
/home/adam/driveBig/Music/My Playlist/Ball and Chain - Cage The Elephant - Neon Pill.flac,GRADUAL_ROLLOFF,"rolloff at ~17517Hz but gentle (1.7dB/kHz) - could be an old master/analog source, not necessarily transcoded",44100,17517,22050,1.7
/home/adam/driveBig/Music/My Playlist/Ban the Game - Men Without Hats - Rhythm Of Youth (Expanded Edition).flac,GRADUAL_ROLLOFF,"rolloff at ~14018Hz but gentle (1.2dB/kHz) - could be an old master/analog source, not necessarily transcoded",44100,14018,22050,1.2
/home/adam/driveBig/Music/My Playlist/Ballerina Radio - Kings of Leon - Can We Please Have Fun.flac,GRADUAL_ROLLOFF,"rolloff at ~17345Hz but gentle (1.9dB/kHz) - could be an old master/analog source, not necessarily transcoded",44100,17345,22050,1.9
/home/adam/driveBig/Music/My Playlist/Ball and Biscuit - The White Stripes - Elephant.flac,GRADUAL_ROLLOFF,"rolloff at ~18508Hz but gentle (4.2dB/kHz) - could be an old master/analog source, not necessarily transcoded",44100,18508,22050,4.2
/home/adam/driveBig/Music/My Playlist/Barefoot in Snow - Of Monsters and Men - All is Love and Pain in the Mouse Parade.flac,GRADUAL_ROLLOFF,"rolloff at ~18642Hz but gentle (3.7dB/kHz) - could be an old master/analog source, not necessarily transcoded",44100,18642,22050,3.7
/home/adam/driveBig/Music/My Playlist/Bang Bang - Green Day - Greatest Hits - God's Favorite Band.flac,GRADUAL_ROLLOFF,"rolloff at ~18341Hz but gentle (2.9dB/kHz) - could be an old master/analog source, not necessarily transcoded",44100,18341,22050,2.9
/home/adam/driveBig/Music/My Playlist/Bang! - AJR - OK Orchestra.flac,GRADUAL_ROLLOFF,"rolloff at ~20559Hz but gentle (4.4dB/kHz) - could be an old master/analog source, not necessarily transcoded",44100,20559,22050,4.4
/home/adam/driveBig/Music/My Playlist/Bargain - The Who - Who’s Next.flac,GRADUAL_ROLLOFF,"rolloff at ~16075Hz but gentle (2.9dB/kHz) - could be an old master/analog source, not necessarily transcoded",44100,16075,22050,2.9
/home/adam/driveBig/Music/My Playlist/Bang! - AJR.flac,GRADUAL_ROLLOFF,"rolloff at ~20640Hz but gentle (5.9dB/kHz) - could be an old master/analog source, not necessarily transcoded",44100,20640,22050,5.9
/home/adam/driveBig/Music/My Playlist/Barely Legal - The Strokes - Is This It.flac,GRADUAL_ROLLOFF,"rolloff at ~20360Hz but gentle (5.7dB/kHz) - could be an old master/analog source, not necessarily transcoded",44100,20360,22050,5.7
/home/adam/driveBig/Music/My Playlist/Bathed in Grey - King Krule - 6 Feet Beneath the Moon.flac,GRADUAL_ROLLOFF,"rolloff at ~10406Hz but gentle (2.5dB/kHz) - could be an old master/analog source, not necessarily transcoded",44100,10406,22050,2.5
/home/adam/driveBig/Music/My Playlist/Basket Case - Green Day - Dookie.flac,GRADUAL_ROLLOFF,"rolloff at ~19654Hz but gentle (1.6dB/kHz) - could be an old master/analog source, not necessarily transcoded",44100,19654,22050,1.6
/home/adam/driveBig/Music/My Playlist/Basket Case - Green Day - Greatest Hits - God's Favorite Band.flac,GRADUAL_ROLLOFF,"rolloff at ~19654Hz but gentle (1.6dB/kHz) - could be an old master/analog source, not necessarily transcoded",44100,19654,22050,1.6
/home/adam/driveBig/Music/My Playlist/Be Quiet and Drive (Far Away) - Deftones - Around the Fur.flac,GRADUAL_ROLLOFF,"rolloff at ~20591Hz but gentle (8.3dB/kHz) - could be an old master/analog source, not necessarily transcoded",44100,20591,22050,8.3
/home/adam/driveBig/Music/My Playlist/Be Alone - Paramore - Paramore.flac,GRADUAL_ROLLOFF,"rolloff at ~20090Hz but gentle (5.7dB/kHz) - could be an old master/analog source, not necessarily transcoded",44100,20090,22050,5.7
/home/adam/driveBig/Music/My Playlist/Be Somebody - Kings of Leon - Only by the Night.flac,GRADUAL_ROLLOFF,"rolloff at ~20327Hz but gentle (4.4dB/kHz) - could be an old master/analog source, not necessarily transcoded",44100,20327,22050,4.4
/home/adam/driveBig/Music/My Playlist/Beach Life-In-Death - Car Seat Headrest - Twin Fantasy (Mirror To Mirror).flac,GRADUAL_ROLLOFF,"rolloff at ~16387Hz but gentle (3.1dB/kHz) - could be an old master/analog source, not necessarily transcoded",44100,16387,22050,3.1
/home/adam/driveBig/Music/My Playlist/Be Someone Forever - Red Vox - Realign.flac,GRADUAL_ROLLOFF,"rolloff at ~20419Hz but gentle (3.5dB/kHz) - could be an old master/analog source, not necessarily transcoded",44100,20419,22050,3.5
/home/adam/driveBig/Music/My Playlist/Beat It - Michael Jackson.flac,GRADUAL_ROLLOFF,"rolloff at ~17130Hz but gentle (1.0dB/kHz) - could be an old master/analog source, not necessarily transcoded",44100,17130,22050,1
/home/adam/driveBig/Music/My Playlist/Beach Life-in-Death - Car Seat Headrest - Twin Fantasy.flac,GRADUAL_ROLLOFF,"rolloff at ~20941Hz but gentle (11.0dB/kHz) - could be an old master/analog source, not necessarily transcoded",44100,20941,22050,11
/home/adam/driveBig/Music/My Playlist/Beautiful Day - U2 - All That You Can't Leave Behind.flac,GRADUAL_ROLLOFF,"rolloff at ~19052Hz but gentle (1.1dB/kHz) - could be an old master/analog source, not necessarily transcoded",44100,19052,22050,1.1
/home/adam/driveBig/Music/My Playlist/Beautiful Delilah - The Kinks - Kinks.flac,GRADUAL_ROLLOFF,"rolloff at ~18648Hz but gentle (3.0dB/kHz) - could be an old master/analog source, not necessarily transcoded",44100,18648,22050,3
/home/adam/driveBig/Music/My Playlist/Beautiful Love - Player - The Best of Player.flac,GRADUAL_ROLLOFF,"rolloff at ~19784Hz but gentle (11.3dB/kHz) - could be an old master/analog source, not necessarily transcoded",44100,19784,22050,11.3
/home/adam/driveBig/Music/My Playlist/Beautiful Freak - Eels.flac,GRADUAL_ROLLOFF,"rolloff at ~19154Hz but gentle (0.3dB/kHz) - could be an old master/analog source, not necessarily transcoded",44100,19154,22050,0.3
/home/adam/driveBig/Music/My Playlist/Before You Accuse Me - Creedence Clearwater Revival - Platinum.flac,GRADUAL_ROLLOFF,"rolloff at ~20031Hz but gentle (1.8dB/kHz) - could be an old master/analog source, not necessarily transcoded",44100,20031,22050,1.8
/home/adam/driveBig/Music/My Playlist/Beetlebum - Blur - The Best Of.flac,GRADUAL_ROLLOFF,"rolloff at ~19821Hz but gentle (2.7dB/kHz) - could be an old master/analog source, not necessarily transcoded",44100,19821,22050,2.7
/home/adam/driveBig/Music/My Playlist/Behind Blue Eyes - The Who - Who’s Next.flac,GRADUAL_ROLLOFF,"rolloff at ~20666Hz but gentle (7.1dB/kHz) - could be an old master/analog source, not necessarily transcoded",44100,20666,22050,7.1
/home/adam/driveBig/Music/My Playlist/Behind Blue Eyes - Limp Bizkit - Results May Vary.flac,GRADUAL_ROLLOFF,"rolloff at ~19407Hz but gentle (3.0dB/kHz) - could be an old master/analog source, not necessarily transcoded",44100,19407,22050,3
/home/adam/driveBig/Music/My Playlist/Bel Esprit - Pixies - Head Carrier.flac,GRADUAL_ROLLOFF,"rolloff at ~20074Hz but gentle (6.9dB/kHz) - could be an old master/analog source, not necessarily transcoded",44100,20074,22050,6.9
/home/adam/driveBig/Music/My Playlist/Beggin' - Måneskin - Chosen.flac,GRADUAL_ROLLOFF,"rolloff at ~18045Hz but gentle (1.3dB/kHz) - could be an old master/analog source, not necessarily transcoded",44100,18045,22050,1.3
/home/adam/driveBig/Music/My Playlist/Believe - Skillet - Awake.flac,GRADUAL_ROLLOFF,"rolloff at ~16990Hz but gentle (1.7dB/kHz) - could be an old master/analog source, not necessarily transcoded",44100,16990,22050,1.7
/home/adam/driveBig/Music/My Playlist/Believe - Yellowcard - Ocean Avenue.flac,GRADUAL_ROLLOFF,"rolloff at ~20080Hz but gentle (2.4dB/kHz) - could be an old master/analog source, not necessarily transcoded",44100,20080,22050,2.4
/home/adam/driveBig/Music/My Playlist/Believe Me Natalie - The Killers - Hot Fuss.flac,GRADUAL_ROLLOFF,"rolloff at ~19547Hz but gentle (2.2dB/kHz) - could be an old master/analog source, not necessarily transcoded",44100,19547,22050,2.2
/home/adam/driveBig/Music/My Playlist/Bermondsey Bosom (Left) - King Krule - The Ooz.flac,GRADUAL_ROLLOFF,"rolloff at ~15181Hz but gentle (5.0dB/kHz) - could be an old master/analog source, not necessarily transcoded",44100,15181,22050,5
/home/adam/driveBig/Music/My Playlist/Bermondsey Bosom (Right) - King Krule - The Ooz.flac,GRADUAL_ROLLOFF,"rolloff at ~20446Hz but gentle (2.4dB/kHz) - could be an old master/analog source, not necessarily transcoded",44100,20446,22050,2.4
/home/adam/driveBig/Music/My Playlist/Bell Bottom Blues - Derek and the Dominos - The Cream of Clapton.flac,GRADUAL_ROLLOFF,"rolloff at ~17248Hz but gentle (1.3dB/kHz) - could be an old master/analog source, not necessarily transcoded",44100,17248,22050,1.3
/home/adam/driveBig/Music/My Playlist/Below My Feet - Mumford & Sons - Babel.flac,GRADUAL_ROLLOFF,"rolloff at ~14761Hz but gentle (1.0dB/kHz) - could be an old master/analog source, not necessarily transcoded",44100,14761,22050,1
/home/adam/driveBig/Music/My Playlist/Better on the Outside - Red Vox - Realign.flac,GRADUAL_ROLLOFF,"rolloff at ~19714Hz but gentle (2.3dB/kHz) - could be an old master/analog source, not necessarily transcoded",44100,19714,22050,2.3
/home/adam/driveBig/Music/My Playlist/Beth - Kiss - The Very Best of KISS.flac,GRADUAL_ROLLOFF,"rolloff at ~13001Hz but gentle (1.5dB/kHz) - could be an old master/analog source, not necessarily transcoded",44100,13001,22050,1.5
/home/adam/driveBig/Music/My Playlist/Better Strangers - Royal Blood - Royal Blood.flac,GRADUAL_ROLLOFF,"rolloff at ~19972Hz but gentle (6.6dB/kHz) - could be an old master/analog source, not necessarily transcoded",44100,19972,22050,6.6
/home/adam/driveBig/Music/My Playlist/Between Love & Hate - The Strokes - Room on Fire.flac,GRADUAL_ROLLOFF,"rolloff at ~20677Hz but gentle (6.1dB/kHz) - could be an old master/analog source, not necessarily transcoded",44100,20677,22050,6.1
/home/adam/driveBig/Music/My Playlist/Beyond - Daft Punk - Random Access Memories.flac,GRADUAL_ROLLOFF,"rolloff at ~17523Hz but gentle (2.7dB/kHz) - could be an old master/analog source, not necessarily transcoded",44100,17523,22050,2.7
/home/adam/driveBig/Music/My Playlist/Better Than Drugs - Skillet - Comatose.flac,GRADUAL_ROLLOFF,"rolloff at ~19321Hz but gentle (1.3dB/kHz) - could be an old master/analog source, not necessarily transcoded",44100,19321,22050,1.3
/home/adam/driveBig/Music/My Playlist/Bicycle Song - Red Hot Chili Peppers - By the Way (Deluxe Edition).flac,GRADUAL_ROLLOFF,"rolloff at ~18303Hz but gentle (3.0dB/kHz) - could be an old master/analog source, not necessarily transcoded",44100,18303,22050,3
/home/adam/driveBig/Music/My Playlist/Bicycle Race - Queen - Jazz (Deluxe Edition 2011 Remaster).flac,GRADUAL_ROLLOFF,"rolloff at ~16877Hz but gentle (2.8dB/kHz) - could be an old master/analog source, not necessarily transcoded",44100,16877,22050,2.8
/home/adam/driveBig/Music/My Playlist/Big Idea - AJR - Living Room.flac,GRADUAL_ROLLOFF,"rolloff at ~13727Hz but gentle (2.2dB/kHz) - could be an old master/analog source, not necessarily transcoded",44100,13727,22050,2.2
/home/adam/driveBig/Music/My Playlist/Big Wheels - Electric Light Orchestra - Out of the Blue.flac,GRADUAL_ROLLOFF,"rolloff at ~15633Hz but gentle (2.4dB/kHz) - could be an old master/analog source, not necessarily transcoded",44100,15633,22050,2.4
/home/adam/driveBig/Music/My Playlist/Billie Jean - Michael Jackson - Thriller 25 Super Deluxe Edition.flac,GRADUAL_ROLLOFF,"rolloff at ~19563Hz but gentle (2.9dB/kHz) - could be an old master/analog source, not necessarily transcoded",44100,19563,22050,2.9
/home/adam/driveBig/Music/My Playlist/Biscuit Town - King Krule - The Ooz.flac,GRADUAL_ROLLOFF,"rolloff at ~16694Hz but gentle (1.4dB/kHz) - could be an old master/analog source, not necessarily transcoded",44100,16694,22050,1.4
/home/adam/driveBig/Music/My Playlist/Bitter Fuck (salute remix) - Joji - In Tongues (Deluxe).flac,GRADUAL_ROLLOFF,"rolloff at ~17216Hz but gentle (2.7dB/kHz) - could be an old master/analog source, not necessarily transcoded",44100,17216,22050,2.7
/home/adam/driveBig/Music/My Playlist/Bitter Fuck - Joji - In Tongues (Deluxe).flac,GRADUAL_ROLLOFF,"rolloff at ~18955Hz but gentle (11.3dB/kHz) - could be an old master/analog source, not necessarily transcoded",44100,18955,22050,11.3
/home/adam/driveBig/Music/My Playlist/Bite Your Nails - Marcin - Dragon in Harmony.flac,GRADUAL_ROLLOFF,"rolloff at ~19084Hz but gentle (2.9dB/kHz) - could be an old master/analog source, not necessarily transcoded",44100,19084,22050,2.9
/home/adam/driveBig/Music/My Playlist/Bla Bla Bla - Måneskin - Rush!.flac,GRADUAL_ROLLOFF,"rolloff at ~18922Hz but gentle (4.9dB/kHz) - could be an old master/analog source, not necessarily transcoded",44100,18922,22050,4.9
/home/adam/driveBig/Music/My Playlist/Black Dog - Led Zeppelin - Led Zeppelin IV.flac,GRADUAL_ROLLOFF,"rolloff at ~15278Hz but gentle (2.1dB/kHz) - could be an old master/analog source, not necessarily transcoded",44100,15278,22050,2.1
/home/adam/driveBig/Music/My Playlist/Black - Pearl Jam - Ten.flac,GRADUAL_ROLLOFF,"rolloff at ~18185Hz but gentle (2.0dB/kHz) - could be an old master/analog source, not necessarily transcoded",44100,18185,22050,2
/home/adam/driveBig/Music/My Playlist/Black Dog - Led Zeppelin - Led Zeppelin IV (Remaster).flac,GRADUAL_ROLLOFF,"rolloff at ~15725Hz but gentle (2.5dB/kHz) - could be an old master/analog source, not necessarily transcoded",44100,15725,22050,2.5
/home/adam/driveBig/Music/My Playlist/black eyed pees - bbno$ - eat ya veggies.flac,GRADUAL_ROLLOFF,"rolloff at ~19068Hz but gentle (1.5dB/kHz) - could be an old master/analog source, not necessarily transcoded",44100,19068,22050,1.5
/home/adam/driveBig/Music/My Playlist/Black Plant - The Last Shadow Puppets - The Age Of The Understatement.flac,GRADUAL_ROLLOFF,"rolloff at ~17038Hz but gentle (1.0dB/kHz) - could be an old master/analog source, not necessarily transcoded",44100,17038,22050,1
/home/adam/driveBig/Music/My Playlist/Black Hole Sun - Soundgarden - Superunknown (Deluxe Edition).flac,GRADUAL_ROLLOFF,"rolloff at ~16860Hz but gentle (1.2dB/kHz) - could be an old master/analog source, not necessarily transcoded",44100,16860,22050,1.2
/home/adam/driveBig/Music/My Playlist/Black Star - Radiohead - The Bends.flac,GRADUAL_ROLLOFF,"rolloff at ~21049Hz but gentle (9.7dB/kHz) - could be an old master/analog source, not necessarily transcoded",44100,21049,22050,9.7
/home/adam/driveBig/Music/My Playlist/Black Math - The White Stripes - Elephant.flac,GRADUAL_ROLLOFF,"rolloff at ~17797Hz but gentle (3.6dB/kHz) - could be an old master/analog source, not necessarily transcoded",44100,17797,22050,3.6
/home/adam/driveBig/Music/My Playlist/Black Tambourine - Beck - Guero.flac,GRADUAL_ROLLOFF,"rolloff at ~18960Hz but gentle (2.6dB/kHz) - could be an old master/analog source, not necessarily transcoded",44100,18960,22050,2.6
/home/adam/driveBig/Music/My Playlist/Black Water (Chris Taylor Of Grizzly Bear Remix - Bonus Track) - Of Monsters and Men - Beneath The Skin (Deluxe).flac,GRADUAL_ROLLOFF,"rolloff at ~18357Hz but gentle (0.7dB/kHz) - could be an old master/analog source, not necessarily transcoded",44100,18357,22050,0.7
/home/adam/driveBig/Music/My Playlist/Black Thumbnail - Kings of Leon - Because of the Times.flac,GRADUAL_ROLLOFF,"rolloff at ~16774Hz but gentle (2.3dB/kHz) - could be an old master/analog source, not necessarily transcoded",44100,16774,22050,2.3
/home/adam/driveBig/Music/My Playlist/Black Tides - Tigercub - Abstract Figures in the Dark.flac,GRADUAL_ROLLOFF,"rolloff at ~18158Hz but gentle (2.7dB/kHz) - could be an old master/analog source, not necessarily transcoded",44100,18158,22050,2.7
/home/adam/driveBig/Music/My Playlist/Black Wave - The Shins - Wincing the Night Away.flac,GRADUAL_ROLLOFF,"rolloff at ~16101Hz but gentle (2.0dB/kHz) - could be an old master/analog source, not necessarily transcoded",44100,16101,22050,2
/home/adam/driveBig/Music/My Playlist/Black Water - Of Monsters and Men - Beneath The Skin (Deluxe).flac,GRADUAL_ROLLOFF,"rolloff at ~15461Hz but gentle (4.2dB/kHz) - could be an old master/analog source, not necessarily transcoded",44100,15461,22050,4.2
"/home/adam/driveBig/Music/My Playlist/AT A TIME LIKE THIS - Quadeca - Vanisher, Horizon Scraper.flac",GRADUAL_ROLLOFF,"rolloff at ~19434Hz but gentle (3.7dB/kHz) - could be an old master/analog source, not necessarily transcoded",44100,19434,22050,3.7
/home/adam/driveBig/Music/My Playlist/Bad Day - Daniel Powter - Daniel Powter.flac,GRADUAL_ROLLOFF,"rolloff at ~20618Hz but gentle (8.3dB/kHz) - could be an old master/analog source, not necessarily transcoded",44100,20618,22050,8.3
/home/adam/driveBig/Music/My Playlist/Back In Black - AC-DC - Back in Black.flac,GRADUAL_ROLLOFF,"rolloff at ~18244Hz but gentle (3.1dB/kHz) - could be an old master/analog source, not necessarily transcoded",44100,18244,22050,3.1
/home/adam/driveBig/Music/My Playlist/Australia - The Shins - Wincing the Night Away.flac,GRADUAL_ROLLOFF,"rolloff at ~16667Hz but gentle (0.9dB/kHz) - could be an old master/analog source, not necessarily transcoded",44100,16667,22050,0.9
/home/adam/driveBig/Music/My Playlist/Basta Boi (Radio Edit) - Alfons - Basta Boi.flac,GRADUAL_ROLLOFF,"rolloff at ~20597Hz but gentle (6.5dB/kHz) - could be an old master/analog source, not necessarily transcoded",44100,20597,22050,6.5
/home/adam/driveBig/Music/My Playlist/Bennie and the Jets - Elton John - Goodbye Yellow Brick Road.flac,GRADUAL_ROLLOFF,"rolloff at ~16441Hz but gentle (2.3dB/kHz) - could be an old master/analog source, not necessarily transcoded",44100,16441,22050,2.3
/home/adam/driveBig/Music/My Playlist/Balaclava - Arctic Monkeys - Favourite Worst Nightmare.flac,GRADUAL_ROLLOFF,"rolloff at ~16398Hz but gentle (4.1dB/kHz) - could be an old master/analog source, not necessarily transcoded",44100,16398,22050,4.1
/home/adam/driveBig/Music/My Playlist/Beauty School - Deftones - Diamond Eyes.flac,GRADUAL_ROLLOFF,"rolloff at ~17243Hz but gentle (1.4dB/kHz) - could be an old master/analog source, not necessarily transcoded",44100,17243,22050,1.4
/home/adam/driveBig/Music/My Playlist/Blackbird Chain - Beck - Morning Phase.flac,GRADUAL_ROLLOFF,"rolloff at ~16026Hz but gentle (1.1dB/kHz) - could be an old master/analog source, not necessarily transcoded",44100,16026,22050,1.1
/home/adam/driveBig/Music/My Playlist/Blame It on Me - George Ezra - Wanted on Voyage (Deluxe Edition).flac,GRADUAL_ROLLOFF,"rolloff at ~19057Hz but gentle (3.2dB/kHz) - could be an old master/analog source, not necessarily transcoded",44100,19057,22050,3.2
/home/adam/driveBig/Music/My Playlist/Blah Blah Blah - Armin Van Buuren.flac,GRADUAL_ROLLOFF,"rolloff at ~17264Hz but gentle (1.0dB/kHz) - could be an old master/analog source, not necessarily transcoded",44100,17264,22050,1
/home/adam/driveBig/Music/My Playlist/BLACKOUT - Turnstile - GLOW ON.flac,GRADUAL_ROLLOFF,"rolloff at ~20613Hz but gentle (10.9dB/kHz) - could be an old master/analog source, not necessarily transcoded",44100,20613,22050,10.9
/home/adam/driveBig/Music/My Playlist/Bleed - Collective Soul - Collective Soul.flac,GRADUAL_ROLLOFF,"rolloff at ~18389Hz but gentle (-0.2dB/kHz) - could be an old master/analog source, not necessarily transcoded",44100,18389,22050,-0.2
/home/adam/driveBig/Music/My Playlist/Blind - BoyWithUke - BoyWithUke - B Sides.flac,GRADUAL_ROLLOFF,"rolloff at ~19057Hz but gentle (4.0dB/kHz) - could be an old master/analog source, not necessarily transcoded",44100,19057,22050,4
/home/adam/driveBig/Music/My Playlist/Blink Wave - Blink-182 - One More Time... Part-2.flac,GRADUAL_ROLLOFF,"rolloff at ~19073Hz but gentle (3.8dB/kHz) - could be an old master/analog source, not necessarily transcoded",44100,19073,22050,3.8
/home/adam/driveBig/Music/My Playlist/Blood Bros - Hayley Williams - Ego Death at a Bachelorette Party.flac,GRADUAL_ROLLOFF,"rolloff at ~16866Hz but gentle (2.0dB/kHz) - could be an old master/analog source, not necessarily transcoded",44100,16866,22050,2
/home/adam/driveBig/Music/My Playlist/Blood -- Water - grandson - a modern tragedy vol. 1.flac,GRADUAL_ROLLOFF,"rolloff at ~14826Hz but gentle (1.5dB/kHz) - could be an old master/analog source, not necessarily transcoded",44100,14826,22050,1.5
/home/adam/driveBig/Music/My Playlist/Blood on the Ground - Incubus - Morning View.flac,GRADUAL_ROLLOFF,"rolloff at ~18362Hz but gentle (1.9dB/kHz) - could be an old master/analog source, not necessarily transcoded",44100,18362,22050,1.9
/home/adam/driveBig/Music/My Playlist/Blood One - Bikini Kill - Pussy Whipped.flac,GRADUAL_ROLLOFF,"rolloff at ~16462Hz but gentle (2.8dB/kHz) - could be an old master/analog source, not necessarily transcoded",44100,16462,22050,2.8
/home/adam/driveBig/Music/My Playlist/Bloodstream - Bernth.flac,GRADUAL_ROLLOFF,"rolloff at ~20220Hz but gentle (10.1dB/kHz) - could be an old master/analog source, not necessarily transcoded",44100,20220,22050,10.1
/home/adam/driveBig/Music/My Playlist/Blue - BoyWithUke - Lucid Dreams.flac,GRADUAL_ROLLOFF,"rolloff at ~17975Hz but gentle (2.9dB/kHz) - could be an old master/analog source, not necessarily transcoded",44100,17975,22050,2.9
/home/adam/driveBig/Music/My Playlist/Bombs Away - ONE OK ROCK - Ambitions.flac,GRADUAL_ROLLOFF,"rolloff at ~20774Hz but gentle (9.9dB/kHz) - could be an old master/analog source, not necessarily transcoded",44100,20774,22050,9.9
/home/adam/driveBig/Music/My Playlist/Boiler - Limp Bizkit - Chocolate Starfish and the Hot Dog Flavored Water.flac,GRADUAL_ROLLOFF,"rolloff at ~15622Hz but gentle (-0.0dB/kHz) - could be an old master/analog source, not necessarily transcoded",44100,15622,22050,0
/home/adam/driveBig/Music/My Playlist/Bombtrack - Rage Against the Machine - Rage Against the Machine.flac,GRADUAL_ROLLOFF,"rolloff at ~18099Hz but gentle (0.3dB/kHz) - could be an old master/analog source, not necessarily transcoded",44100,18099,22050,0.3
/home/adam/driveBig/Music/My Playlist/Bon Voyage - ONE OK ROCK - Ambitions.flac,GRADUAL_ROLLOFF,"rolloff at ~20747Hz but gentle (8.8dB/kHz) - could be an old master/analog source, not necessarily transcoded",44100,20747,22050,8.8
/home/adam/driveBig/Music/My Playlist/Boots of Spanish Leather - The Lumineers - Cleopatra.flac,GRADUAL_ROLLOFF,"rolloff at ~16381Hz but gentle (2.5dB/kHz) - could be an old master/analog source, not necessarily transcoded",44100,16381,22050,2.5
/home/adam/driveBig/Music/My Playlist/Border Line - King Krule - 6 Feet Beneath the Moon.flac,GRADUAL_ROLLOFF,"rolloff at ~19294Hz but gentle (2.0dB/kHz) - could be an old master/analog source, not necessarily transcoded",44100,19294,22050,2
/home/adam/driveBig/Music/My Playlist/Born As Ghosts - Rage Against the Machine - The Battle Of Los Angeles.flac,GRADUAL_ROLLOFF,"rolloff at ~21081Hz but gentle (11.7dB/kHz) - could be an old master/analog source, not necessarily transcoded",44100,21081,22050,11.7
/home/adam/driveBig/Music/My Playlist/Born on the Bayou - Creedence Clearwater Revival - Platinum.flac,GRADUAL_ROLLOFF,"rolloff at ~20726Hz but gentle (6.9dB/kHz) - could be an old master/analog source, not necessarily transcoded",44100,20726,22050,6.9
/home/adam/driveBig/Music/My Playlist/Born for This - Paramore - RIOT!.flac,GRADUAL_ROLLOFF,"rolloff at ~17690Hz but gentle (3.6dB/kHz) - could be an old master/analog source, not necessarily transcoded",44100,17690,22050,3.6
/home/adam/driveBig/Music/My Playlist/Born of a Broken Man - Rage Against the Machine - The Battle Of Los Angeles.flac,GRADUAL_ROLLOFF,"rolloff at ~20828Hz but gentle (7.4dB/kHz) - could be an old master/analog source, not necessarily transcoded",44100,20828,22050,7.4
/home/adam/driveBig/Music/My Playlist/Boulevard of Broken Dreams - Green Day - Greatest Hits - God's Favorite Band.flac,GRADUAL_ROLLOFF,"rolloff at ~18583Hz but gentle (6.3dB/kHz) - could be an old master/analog source, not necessarily transcoded",44100,18583,22050,6.3
/home/adam/driveBig/Music/My Playlist/Boys Don’t Cry - The Cure - Three Imaginary Boys.flac,GRADUAL_ROLLOFF,"rolloff at ~20640Hz but gentle (6.3dB/kHz) - could be an old master/analog source, not necessarily transcoded",44100,20640,22050,6.3
/home/adam/driveBig/Music/My Playlist/Born With a Broken Heart - Damiano David - FUNNY little FEARS.flac,GRADUAL_ROLLOFF,"rolloff at ~18061Hz but gentle (4.0dB/kHz) - could be an old master/analog source, not necessarily transcoded",44100,18061,22050,4
/home/adam/driveBig/Music/My Playlist/Brain Stew - Green Day - Greatest Hits - God's Favorite Band.flac,GRADUAL_ROLLOFF,"rolloff at ~19202Hz but gentle (3.4dB/kHz) - could be an old master/analog source, not necessarily transcoded",44100,19202,22050,3.4
/home/adam/driveBig/Music/My Playlist/Boy Like Me - Barns Courtney - 404.flac,GRADUAL_ROLLOFF,"rolloff at ~20322Hz but gentle (11.9dB/kHz) - could be an old master/analog source, not necessarily transcoded",44100,20322,22050,11.9
/home/adam/driveBig/Music/My Playlist/Brave - MOMMA - Household Name.flac,GRADUAL_ROLLOFF,"rolloff at ~20462Hz but gentle (6.3dB/kHz) - could be an old master/analog source, not necessarily transcoded",44100,20462,22050,6.3
/home/adam/driveBig/Music/My Playlist/Brainrot - grandson.flac,GRADUAL_ROLLOFF,"rolloff at ~20360Hz but gentle (6.5dB/kHz) - could be an old master/analog source, not necessarily transcoded",44100,20360,22050,6.5
/home/adam/driveBig/Music/My Playlist/Break My Mind - Roy Orbison - The Very Best Of.flac,GRADUAL_ROLLOFF,"rolloff at ~17986Hz but gentle (4.3dB/kHz) - could be an old master/analog source, not necessarily transcoded",44100,17986,22050,4.3
/home/adam/driveBig/Music/My Playlist/Breakfast in America - Supertramp.flac,GRADUAL_ROLLOFF,"rolloff at ~18949Hz but gentle (3.7dB/kHz) - could be an old master/analog source, not necessarily transcoded",44100,18949,22050,3.7
/home/adam/driveBig/Music/My Playlist/Break My Face - AJR - Neotheater.flac,GRADUAL_ROLLOFF,"rolloff at ~20284Hz but gentle (7.3dB/kHz) - could be an old master/analog source, not necessarily transcoded",44100,20284,22050,7.3
/home/adam/driveBig/Music/My Playlist/Break on Through - The Doors - Greatest Hits.flac,GRADUAL_ROLLOFF,"rolloff at ~16484Hz but gentle (3.4dB/kHz) - could be an old master/analog source, not necessarily transcoded",44100,16484,22050,3.4
/home/adam/driveBig/Music/My Playlist/Breaking the Girl - Red Hot Chili Peppers - Blood Sugar Sex Magik.flac,GRADUAL_ROLLOFF,"rolloff at ~20666Hz but gentle (6.4dB/kHz) - could be an old master/analog source, not necessarily transcoded",44100,20666,22050,6.4
/home/adam/driveBig/Music/My Playlist/Breakout - Foo Fighters - There Is Nothing Left To Lose.flac,GRADUAL_ROLLOFF,"rolloff at ~20677Hz but gentle (10.2dB/kHz) - could be an old master/analog source, not necessarily transcoded",44100,20677,22050,10.2
/home/adam/driveBig/Music/My Playlist/Breaking the Habit - Linkin Park - Meteora.flac,GRADUAL_ROLLOFF,"rolloff at ~12155Hz but gentle (1.1dB/kHz) - could be an old master/analog source, not necessarily transcoded",44100,12155,22050,1.1
/home/adam/driveBig/Music/My Playlist/Breed - Nirvana - Nevermind.flac,GRADUAL_ROLLOFF,"rolloff at ~17399Hz but gentle (2.2dB/kHz) - could be an old master/analog source, not necessarily transcoded",44100,17399,22050,2.2
/home/adam/driveBig/Music/My Playlist/Breathing - Yellowcard - Ocean Avenue.flac,GRADUAL_ROLLOFF,"rolloff at ~19794Hz but gentle (2.8dB/kHz) - could be an old master/analog source, not necessarily transcoded",44100,19794,22050,2.8
/home/adam/driveBig/Music/My Playlist/Brianstorm - Arctic Monkeys - Favourite Worst Nightmare.flac,GRADUAL_ROLLOFF,"rolloff at ~17657Hz but gentle (1.9dB/kHz) - could be an old master/analog source, not necessarily transcoded",44100,17657,22050,1.9
/home/adam/driveBig/Music/My Playlist/Brick by Boring Brick - Paramore - Brand New Eyes.flac,GRADUAL_ROLLOFF,"rolloff at ~17173Hz but gentle (2.8dB/kHz) - could be an old master/analog source, not necessarily transcoded",44100,17173,22050,2.8
/home/adam/driveBig/Music/My Playlist/Brick Shithouse - Placebo - Without You I'm Nothing.flac,GRADUAL_ROLLOFF,"rolloff at ~17345Hz but gentle (2.1dB/kHz) - could be an old master/analog source, not necessarily transcoded",44100,17345,22050,2.1
/home/adam/driveBig/Music/My Playlist/broken - lovelytheband; Christian Medice; Mitchy Collins; Ashton Irwin - finding it hard to smile.flac,GRADUAL_ROLLOFF,"rolloff at ~20333Hz but gentle (12.0dB/kHz) - could be an old master/analog source, not necessarily transcoded",44100,20333,22050,12
/home/adam/driveBig/Music/My Playlist/Broken Boy - Cage The Elephant - Social Cues.flac,GRADUAL_ROLLOFF,"rolloff at ~15622Hz but gentle (2.7dB/kHz) - could be an old master/analog source, not necessarily transcoded",44100,15622,22050,2.7
/home/adam/driveBig/Music/My Playlist/Bring Em Back Alive - Audioslave - Audioslave.flac,GRADUAL_ROLLOFF,"rolloff at ~19724Hz but gentle (3.0dB/kHz) - could be an old master/analog source, not necessarily transcoded",44100,19724,22050,3
/home/adam/driveBig/Music/My Playlist/Broken Bones - KALEO - A-B.flac,GRADUAL_ROLLOFF,"rolloff at ~19697Hz but gentle (1.7dB/kHz) - could be an old master/analog source, not necessarily transcoded",44100,19697,22050,1.7
/home/adam/driveBig/Music/My Playlist/Broken Crown - Mumford & Sons - Babel.flac,GRADUAL_ROLLOFF,"rolloff at ~15881Hz but gentle (1.8dB/kHz) - could be an old master/analog source, not necessarily transcoded",44100,15881,22050,1.8
/home/adam/driveBig/Music/My Playlist/Brooklyn Bridge to Chorus - The Strokes - The New Abnormal.flac,GRADUAL_ROLLOFF,"rolloff at ~17097Hz but gentle (3.1dB/kHz) - could be an old master/analog source, not necessarily transcoded",44100,17097,22050,3.1
/home/adam/driveBig/Music/My Playlist/Buck It Up - Goodshirt - Fiji Baby.flac,GRADUAL_ROLLOFF,"rolloff at ~18659Hz but gentle (3.7dB/kHz) - could be an old master/analog source, not necessarily transcoded",44100,18659,22050,3.7
/home/adam/driveBig/Music/My Playlist/Brothers In Arms - Dire Straits.flac,GRADUAL_ROLLOFF,"rolloff at ~20171Hz but gentle (10.0dB/kHz) - could be an old master/analog source, not necessarily transcoded",44100,20171,22050,10
/home/adam/driveBig/Music/My Playlist/Budapest - George Ezra - Wanted on Voyage (Deluxe Edition).flac,GRADUAL_ROLLOFF,"rolloff at ~20171Hz but gentle (2.4dB/kHz) - could be an old master/analog source, not necessarily transcoded",44100,20171,22050,2.4
/home/adam/driveBig/Music/My Playlist/Bullet - NF - Hope.flac,GRADUAL_ROLLOFF,"rolloff at ~14874Hz but gentle (1.7dB/kHz) - could be an old master/analog source, not necessarily transcoded",44100,14874,22050,1.7
/home/adam/driveBig/Music/My Playlist/Bullet In the Head - Rage Against the Machine - Rage Against the Machine.flac,GRADUAL_ROLLOFF,"rolloff at ~17157Hz but gentle (0.2dB/kHz) - could be an old master/analog source, not necessarily transcoded",44100,17157,22050,0.2
/home/adam/driveBig/Music/My Playlist/Bulletproof Cupid - Placebo - Sleeping With Ghosts.flac,GRADUAL_ROLLOFF,"rolloff at ~18621Hz but gentle (1.1dB/kHz) - could be an old master/analog source, not necessarily transcoded",44100,18621,22050,1.1
/home/adam/driveBig/Music/My Playlist/Bummer Friends - Surf Curse - Buds.flac,GRADUAL_ROLLOFF,"rolloff at ~19251Hz but gentle (4.3dB/kHz) - could be an old master/analog source, not necessarily transcoded",44100,19251,22050,4.3
/home/adam/driveBig/Music/My Playlist/Bullets - Creed - Weathered.flac,GRADUAL_ROLLOFF,"rolloff at ~16446Hz but gentle (2.5dB/kHz) - could be an old master/analog source, not necessarily transcoded",44100,16446,22050,2.5
/home/adam/driveBig/Music/My Playlist/Burn a Picture - Red Vox - Another Light.flac,GRADUAL_ROLLOFF,"rolloff at ~12898Hz but gentle (1.6dB/kHz) - could be an old master/analog source, not necessarily transcoded",44100,12898,22050,1.6
/home/adam/driveBig/Music/My Playlist/Burger Queen - Placebo - Without You I'm Nothing.flac,GRADUAL_ROLLOFF,"rolloff at ~6804Hz but gentle (3.7dB/kHz) - could be an old master/analog source, not necessarily transcoded",44100,6804,22050,3.7
/home/adam/driveBig/Music/My Playlist/Burning Effigies - Tigercub - Abstract Figures in the Dark.flac,GRADUAL_ROLLOFF,"rolloff at ~17576Hz but gentle (2.3dB/kHz) - could be an old master/analog source, not necessarily transcoded",44100,17576,22050,2.3
/home/adam/driveBig/Music/My Playlist/Buriki No Dance - Ado - Ado's Utattemita Album.flac,GRADUAL_ROLLOFF,"rolloff at ~16414Hz but gentle (3.1dB/kHz) - could be an old master/analog source, not necessarily transcoded",44100,16414,22050,3.1
/home/adam/driveBig/Music/My Playlist/Burnout - Green Day - Dookie.flac,GRADUAL_ROLLOFF,"rolloff at ~19218Hz but gentle (1.3dB/kHz) - could be an old master/analog source, not necessarily transcoded",44100,19218,22050,1.3
/home/adam/driveBig/Music/My Playlist/Burn It Down - The Struts - Strange Days.flac,GRADUAL_ROLLOFF,"rolloff at ~20607Hz but gentle (7.6dB/kHz) - could be an old master/analog source, not necessarily transcoded",44100,20607,22050,7.6
/home/adam/driveBig/Music/My Playlist/Burn The House Down - AJR - The Click (Deluxe Edition).flac,GRADUAL_ROLLOFF,"rolloff at ~14616Hz but gentle (3.6dB/kHz) - could be an old master/analog source, not necessarily transcoded",44100,14616,22050,3.6
"/home/adam/driveBig/Music/My Playlist/But, Honestly - Foo Fighters - Echoes, Silence, Patience & Grace.flac",GRADUAL_ROLLOFF,"rolloff at ~16171Hz but gentle (2.2dB/kHz) - could be an old master/analog source, not necessarily transcoded",44100,16171,22050,2.2
/home/adam/driveBig/Music/My Playlist/Buttercup - Jack Stauber - Pop Food.flac,GRADUAL_ROLLOFF,"rolloff at ~10847Hz but gentle (6.1dB/kHz) - could be an old master/analog source, not necessarily transcoded",44100,10847,22050,6.1
/home/adam/driveBig/Music/My Playlist/By My Side - 3 Doors Down - The Better Life.flac,GRADUAL_ROLLOFF,"rolloff at ~20451Hz but gentle (8.0dB/kHz) - could be an old master/analog source, not necessarily transcoded",44100,20451,22050,8
/home/adam/driveBig/Music/My Playlist/By Design - Tigercub - Abstract Figures in the Dark.flac,GRADUAL_ROLLOFF,"rolloff at ~16171Hz but gentle (5.3dB/kHz) - could be an old master/analog source, not necessarily transcoded",44100,16171,22050,5.3
/home/adam/driveBig/Music/My Playlist/By the Way - Red Hot Chili Peppers.flac,GRADUAL_ROLLOFF,"rolloff at ~16263Hz but gentle (2.2dB/kHz) - could be an old master/analog source, not necessarily transcoded",44100,16263,22050,2.2
/home/adam/driveBig/Music/My Playlist/Cadet Limbo - King Krule - The Ooz.flac,GRADUAL_ROLLOFF,"rolloff at ~14023Hz but gentle (1.8dB/kHz) - could be an old master/analog source, not necessarily transcoded",44100,14023,22050,1.8
/home/adam/driveBig/Music/My Playlist/Bye by me - Vaundy - strobo.flac,GRADUAL_ROLLOFF,"rolloff at ~19757Hz but gentle (4.9dB/kHz) - could be an old master/analog source, not necessarily transcoded",44100,19757,22050,4.9
/home/adam/driveBig/Music/My Playlist/Cadillac - The Kinks - Kinks.flac,GRADUAL_ROLLOFF,"rolloff at ~18529Hz but gentle (3.1dB/kHz) - could be an old master/analog source, not necessarily transcoded",44100,18529,22050,3.1
/home/adam/driveBig/Music/My Playlist/California Revisited - America - Homecoming.flac,GRADUAL_ROLLOFF,"rolloff at ~17006Hz but gentle (2.6dB/kHz) - could be an old master/analog source, not necessarily transcoded",44100,17006,22050,2.6
/home/adam/driveBig/Music/My Playlist/Californication - Red Hot Chili Peppers.flac,GRADUAL_ROLLOFF,"rolloff at ~10734Hz but gentle (1.4dB/kHz) - could be an old master/analog source, not necessarily transcoded",44100,10734,22050,1.4
/home/adam/driveBig/Music/My Playlist/Call Me - Blondie - The Best of Blondie.flac,GRADUAL_ROLLOFF,"rolloff at ~19746Hz but gentle (3.6dB/kHz) - could be an old master/analog source, not necessarily transcoded",44100,19746,22050,3.6
/home/adam/driveBig/Music/My Playlist/Caligulove - Them Crooked Vultures - Them Crooked Vultures.flac,GRADUAL_ROLLOFF,"rolloff at ~15795Hz but gentle (1.9dB/kHz) - could be an old master/analog source, not necessarily transcoded",44100,15795,22050,1.9
/home/adam/driveBig/Music/My Playlist/Calling Dr. Love - Kiss - The Very Best of KISS.flac,GRADUAL_ROLLOFF,"rolloff at ~15735Hz but gentle (1.1dB/kHz) - could be an old master/analog source, not necessarily transcoded",44100,15735,22050,1.1
/home/adam/driveBig/Music/My Playlist/Calm Like a Bomb - Rage Against the Machine - The Battle Of Los Angeles.flac,GRADUAL_ROLLOFF,"rolloff at ~21070Hz but gentle (10.0dB/kHz) - could be an old master/analog source, not necessarily transcoded",44100,21070,22050,10
/home/adam/driveBig/Music/My Playlist/Callin Me - MOMMA - Household Name.flac,GRADUAL_ROLLOFF,"rolloff at ~20306Hz but gentle (6.4dB/kHz) - could be an old master/analog source, not necessarily transcoded",44100,20306,22050,6.4
/home/adam/driveBig/Music/My Playlist/Calm Like You - The Last Shadow Puppets - The Age Of The Understatement.flac,GRADUAL_ROLLOFF,"rolloff at ~16591Hz but gentle (0.8dB/kHz) - could be an old master/analog source, not necessarily transcoded",44100,16591,22050,0.8
/home/adam/driveBig/Music/My Playlist/Camaro - Kings of Leon - Because of the Times.flac,GRADUAL_ROLLOFF,"rolloff at ~16118Hz but gentle (1.8dB/kHz) - could be an old master/analog source, not necessarily transcoded",44100,16118,22050,1.8
/home/adam/driveBig/Music/My Playlist/Can You Feel It - BoyWithUke - Burnout.flac,GRADUAL_ROLLOFF,"rolloff at ~14190Hz but gentle (2.8dB/kHz) - could be an old master/analog source, not necessarily transcoded",44100,14190,22050,2.8
/home/adam/driveBig/Music/My Playlist/Can't Go Back - Blink-182 - One More Time... Part-2.flac,GRADUAL_ROLLOFF,"rolloff at ~20031Hz but gentle (5.5dB/kHz) - could be an old master/analog source, not necessarily transcoded",44100,20031,22050,5.5
/home/adam/driveBig/Music/My Playlist/Can You Feel It - BoyWithUke.flac,GRADUAL_ROLLOFF,"rolloff at ~14190Hz but gentle (2.8dB/kHz) - could be an old master/analog source, not necessarily transcoded",44100,14190,22050,2.8
/home/adam/driveBig/Music/My Playlist/Can't Let You Go - BoyWithUke - BoyWithUke - B Sides.flac,GRADUAL_ROLLOFF,"rolloff at ~20333Hz but gentle (6.4dB/kHz) - could be an old master/analog source, not necessarily transcoded",44100,20333,22050,6.4
/home/adam/driveBig/Music/My Playlist/Cancer - My Chemical Romance - The Black Parade.flac,GRADUAL_ROLLOFF,"rolloff at ~15628Hz but gentle (0.8dB/kHz) - could be an old master/analog source, not necessarily transcoded",44100,15628,22050,0.8
/home/adam/driveBig/Music/My Playlist/Can't Sleep - The Struts - Strange Days.flac,GRADUAL_ROLLOFF,"rolloff at ~20828Hz but gentle (7.8dB/kHz) - could be an old master/analog source, not necessarily transcoded",44100,20828,22050,7.8
/home/adam/driveBig/Music/My Playlist/Can’t Take It - The All-American Rejects - Move Along.flac,GRADUAL_ROLLOFF,"rolloff at ~20866Hz but gentle (9.0dB/kHz) - could be an old master/analog source, not necessarily transcoded",44100,20866,22050,9
/home/adam/driveBig/Music/My Playlist/Candyman - Roy Orbison - The Very Best Of.flac,GRADUAL_ROLLOFF,"rolloff at ~20306Hz but gentle (8.8dB/kHz) - could be an old master/analog source, not necessarily transcoded",44100,20306,22050,8.8
/home/adam/driveBig/Music/My Playlist/Cannonball - Barns Courtney - 404.flac,GRADUAL_ROLLOFF,"rolloff at ~18825Hz but gentle (0.6dB/kHz) - could be an old master/analog source, not necessarily transcoded",44100,18825,22050,0.6
/home/adam/driveBig/Music/My Playlist/CAN’T SEE SHIT IN THE CLUB - Joji - Piss in the Wind.flac,GRADUAL_ROLLOFF,"rolloff at ~20107Hz but gentle (4.2dB/kHz) - could be an old master/analog source, not necessarily transcoded",44100,20107,22050,4.2
/home/adam/driveBig/Music/My Playlist/Careful - NF - Hope.flac,GRADUAL_ROLLOFF,"rolloff at ~20936Hz but gentle (11.4dB/kHz) - could be an old master/analog source, not necessarily transcoded",44100,20936,22050,11.4
/home/adam/driveBig/Music/My Playlist/Carbon Monoxide - CAKE - Pressure Chief.flac,GRADUAL_ROLLOFF,"rolloff at ~20279Hz but gentle (0.9dB/kHz) - could be an old master/analog source, not necessarily transcoded",44100,20279,22050,0.9
/home/adam/driveBig/Music/My Playlist/Careless - Royal Blood - Royal Blood.flac,GRADUAL_ROLLOFF,"rolloff at ~20478Hz but gentle (9.9dB/kHz) - could be an old master/analog source, not necessarily transcoded",44100,20478,22050,9.9
/home/adam/driveBig/Music/My Playlist/Careful - Paramore - Brand New Eyes.flac,GRADUAL_ROLLOFF,"rolloff at ~15628Hz but gentle (1.6dB/kHz) - could be an old master/analog source, not necessarily transcoded",44100,15628,22050,1.6
/home/adam/driveBig/Music/My Playlist/Carry Me Out - Mitski - bury me at makeout creek.flac,GRADUAL_ROLLOFF,"rolloff at ~13378Hz but gentle (2.3dB/kHz) - could be an old master/analog source, not necessarily transcoded",44100,13378,22050,2.3
"/home/adam/driveBig/Music/My Playlist/Caring is Creepy - The Shins - Oh, Inverted World.flac",GRADUAL_ROLLOFF,"rolloff at ~19762Hz but gentle (1.1dB/kHz) - could be an old master/analog source, not necessarily transcoded",44100,19762,22050,1.1
/home/adam/driveBig/Music/My Playlist/Carry On Wayward Son - Kansas - Leftoverture.flac,GRADUAL_ROLLOFF,"rolloff at ~20220Hz but gentle (10.0dB/kHz) - could be an old master/analog source, not necessarily transcoded",44100,20220,22050,10
"/home/adam/driveBig/Music/My Playlist/CASPER - Quadeca; Maruja - Vanisher, Horizon Scraper.flac",GRADUAL_ROLLOFF,"rolloff at ~19235Hz but gentle (5.8dB/kHz) - could be an old master/analog source, not necessarily transcoded",44100,19235,22050,5.8
/home/adam/driveBig/Music/My Playlist/Castles Made of Sand - Red Hot Chili Peppers - Blood Sugar Sex Magik.flac,GRADUAL_ROLLOFF,"rolloff at ~14142Hz but gentle (2.0dB/kHz) - could be an old master/analog source, not necessarily transcoded",44100,14142,22050,2
/home/adam/driveBig/Music/My Playlist/Cast No Shadow - Oasis - (What's The Story) Morning Glory.flac,GRADUAL_ROLLOFF,"rolloff at ~17544Hz but gentle (2.4dB/kHz) - could be an old master/analog source, not necessarily transcoded",44100,17544,22050,2.4
/home/adam/driveBig/Music/My Playlist/Catch A Star - Men at Work - Business As Usual.flac,GRADUAL_ROLLOFF,"rolloff at ~17679Hz but gentle (2.5dB/kHz) - could be an old master/analog source, not necessarily transcoded",44100,17679,22050,2.5
/home/adam/driveBig/Music/My Playlist/Catholic School Girls Rule - Red Hot Chili Peppers - Freaky Styley.flac,GRADUAL_ROLLOFF,"rolloff at ~20435Hz but gentle (4.0dB/kHz) - could be an old master/analog source, not necessarily transcoded",44100,20435,22050,4
/home/adam/driveBig/Music/My Playlist/Caution - The Killers - Imploding the Mirage.flac,GRADUAL_ROLLOFF,"rolloff at ~20478Hz but gentle (8.3dB/kHz) - could be an old master/analog source, not necessarily transcoded",44100,20478,22050,8.3
/home/adam/driveBig/Music/My Playlist/Cats and Dogs - The Head and the Heart - The Head and the Heart.flac,GRADUAL_ROLLOFF,"rolloff at ~20317Hz but gentle (6.6dB/kHz) - could be an old master/analog source, not necessarily transcoded",44100,20317,22050,6.6
/home/adam/driveBig/Music/My Playlist/Cause I’m a Man - Tame Impala - Currents.flac,GRADUAL_ROLLOFF,"rolloff at ~20284Hz but gentle (6.2dB/kHz) - could be an old master/analog source, not necessarily transcoded",44100,20284,22050,6.2
/home/adam/driveBig/Music/My Playlist/Cement - Goodshirt - Fiji Baby.flac,GRADUAL_ROLLOFF,"rolloff at ~16963Hz but gentle (1.5dB/kHz) - could be an old master/analog source, not necessarily transcoded",44100,16963,22050,1.5
/home/adam/driveBig/Music/My Playlist/Ceiling - King Krule - 6 Feet Beneath the Moon.flac,GRADUAL_ROLLOFF,"rolloff at ~20801Hz but gentle (8.0dB/kHz) - could be an old master/analog source, not necessarily transcoded",44100,20801,22050,8
/home/adam/driveBig/Music/My Playlist/Cementality - King Krule - 6 Feet Beneath the Moon.flac,GRADUAL_ROLLOFF,"rolloff at ~16064Hz but gentle (1.8dB/kHz) - could be an old master/analog source, not necessarily transcoded",44100,16064,22050,1.8
/home/adam/driveBig/Music/My Playlist/Blackbird - The Beatles - The Beatles (Remastered).flac,GRADUAL_ROLLOFF,"rolloff at ~12861Hz but gentle (2.6dB/kHz) - could be an old master/analog source, not necessarily transcoded",44100,12861,22050,2.6
/home/adam/driveBig/Music/My Playlist/Blood Hands - Royal Blood - Royal Blood.flac,GRADUAL_ROLLOFF,"rolloff at ~16624Hz but gentle (4.6dB/kHz) - could be an old master/analog source, not necessarily transcoded",44100,16624,22050,4.6
/home/adam/driveBig/Music/My Playlist/Blue Bayou - Roy Orbison - The Very Best Of.flac,GRADUAL_ROLLOFF,"rolloff at ~20419Hz but gentle (11.0dB/kHz) - could be an old master/analog source, not necessarily transcoded",44100,20419,22050,11
/home/adam/driveBig/Music/My Playlist/Bohemian Rhapsody - Queen - A Night At The Opera (Deluxe Edition 2011 Remaster).flac,GRADUAL_ROLLOFF,"rolloff at ~15143Hz but gentle (3.3dB/kHz) - could be an old master/analog source, not necessarily transcoded",44100,15143,22050,3.3
/home/adam/driveBig/Music/My Playlist/Bud Like You - AJR - The Click.flac,GRADUAL_ROLLOFF,"rolloff at ~15606Hz but gentle (2.6dB/kHz) - could be an old master/analog source, not necessarily transcoded",44100,15606,22050,2.6
/home/adam/driveBig/Music/My Playlist/Bouquet for Me - Ado.flac,GRADUAL_ROLLOFF,"rolloff at ~18039Hz but gentle (2.1dB/kHz) - could be an old master/analog source, not necessarily transcoded",44100,18039,22050,2.1
/home/adam/driveBig/Music/My Playlist/Casual Conversations - Supertramp - Breakfast in America.flac,GRADUAL_ROLLOFF,"rolloff at ~19509Hz but gentle (3.8dB/kHz) - could be an old master/analog source, not necessarily transcoded",44100,19509,22050,3.8
/home/adam/driveBig/Music/My Playlist/Call My Dad - AJR - The Click (Deluxe Edition).flac,GRADUAL_ROLLOFF,"rolloff at ~19057Hz but gentle (1.6dB/kHz) - could be an old master/analog source, not necessarily transcoded",44100,19057,22050,1.6
/home/adam/driveBig/Music/My Playlist/Chalk Outlines - Ren; Chinchilla - Sick Boi.flac,GRADUAL_ROLLOFF,"rolloff at ~20160Hz but gentle (9.9dB/kHz) - could be an old master/analog source, not necessarily transcoded",44100,20160,22050,9.9
/home/adam/driveBig/Music/My Playlist/Centrefolds - Placebo - Sleeping With Ghosts.flac,GRADUAL_ROLLOFF,"rolloff at ~15665Hz but gentle (0.1dB/kHz) - could be an old master/analog source, not necessarily transcoded",44100,15665,22050,0.1
/home/adam/driveBig/Music/My Playlist/CHAINSAW BLOOD - Vaundy.flac,GRADUAL_ROLLOFF,"rolloff at ~20640Hz but gentle (5.8dB/kHz) - could be an old master/analog source, not necessarily transcoded",44100,20640,22050,5.8
/home/adam/driveBig/Music/My Playlist/Champion - Barns Courtney - The Attractions of Youth.flac,GRADUAL_ROLLOFF,"rolloff at ~16893Hz but gentle (4.2dB/kHz) - could be an old master/analog source, not necessarily transcoded",44100,16893,22050,4.2
/home/adam/driveBig/Music/My Playlist/Champagne Supernova - Oasis - Stop the Clocks.flac,GRADUAL_ROLLOFF,"rolloff at ~15633Hz but gentle (1.5dB/kHz) - could be an old master/analog source, not necessarily transcoded",44100,15633,22050,1.5
/home/adam/driveBig/Music/My Playlist/Change (In the House of Flies) - Deftones - White Pony.flac,GRADUAL_ROLLOFF,"rolloff at ~18610Hz but gentle (1.8dB/kHz) - could be an old master/analog source, not necessarily transcoded",44100,18610,22050,1.8
/home/adam/driveBig/Music/My Playlist/Change - BoyWithUke - Burnout.flac,GRADUAL_ROLLOFF,"rolloff at ~19881Hz but gentle (4.2dB/kHz) - could be an old master/analog source, not necessarily transcoded",44100,19881,22050,4.2
/home/adam/driveBig/Music/My Playlist/Change - NF - The Search.flac,GRADUAL_ROLLOFF,"rolloff at ~14831Hz but gentle (3.6dB/kHz) - could be an old master/analog source, not necessarily transcoded",44100,14831,22050,3.6
/home/adam/driveBig/Music/My Playlist/Changes - 3 Doors Down - Away From the Sun.flac,GRADUAL_ROLLOFF,"rolloff at ~20672Hz but gentle (7.7dB/kHz) - could be an old master/analog source, not necessarily transcoded",44100,20672,22050,7.7
/home/adam/driveBig/Music/My Playlist/Change Your Mind - The All-American Rejects - Move Along.flac,GRADUAL_ROLLOFF,"rolloff at ~20381Hz but gentle (4.2dB/kHz) - could be an old master/analog source, not necessarily transcoded",44100,20381,22050,4.2
/home/adam/driveBig/Music/My Playlist/Change Your Mind - The Killers - Hot Fuss.flac,GRADUAL_ROLLOFF,"rolloff at ~15628Hz but gentle (1.6dB/kHz) - could be an old master/analog source, not necessarily transcoded",44100,15628,22050,1.6
/home/adam/driveBig/Music/My Playlist/Charlie - Red Hot Chili Peppers - Stadium Arcadium.flac,GRADUAL_ROLLOFF,"rolloff at ~19864Hz but gentle (1.3dB/kHz) - could be an old master/analog source, not necessarily transcoded",44100,19864,22050,1.3
/home/adam/driveBig/Music/My Playlist/Charmer - Kings of Leon - Because of the Times.flac,GRADUAL_ROLLOFF,"rolloff at ~16091Hz but gentle (3.3dB/kHz) - could be an old master/analog source, not necessarily transcoded",44100,16091,22050,3.3
/home/adam/driveBig/Music/My Playlist/Charmed I’m Sure - Tom Morello; Protohype - The Atlas Underground Fire.flac,GRADUAL_ROLLOFF,"rolloff at ~14416Hz but gentle (1.1dB/kHz) - could be an old master/analog source, not necessarily transcoded",44100,14416,22050,1.1
/home/adam/driveBig/Music/My Playlist/Chasing Birds - Foo Fighters - Medicine at Midnight.flac,GRADUAL_ROLLOFF,"rolloff at ~20166Hz but gentle (7.5dB/kHz) - could be an old master/analog source, not necessarily transcoded",44100,20166,22050,7.5
/home/adam/driveBig/Music/My Playlist/Charmless Man - Blur - The Best Of.flac,GRADUAL_ROLLOFF,"rolloff at ~15865Hz but gentle (1.6dB/kHz) - could be an old master/analog source, not necessarily transcoded",44100,15865,22050,1.6
/home/adam/driveBig/Music/My Playlist/Chasing Cars - Snow Patrol - Eyes Open.flac,GRADUAL_ROLLOFF,"rolloff at ~19794Hz but gentle (10.4dB/kHz) - could be an old master/analog source, not necessarily transcoded",44100,19794,22050,10.4
/home/adam/driveBig/Music/My Playlist/Cheating On You - Franz Ferdinand - Franz Ferdinand.flac,GRADUAL_ROLLOFF,"rolloff at ~17716Hz but gentle (4.5dB/kHz) - could be an old master/analog source, not necessarily transcoded",44100,17716,22050,4.5
/home/adam/driveBig/Music/My Playlist/check up - bbno$; lentra - eat ya veggies.flac,GRADUAL_ROLLOFF,"rolloff at ~20020Hz but gentle (3.0dB/kHz) - could be an old master/analog source, not necessarily transcoded",44100,20020,22050,3
"/home/adam/driveBig/Music/My Playlist/Cheer Up, Boys (Your Make Up Is Running) - Foo Fighters - Echoes, Silence, Patience & Grace.flac",GRADUAL_ROLLOFF,"rolloff at ~17657Hz but gentle (0.9dB/kHz) - could be an old master/analog source, not necessarily transcoded",44100,17657,22050,0.9
/home/adam/driveBig/Music/My Playlist/check - bbno$.flac,GRADUAL_ROLLOFF,"rolloff at ~20236Hz but gentle (6.4dB/kHz) - could be an old master/analog source, not necessarily transcoded",44100,20236,22050,6.4
/home/adam/driveBig/Music/My Playlist/Cherry Bomb - Joan Jett and the Blackhearts - Fit to Be Tied - Great Hits by Joan Jett and the Blackhearts.flac,GRADUAL_ROLLOFF,"rolloff at ~15542Hz but gentle (1.7dB/kHz) - could be an old master/analog source, not necessarily transcoded",44100,15542,22050,1.7
/home/adam/driveBig/Music/My Playlist/Cherub Rock - Smashing Pumpkins - Siamese Dream.flac,GRADUAL_ROLLOFF,"rolloff at ~16850Hz but gentle (3.1dB/kHz) - could be an old master/analog source, not necessarily transcoded",44100,16850,22050,3.1
/home/adam/driveBig/Music/My Playlist/Child of Vision - Supertramp - Breakfast in America.flac,GRADUAL_ROLLOFF,"rolloff at ~18610Hz but gentle (1.6dB/kHz) - could be an old master/analog source, not necessarily transcoded",44100,18610,22050,1.6
/home/adam/driveBig/Music/My Playlist/Childhood - Blink-182 - One More Time... Part-2.flac,GRADUAL_ROLLOFF,"rolloff at ~16785Hz but gentle (2.0dB/kHz) - could be an old master/analog source, not necessarily transcoded",44100,16785,22050,2
/home/adam/driveBig/Music/My Playlist/Chloe Kelly - Surf Curse - Buds.flac,GRADUAL_ROLLOFF,"rolloff at ~19789Hz but gentle (2.1dB/kHz) - could be an old master/analog source, not necessarily transcoded",44100,19789,22050,2.1
/home/adam/driveBig/Music/My Playlist/Childhood - Blink-182 - One More Time....flac,GRADUAL_ROLLOFF,"rolloff at ~19100Hz but gentle (2.1dB/kHz) - could be an old master/analog source, not necessarily transcoded",44100,19100,22050,2.1
/home/adam/driveBig/Music/My Playlist/Choice Kingdom - alt-J - This Is All Yours.flac,GRADUAL_ROLLOFF,"rolloff at ~20295Hz but gentle (11.5dB/kHz) - could be an old master/analog source, not necessarily transcoded",44100,20295,22050,11.5
/home/adam/driveBig/Music/My Playlist/Chop Suey - System of a Down.flac,GRADUAL_ROLLOFF,"rolloff at ~19697Hz but gentle (1.6dB/kHz) - could be an old master/analog source, not necessarily transcoded",44100,19697,22050,1.6
/home/adam/driveBig/Music/My Playlist/Christine Sixteen - Kiss - The Very Best of KISS.flac,GRADUAL_ROLLOFF,"rolloff at ~15752Hz but gentle (1.7dB/kHz) - could be an old master/analog source, not necessarily transcoded",44100,15752,22050,1.7
/home/adam/driveBig/Music/My Playlist/Christmas in June - AJR - OK Orchestra.flac,GRADUAL_ROLLOFF,"rolloff at ~16107Hz but gentle (3.1dB/kHz) - could be an old master/analog source, not necessarily transcoded",44100,16107,22050,3.1
/home/adam/driveBig/Music/My Playlist/Chug All Night - Eagles - Eagles.flac,GRADUAL_ROLLOFF,"rolloff at ~19633Hz but gentle (2.8dB/kHz) - could be an old master/analog source, not necessarily transcoded",44100,19633,22050,2.8
/home/adam/driveBig/Music/My Playlist/Chump - Green Day - Dookie.flac,GRADUAL_ROLLOFF,"rolloff at ~18729Hz but gentle (2.5dB/kHz) - could be an old master/analog source, not necessarily transcoded",44100,18729,22050,2.5
/home/adam/driveBig/Music/My Playlist/Cigarette - Joji - Piss in the Wind.flac,GRADUAL_ROLLOFF,"rolloff at ~20715Hz but gentle (8.0dB/kHz) - could be an old master/analog source, not necessarily transcoded",44100,20715,22050,8
/home/adam/driveBig/Music/My Playlist/Circles - Incubus - Morning View.flac,GRADUAL_ROLLOFF,"rolloff at ~19025Hz but gentle (2.0dB/kHz) - could be an old master/analog source, not necessarily transcoded",44100,19025,22050,2
/home/adam/driveBig/Music/My Playlist/Circles - Passenger - All the Little Lights.flac,GRADUAL_ROLLOFF,"rolloff at ~18976Hz but gentle (2.0dB/kHz) - could be an old master/analog source, not necessarily transcoded",44100,18976,22050,2
/home/adam/driveBig/Music/My Playlist/Cinnamon - Damiano David - FUNNY little FEARS.flac,GRADUAL_ROLLOFF,"rolloff at ~20064Hz but gentle (2.1dB/kHz) - could be an old master/analog source, not necessarily transcoded",44100,20064,22050,2.1
/home/adam/driveBig/Music/My Playlist/City of Angels - Em Beihold.flac,GRADUAL_ROLLOFF,"rolloff at ~15552Hz but gentle (6.4dB/kHz) - could be an old master/analog source, not necessarily transcoded",44100,15552,22050,6.4
/home/adam/driveBig/Music/My Playlist/City of Delusion - Muse - Black Holes and Revelations.flac,GRADUAL_ROLLOFF,"rolloff at ~20160Hz but gentle (3.7dB/kHz) - could be an old master/analog source, not necessarily transcoded",44100,20160,22050,3.7
/home/adam/driveBig/Music/My Playlist/City Walls - Twenty One Pilots - Breach.flac,GRADUAL_ROLLOFF,"rolloff at ~19924Hz but gentle (9.1dB/kHz) - could be an old master/analog source, not necessarily transcoded",44100,19924,22050,9.1
/home/adam/driveBig/Music/My Playlist/Civil War - Guns N' Roses - Greatest Hits.flac,GRADUAL_ROLLOFF,"rolloff at ~19482Hz but gentle (2.9dB/kHz) - could be an old master/analog source, not necessarily transcoded",44100,19482,22050,2.9
/home/adam/driveBig/Music/My Playlist/Classic Masher - Pixies - Head Carrier.flac,GRADUAL_ROLLOFF,"rolloff at ~20360Hz but gentle (8.9dB/kHz) - could be an old master/analog source, not necessarily transcoded",44100,20360,22050,8.9
/home/adam/driveBig/Music/My Playlist/Classical Dragon - Marcin; Tim Henson - Dragon in Harmony.flac,GRADUAL_ROLLOFF,"rolloff at ~19671Hz but gentle (3.1dB/kHz) - could be an old master/analog source, not necessarily transcoded",44100,19671,22050,3.1
/home/adam/driveBig/Music/My Playlist/Claudette - Roy Orbison - The Very Best Of.flac,GRADUAL_ROLLOFF,"rolloff at ~20322Hz but gentle (11.5dB/kHz) - could be an old master/analog source, not necessarily transcoded",44100,20322,22050,11.5
/home/adam/driveBig/Music/My Playlist/Cleopatra - The Lumineers.flac,GRADUAL_ROLLOFF,"rolloff at ~14050Hz but gentle (3.9dB/kHz) - could be an old master/analog source, not necessarily transcoded",44100,14050,22050,3.9
/home/adam/driveBig/Music/My Playlist/Climbing to the Moon (Jon Brion remix) - Eels - Meet the Eels - Essential Eels.flac,GRADUAL_ROLLOFF,"rolloff at ~20876Hz but gentle (7.8dB/kHz) - could be an old master/analog source, not necessarily transcoded",44100,20876,22050,7.8
/home/adam/driveBig/Music/My Playlist/Climbing Up The Walls - Radiohead - OK Computer.flac,GRADUAL_ROLLOFF,"rolloff at ~18432Hz but gentle (1.1dB/kHz) - could be an old master/analog source, not necessarily transcoded",44100,18432,22050,1.1
/home/adam/driveBig/Music/My Playlist/Closer - Kings of Leon - Only by the Night.flac,GRADUAL_ROLLOFF,"rolloff at ~19105Hz but gentle (4.2dB/kHz) - could be an old master/analog source, not necessarily transcoded",44100,19105,22050,4.2
/home/adam/driveBig/Music/My Playlist/Close to the Top - Måneskin - Il Ballo Della Vita.flac,GRADUAL_ROLLOFF,"rolloff at ~16887Hz but gentle (4.0dB/kHz) - could be an old master/analog source, not necessarily transcoded",44100,16887,22050,4
/home/adam/driveBig/Music/My Playlist/Closer Now - Red Vox - Realign.flac,GRADUAL_ROLLOFF,"rolloff at ~19466Hz but gentle (3.3dB/kHz) - could be an old master/analog source, not necessarily transcoded",44100,19466,22050,3.3
/home/adam/driveBig/Music/My Playlist/Clyde & Bonnie - Tai Verdes - HDTV.flac,GRADUAL_ROLLOFF,"rolloff at ~19165Hz but gentle (2.7dB/kHz) - could be an old master/analog source, not necessarily transcoded",44100,19165,22050,2.7
/home/adam/driveBig/Music/My Playlist/Cocoricci (Le Tango des Voleurs) - Men Without Hats - Rhythm Of Youth (Expanded Edition).flac,GRADUAL_ROLLOFF,"rolloff at ~21043Hz but gentle (4.0dB/kHz) - could be an old master/analog source, not necessarily transcoded",44100,21043,22050,4
/home/adam/driveBig/Music/My Playlist/Cloudspotter - Foo Fighters - Medicine at Midnight.flac,GRADUAL_ROLLOFF,"rolloff at ~18066Hz but gentle (2.2dB/kHz) - could be an old master/analog source, not necessarily transcoded",44100,18066,22050,2.2
/home/adam/driveBig/Music/My Playlist/Coeur d’Alene - The Head and the Heart - The Head and the Heart.flac,GRADUAL_ROLLOFF,"rolloff at ~20166Hz but gentle (6.9dB/kHz) - could be an old master/analog source, not necessarily transcoded",44100,20166,22050,6.9
/home/adam/driveBig/Music/My Playlist/Coffee & TV - Blur - The Best Of.flac,GRADUAL_ROLLOFF,"rolloff at ~20543Hz but gentle (5.6dB/kHz) - could be an old master/analog source, not necessarily transcoded",44100,20543,22050,5.6
/home/adam/driveBig/Music/My Playlist/Coffee - BoyWithUke - Burnout.flac,GRADUAL_ROLLOFF,"rolloff at ~19358Hz but gentle (3.1dB/kHz) - could be an old master/analog source, not necessarily transcoded",44100,19358,22050,3.1
/home/adam/driveBig/Music/My Playlist/Cold - Rich Brian - Amen.flac,GRADUAL_ROLLOFF,"rolloff at ~20812Hz but gentle (6.9dB/kHz) - could be an old master/analog source, not necessarily transcoded",44100,20812,22050,6.9
/home/adam/driveBig/Music/My Playlist/Cold Body Blues - Goodshirt - Fiji Baby.flac,GRADUAL_ROLLOFF,"rolloff at ~6293Hz but gentle (3.6dB/kHz) - could be an old master/analog source, not necessarily transcoded",44100,6293,22050,3.6
/home/adam/driveBig/Music/My Playlist/Cold Cold Cold - Cage The Elephant - Tell Me I'm Pretty.flac,GRADUAL_ROLLOFF,"rolloff at ~20645Hz but gentle (9.1dB/kHz) - could be an old master/analog source, not necessarily transcoded",44100,20645,22050,9.1
/home/adam/driveBig/Music/My Playlist/Cold Desert - Kings of Leon - Only by the Night.flac,GRADUAL_ROLLOFF,"rolloff at ~20333Hz but gentle (3.4dB/kHz) - could be an old master/analog source, not necessarily transcoded",44100,20333,22050,3.4
/home/adam/driveBig/Music/My Playlist/Comanche - CAKE - Motorcade of Generosity.flac,GRADUAL_ROLLOFF,"rolloff at ~16607Hz but gentle (2.3dB/kHz) - could be an old master/analog source, not necessarily transcoded",44100,16607,22050,2.3
/home/adam/driveBig/Music/My Playlist/Collection of Goods - Collective Soul - Collective Soul.flac,GRADUAL_ROLLOFF,"rolloff at ~20166Hz but gentle (2.8dB/kHz) - could be an old master/analog source, not necessarily transcoded",44100,20166,22050,2.8
"/home/adam/driveBig/Music/My Playlist/Come Alive - Foo Fighters - Echoes, Silence, Patience & Grace.flac",GRADUAL_ROLLOFF,"rolloff at ~14244Hz but gentle (0.5dB/kHz) - could be an old master/analog source, not necessarily transcoded",44100,14244,22050,0.5
/home/adam/driveBig/Music/My Playlist/Comatose - Skillet.flac,GRADUAL_ROLLOFF,"rolloff at ~18847Hz but gentle (2.3dB/kHz) - could be an old master/analog source, not necessarily transcoded",44100,18847,22050,2.3
/home/adam/driveBig/Music/My Playlist/Come Back Around - Feeder - Comfort in Sound.flac,GRADUAL_ROLLOFF,"rolloff at ~20478Hz but gentle (8.3dB/kHz) - could be an old master/analog source, not necessarily transcoded",44100,20478,22050,8.3
/home/adam/driveBig/Music/My Playlist/Come as You Are - Nirvana - Nevermind.flac,GRADUAL_ROLLOFF,"rolloff at ~16667Hz but gentle (2.3dB/kHz) - could be an old master/analog source, not necessarily transcoded",44100,16667,22050,2.3
/home/adam/driveBig/Music/My Playlist/Come Hang Out - AJR - The Click.flac,GRADUAL_ROLLOFF,"rolloff at ~15822Hz but gentle (2.4dB/kHz) - could be an old master/analog source, not necessarily transcoded",44100,15822,22050,2.4
/home/adam/driveBig/Music/My Playlist/Come Into the Water - Mitski - Be the Cowboy.flac,GRADUAL_ROLLOFF,"rolloff at ~20903Hz but gentle (11.1dB/kHz) - could be an old master/analog source, not necessarily transcoded",44100,20903,22050,11.1
/home/adam/driveBig/Music/My Playlist/Come On Home - Franz Ferdinand - Franz Ferdinand.flac,GRADUAL_ROLLOFF,"rolloff at ~16500Hz but gentle (4.2dB/kHz) - could be an old master/analog source, not necessarily transcoded",44100,16500,22050,4.2
/home/adam/driveBig/Music/My Playlist/Come On Over - Royal Blood - Royal Blood.flac,GRADUAL_ROLLOFF,"rolloff at ~20166Hz but gentle (9.4dB/kHz) - could be an old master/analog source, not necessarily transcoded",44100,20166,22050,9.4
/home/adam/driveBig/Music/My Playlist/Come Together - The Beatles - Abbey Road.flac,GRADUAL_ROLLOFF,"rolloff at ~17813Hz but gentle (3.7dB/kHz) - could be an old master/analog source, not necessarily transcoded",44100,17813,22050,3.7
/home/adam/driveBig/Music/My Playlist/Come Undone (Edit) - Duran Duran - Greatest.flac,GRADUAL_ROLLOFF,"rolloff at ~20446Hz but gentle (8.8dB/kHz) - could be an old master/analog source, not necessarily transcoded",44100,20446,22050,8.8
/home/adam/driveBig/Music/My Playlist/Comfort in Sound - Feeder.flac,GRADUAL_ROLLOFF,"rolloff at ~20828Hz but gentle (11.2dB/kHz) - could be an old master/analog source, not necessarily transcoded",44100,20828,22050,11.2
/home/adam/driveBig/Music/My Playlist/Comin Back to Me - Jefferson Airplane - Surrealistic Pillow.flac,GRADUAL_ROLLOFF,"rolloff at ~8064Hz but gentle (3.4dB/kHz) - could be an old master/analog source, not necessarily transcoded",44100,8064,22050,3.4
/home/adam/driveBig/Music/My Playlist/Comforting Sounds - Birdy - Birdy.flac,GRADUAL_ROLLOFF,"rolloff at ~18508Hz but gentle (1.4dB/kHz) - could be an old master/analog source, not necessarily transcoded",44100,18508,22050,1.4
/home/adam/driveBig/Music/My Playlist/Commissioning a Symphony in C - CAKE - Comfort Eagle.flac,GRADUAL_ROLLOFF,"rolloff at ~20855Hz but gentle (8.1dB/kHz) - could be an old master/analog source, not necessarily transcoded",44100,20855,22050,8.1
/home/adam/driveBig/Music/My Playlist/Coming Clean - Green Day - Dookie.flac,GRADUAL_ROLLOFF,"rolloff at ~19864Hz but gentle (4.9dB/kHz) - could be an old master/analog source, not necessarily transcoded",44100,19864,22050,4.9
/home/adam/driveBig/Music/My Playlist/Communication Breakdown - Roy Orbison - The Very Best Of.flac,GRADUAL_ROLLOFF,"rolloff at ~12990Hz but gentle (3.2dB/kHz) - could be an old master/analog source, not necessarily transcoded",44100,12990,22050,3.2
/home/adam/driveBig/Music/My Playlist/Communiqué - Dire Straits.flac,GRADUAL_ROLLOFF,"rolloff at ~19380Hz but gentle (4.2dB/kHz) - could be an old master/analog source, not necessarily transcoded",44100,19380,22050,4.2
/home/adam/driveBig/Music/My Playlist/Confessions - Violent Femmes - Violent Femmes.flac,GRADUAL_ROLLOFF,"rolloff at ~20780Hz but gentle (11.4dB/kHz) - could be an old master/analog source, not necessarily transcoded",44100,20780,22050,11.4
/home/adam/driveBig/Music/My Playlist/Connect The Dots (The Saga Of Frank Sinatra) - Car Seat Headrest - Teens Of Denial.flac,GRADUAL_ROLLOFF,"rolloff at ~18820Hz but gentle (-0.1dB/kHz) - could be an old master/analog source, not necessarily transcoded",44100,18820,22050,-0.1
/home/adam/driveBig/Music/My Playlist/Consequence - Incubus - Make Yourself.flac,GRADUAL_ROLLOFF,"rolloff at ~20946Hz but gentle (8.6dB/kHz) - could be an old master/analog source, not necessarily transcoded",44100,20946,22050,8.6
/home/adam/driveBig/Music/My Playlist/Contact - Daft Punk - Random Access Memories.flac,GRADUAL_ROLLOFF,"rolloff at ~15746Hz but gentle (0.8dB/kHz) - could be an old master/analog source, not necessarily transcoded",44100,15746,22050,0.8
/home/adam/driveBig/Music/My Playlist/Control - Tigercub - Abstract Figures in the Dark.flac,GRADUAL_ROLLOFF,"rolloff at ~18610Hz but gentle (3.3dB/kHz) - could be an old master/analog source, not necessarily transcoded",44100,18610,22050,3.3
/home/adam/driveBig/Music/My Playlist/Cool - The Struts - Strange Days.flac,GRADUAL_ROLLOFF,"rolloff at ~19256Hz but gentle (2.9dB/kHz) - could be an old master/analog source, not necessarily transcoded",44100,19256,22050,2.9
/home/adam/driveBig/Music/My Playlist/Copperhead Road - Steve Earle.flac,GRADUAL_ROLLOFF,"rolloff at ~20666Hz but gentle (10.5dB/kHz) - could be an old master/analog source, not necessarily transcoded",44100,20666,22050,10.5
/home/adam/driveBig/Music/My Playlist/Cool Cat - Queen - Hot Space (Remastered 2011).flac,GRADUAL_ROLLOFF,"rolloff at ~15079Hz but gentle (3.3dB/kHz) - could be an old master/analog source, not necessarily transcoded",44100,15079,22050,3.3
/home/adam/driveBig/Music/My Playlist/Coraline - Måneskin - Teatro D'ira - Vol. I.flac,GRADUAL_ROLLOFF,"rolloff at ~19041Hz but gentle (7.5dB/kHz) - could be an old master/analog source, not necessarily transcoded",44100,19041,22050,7.5
/home/adam/driveBig/Music/My Playlist/Cornwall Blank - America - Homecoming.flac,GRADUAL_ROLLOFF,"rolloff at ~15951Hz but gentle (2.8dB/kHz) - could be an old master/analog source, not necessarily transcoded",44100,15951,22050,2.8
/home/adam/driveBig/Music/My Playlist/Corvette Summer - Green Day - Saviors.flac,GRADUAL_ROLLOFF,"rolloff at ~17749Hz but gentle (0.9dB/kHz) - could be an old master/analog source, not necessarily transcoded",44100,17749,22050,0.9
/home/adam/driveBig/Music/My Playlist/Cosmic Hero - Car Seat Headrest - Teens Of Denial.flac,GRADUAL_ROLLOFF,"rolloff at ~19261Hz but gentle (1.1dB/kHz) - could be an old master/analog source, not necessarily transcoded",44100,19261,22050,1.1
/home/adam/driveBig/Music/My Playlist/Cotton Fields - Creedence Clearwater Revival - Platinum.flac,GRADUAL_ROLLOFF,"rolloff at ~20020Hz but gentle (1.8dB/kHz) - could be an old master/analog source, not necessarily transcoded",44100,20020,22050,1.8
/home/adam/driveBig/Music/My Playlist/Cough Syrup - Marcin - Dragon in Harmony.flac,GRADUAL_ROLLOFF,"rolloff at ~18804Hz but gentle (2.4dB/kHz) - could be an old master/analog source, not necessarily transcoded",44100,18804,22050,2.4
/home/adam/driveBig/Music/My Playlist/Country Down - Beck - Morning Phase.flac,GRADUAL_ROLLOFF,"rolloff at ~17743Hz but gentle (2.3dB/kHz) - could be an old master/analog source, not necessarily transcoded",44100,17743,22050,2.3
/home/adam/driveBig/Music/My Playlist/Could Have Been Me - The Struts - Everybody Wants.flac,GRADUAL_ROLLOFF,"rolloff at ~20236Hz but gentle (3.3dB/kHz) - could be an old master/analog source, not necessarily transcoded",44100,20236,22050,3.3
/home/adam/driveBig/Music/My Playlist/Cows With Guns - Dana Lyons.flac,GRADUAL_ROLLOFF,"rolloff at ~17485Hz but gentle (1.8dB/kHz) - could be an old master/analog source, not necessarily transcoded",44100,17485,22050,1.8
/home/adam/driveBig/Music/My Playlist/Country Honk - The Rolling Stones - Let It Bleed.flac,GRADUAL_ROLLOFF,"rolloff at ~12882Hz but gentle (2.7dB/kHz) - could be an old master/analog source, not necessarily transcoded",44100,12882,22050,2.7
/home/adam/driveBig/Music/My Playlist/Crab Rave - Noisestorm.flac,GRADUAL_ROLLOFF,"rolloff at ~15041Hz but gentle (0.3dB/kHz) - could be an old master/analog source, not necessarily transcoded",44100,15041,22050,0.3
/home/adam/driveBig/Music/My Playlist/Country House - Blur - The Best Of.flac,GRADUAL_ROLLOFF,"rolloff at ~15746Hz but gentle (1.6dB/kHz) - could be an old master/analog source, not necessarily transcoded",44100,15746,22050,1.6
/home/adam/driveBig/Music/My Playlist/Crawling - Linkin Park - Hybrid Theory.flac,GRADUAL_ROLLOFF,"rolloff at ~20871Hz but gentle (8.6dB/kHz) - could be an old master/analog source, not necessarily transcoded",44100,20871,22050,8.6
/home/adam/driveBig/Music/My Playlist/Cradles - Sub Urban.flac,GRADUAL_ROLLOFF,"rolloff at ~17803Hz but gentle (4.7dB/kHz) - could be an old master/analog source, not necessarily transcoded",44100,17803,22050,4.7
/home/adam/driveBig/Music/My Playlist/Crawl - Kings of Leon - Only by the Night.flac,GRADUAL_ROLLOFF,"rolloff at ~19811Hz but gentle (6.7dB/kHz) - could be an old master/analog source, not necessarily transcoded",44100,19811,22050,6.7
/home/adam/driveBig/Music/My Playlist/Crawling Back - Roy Orbison - The Very Best Of.flac,GRADUAL_ROLLOFF,"rolloff at ~8123Hz but gentle (4.7dB/kHz) - could be an old master/analog source, not necessarily transcoded",44100,8123,22050,4.7
/home/adam/driveBig/Music/My Playlist/Crazy = Genius - Panic! At The Disco - Death of a Bachelor.flac,GRADUAL_ROLLOFF,"rolloff at ~19046Hz but gentle (2.7dB/kHz) - could be an old master/analog source, not necessarily transcoded",44100,19046,22050,2.7
/home/adam/driveBig/Music/My Playlist/Crazy Little Thing Called Love - Queen - The Game (Deluxe Edition 2011 Remaster).flac,GRADUAL_ROLLOFF,"rolloff at ~16871Hz but gentle (3.1dB/kHz) - could be an old master/analog source, not necessarily transcoded",44100,16871,22050,3.1
/home/adam/driveBig/Music/My Playlist/Crescendolls - Daft Punk - Discovery.flac,GRADUAL_ROLLOFF,"rolloff at ~20726Hz but gentle (8.7dB/kHz) - could be an old master/analog source, not necessarily transcoded",44100,20726,22050,8.7
/home/adam/driveBig/Music/My Playlist/Cross‐Tie Walker - Creedence Clearwater Revival - Platinum.flac,GRADUAL_ROLLOFF,"rolloff at ~20995Hz but gentle (10.6dB/kHz) - could be an old master/analog source, not necessarily transcoded",44100,20995,22050,10.6
/home/adam/driveBig/Music/My Playlist/Crime And Punishment - Ado - Ado's Utattemita Album.flac,GRADUAL_ROLLOFF,"rolloff at ~15692Hz but gentle (2.2dB/kHz) - could be an old master/analog source, not necessarily transcoded",44100,15692,22050,2.2
/home/adam/driveBig/Music/My Playlist/Cruisin’ (edit) - Huey Lewis; Gwyneth Paltrow - Greatest Hits.flac,GRADUAL_ROLLOFF,"rolloff at ~20430Hz but gentle (4.4dB/kHz) - could be an old master/analog source, not necessarily transcoded",44100,20430,22050,4.4
/home/adam/driveBig/Music/My Playlist/Cruella - Bad Bad Hats - Psychic Reader.flac,GRADUAL_ROLLOFF,"rolloff at ~17049Hz but gentle (2.5dB/kHz) - could be an old master/analog source, not necessarily transcoded",44100,17049,22050,2.5
/home/adam/driveBig/Music/My Playlist/Cry Me a River - Marcin - Dragon in Harmony.flac,GRADUAL_ROLLOFF,"rolloff at ~20026Hz but gentle (5.6dB/kHz) - could be an old master/analog source, not necessarily transcoded",44100,20026,22050,5.6
/home/adam/driveBig/Music/My Playlist/crushcrushcrush - Paramore - RIOT!.flac,GRADUAL_ROLLOFF,"rolloff at ~16258Hz but gentle (1.8dB/kHz) - could be an old master/analog source, not necessarily transcoded",44100,16258,22050,1.8
/home/adam/driveBig/Music/My Playlist/Crimson and Clover - Joan Jett and the Blackhearts - Fit to Be Tied - Great Hits by Joan Jett and the Blackhearts.flac,GRADUAL_ROLLOFF,"rolloff at ~18524Hz but gentle (2.0dB/kHz) - could be an old master/analog source, not necessarily transcoded",44100,18524,22050,2
/home/adam/driveBig/Music/My Playlist/Crying in the Rain - A-Ha - How Can I Sleep With Your Voice in My Head.flac,GRADUAL_ROLLOFF,"rolloff at ~19735Hz but gentle (2.4dB/kHz) - could be an old master/analog source, not necessarily transcoded",44100,19735,22050,2.4
/home/adam/driveBig/Music/My Playlist/Crystals - Of Monsters and Men - Beneath The Skin (Deluxe).flac,GRADUAL_ROLLOFF,"rolloff at ~16564Hz but gentle (2.8dB/kHz) - could be an old master/analog source, not necessarily transcoded",44100,16564,22050,2.8
/home/adam/driveBig/Music/My Playlist/Cure for the Itch - Linkin Park - Hybrid Theory.flac,GRADUAL_ROLLOFF,"rolloff at ~21006Hz but gentle (10.2dB/kHz) - could be an old master/analog source, not necessarily transcoded",44100,21006,22050,10.2
/home/adam/driveBig/Music/My Playlist/Cut Hands - Deftones - Private Music.flac,GRADUAL_ROLLOFF,"rolloff at ~19154Hz but gentle (5.8dB/kHz) - could be an old master/analog source, not necessarily transcoded",44100,19154,22050,5.8
/home/adam/driveBig/Music/My Playlist/Cut Me Off - Blink-182 - One More Time... Part-2.flac,GRADUAL_ROLLOFF,"rolloff at ~18938Hz but gentle (3.2dB/kHz) - could be an old master/analog source, not necessarily transcoded",44100,18938,22050,3.2
/home/adam/driveBig/Music/My Playlist/cXz - Deftones - Private Music.flac,GRADUAL_ROLLOFF,"rolloff at ~18847Hz but gentle (3.8dB/kHz) - could be an old master/analog source, not necessarily transcoded",44100,18847,22050,3.8
"/home/adam/driveBig/Music/My Playlist/Cut Your Hair - Pavement - Crooked Rain, Crooked Rain.flac",GRADUAL_ROLLOFF,"rolloff at ~18179Hz but gentle (1.9dB/kHz) - could be an old master/analog source, not necessarily transcoded",44100,18179,22050,1.9
/home/adam/driveBig/Music/My Playlist/Cute Thing - Car Seat Headrest - Twin Fantasy.flac,GRADUAL_ROLLOFF,"rolloff at ~20914Hz but gentle (9.5dB/kHz) - could be an old master/analog source, not necessarily transcoded",44100,20914,22050,9.5
/home/adam/driveBig/Music/My Playlist/Cycle - Beck - Morning Phase.flac,GRADUAL_ROLLOFF,"rolloff at ~19509Hz but gentle (-0.0dB/kHz) - could be an old master/analog source, not necessarily transcoded",44100,19509,22050,0
/home/adam/driveBig/Music/My Playlist/Cut Me Off - Blink-182 - One More Time....flac,GRADUAL_ROLLOFF,"rolloff at ~20101Hz but gentle (4.2dB/kHz) - could be an old master/analog source, not necessarily transcoded",44100,20101,22050,4.2
/home/adam/driveBig/Music/My Playlist/Czech One - King Krule - The Ooz.flac,GRADUAL_ROLLOFF,"rolloff at ~12086Hz but gentle (3.0dB/kHz) - could be an old master/analog source, not necessarily transcoded",44100,12086,22050,3
/home/adam/driveBig/Music/My Playlist/Cyberpunk 2077 Theme Song (Metal) - Artificial Fear.flac,GRADUAL_ROLLOFF,"rolloff at ~16796Hz but gentle (0.7dB/kHz) - could be an old master/analog source, not necessarily transcoded",44100,16796,22050,0.7
/home/adam/driveBig/Music/My Playlist/C’mon and Love Me - Kiss - The Very Best of KISS.flac,GRADUAL_ROLLOFF,"rolloff at ~18314Hz but gentle (2.0dB/kHz) - could be an old master/analog source, not necessarily transcoded",44100,18314,22050,2
/home/adam/driveBig/Music/My Playlist/D Is for Dangerous - Arctic Monkeys - Favourite Worst Nightmare.flac,GRADUAL_ROLLOFF,"rolloff at ~18169Hz but gentle (1.7dB/kHz) - could be an old master/analog source, not necessarily transcoded",44100,18169,22050,1.7
/home/adam/driveBig/Music/My Playlist/Daffodil Lament - The Cranberries - No Need to Argue.flac,GRADUAL_ROLLOFF,"rolloff at ~13905Hz but gentle (1.9dB/kHz) - could be an old master/analog source, not necessarily transcoded",44100,13905,22050,1.9
/home/adam/driveBig/Music/My Playlist/Dai the Flu - Deftones - Around the Fur.flac,GRADUAL_ROLLOFF,"rolloff at ~20758Hz but gentle (11.3dB/kHz) - could be an old master/analog source, not necessarily transcoded",44100,20758,22050,11.3
/home/adam/driveBig/Music/My Playlist/Dance Inside - The All-American Rejects - Move Along.flac,GRADUAL_ROLLOFF,"rolloff at ~20397Hz but gentle (5.1dB/kHz) - could be an old master/analog source, not necessarily transcoded",44100,20397,22050,5.1
/home/adam/driveBig/Music/My Playlist/Dance Dance - Cage The Elephant - Social Cues.flac,GRADUAL_ROLLOFF,"rolloff at ~17905Hz but gentle (2.0dB/kHz) - could be an old master/analog source, not necessarily transcoded",44100,17905,22050,2
/home/adam/driveBig/Music/My Playlist/Dance With Me - Blink-182.flac,GRADUAL_ROLLOFF,"rolloff at ~16844Hz but gentle (2.5dB/kHz) - could be an old master/analog source, not necessarily transcoded",44100,16844,22050,2.5
/home/adam/driveBig/Music/My Playlist/DANCE-OFF - Turnstile - GLOW ON.flac,GRADUAL_ROLLOFF,"rolloff at ~19374Hz but gentle (1.9dB/kHz) - could be an old master/analog source, not necessarily transcoded",44100,19374,22050,1.9
/home/adam/driveBig/Music/My Playlist/Dance With Me - Blink-182 - One More Time... Part-2.flac,GRADUAL_ROLLOFF,"rolloff at ~16844Hz but gentle (2.5dB/kHz) - could be an old master/analog source, not necessarily transcoded",44100,16844,22050,2.5
"/home/adam/driveBig/Music/My Playlist/DANCING WITHOUT MOVING - Quadeca - Vanisher, Horizon Scraper.flac",GRADUAL_ROLLOFF,"rolloff at ~19687Hz but gentle (6.5dB/kHz) - could be an old master/analog source, not necessarily transcoded",44100,19687,22050,6.5
/home/adam/driveBig/Music/My Playlist/Danger Zone - Balu Brigada - Almost Feel Good Mixtape.flac,GRADUAL_ROLLOFF,"rolloff at ~15219Hz but gentle (1.8dB/kHz) - could be an old master/analog source, not necessarily transcoded",44100,15219,22050,1.8
/home/adam/driveBig/Music/My Playlist/Charlie Boy - The Lumineers - The Lumineers.flac,GRADUAL_ROLLOFF,"rolloff at ~19859Hz but gentle (5.7dB/kHz) - could be an old master/analog source, not necessarily transcoded",44100,19859,22050,5.7
/home/adam/driveBig/Music/My Playlist/Children of the Damned - Iron Maiden - The Number of the Beast  (2015 Remaster).flac,GRADUAL_ROLLOFF,"rolloff at ~16010Hz but gentle (2.6dB/kHz) - could be an old master/analog source, not necessarily transcoded",44100,16010,22050,2.6
/home/adam/driveBig/Music/My Playlist/Clair de lune - Marcin - Dragon in Harmony.flac,GRADUAL_ROLLOFF,"rolloff at ~19407Hz but gentle (3.1dB/kHz) - could be an old master/analog source, not necessarily transcoded",44100,19407,22050,3.1
/home/adam/driveBig/Music/My Playlist/CMND-CTRL - Deftones - Diamond Eyes.flac,GRADUAL_ROLLOFF,"rolloff at ~19073Hz but gentle (4.3dB/kHz) - could be an old master/analog source, not necessarily transcoded",44100,19073,22050,4.3
/home/adam/driveBig/Music/My Playlist/Coma City - Green Day - Saviors.flac,GRADUAL_ROLLOFF,"rolloff at ~15822Hz but gentle (2.8dB/kHz) - could be an old master/analog source, not necessarily transcoded",44100,15822,22050,2.8
/home/adam/driveBig/Music/My Playlist/Come With Me Now - Kongos - Lunatic.flac,GRADUAL_ROLLOFF,"rolloff at ~14486Hz but gentle (1.5dB/kHz) - could be an old master/analog source, not necessarily transcoded",44100,14486,22050,1.5
/home/adam/driveBig/Music/My Playlist/Coping Mechanism - Willow - CopingMechanism.flac,GRADUAL_ROLLOFF,"rolloff at ~18120Hz but gentle (4.0dB/kHz) - could be an old master/analog source, not necessarily transcoded",44100,18120,22050,4
/home/adam/driveBig/Music/My Playlist/Cover Me Again - Cage The Elephant - Cage The Elephant.flac,GRADUAL_ROLLOFF,"rolloff at ~17490Hz but gentle (2.3dB/kHz) - could be an old master/analog source, not necessarily transcoded",44100,17490,22050,2.3
/home/adam/driveBig/Music/My Playlist/Cute Thing - Car Seat Headrest - Twin Fantasy (Mirror To Mirror).flac,GRADUAL_ROLLOFF,"rolloff at ~15267Hz but gentle (3.3dB/kHz) - could be an old master/analog source, not necessarily transcoded",44100,15267,22050,3.3
/home/adam/driveBig/Music/My Playlist/Daria - CAKE - Fashion Nugget.flac,GRADUAL_ROLLOFF,"rolloff at ~21027Hz but gentle (10.2dB/kHz) - could be an old master/analog source, not necessarily transcoded",44100,21027,22050,10.2
/home/adam/driveBig/Music/My Playlist/Dani California - Red Hot Chili Peppers - Stadium Arcadium.flac,GRADUAL_ROLLOFF,"rolloff at ~19331Hz but gentle (3.4dB/kHz) - could be an old master/analog source, not necessarily transcoded",44100,19331,22050,3.4
/home/adam/driveBig/Music/My Playlist/Darlene - The Lumineers - The Lumineers.flac,GRADUAL_ROLLOFF,"rolloff at ~18303Hz but gentle (1.1dB/kHz) - could be an old master/analog source, not necessarily transcoded",44100,18303,22050,1.1
/home/adam/driveBig/Music/My Playlist/Dark Necessities - Red Hot Chili Peppers - The Getaway.flac,GRADUAL_ROLLOFF,"rolloff at ~19924Hz but gentle (3.2dB/kHz) - could be an old master/analog source, not necessarily transcoded",44100,19924,22050,3.2
/home/adam/driveBig/Music/My Playlist/Darts Of Pleasure - Franz Ferdinand - Franz Ferdinand.flac,GRADUAL_ROLLOFF,"rolloff at ~20187Hz but gentle (3.9dB/kHz) - could be an old master/analog source, not necessarily transcoded",44100,20187,22050,3.9
/home/adam/driveBig/Music/My Playlist/David - The Strumbellas - Hope.flac,GRADUAL_ROLLOFF,"rolloff at ~18465Hz but gentle (2.0dB/kHz) - could be an old master/analog source, not necessarily transcoded",44100,18465,22050,2
/home/adam/driveBig/Music/My Playlist/Dawn and Fireflies - Ado - Ado's Utattemita Album.flac,GRADUAL_ROLLOFF,"rolloff at ~16559Hz but gentle (4.0dB/kHz) - could be an old master/analog source, not necessarily transcoded",44100,16559,22050,4
/home/adam/driveBig/Music/My Playlist/Daydream Believer - The Monkees - Greatest Hits.flac,GRADUAL_ROLLOFF,"rolloff at ~20946Hz but gentle (11.8dB/kHz) - could be an old master/analog source, not necessarily transcoded",44100,20946,22050,11.8
/home/adam/driveBig/Music/My Playlist/Daydreaming - Paramore - Paramore.flac,GRADUAL_ROLLOFF,"rolloff at ~20037Hz but gentle (4.8dB/kHz) - could be an old master/analog source, not necessarily transcoded",44100,20037,22050,4.8
/home/adam/driveBig/Music/My Playlist/Daylight - Joji; Diplo - Nectar.flac,GRADUAL_ROLLOFF,"rolloff at ~19331Hz but gentle (3.3dB/kHz) - could be an old master/analog source, not necessarily transcoded",44100,19331,22050,3.3
/home/adam/driveBig/Music/My Playlist/Daysleeper - R.E.M. - Up (25th Anniversary Edition).flac,GRADUAL_ROLLOFF,"rolloff at ~17856Hz but gentle (0.7dB/kHz) - could be an old master/analog source, not necessarily transcoded",44100,17856,22050,0.7
/home/adam/driveBig/Music/My Playlist/DCBA - 25 - Jefferson Airplane - Surrealistic Pillow.flac,GRADUAL_ROLLOFF,"rolloff at ~13636Hz but gentle (4.1dB/kHz) - could be an old master/analog source, not necessarily transcoded",44100,13636,22050,4.1
/home/adam/driveBig/Music/My Playlist/Dead End Friends - Them Crooked Vultures - Them Crooked Vultures.flac,GRADUAL_ROLLOFF,"rolloff at ~16968Hz but gentle (2.5dB/kHz) - could be an old master/analog source, not necessarily transcoded",44100,16968,22050,2.5
/home/adam/driveBig/Music/My Playlist/Dead Inside (Bonus Track) - Skillet - Awake.flac,GRADUAL_ROLLOFF,"rolloff at ~18470Hz but gentle (2.7dB/kHz) - could be an old master/analog source, not necessarily transcoded",44100,18470,22050,2.7
/home/adam/driveBig/Music/My Playlist/Dead Leaves and the Dirty Ground - The White Stripes - White Blood Cells.flac,GRADUAL_ROLLOFF,"rolloff at ~16037Hz but gentle (2.5dB/kHz) - could be an old master/analog source, not necessarily transcoded",44100,16037,22050,2.5
/home/adam/driveBig/Music/My Playlist/Dead! - My Chemical Romance - The Black Parade.flac,GRADUAL_ROLLOFF,"rolloff at ~17544Hz but gentle (2.2dB/kHz) - could be an old master/analog source, not necessarily transcoded",44100,17544,22050,2.2
/home/adam/driveBig/Music/My Playlist/Dear Hollywood - BoyWithUke - BoyWithUke - B Sides.flac,GRADUAL_ROLLOFF,"rolloff at ~19902Hz but gentle (5.9dB/kHz) - could be an old master/analog source, not necessarily transcoded",44100,19902,22050,5.9
/home/adam/driveBig/Music/My Playlist/Deadcrush - alt-J - Relaxer.flac,GRADUAL_ROLLOFF,"rolloff at ~20311Hz but gentle (7.3dB/kHz) - could be an old master/analog source, not necessarily transcoded",44100,20311,22050,7.3
/home/adam/driveBig/Music/My Playlist/Dead Wrong - The Fray - How to Save a Life.flac,GRADUAL_ROLLOFF,"rolloff at ~20677Hz but gentle (8.7dB/kHz) - could be an old master/analog source, not necessarily transcoded",44100,20677,22050,8.7
/home/adam/driveBig/Music/My Playlist/Death Bed (Coffee For Your Head) - beabadoobee; Powfu.flac,GRADUAL_ROLLOFF,"rolloff at ~13561Hz but gentle (1.3dB/kHz) - could be an old master/analog source, not necessarily transcoded",44100,13561,22050,1.3
/home/adam/driveBig/Music/My Playlist/Death of a Bachelor - Panic! At The Disco.flac,GRADUAL_ROLLOFF,"rolloff at ~20085Hz but gentle (5.3dB/kHz) - could be an old master/analog source, not necessarily transcoded",44100,20085,22050,5.3
/home/adam/driveBig/Music/My Playlist/Death On Two Legs (Dedicated To...) - Queen - A Night At The Opera (Deluxe Edition 2011 Remaster).flac,GRADUAL_ROLLOFF,"rolloff at ~15041Hz but gentle (2.9dB/kHz) - could be an old master/analog source, not necessarily transcoded",44100,15041,22050,2.9
/home/adam/driveBig/Music/My Playlist/Death of a Hero - Alec Benjamin - Narrated for You.flac,GRADUAL_ROLLOFF,"rolloff at ~20618Hz but gentle (8.9dB/kHz) - could be an old master/analog source, not necessarily transcoded",44100,20618,22050,8.9
/home/adam/driveBig/Music/My Playlist/Death of an Optimist -- Intro - grandson - Death of an Optimist.flac,GRADUAL_ROLLOFF,"rolloff at ~20623Hz but gentle (5.6dB/kHz) - could be an old master/analog source, not necessarily transcoded",44100,20623,22050,5.6
/home/adam/driveBig/Music/My Playlist/Death Of A Martian - Red Hot Chili Peppers - Stadium Arcadium.flac,GRADUAL_ROLLOFF,"rolloff at ~19520Hz but gentle (2.7dB/kHz) - could be an old master/analog source, not necessarily transcoded",44100,19520,22050,2.7
/home/adam/driveBig/Music/My Playlist/December - Collective Soul - Collective Soul.flac,GRADUAL_ROLLOFF,"rolloff at ~19003Hz but gentle (1.5dB/kHz) - could be an old master/analog source, not necessarily transcoded",44100,19003,22050,1.5
/home/adam/driveBig/Music/My Playlist/Delilah - The Cranberries - Bury The Hatchet.flac,GRADUAL_ROLLOFF,"rolloff at ~20876Hz but gentle (11.5dB/kHz) - could be an old master/analog source, not necessarily transcoded",44100,20876,22050,11.5
/home/adam/driveBig/Music/My Playlist/Demons (Lapalux remix) - Joji - In Tongues (Deluxe).flac,GRADUAL_ROLLOFF,"rolloff at ~19918Hz but gentle (6.7dB/kHz) - could be an old master/analog source, not necessarily transcoded",44100,19918,22050,6.7
/home/adam/driveBig/Music/My Playlist/Demons - Joji - In Tongues (Deluxe).flac,GRADUAL_ROLLOFF,"rolloff at ~12742Hz but gentle (3.5dB/kHz) - could be an old master/analog source, not necessarily transcoded",44100,12742,22050,3.5
/home/adam/driveBig/Music/My Playlist/Decode - Paramore - Brand New Eyes.flac,GRADUAL_ROLLOFF,"rolloff at ~16139Hz but gentle (2.0dB/kHz) - could be an old master/analog source, not necessarily transcoded",44100,16139,22050,2
/home/adam/driveBig/Music/My Playlist/Denis - Blondie - The Best of Blondie.flac,GRADUAL_ROLLOFF,"rolloff at ~17237Hz but gentle (2.1dB/kHz) - could be an old master/analog source, not necessarily transcoded",44100,17237,22050,2.1
/home/adam/driveBig/Music/My Playlist/Diminished - R.E.M. - Up (25th Anniversary Edition).flac,GRADUAL_ROLLOFF,"rolloff at ~20640Hz but gentle (5.5dB/kHz) - could be an old master/analog source, not necessarily transcoded",44100,20640,22050,5.5
/home/adam/driveBig/Music/My Playlist/Denial - James Marriott - Are We There Yet.flac,GRADUAL_ROLLOFF,"rolloff at ~20150Hz but gentle (6.4dB/kHz) - could be an old master/analog source, not necessarily transcoded",44100,20150,22050,6.4
/home/adam/driveBig/Music/My Playlist/Departing The Body - Deftones - Private Music.flac,GRADUAL_ROLLOFF,"rolloff at ~18874Hz but gentle (3.4dB/kHz) - could be an old master/analog source, not necessarily transcoded",44100,18874,22050,3.4
/home/adam/driveBig/Music/My Playlist/Dilemma - Green Day.flac,GRADUAL_ROLLOFF,"rolloff at ~18023Hz but gentle (1.5dB/kHz) - could be an old master/analog source, not necessarily transcoded",44100,18023,22050,1.5
/home/adam/driveBig/Music/My Playlist/Dior - Joji - Piss in the Wind.flac,GRADUAL_ROLLOFF,"rolloff at ~16613Hz but gentle (5.5dB/kHz) - could be an old master/analog source, not necessarily transcoded",44100,16613,22050,5.5
/home/adam/driveBig/Music/My Playlist/Dirty Little Secret - The All-American Rejects - Move Along.flac,GRADUAL_ROLLOFF,"rolloff at ~18955Hz but gentle (2.2dB/kHz) - could be an old master/analog source, not necessarily transcoded",44100,18955,22050,2.2
/home/adam/driveBig/Music/My Playlist/Dirty Paws - Of Monsters and Men - My Head is an Animal.flac,GRADUAL_ROLLOFF,"rolloff at ~19595Hz but gentle (0.8dB/kHz) - could be an old master/analog source, not necessarily transcoded",44100,19595,22050,0.8
/home/adam/driveBig/Music/My Playlist/Do Me A Favour - Arctic Monkeys - Favourite Worst Nightmare.flac,GRADUAL_ROLLOFF,"rolloff at ~15741Hz but gentle (2.4dB/kHz) - could be an old master/analog source, not necessarily transcoded",44100,15741,22050,2.4
/home/adam/driveBig/Music/My Playlist/Do Not Wait - Wallows - Nothing Happens.flac,GRADUAL_ROLLOFF,"rolloff at ~19358Hz but gentle (2.2dB/kHz) - could be an old master/analog source, not necessarily transcoded",44100,19358,22050,2.2
/home/adam/driveBig/Music/My Playlist/Do You Believe in Love - Huey Lewis & The News - Greatest Hits.flac,GRADUAL_ROLLOFF,"rolloff at ~20580Hz but gentle (6.7dB/kHz) - could be an old master/analog source, not necessarily transcoded",44100,20580,22050,6.7
/home/adam/driveBig/Music/My Playlist/Do You Love Me - The Struts - Strange Days.flac,GRADUAL_ROLLOFF,"rolloff at ~19121Hz but gentle (3.0dB/kHz) - could be an old master/analog source, not necessarily transcoded",44100,19121,22050,3
/home/adam/driveBig/Music/My Playlist/Do You Wanna Touch Me (Oh Yeah) - Joan Jett and the Blackhearts - Fit to Be Tied - Great Hits by Joan Jett and the Blackhearts.flac,GRADUAL_ROLLOFF,"rolloff at ~16215Hz but gentle (1.4dB/kHz) - could be an old master/analog source, not necessarily transcoded",44100,16215,22050,1.4
/home/adam/driveBig/Music/My Playlist/Do You Wanna Touch Me (Oh Yeah!) - Joan Jett - Bad Reputation.flac,GRADUAL_ROLLOFF,"rolloff at ~20139Hz but gentle (7.8dB/kHz) - could be an old master/analog source, not necessarily transcoded",44100,20139,22050,7.8
/home/adam/driveBig/Music/My Playlist/Dog - The Strumbellas - Hope.flac,GRADUAL_ROLLOFF,"rolloff at ~19154Hz but gentle (2.7dB/kHz) - could be an old master/analog source, not necessarily transcoded",44100,19154,22050,2.7
/home/adam/driveBig/Music/My Playlist/Doin' it Right - Daft Punk - Random Access Memories.flac,GRADUAL_ROLLOFF,"rolloff at ~18190Hz but gentle (-0.2dB/kHz) - could be an old master/analog source, not necessarily transcoded",44100,18190,22050,-0.2
/home/adam/driveBig/Music/My Playlist/Do You Want To - Franz Ferdinand - You Could Have It So Much Better.flac,GRADUAL_ROLLOFF,"rolloff at ~18987Hz but gentle (1.1dB/kHz) - could be an old master/analog source, not necessarily transcoded",44100,18987,22050,1.1
/home/adam/driveBig/Music/My Playlist/Don't Panic - Coldplay - Parachutes.flac,GRADUAL_ROLLOFF,"rolloff at ~20333Hz but gentle (2.8dB/kHz) - could be an old master/analog source, not necessarily transcoded",44100,20333,22050,2.8
/home/adam/driveBig/Music/My Playlist/Don't Stop Believin' - Journey - The Essential Journey.flac,GRADUAL_ROLLOFF,"rolloff at ~18120Hz but gentle (1.8dB/kHz) - could be an old master/analog source, not necessarily transcoded",44100,18120,22050,1.8
/home/adam/driveBig/Music/My Playlist/DON'T PLAY - Turnstile - GLOW ON.flac,GRADUAL_ROLLOFF,"rolloff at ~20500Hz but gentle (8.3dB/kHz) - could be an old master/analog source, not necessarily transcoded",44100,20500,22050,8.3
/home/adam/driveBig/Music/My Playlist/Don't Stop Me Now - Queen - Jazz (Deluxe Edition 2011 Remaster).flac,GRADUAL_ROLLOFF,"rolloff at ~16322Hz but gentle (0.7dB/kHz) - could be an old master/analog source, not necessarily transcoded",44100,16322,22050,0.7
/home/adam/driveBig/Music/My Playlist/Don't Tell Me No - Bread - Guitar Man.flac,GRADUAL_ROLLOFF,"rolloff at ~17135Hz but gentle (2.0dB/kHz) - could be an old master/analog source, not necessarily transcoded",44100,17135,22050,2
/home/adam/driveBig/Music/My Playlist/Don't Throw Out My Legos - AJR - Neotheater.flac,GRADUAL_ROLLOFF,"rolloff at ~20537Hz but gentle (11.1dB/kHz) - could be an old master/analog source, not necessarily transcoded",44100,20537,22050,11.1
/home/adam/driveBig/Music/My Playlist/Don't Threaten Me With a Good Time - Panic! At The Disco - Death of a Bachelor.flac,GRADUAL_ROLLOFF,"rolloff at ~19934Hz but gentle (2.8dB/kHz) - could be an old master/analog source, not necessarily transcoded",44100,19934,22050,2.8
/home/adam/driveBig/Music/My Playlist/Don't Wake Me - Skillet - Awake.flac,GRADUAL_ROLLOFF,"rolloff at ~18039Hz but gentle (1.8dB/kHz) - could be an old master/analog source, not necessarily transcoded",44100,18039,22050,1.8
/home/adam/driveBig/Music/My Playlist/don't touch! - Tai Verdes - HDTV.flac,GRADUAL_ROLLOFF,"rolloff at ~17813Hz but gentle (4.7dB/kHz) - could be an old master/analog source, not necessarily transcoded",44100,17813,22050,4.7
/home/adam/driveBig/Music/My Playlist/Don't Wanna Sleep - Måneskin - Rush!.flac,GRADUAL_ROLLOFF,"rolloff at ~15708Hz but gentle (4.9dB/kHz) - could be an old master/analog source, not necessarily transcoded",44100,15708,22050,4.9
/home/adam/driveBig/Music/My Playlist/Don`t Say You Love Me - Free - Fire And Water.flac,GRADUAL_ROLLOFF,"rolloff at ~11418Hz but gentle (3.9dB/kHz) - could be an old master/analog source, not necessarily transcoded",44100,11418,22050,3.9
/home/adam/driveBig/Music/My Playlist/Dont Cross the River - America - Homecoming.flac,GRADUAL_ROLLOFF,"rolloff at ~16414Hz but gentle (3.0dB/kHz) - could be an old master/analog source, not necessarily transcoded",44100,16414,22050,3
/home/adam/driveBig/Music/My Playlist/Dont Cry - Guns N' Roses - Greatest Hits.flac,GRADUAL_ROLLOFF,"rolloff at ~16930Hz but gentle (2.0dB/kHz) - could be an old master/analog source, not necessarily transcoded",44100,16930,22050,2
/home/adam/driveBig/Music/My Playlist/Don’t Stop the Bleeding - Kings of Leon - Can We Please Have Fun.flac,GRADUAL_ROLLOFF,"rolloff at ~17964Hz but gentle (1.1dB/kHz) - could be an old master/analog source, not necessarily transcoded",44100,17964,22050,1.1
/home/adam/driveBig/Music/My Playlist/Don’t Stop Dancing - Creed - Weathered.flac,GRADUAL_ROLLOFF,"rolloff at ~16451Hz but gentle (2.9dB/kHz) - could be an old master/analog source, not necessarily transcoded",44100,16451,22050,2.9
/home/adam/driveBig/Music/My Playlist/Dosed - Red Hot Chili Peppers - By the Way.flac,GRADUAL_ROLLOFF,"rolloff at ~20920Hz but gentle (8.2dB/kHz) - could be an old master/analog source, not necessarily transcoded",44100,20920,22050,8.2
/home/adam/driveBig/Music/My Playlist/Dopamine - Barns Courtney - Hard to Be Alone.flac,GRADUAL_ROLLOFF,"rolloff at ~15687Hz but gentle (4.6dB/kHz) - could be an old master/analog source, not necessarily transcoded",44100,15687,22050,4.6
/home/adam/driveBig/Music/My Playlist/Double Life - Pharrell Williams.flac,GRADUAL_ROLLOFF,"rolloff at ~17049Hz but gentle (2.0dB/kHz) - could be an old master/analog source, not necessarily transcoded",44100,17049,22050,2
/home/adam/driveBig/Music/My Playlist/Doubt - Twenty One Pilots - Blurryface.flac,GRADUAL_ROLLOFF,"rolloff at ~20279Hz but gentle (2.4dB/kHz) - could be an old master/analog source, not necessarily transcoded",44100,20279,22050,2.4
/home/adam/driveBig/Music/My Playlist/Doused - DIIV - Oshin.flac,GRADUAL_ROLLOFF,"rolloff at ~15665Hz but gentle (8.4dB/kHz) - could be an old master/analog source, not necessarily transcoded",44100,15665,22050,8.4
/home/adam/driveBig/Music/My Playlist/Down - Blink-182 - Blink-182.flac,GRADUAL_ROLLOFF,"rolloff at ~15332Hz but gentle (1.9dB/kHz) - could be an old master/analog source, not necessarily transcoded",44100,15332,22050,1.9
/home/adam/driveBig/Music/My Playlist/Down on the Corner - Creedence Clearwater Revival - Platinum.flac,GRADUAL_ROLLOFF,"rolloff at ~20801Hz but gentle (7.2dB/kHz) - could be an old master/analog source, not necessarily transcoded",44100,20801,22050,7.2
/home/adam/driveBig/Music/My Playlist/Down to the Waterline - Dire Straits - Dire Straits.flac,GRADUAL_ROLLOFF,"rolloff at ~16925Hz but gentle (2.0dB/kHz) - could be an old master/analog source, not necessarily transcoded",44100,16925,22050,2
/home/adam/driveBig/Music/My Playlist/Down Poison - 3 Doors Down - The Better Life.flac,GRADUAL_ROLLOFF,"rolloff at ~20597Hz but gentle (8.7dB/kHz) - could be an old master/analog source, not necessarily transcoded",44100,20597,22050,8.7
/home/adam/driveBig/Music/My Playlist/Downstairs - Twenty One Pilots - Breach.flac,GRADUAL_ROLLOFF,"rolloff at ~18820Hz but gentle (3.0dB/kHz) - could be an old master/analog source, not necessarily transcoded",44100,18820,22050,3
/home/adam/driveBig/Music/My Playlist/Drain You - Nirvana - Nevermind.flac,GRADUAL_ROLLOFF,"rolloff at ~17840Hz but gentle (2.6dB/kHz) - could be an old master/analog source, not necessarily transcoded",44100,17840,22050,2.6
/home/adam/driveBig/Music/My Playlist/Downstream - Supertramp - Even In The Quietest Moments.flac,GRADUAL_ROLLOFF,"rolloff at ~15778Hz but gentle (2.4dB/kHz) - could be an old master/analog source, not necessarily transcoded",44100,15778,22050,2.4
/home/adam/driveBig/Music/My Playlist/Dream Girl in Shibuya - Hayley Williams - Ego Death at a Bachelorette Party.flac,GRADUAL_ROLLOFF,"rolloff at ~19601Hz but gentle (1.4dB/kHz) - could be an old master/analog source, not necessarily transcoded",44100,19601,22050,1.4
/home/adam/driveBig/Music/My Playlist/Drama - AJR - The Click.flac,GRADUAL_ROLLOFF,"rolloff at ~20925Hz but gentle (11.7dB/kHz) - could be an old master/analog source, not necessarily transcoded",44100,20925,22050,11.7
/home/adam/driveBig/Music/My Playlist/Dream Baby - Roy Orbison - The Very Best Of.flac,GRADUAL_ROLLOFF,"rolloff at ~20263Hz but gentle (9.9dB/kHz) - could be an old master/analog source, not necessarily transcoded",44100,20263,22050,9.9
/home/adam/driveBig/Music/My Playlist/Dream On - Aerosmith - Aerosmith.flac,GRADUAL_ROLLOFF,"rolloff at ~15472Hz but gentle (2.7dB/kHz) - could be an old master/analog source, not necessarily transcoded",44100,15472,22050,2.7
/home/adam/driveBig/Music/My Playlist/Dream Team - Of Monsters and Men.flac,GRADUAL_ROLLOFF,"rolloff at ~19488Hz but gentle (4.1dB/kHz) - could be an old master/analog source, not necessarily transcoded",44100,19488,22050,4.1
/home/adam/driveBig/Music/My Playlist/Dreaming My Dreams - The Cranberries - No Need to Argue.flac,GRADUAL_ROLLOFF,"rolloff at ~20516Hz but gentle (1.3dB/kHz) - could be an old master/analog source, not necessarily transcoded",44100,20516,22050,1.3
/home/adam/driveBig/Music/My Playlist/Dreamin' Wild - Surf Curse - Buds.flac,GRADUAL_ROLLOFF,"rolloff at ~18513Hz but gentle (0.6dB/kHz) - could be an old master/analog source, not necessarily transcoded",44100,18513,22050,0.6
/home/adam/driveBig/Music/My Playlist/Dream Palette - Yves Tumor - Heaven to a Tortured Mind.flac,GRADUAL_ROLLOFF,"rolloff at ~19240Hz but gentle (1.7dB/kHz) - could be an old master/analog source, not necessarily transcoded",44100,19240,22050,1.7
/home/adam/driveBig/Music/My Playlist/Dream Team - Of Monsters and Men - All is Love and Pain in the Mouse Parade.flac,GRADUAL_ROLLOFF,"rolloff at ~19488Hz but gentle (4.1dB/kHz) - could be an old master/analog source, not necessarily transcoded",44100,19488,22050,4.1
/home/adam/driveBig/Music/My Playlist/Dreaming - Blondie - The Best of Blondie.flac,GRADUAL_ROLLOFF,"rolloff at ~17000Hz but gentle (3.8dB/kHz) - could be an old master/analog source, not necessarily transcoded",44100,17000,22050,3.8
/home/adam/driveBig/Music/My Playlist/Dreams - Fleetwood Mac - Rumours (Super Deluxe).flac,GRADUAL_ROLLOFF,"rolloff at ~19283Hz but gentle (4.5dB/kHz) - could be an old master/analog source, not necessarily transcoded",44100,19283,22050,4.5
/home/adam/driveBig/Music/My Playlist/Dreams - NF - Perception.flac,GRADUAL_ROLLOFF,"rolloff at ~18508Hz but gentle (1.4dB/kHz) - could be an old master/analog source, not necessarily transcoded",44100,18508,22050,1.4
"/home/adam/driveBig/Music/My Playlist/Dreams - The Cranberries - Everybody Else Is Doing It, So Why Can’t We.flac",GRADUAL_ROLLOFF,"rolloff at ~19224Hz but gentle (2.5dB/kHz) - could be an old master/analog source, not necessarily transcoded",44100,19224,22050,2.5
/home/adam/driveBig/Music/My Playlist/Drive - Incubus - Make Yourself.flac,GRADUAL_ROLLOFF,"rolloff at ~20968Hz but gentle (8.8dB/kHz) - could be an old master/analog source, not necessarily transcoded",44100,20968,22050,8.8
/home/adam/driveBig/Music/My Playlist/Dreams Of A Samurai - Red Hot Chili Peppers - The Getaway.flac,GRADUAL_ROLLOFF,"rolloff at ~19714Hz but gentle (2.1dB/kHz) - could be an old master/analog source, not necessarily transcoded",44100,19714,22050,2.1
/home/adam/driveBig/Music/My Playlist/Dried Flowers - Ado - Ado's Utattemita Album.flac,GRADUAL_ROLLOFF,"rolloff at ~18196Hz but gentle (2.0dB/kHz) - could be an old master/analog source, not necessarily transcoded",44100,18196,22050,2
/home/adam/driveBig/Music/My Playlist/Drive Safe - Rich Brian - The Sailor.flac,GRADUAL_ROLLOFF,"rolloff at ~19773Hz but gentle (9.0dB/kHz) - could be an old master/analog source, not necessarily transcoded",44100,19773,22050,9
/home/adam/driveBig/Music/My Playlist/Drown - Bernth.flac,GRADUAL_ROLLOFF,"rolloff at ~18502Hz but gentle (0.6dB/kHz) - could be an old master/analog source, not necessarily transcoded",44100,18502,22050,0.6
/home/adam/driveBig/Music/My Playlist/Drunk Drivers - Killer Whales - Car Seat Headrest - Teens Of Denial.flac,GRADUAL_ROLLOFF,"rolloff at ~20274Hz but gentle (3.0dB/kHz) - could be an old master/analog source, not necessarily transcoded",44100,20274,22050,3
/home/adam/driveBig/Music/My Playlist/Drop Dead - grandson - Death of an Optimist.flac,GRADUAL_ROLLOFF,"rolloff at ~21043Hz but gentle (12.0dB/kHz) - could be an old master/analog source, not necessarily transcoded",44100,21043,22050,12
/home/adam/driveBig/Music/My Playlist/Drunk Walk Home - Mitski - bury me at makeout creek.flac,GRADUAL_ROLLOFF,"rolloff at ~15305Hz but gentle (2.7dB/kHz) - could be an old master/analog source, not necessarily transcoded",44100,15305,22050,2.7
/home/adam/driveBig/Music/My Playlist/Dum Surfer - King Krule - The Ooz.flac,GRADUAL_ROLLOFF,"rolloff at ~18486Hz but gentle (3.4dB/kHz) - could be an old master/analog source, not necessarily transcoded",44100,18486,22050,3.4
/home/adam/driveBig/Music/My Playlist/Dumb - Nirvana - In Utero.flac,GRADUAL_ROLLOFF,"rolloff at ~15326Hz but gentle (3.6dB/kHz) - could be an old master/analog source, not necessarily transcoded",44100,15326,22050,3.6
/home/adam/driveBig/Music/My Playlist/Dumb Day - Goodshirt - Fiji Baby.flac,GRADUAL_ROLLOFF,"rolloff at ~16656Hz but gentle (0.4dB/kHz) - could be an old master/analog source, not necessarily transcoded",44100,16656,22050,0.4
/home/adam/driveBig/Music/My Playlist/Dust Bowl Dance - Mumford & Sons - Sigh No More.flac,GRADUAL_ROLLOFF,"rolloff at ~17679Hz but gentle (2.5dB/kHz) - could be an old master/analog source, not necessarily transcoded",44100,17679,22050,2.5
/home/adam/driveBig/Music/My Playlist/DYKILY - Joji - Piss in the Wind.flac,GRADUAL_ROLLOFF,"rolloff at ~19617Hz but gentle (2.1dB/kHz) - could be an old master/analog source, not necessarily transcoded",44100,19617,22050,2.1
/home/adam/driveBig/Music/My Playlist/Dying In The Sun - The Cranberries - Bury The Hatchet.flac,GRADUAL_ROLLOFF,"rolloff at ~16575Hz but gentle (3.6dB/kHz) - could be an old master/analog source, not necessarily transcoded",44100,16575,22050,3.6
/home/adam/driveBig/Music/My Playlist/Earthboy - DIIV - Oshin.flac,GRADUAL_ROLLOFF,"rolloff at ~16015Hz but gentle (10.2dB/kHz) - could be an old master/analog source, not necessarily transcoded",44100,16015,22050,10.2
/home/adam/driveBig/Music/My Playlist/Earlybird - Eagles - Eagles.flac,GRADUAL_ROLLOFF,"rolloff at ~20543Hz but gentle (7.2dB/kHz) - could be an old master/analog source, not necessarily transcoded",44100,20543,22050,7.2
/home/adam/driveBig/Music/My Playlist/Ease Me On - Kings of Leon - Can We Please Have Fun.flac,GRADUAL_ROLLOFF,"rolloff at ~18486Hz but gentle (2.1dB/kHz) - could be an old master/analog source, not necessarily transcoded",44100,18486,22050,2.1
/home/adam/driveBig/Music/My Playlist/Easy Easy - King Krule - 6 Feet Beneath the Moon.flac,GRADUAL_ROLLOFF,"rolloff at ~20640Hz but gentle (4.8dB/kHz) - could be an old master/analog source, not necessarily transcoded",44100,20640,22050,4.8
/home/adam/driveBig/Music/My Playlist/Easier to Run - Linkin Park - Meteora.flac,GRADUAL_ROLLOFF,"rolloff at ~16925Hz but gentle (1.0dB/kHz) - could be an old master/analog source, not necessarily transcoded",44100,16925,22050,1
/home/adam/driveBig/Music/My Playlist/Easy Target - Blink-182 - Blink-182.flac,GRADUAL_ROLLOFF,"rolloff at ~17399Hz but gentle (2.0dB/kHz) - could be an old master/analog source, not necessarily transcoded",44100,17399,22050,2
/home/adam/driveBig/Music/My Playlist/Easy Tiger - Portugal. The Man - Woodstock.flac,GRADUAL_ROLLOFF,"rolloff at ~20101Hz but gentle (7.1dB/kHz) - could be an old master/analog source, not necessarily transcoded",44100,20101,22050,7.1
/home/adam/driveBig/Music/My Playlist/Ecdysis - Deftones - Private Music.flac,GRADUAL_ROLLOFF,"rolloff at ~19741Hz but gentle (6.5dB/kHz) - could be an old master/analog source, not necessarily transcoded",44100,19741,22050,6.5
/home/adam/driveBig/Music/My Playlist/Echo - Incubus - Morning View.flac,GRADUAL_ROLLOFF,"rolloff at ~19907Hz but gentle (2.9dB/kHz) - could be an old master/analog source, not necessarily transcoded",44100,19907,22050,2.9
/home/adam/driveBig/Music/My Playlist/Easily - Red Hot Chili Peppers - Californication.flac,GRADUAL_ROLLOFF,"rolloff at ~19186Hz but gentle (3.2dB/kHz) - could be an old master/analog source, not necessarily transcoded",44100,19186,22050,3.2
/home/adam/driveBig/Music/My Playlist/Edge of Seventeen - Stevie Nicks - Bella Donna (2016 Remastered).flac,GRADUAL_ROLLOFF,"rolloff at ~20500Hz but gentle (1.1dB/kHz) - could be an old master/analog source, not necessarily transcoded",44100,20500,22050,1.1
/home/adam/driveBig/Music/My Playlist/edamame - bbno$.flac,GRADUAL_ROLLOFF,"rolloff at ~19708Hz but gentle (2.9dB/kHz) - could be an old master/analog source, not necessarily transcoded",44100,19708,22050,2.9
/home/adam/driveBig/Music/My Playlist/Edging - Blink-182 - One More Time... Part-2.flac,GRADUAL_ROLLOFF,"rolloff at ~16607Hz but gentle (1.8dB/kHz) - could be an old master/analog source, not necessarily transcoded",44100,16607,22050,1.8
/home/adam/driveBig/Music/My Playlist/Desperate Andy - The Cranberries - Bury The Hatchet.flac,GRADUAL_ROLLOFF,"rolloff at ~20898Hz but gentle (10.2dB/kHz) - could be an old master/analog source, not necessarily transcoded",44100,20898,22050,10.2
/home/adam/driveBig/Music/My Playlist/Deep - Pearl Jam - Ten.flac,GRADUAL_ROLLOFF,"rolloff at ~18998Hz but gentle (2.5dB/kHz) - could be an old master/analog source, not necessarily transcoded",44100,18998,22050,2.5
/home/adam/driveBig/Music/My Playlist/Dilemma - Green Day - Saviors.flac,GRADUAL_ROLLOFF,"rolloff at ~17065Hz but gentle (1.6dB/kHz) - could be an old master/analog source, not necessarily transcoded",44100,17065,22050,1.6
/home/adam/driveBig/Music/My Playlist/Disappearing Man - Hayley Williams - Ego Death at a Bachelorette Party.flac,GRADUAL_ROLLOFF,"rolloff at ~20467Hz but gentle (5.2dB/kHz) - could be an old master/analog source, not necessarily transcoded",44100,20467,22050,5.2
/home/adam/driveBig/Music/My Playlist/Don’t Stay - Linkin Park - Meteora.flac,GRADUAL_ROLLOFF,"rolloff at ~18341Hz but gentle (1.1dB/kHz) - could be an old master/analog source, not necessarily transcoded",44100,18341,22050,1.1
/home/adam/driveBig/Music/My Playlist/Do It Better - The Blah Blah Blahs.flac,GRADUAL_ROLLOFF,"rolloff at ~20268Hz but gentle (4.2dB/kHz) - could be an old master/analog source, not necessarily transcoded",44100,20268,22050,4.2
/home/adam/driveBig/Music/My Playlist/Down in the Valley - The Head and the Heart - The Head and the Heart.flac,GRADUAL_ROLLOFF,"rolloff at ~17367Hz but gentle (0.2dB/kHz) - could be an old master/analog source, not necessarily transcoded",44100,17367,22050,0.2
/home/adam/driveBig/Music/My Playlist/Ego Death at a Bachelorette Party - Hayley Williams.flac,GRADUAL_ROLLOFF,"rolloff at ~21156Hz but gentle (9.4dB/kHz) - could be an old master/analog source, not necessarily transcoded",44100,21156,22050,9.4
/home/adam/driveBig/Music/My Playlist/Earthquake Weather - Beck - Guero.flac,GRADUAL_ROLLOFF,"rolloff at ~14621Hz but gentle (1.9dB/kHz) - could be an old master/analog source, not necessarily transcoded",44100,14621,22050,1.9
/home/adam/driveBig/Music/My Playlist/Electioneering - Radiohead - OK Computer.flac,GRADUAL_ROLLOFF,"rolloff at ~20580Hz but gentle (6.3dB/kHz) - could be an old master/analog source, not necessarily transcoded",44100,20580,22050,6.3
/home/adam/driveBig/Music/My Playlist/Eleanor Rigby - The Beatles - Revolver (Remastered).flac,GRADUAL_ROLLOFF,"rolloff at ~14314Hz but gentle (2.8dB/kHz) - could be an old master/analog source, not necessarily transcoded",44100,14314,22050,2.8
/home/adam/driveBig/Music/My Playlist/Electric Barbarella (Radio Edit) - Duran Duran - Greatest.flac,GRADUAL_ROLLOFF,"rolloff at ~21103Hz but gentle (7.3dB/kHz) - could be an old master/analog source, not necessarily transcoded",44100,21103,22050,7.3
/home/adam/driveBig/Music/My Playlist/Electric Funeral - Black Sabbath - Paranoid (2012 Remaster).flac,GRADUAL_ROLLOFF,"rolloff at ~16338Hz but gentle (2.3dB/kHz) - could be an old master/analog source, not necessarily transcoded",44100,16338,22050,2.3
/home/adam/driveBig/Music/My Playlist/Electric Love - BØRNS - Candy.flac,GRADUAL_ROLLOFF,"rolloff at ~17453Hz but gentle (4.4dB/kHz) - could be an old master/analog source, not necessarily transcoded",44100,17453,22050,4.4
/home/adam/driveBig/Music/My Playlist/Electric Love - BØRNS - Dopamine (Target Exclusive Deluxe Edition).flac,GRADUAL_ROLLOFF,"rolloff at ~19907Hz but gentle (7.8dB/kHz) - could be an old master/analog source, not necessarily transcoded",44100,19907,22050,7.8
/home/adam/driveBig/Music/My Playlist/Electrical - Tai Verdes - HDTV.flac,GRADUAL_ROLLOFF,"rolloff at ~20101Hz but gentle (9.1dB/kHz) - could be an old master/analog source, not necessarily transcoded",44100,20101,22050,9.1
"/home/adam/driveBig/Music/My Playlist/Elevate Me Later - Pavement - Crooked Rain, Crooked Rain.flac",GRADUAL_ROLLOFF,"rolloff at ~20123Hz but gentle (7.8dB/kHz) - could be an old master/analog source, not necessarily transcoded",44100,20123,22050,7.8
/home/adam/driveBig/Music/My Playlist/Elouise - The Lumineers - The Lumineers.flac,GRADUAL_ROLLOFF,"rolloff at ~13561Hz but gentle (1.1dB/kHz) - could be an old master/analog source, not necessarily transcoded",44100,13561,22050,1.1
/home/adam/driveBig/Music/My Playlist/Elephants - Them Crooked Vultures - Them Crooked Vultures.flac,GRADUAL_ROLLOFF,"rolloff at ~17969Hz but gentle (2.7dB/kHz) - could be an old master/analog source, not necessarily transcoded",44100,17969,22050,2.7
/home/adam/driveBig/Music/My Playlist/Emergency Blimp - King Krule - The Ooz.flac,GRADUAL_ROLLOFF,"rolloff at ~19827Hz but gentle (3.1dB/kHz) - could be an old master/analog source, not necessarily transcoded",44100,19827,22050,3.1
/home/adam/driveBig/Music/My Playlist/Embryonic Journey - Jefferson Airplane - Surrealistic Pillow.flac,GRADUAL_ROLLOFF,"rolloff at ~12979Hz but gentle (4.5dB/kHz) - could be an old master/analog source, not necessarily transcoded",44100,12979,22050,4.5
/home/adam/driveBig/Music/My Playlist/Elite - Deftones - White Pony.flac,GRADUAL_ROLLOFF,"rolloff at ~19439Hz but gentle (2.1dB/kHz) - could be an old master/analog source, not necessarily transcoded",44100,19439,22050,2.1
/home/adam/driveBig/Music/My Playlist/Emenius Sleepus - Green Day - Dookie.flac,GRADUAL_ROLLOFF,"rolloff at ~18524Hz but gentle (3.1dB/kHz) - could be an old master/analog source, not necessarily transcoded",44100,18524,22050,3.1
/home/adam/driveBig/Music/My Playlist/Emergency Exit - Beck - Guero.flac,GRADUAL_ROLLOFF,"rolloff at ~16441Hz but gentle (3.8dB/kHz) - could be an old master/analog source, not necessarily transcoded",44100,16441,22050,3.8
/home/adam/driveBig/Music/My Playlist/Emotionless - Good Charlotte - The Young and the Hopeless.flac,GRADUAL_ROLLOFF,"rolloff at ~15768Hz but gentle (2.4dB/kHz) - could be an old master/analog source, not necessarily transcoded",44100,15768,22050,2.4
/home/adam/driveBig/Music/My Playlist/Emit Remmus - Red Hot Chili Peppers - Californication.flac,GRADUAL_ROLLOFF,"rolloff at ~15956Hz but gentle (2.4dB/kHz) - could be an old master/analog source, not necessarily transcoded",44100,15956,22050,2.4
/home/adam/driveBig/Music/My Playlist/Empire - Of Monsters and Men - Beneath The Skin (Deluxe).flac,GRADUAL_ROLLOFF,"rolloff at ~15154Hz but gentle (3.7dB/kHz) - could be an old master/analog source, not necessarily transcoded",44100,15154,22050,3.7
/home/adam/driveBig/Music/My Playlist/Emperor's New Clothes - Panic! At The Disco - Death of a Bachelor.flac,GRADUAL_ROLLOFF,"rolloff at ~19703Hz but gentle (4.2dB/kHz) - could be an old master/analog source, not necessarily transcoded",44100,19703,22050,4.2
/home/adam/driveBig/Music/My Playlist/Empty Apartment - Yellowcard - Ocean Avenue.flac,GRADUAL_ROLLOFF,"rolloff at ~19644Hz but gentle (2.3dB/kHz) - could be an old master/analog source, not necessarily transcoded",44100,19644,22050,2.3
/home/adam/driveBig/Music/My Playlist/Empty - The Cranberries - No Need to Argue.flac,GRADUAL_ROLLOFF,"rolloff at ~15757Hz but gentle (0.7dB/kHz) - could be an old master/analog source, not necessarily transcoded",44100,15757,22050,0.7
/home/adam/driveBig/Music/My Playlist/Enemies - Rich Brian - Amen.flac,GRADUAL_ROLLOFF,"rolloff at ~18389Hz but gentle (1.8dB/kHz) - could be an old master/analog source, not necessarily transcoded",44100,18389,22050,1.8
/home/adam/driveBig/Music/My Playlist/End of the Movie - CAKE - Pressure Chief.flac,GRADUAL_ROLLOFF,"rolloff at ~16866Hz but gentle (3.1dB/kHz) - could be an old master/analog source, not necessarily transcoded",44100,16866,22050,3.1
/home/adam/driveBig/Music/My Playlist/Encore - Red Hot Chili Peppers - The Getaway.flac,GRADUAL_ROLLOFF,"rolloff at ~15832Hz but gentle (2.3dB/kHz) - could be an old master/analog source, not necessarily transcoded",44100,15832,22050,2.3
/home/adam/driveBig/Music/My Playlist/End of a Century - Blur - The Best Of.flac,GRADUAL_ROLLOFF,"rolloff at ~15671Hz but gentle (0.3dB/kHz) - could be an old master/analog source, not necessarily transcoded",44100,15671,22050,0.3
/home/adam/driveBig/Music/My Playlist/Eon Blue Apocalypse - Tool - Lateralus.flac,GRADUAL_ROLLOFF,"rolloff at ~17108Hz but gentle (0.3dB/kHz) - could be an old master/analog source, not necessarily transcoded",44100,17108,22050,0.3
/home/adam/driveBig/Music/My Playlist/Enigma - BoyWithUke - BoyWithUke - B Sides.flac,GRADUAL_ROLLOFF,"rolloff at ~14260Hz but gentle (3.4dB/kHz) - could be an old master/analog source, not necessarily transcoded",44100,14260,22050,3.4
/home/adam/driveBig/Music/My Playlist/English Summer Rain - Placebo - Sleeping With Ghosts.flac,GRADUAL_ROLLOFF,"rolloff at ~21103Hz but gentle (9.2dB/kHz) - could be an old master/analog source, not necessarily transcoded",44100,21103,22050,9.2
/home/adam/driveBig/Music/My Playlist/Enough Space - Foo Fighters - The Colour And The Shape.flac,GRADUAL_ROLLOFF,"rolloff at ~20683Hz but gentle (9.6dB/kHz) - could be an old master/analog source, not necessarily transcoded",44100,20683,22050,9.6
/home/adam/driveBig/Music/My Playlist/Epitaph (including March for No Reason and Tomorrow and Tomorrow) - King Crimson - In the Court of the Crimson King.flac,GRADUAL_ROLLOFF,"rolloff at ~18599Hz but gentle (2.0dB/kHz) - could be an old master/analog source, not necessarily transcoded",44100,18599,22050,2
/home/adam/driveBig/Music/My Playlist/Episode X - Ado.flac,GRADUAL_ROLLOFF,"rolloff at ~20037Hz but gentle (4.9dB/kHz) - could be an old master/analog source, not necessarily transcoded",44100,20037,22050,4.9
"/home/adam/driveBig/Music/My Playlist/Erase-Replace - Foo Fighters - Echoes, Silence, Patience & Grace.flac",GRADUAL_ROLLOFF,"rolloff at ~17576Hz but gentle (3.1dB/kHz) - could be an old master/analog source, not necessarily transcoded",44100,17576,22050,3.1
/home/adam/driveBig/Music/My Playlist/Escape (The Pina Colada Song) - Rupert Holmes - Partners In Crime.flac,GRADUAL_ROLLOFF,"rolloff at ~20645Hz but gentle (10.0dB/kHz) - could be an old master/analog source, not necessarily transcoded",44100,20645,22050,10
/home/adam/driveBig/Music/My Playlist/erosion - ivri - the theory of you.flac,GRADUAL_ROLLOFF,"rolloff at ~20575Hz but gentle (8.0dB/kHz) - could be an old master/analog source, not necessarily transcoded",44100,20575,22050,8
/home/adam/driveBig/Music/My Playlist/Escape - Kongos - Lunatic.flac,GRADUAL_ROLLOFF,"rolloff at ~13910Hz but gentle (1.6dB/kHz) - could be an old master/analog source, not necessarily transcoded",44100,13910,22050,1.6
/home/adam/driveBig/Music/My Playlist/Eternal Youth - RŮDE.flac,GRADUAL_ROLLOFF,"rolloff at ~19450Hz but gentle (2.0dB/kHz) - could be an old master/analog source, not necessarily transcoded",44100,19450,22050,2
/home/adam/driveBig/Music/My Playlist/Eternal Summer - The Strokes - The New Abnormal.flac,GRADUAL_ROLLOFF,"rolloff at ~12920Hz but gentle (0.8dB/kHz) - could be an old master/analog source, not necessarily transcoded",44100,12920,22050,0.8
/home/adam/driveBig/Music/My Playlist/Especially in Michigan - Red Hot Chili Peppers - Stadium Arcadium.flac,GRADUAL_ROLLOFF,"rolloff at ~20823Hz but gentle (8.5dB/kHz) - could be an old master/analog source, not necessarily transcoded",44100,20823,22050,8.5
/home/adam/driveBig/Music/My Playlist/Every Breath You Take - The Police - Synchronicity (2003 Remaster).flac,GRADUAL_ROLLOFF,"rolloff at ~20467Hz but gentle (8.3dB/kHz) - could be an old master/analog source, not necessarily transcoded",44100,20467,22050,8.3
/home/adam/driveBig/Music/My Playlist/Even In The Quietest Moments - Supertramp.flac,GRADUAL_ROLLOFF,"rolloff at ~17420Hz but gentle (2.9dB/kHz) - could be an old master/analog source, not necessarily transcoded",44100,17420,22050,2.9
/home/adam/driveBig/Music/My Playlist/Eventually - Tame Impala - Currents.flac,GRADUAL_ROLLOFF,"rolloff at ~20683Hz but gentle (5.9dB/kHz) - could be an old master/analog source, not necessarily transcoded",44100,20683,22050,5.9
/home/adam/driveBig/Music/My Playlist/Everybody Hurts - R.E.M. - Automatic for the People.flac,GRADUAL_ROLLOFF,"rolloff at ~20564Hz but gentle (6.5dB/kHz) - could be an old master/analog source, not necessarily transcoded",44100,20564,22050,6.5
/home/adam/driveBig/Music/My Playlist/Every You Every Me - Placebo - Without You I'm Nothing.flac,GRADUAL_ROLLOFF,"rolloff at ~15638Hz but gentle (2.4dB/kHz) - could be an old master/analog source, not necessarily transcoded",44100,15638,22050,2.4
/home/adam/driveBig/Music/My Playlist/Every Other Weekend - Blink-182 - One More Time... Part-2.flac,GRADUAL_ROLLOFF,"rolloff at ~19741Hz but gentle (4.6dB/kHz) - could be an old master/analog source, not necessarily transcoded",44100,19741,22050,4.6
/home/adam/driveBig/Music/My Playlist/Everybody's Gonna Be Happy (bonus track) - Queens Of The Stone Age - Songs For The Deaf.flac,GRADUAL_ROLLOFF,"rolloff at ~20440Hz but gentle (4.9dB/kHz) - could be an old master/analog source, not necessarily transcoded",44100,20440,22050,4.9
/home/adam/driveBig/Music/My Playlist/Everyday People - Joan Jett and the Blackhearts - Fit to Be Tied - Great Hits by Joan Jett and the Blackhearts.flac,GRADUAL_ROLLOFF,"rolloff at ~19719Hz but gentle (4.4dB/kHz) - could be an old master/analog source, not necessarily transcoded",44100,19719,22050,4.4
/home/adam/driveBig/Music/My Playlist/Everyday - Goodshirt - Good.flac,GRADUAL_ROLLOFF,"rolloff at ~20247Hz but gentle (11.2dB/kHz) - could be an old master/analog source, not necessarily transcoded",44100,20247,22050,11.2
/home/adam/driveBig/Music/My Playlist/Everything I Said - The Cranberries - No Need to Argue.flac,GRADUAL_ROLLOFF,"rolloff at ~15423Hz but gentle (3.6dB/kHz) - could be an old master/analog source, not necessarily transcoded",44100,15423,22050,3.6
/home/adam/driveBig/Music/My Playlist/Everyone Everywhere - Blink-182 - One More Time... Part-2.flac,GRADUAL_ROLLOFF,"rolloff at ~18406Hz but gentle (2.9dB/kHz) - could be an old master/analog source, not necessarily transcoded",44100,18406,22050,2.9
/home/adam/driveBig/Music/My Playlist/Everything - THE ORAL CIGARETTES - FIXION.flac,GRADUAL_ROLLOFF,"rolloff at ~18745Hz but gentle (2.1dB/kHz) - could be an old master/analog source, not necessarily transcoded",44100,18745,22050,2.1
/home/adam/driveBig/Music/My Playlist/Everything Will Be Alright - The Killers - Hot Fuss.flac,GRADUAL_ROLLOFF,"rolloff at ~19536Hz but gentle (-0.7dB/kHz) - could be an old master/analog source, not necessarily transcoded",44100,19536,22050,-0.7
/home/adam/driveBig/Music/My Playlist/Evil Dildo - Placebo - Without You I'm Nothing.flac,GRADUAL_ROLLOFF,"rolloff at ~8064Hz but gentle (4.8dB/kHz) - could be an old master/analog source, not necessarily transcoded",44100,8064,22050,4.8
/home/adam/driveBig/Music/My Playlist/evil lair - ivri - the theory of you.flac,GRADUAL_ROLLOFF,"rolloff at ~20101Hz but gentle (1.9dB/kHz) - could be an old master/analog source, not necessarily transcoded",44100,20101,22050,1.9
/home/adam/driveBig/Music/My Playlist/Exit Music (For A Film) - Radiohead - OK Computer.flac,GRADUAL_ROLLOFF,"rolloff at ~18922Hz but gentle (1.4dB/kHz) - could be an old master/analog source, not necessarily transcoded",44100,18922,22050,1.4
/home/adam/driveBig/Music/My Playlist/Ew - Joji - Nectar.flac,GRADUAL_ROLLOFF,"rolloff at ~19622Hz but gentle (1.9dB/kHz) - could be an old master/analog source, not necessarily transcoded",44100,19622,22050,1.9
/home/adam/driveBig/Music/My Playlist/Exit Theory (Edit) - Pavement - Gold Soundz EP.flac,GRADUAL_ROLLOFF,"rolloff at ~20268Hz but gentle (3.7dB/kHz) - could be an old master/analog source, not necessarily transcoded",44100,20268,22050,3.7
/home/adam/driveBig/Music/My Playlist/Exo‐Politics - Muse - Black Holes and Revelations.flac,GRADUAL_ROLLOFF,"rolloff at ~20134Hz but gentle (3.7dB/kHz) - could be an old master/analog source, not necessarily transcoded",44100,20134,22050,3.7
/home/adam/driveBig/Music/My Playlist/Exploder - Audioslave - Audioslave.flac,GRADUAL_ROLLOFF,"rolloff at ~20909Hz but gentle (11.7dB/kHz) - could be an old master/analog source, not necessarily transcoded",44100,20909,22050,11.7
/home/adam/driveBig/Music/My Playlist/Fall - Goodshirt - Fiji Baby.flac,GRADUAL_ROLLOFF,"rolloff at ~9232Hz but gentle (4.0dB/kHz) - could be an old master/analog source, not necessarily transcoded",44100,9232,22050,4
/home/adam/driveBig/Music/My Playlist/Expecting - The White Stripes - White Blood Cells.flac,GRADUAL_ROLLOFF,"rolloff at ~16236Hz but gentle (4.7dB/kHz) - could be an old master/analog source, not necessarily transcoded",44100,16236,22050,4.7
/home/adam/driveBig/Music/My Playlist/Expresso Love - Dire Straits - Making Movies.flac,GRADUAL_ROLLOFF,"rolloff at ~15132Hz but gentle (2.0dB/kHz) - could be an old master/analog source, not necessarily transcoded",44100,15132,22050,2
"/home/adam/driveBig/Music/My Playlist/Eyes Blue Like the Atlantic, Pt. 2 - Sista Prod; Powfu; Alec Benjamin; Rxseboy.flac",GRADUAL_ROLLOFF,"rolloff at ~16446Hz but gentle (4.5dB/kHz) - could be an old master/analog source, not necessarily transcoded",44100,16446,22050,4.5
/home/adam/driveBig/Music/My Playlist/Falling - Roy Orbison - The Very Best Of.flac,GRADUAL_ROLLOFF,"rolloff at ~20376Hz but gentle (11.3dB/kHz) - could be an old master/analog source, not necessarily transcoded",44100,20376,22050,11.3
/home/adam/driveBig/Music/My Playlist/Fall Away - The Fray - How to Save a Life.flac,GRADUAL_ROLLOFF,"rolloff at ~20413Hz but gentle (4.7dB/kHz) - could be an old master/analog source, not necessarily transcoded",44100,20413,22050,4.7
/home/adam/driveBig/Music/My Playlist/Falling Inside the Black - Skillet - Comatose.flac,GRADUAL_ROLLOFF,"rolloff at ~19697Hz but gentle (2.0dB/kHz) - could be an old master/analog source, not necessarily transcoded",44100,19697,22050,2
/home/adam/driveBig/Music/My Playlist/Falls To Climb - R.E.M. - Up (25th Anniversary Edition).flac,GRADUAL_ROLLOFF,"rolloff at ~20828Hz but gentle (9.2dB/kHz) - could be an old master/analog source, not necessarily transcoded",44100,20828,22050,9.2
/home/adam/driveBig/Music/My Playlist/Famous Last Words - My Chemical Romance - The Black Parade.flac,GRADUAL_ROLLOFF,"rolloff at ~17743Hz but gentle (1.7dB/kHz) - could be an old master/analog source, not necessarily transcoded",44100,17743,22050,1.7
/home/adam/driveBig/Music/My Playlist/Family Man - Daryl Hall & John Oates - The Very Best of Daryl Hall & John Oates.flac,GRADUAL_ROLLOFF,"rolloff at ~20925Hz but gentle (8.5dB/kHz) - could be an old master/analog source, not necessarily transcoded",44100,20925,22050,8.5
/home/adam/driveBig/Music/My Playlist/Famous Prophets (Minds) - Car Seat Headrest - Twin Fantasy (Mirror To Mirror).flac,GRADUAL_ROLLOFF,"rolloff at ~15719Hz but gentle (1.9dB/kHz) - could be an old master/analog source, not necessarily transcoded",44100,15719,22050,1.9
/home/adam/driveBig/Music/My Playlist/Famous Prophets (Stars) - Car Seat Headrest - Twin Fantasy.flac,GRADUAL_ROLLOFF,"rolloff at ~20903Hz but gentle (9.9dB/kHz) - could be an old master/analog source, not necessarily transcoded",44100,20903,22050,9.9
/home/adam/driveBig/Music/My Playlist/Fancy Dancer - Bread - Guitar Man.flac,GRADUAL_ROLLOFF,"rolloff at ~15531Hz but gentle (3.3dB/kHz) - could be an old master/analog source, not necessarily transcoded",44100,15531,22050,3.3
/home/adam/driveBig/Music/My Playlist/Fans - Kings of Leon - Because of the Times.flac,GRADUAL_ROLLOFF,"rolloff at ~15106Hz but gentle (2.4dB/kHz) - could be an old master/analog source, not necessarily transcoded",44100,15106,22050,2.4
/home/adam/driveBig/Music/My Playlist/Fancy Sauce - Green Day - Saviors.flac,GRADUAL_ROLLOFF,"rolloff at ~15628Hz but gentle (1.0dB/kHz) - could be an old master/analog source, not necessarily transcoded",44100,15628,22050,1
/home/adam/driveBig/Music/My Playlist/Far Away - Red Vox - Realign.flac,GRADUAL_ROLLOFF,"rolloff at ~15224Hz but gentle (3.8dB/kHz) - could be an old master/analog source, not necessarily transcoded",44100,15224,22050,3.8
/home/adam/driveBig/Music/My Playlist/Far Away - Nickelback - All The Right Reasons.flac,GRADUAL_ROLLOFF,"rolloff at ~18056Hz but gentle (0.8dB/kHz) - could be an old master/analog source, not necessarily transcoded",44100,18056,22050,0.8
/home/adam/driveBig/Music/My Playlist/Farewell and Goodnight - Birdy - Birdy.flac,GRADUAL_ROLLOFF,"rolloff at ~20623Hz but gentle (0.7dB/kHz) - could be an old master/analog source, not necessarily transcoded",44100,20623,22050,0.7
/home/adam/driveBig/Music/My Playlist/Farewell - Bernth.flac,GRADUAL_ROLLOFF,"rolloff at ~20473Hz but gentle (5.2dB/kHz) - could be an old master/analog source, not necessarily transcoded",44100,20473,22050,5.2
/home/adam/driveBig/Music/My Playlist/Fast In My Car - Paramore - Paramore.flac,GRADUAL_ROLLOFF,"rolloff at ~19741Hz but gentle (2.5dB/kHz) - could be an old master/analog source, not necessarily transcoded",44100,19741,22050,2.5
/home/adam/driveBig/Music/My Playlist/Fat Lip - Sum 41 - All Killer No Filler.flac,GRADUAL_ROLLOFF,"rolloff at ~21038Hz but gentle (10.4dB/kHz) - could be an old master/analog source, not necessarily transcoded",44100,21038,22050,10.4
/home/adam/driveBig/Music/My Playlist/Fat Dance - Red Hot Chili Peppers - Californication.flac,GRADUAL_ROLLOFF,"rolloff at ~17873Hz but gentle (2.3dB/kHz) - could be an old master/analog source, not necessarily transcoded",44100,17873,22050,2.3
/home/adam/driveBig/Music/My Playlist/Father to a Son - Green Day - Saviors.flac,GRADUAL_ROLLOFF,"rolloff at ~16505Hz but gentle (1.5dB/kHz) - could be an old master/analog source, not necessarily transcoded",44100,16505,22050,1.5
/home/adam/driveBig/Music/My Playlist/Faust Arp - Radiohead - In Rainbows.flac,GRADUAL_ROLLOFF,"rolloff at ~20440Hz but gentle (10.2dB/kHz) - could be an old master/analog source, not necessarily transcoded",44100,20440,22050,10.2
/home/adam/driveBig/Music/My Playlist/Feasting On The Flowers - Red Hot Chili Peppers - The Getaway.flac,GRADUAL_ROLLOFF,"rolloff at ~20435Hz but gentle (5.3dB/kHz) - could be an old master/analog source, not necessarily transcoded",44100,20435,22050,5.3
/home/adam/driveBig/Music/My Playlist/Fear for Nobody - Måneskin - Il Ballo Della Vita.flac,GRADUAL_ROLLOFF,"rolloff at ~16995Hz but gentle (2.9dB/kHz) - could be an old master/analog source, not necessarily transcoded",44100,16995,22050,2.9
/home/adam/driveBig/Music/My Playlist/Fault Lines - Daniel Champagne.flac,GRADUAL_ROLLOFF,"rolloff at ~16591Hz but gentle (1.7dB/kHz) - could be an old master/analog source, not necessarily transcoded",44100,16591,22050,1.7
/home/adam/driveBig/Music/My Playlist/Feather on the Clyde - Passenger - All the Little Lights.flac,GRADUAL_ROLLOFF,"rolloff at ~19972Hz but gentle (1.6dB/kHz) - could be an old master/analog source, not necessarily transcoded",44100,19972,22050,1.6
/home/adam/driveBig/Music/My Playlist/February Stars - Foo Fighters - The Colour And The Shape.flac,GRADUAL_ROLLOFF,"rolloff at ~20553Hz but gentle (7.6dB/kHz) - could be an old master/analog source, not necessarily transcoded",44100,20553,22050,7.6
/home/adam/driveBig/Music/My Playlist/Feel - Måneskin - Rush!.flac,GRADUAL_ROLLOFF,"rolloff at ~17571Hz but gentle (2.7dB/kHz) - could be an old master/analog source, not necessarily transcoded",44100,17571,22050,2.7
/home/adam/driveBig/Music/My Playlist/Feeling This - Blink-182 - Blink-182.flac,GRADUAL_ROLLOFF,"rolloff at ~17679Hz but gentle (0.5dB/kHz) - could be an old master/analog source, not necessarily transcoded",44100,17679,22050,0.5
/home/adam/driveBig/Music/My Playlist/Feeling Sorry - Paramore - Brand New Eyes.flac,GRADUAL_ROLLOFF,"rolloff at ~16527Hz but gentle (5.0dB/kHz) - could be an old master/analog source, not necessarily transcoded",44100,16527,22050,5
/home/adam/driveBig/Music/My Playlist/Feelings - The Offspring - Americana.flac,GRADUAL_ROLLOFF,"rolloff at ~19235Hz but gentle (2.7dB/kHz) - could be an old master/analog source, not necessarily transcoded",44100,19235,22050,2.7
/home/adam/driveBig/Music/My Playlist/Feeling This Bad Never Felt So Great - Tai Verdes - TV.flac,GRADUAL_ROLLOFF,"rolloff at ~18745Hz but gentle (3.7dB/kHz) - could be an old master/analog source, not necessarily transcoded",44100,18745,22050,3.7
/home/adam/driveBig/Music/My Playlist/Fell in Love - Blink-182 - One More Time... Part-2.flac,GRADUAL_ROLLOFF,"rolloff at ~18938Hz but gentle (1.7dB/kHz) - could be an old master/analog source, not necessarily transcoded",44100,18938,22050,1.7
/home/adam/driveBig/Music/My Playlist/Fell On Black Days - Soundgarden - Superunknown (Deluxe Edition).flac,GRADUAL_ROLLOFF,"rolloff at ~17873Hz but gentle (2.0dB/kHz) - could be an old master/analog source, not necessarily transcoded",44100,17873,22050,2
/home/adam/driveBig/Music/My Playlist/Fell In Love With a Girl - The White Stripes - White Blood Cells.flac,GRADUAL_ROLLOFF,"rolloff at ~16284Hz but gentle (3.3dB/kHz) - could be an old master/analog source, not necessarily transcoded",44100,16284,22050,3.3
/home/adam/driveBig/Music/My Playlist/Fight For All The Wrong Reasons - Nickelback - All The Right Reasons.flac,GRADUAL_ROLLOFF,"rolloff at ~17916Hz but gentle (2.1dB/kHz) - could be an old master/analog source, not necessarily transcoded",44100,17916,22050,2.1
/home/adam/driveBig/Music/My Playlist/Feiticeira - Deftones - White Pony.flac,GRADUAL_ROLLOFF,"rolloff at ~19423Hz but gentle (3.0dB/kHz) - could be an old master/analog source, not necessarily transcoded",44100,19423,22050,3
/home/adam/driveBig/Music/My Playlist/Figure It Out - Royal Blood - Royal Blood.flac,GRADUAL_ROLLOFF,"rolloff at ~19536Hz but gentle (2.3dB/kHz) - could be an old master/analog source, not necessarily transcoded",44100,19536,22050,2.3
/home/adam/driveBig/Music/My Playlist/Figure.09 - Linkin Park - Meteora.flac,GRADUAL_ROLLOFF,"rolloff at ~20688Hz but gentle (2.9dB/kHz) - could be an old master/analog source, not necessarily transcoded",44100,20688,22050,2.9
/home/adam/driveBig/Music/My Playlist/Fiji Baby - Goodshirt.flac,GRADUAL_ROLLOFF,"rolloff at ~18233Hz but gentle (4.1dB/kHz) - could be an old master/analog source, not necessarily transcoded",44100,18233,22050,4.1
/home/adam/driveBig/Music/My Playlist/Fences - Paramore - RIOT!.flac,GRADUAL_ROLLOFF,"rolloff at ~17227Hz but gentle (1.0dB/kHz) - could be an old master/analog source, not necessarily transcoded",44100,17227,22050,1
/home/adam/driveBig/Music/My Playlist/Fill In The Blank - Car Seat Headrest - Teens Of Denial.flac,GRADUAL_ROLLOFF,"rolloff at ~14885Hz but gentle (2.1dB/kHz) - could be an old master/analog source, not necessarily transcoded",44100,14885,22050,2.1
/home/adam/driveBig/Music/My Playlist/Finale (Can't Wait To See What You Do Next) - AJR - Neotheater.flac,GRADUAL_ROLLOFF,"rolloff at ~20553Hz but gentle (11.4dB/kHz) - could be an old master/analog source, not necessarily transcoded",44100,20553,22050,11.4
/home/adam/driveBig/Music/My Playlist/Find a Way - Balu Brigada - BALU.flac,GRADUAL_ROLLOFF,"rolloff at ~19757Hz but gentle (11.6dB/kHz) - could be an old master/analog source, not necessarily transcoded",44100,19757,22050,11.6
"/home/adam/driveBig/Music/My Playlist/Fillmore Jive - Pavement - Crooked Rain, Crooked Rain.flac",GRADUAL_ROLLOFF,"rolloff at ~18196Hz but gentle (2.1dB/kHz) - could be an old master/analog source, not necessarily transcoded",44100,18196,22050,2.1
/home/adam/driveBig/Music/My Playlist/Find the Colour - Feeder - Comfort in Sound.flac,GRADUAL_ROLLOFF,"rolloff at ~20478Hz but gentle (7.9dB/kHz) - could be an old master/analog source, not necessarily transcoded",44100,20478,22050,7.9
/home/adam/driveBig/Music/My Playlist/Fire - Barns Courtney - The Dull Drums EP.flac,GRADUAL_ROLLOFF,"rolloff at ~19983Hz but gentle (3.1dB/kHz) - could be an old master/analog source, not necessarily transcoded",44100,19983,22050,3.1
/home/adam/driveBig/Music/My Playlist/Fire - Barns Courtney - The Attractions of Youth.flac,GRADUAL_ROLLOFF,"rolloff at ~19983Hz but gentle (3.1dB/kHz) - could be an old master/analog source, not necessarily transcoded",44100,19983,22050,3.1
/home/adam/driveBig/Music/My Playlist/Fire Walk With Me - Surf Curse - Buds.flac,GRADUAL_ROLLOFF,"rolloff at ~19800Hz but gentle (2.9dB/kHz) - could be an old master/analog source, not necessarily transcoded",44100,19800,22050,2.9
/home/adam/driveBig/Music/My Playlist/Fire and Rain - Birdy - Birdy.flac,GRADUAL_ROLLOFF,"rolloff at ~20677Hz but gentle (5.8dB/kHz) - could be an old master/analog source, not necessarily transcoded",44100,20677,22050,5.8
/home/adam/driveBig/Music/My Playlist/Fire - Red Hot Chili Peppers - Mother's Milk.flac,GRADUAL_ROLLOFF,"rolloff at ~19283Hz but gentle (4.8dB/kHz) - could be an old master/analog source, not necessarily transcoded",44100,19283,22050,4.8
/home/adam/driveBig/Music/My Playlist/First It Giveth - Queens Of The Stone Age - Songs For The Deaf.flac,GRADUAL_ROLLOFF,"rolloff at ~8527Hz but gentle (1.5dB/kHz) - could be an old master/analog source, not necessarily transcoded",44100,8527,22050,1.5
/home/adam/driveBig/Music/My Playlist/Fire And Water - Free.flac,GRADUAL_ROLLOFF,"rolloff at ~14056Hz but gentle (5.1dB/kHz) - could be an old master/analog source, not necessarily transcoded",44100,14056,22050,5.1
/home/adam/driveBig/Music/My Playlist/First Love - Late Spring - Mitski - bury me at makeout creek.flac,GRADUAL_ROLLOFF,"rolloff at ~19660Hz but gentle (3.1dB/kHz) - could be an old master/analog source, not necessarily transcoded",44100,19660,22050,3.1
/home/adam/driveBig/Music/My Playlist/Fistful of Steel - Rage Against the Machine - Rage Against the Machine.flac,GRADUAL_ROLLOFF,"rolloff at ~18056Hz but gentle (0.8dB/kHz) - could be an old master/analog source, not necessarily transcoded",44100,18056,22050,0.8
/home/adam/driveBig/Music/My Playlist/Fitter Happier - Radiohead - OK Computer.flac,GRADUAL_ROLLOFF,"rolloff at ~20343Hz but gentle (2.4dB/kHz) - could be an old master/analog source, not necessarily transcoded",44100,20343,22050,2.4
/home/adam/driveBig/Music/My Playlist/Five Years - David Bowie - The Rise and Fall of Ziggy Stardust and the Spiders From Mars.flac,GRADUAL_ROLLOFF,"rolloff at ~15617Hz but gentle (5.0dB/kHz) - could be an old master/analog source, not necessarily transcoded",44100,15617,22050,5
"/home/adam/driveBig/Music/My Playlist/Fix You - The Offspring - Rise and Fall, Rage and Grace.flac",GRADUAL_ROLLOFF,"rolloff at ~17065Hz but gentle (2.1dB/kHz) - could be an old master/analog source, not necessarily transcoded",44100,17065,22050,2.1
/home/adam/driveBig/Music/My Playlist/Flight - Rich Brian - Amen.flac,GRADUAL_ROLLOFF,"rolloff at ~19891Hz but gentle (6.6dB/kHz) - could be an old master/analog source, not necessarily transcoded",44100,19891,22050,6.6
/home/adam/driveBig/Music/My Playlist/Fleeting Lullaby - Ado - Uta's Songs One Piece Film Red.flac,GRADUAL_ROLLOFF,"rolloff at ~20327Hz but gentle (6.5dB/kHz) - could be an old master/analog source, not necessarily transcoded",44100,20327,22050,6.5
/home/adam/driveBig/Music/My Playlist/Flower - Eels - Beautiful Freak.flac,GRADUAL_ROLLOFF,"rolloff at ~14933Hz but gentle (2.2dB/kHz) - could be an old master/analog source, not necessarily transcoded",44100,14933,22050,2.2
/home/adam/driveBig/Music/My Playlist/Fluorescent Adolescent - Arctic Monkeys - Favourite Worst Nightmare.flac,GRADUAL_ROLLOFF,"rolloff at ~15644Hz but gentle (0.7dB/kHz) - could be an old master/analog source, not necessarily transcoded",44100,15644,22050,0.7
/home/adam/driveBig/Music/My Playlist/Fly - Sugar Ray; Super Cat - Floored.flac,GRADUAL_ROLLOFF,"rolloff at ~18868Hz but gentle (1.3dB/kHz) - could be an old master/analog source, not necessarily transcoded",44100,18868,22050,1.3
/home/adam/driveBig/Music/My Playlist/Float Into The Sky - Cage The Elephant - Neon Pill.flac,GRADUAL_ROLLOFF,"rolloff at ~17404Hz but gentle (2.2dB/kHz) - could be an old master/analog source, not necessarily transcoded",44100,17404,22050,2.2
/home/adam/driveBig/Music/My Playlist/FLY AGAIN - Turnstile - GLOW ON.flac,GRADUAL_ROLLOFF,"rolloff at ~18976Hz but gentle (2.4dB/kHz) - could be an old master/analog source, not necessarily transcoded",44100,18976,22050,2.4
/home/adam/driveBig/Music/My Playlist/Folie Imposée - Yves Tumor - Heaven to a Tortured Mind.flac,GRADUAL_ROLLOFF,"rolloff at ~19654Hz but gentle (1.8dB/kHz) - could be an old master/analog source, not necessarily transcoded",44100,19654,22050,1.8
/home/adam/driveBig/Music/My Playlist/Follow Me Home - Dire Straits - Communiqué.flac,GRADUAL_ROLLOFF,"rolloff at ~18955Hz but gentle (3.1dB/kHz) - could be an old master/analog source, not necessarily transcoded",44100,18955,22050,3.1
/home/adam/driveBig/Music/My Playlist/Follow - DIIV - Oshin.flac,GRADUAL_ROLLOFF,"rolloff at ~16031Hz but gentle (10.7dB/kHz) - could be an old master/analog source, not necessarily transcoded",44100,16031,22050,10.7
/home/adam/driveBig/Music/My Playlist/Follow You Home - Nickelback - All The Right Reasons.flac,GRADUAL_ROLLOFF,"rolloff at ~18190Hz but gentle (2.6dB/kHz) - could be an old master/analog source, not necessarily transcoded",44100,18190,22050,2.6
/home/adam/driveBig/Music/My Playlist/Foreword - Linkin Park - Meteora.flac,GRADUAL_ROLLOFF,"rolloff at ~19611Hz but gentle (-1.8dB/kHz) - could be an old master/analog source, not necessarily transcoded",44100,19611,22050,-1.8
/home/adam/driveBig/Music/My Playlist/Fool's Overture - Supertramp - Even In The Quietest Moments.flac,GRADUAL_ROLLOFF,"rolloff at ~16704Hz but gentle (2.0dB/kHz) - could be an old master/analog source, not necessarily transcoded",44100,16704,22050,2
"/home/adam/driveBig/Music/My Playlist/For a Pessimist, I'm Pretty Optimistic - Paramore - RIOT!.flac",GRADUAL_ROLLOFF,"rolloff at ~17270Hz but gentle (1.6dB/kHz) - could be an old master/analog source, not necessarily transcoded",44100,17270,22050,1.6
/home/adam/driveBig/Music/My Playlist/For Tammy Rae - Bikini Kill - Pussy Whipped.flac,GRADUAL_ROLLOFF,"rolloff at ~16451Hz but gentle (2.7dB/kHz) - could be an old master/analog source, not necessarily transcoded",44100,16451,22050,2.7
/home/adam/driveBig/Music/My Playlist/For Whom the Bells Toll - Metallica - Ride the Lightning.flac,GRADUAL_ROLLOFF,"rolloff at ~19805Hz but gentle (4.1dB/kHz) - could be an old master/analog source, not necessarily transcoded",44100,19805,22050,4.1
/home/adam/driveBig/Music/My Playlist/Forehead Touch the Ground - Joji - Piss in the Wind.flac,GRADUAL_ROLLOFF,"rolloff at ~18400Hz but gentle (2.5dB/kHz) - could be an old master/analog source, not necessarily transcoded",44100,18400,22050,2.5
/home/adam/driveBig/Music/My Playlist/For Your Love - Måneskin - Teatro D'ira - Vol. I.flac,GRADUAL_ROLLOFF,"rolloff at ~19434Hz but gentle (7.1dB/kHz) - could be an old master/analog source, not necessarily transcoded",44100,19434,22050,7.1
/home/adam/driveBig/Music/My Playlist/Foreign 2 - King Krule - 6 Feet Beneath the Moon.flac,GRADUAL_ROLLOFF,"rolloff at ~15246Hz but gentle (2.5dB/kHz) - could be an old master/analog source, not necessarily transcoded",44100,15246,22050,2.5
/home/adam/driveBig/Music/My Playlist/Forget About Tomorrow - Feeder - Comfort in Sound.flac,GRADUAL_ROLLOFF,"rolloff at ~20704Hz but gentle (11.8dB/kHz) - could be an old master/analog source, not necessarily transcoded",44100,20704,22050,11.8
/home/adam/driveBig/Music/My Playlist/Forgive and Forget - Red Vox - Another Light.flac,GRADUAL_ROLLOFF,"rolloff at ~11386Hz but gentle (2.1dB/kHz) - could be an old master/analog source, not necessarily transcoded",44100,11386,22050,2.1
/home/adam/driveBig/Music/My Playlist/Elf - Ado.flac,GRADUAL_ROLLOFF,"rolloff at ~18874Hz but gentle (3.6dB/kHz) - could be an old master/analog source, not necessarily transcoded",44100,18874,22050,3.6
/home/adam/driveBig/Music/My Playlist/Forget Me - BoyWithUke - Fever Dreams.flac,GRADUAL_ROLLOFF,"rolloff at ~19730Hz but gentle (5.7dB/kHz) - could be an old master/analog source, not necessarily transcoded",44100,19730,22050,5.7
/home/adam/driveBig/Music/My Playlist/E‐Pro - Beck - Guero.flac,GRADUAL_ROLLOFF,"rolloff at ~17867Hz but gentle (3.2dB/kHz) - could be an old master/analog source, not necessarily transcoded",44100,17867,22050,3.2
/home/adam/driveBig/Music/My Playlist/Everywhere - Fleetwood Mac - Fleetwood Mac 1975 to 1987.flac,GRADUAL_ROLLOFF,"rolloff at ~17496Hz but gentle (2.2dB/kHz) - could be an old master/analog source, not necessarily transcoded",44100,17496,22050,2.2
/home/adam/driveBig/Music/My Playlist/Even Flow - Pearl Jam - Ten.flac,GRADUAL_ROLLOFF,"rolloff at ~20559Hz but gentle (8.3dB/kHz) - could be an old master/analog source, not necessarily transcoded",44100,20559,22050,8.3
/home/adam/driveBig/Music/My Playlist/ENDLESS - Turnstile - GLOW ON.flac,GRADUAL_ROLLOFF,"rolloff at ~19536Hz but gentle (2.6dB/kHz) - could be an old master/analog source, not necessarily transcoded",44100,19536,22050,2.6
/home/adam/driveBig/Music/My Playlist/Feel Good Inc. - Gorillaz - Demon Days.flac,GRADUAL_ROLLOFF,"rolloff at ~20850Hz but gentle (9.0dB/kHz) - could be an old master/analog source, not necessarily transcoded",44100,20850,22050,9
/home/adam/driveBig/Music/My Playlist/Fat Bottomed Girls - Queen - Jazz (Deluxe Edition 2011 Remaster).flac,GRADUAL_ROLLOFF,"rolloff at ~16489Hz but gentle (2.5dB/kHz) - could be an old master/analog source, not necessarily transcoded",44100,16489,22050,2.5
/home/adam/driveBig/Music/My Playlist/Fight Song - Bad Bad Hats - Psychic Reader.flac,GRADUAL_ROLLOFF,"rolloff at ~20925Hz but gentle (8.2dB/kHz) - could be an old master/analog source, not necessarily transcoded",44100,20925,22050,8.2
/home/adam/driveBig/Music/My Playlist/Black Madonna - Cage The Elephant - Social Cues.flac,GRADUAL_ROLLOFF,"rolloff at ~14610Hz but gentle (3.2dB/kHz) - could be an old master/analog source, not necessarily transcoded",44100,14610,22050,3.2
/home/adam/driveBig/Music/My Playlist/Aok - Tai Verdes - TV.flac,GRADUAL_ROLLOFF,"rolloff at ~20586Hz but gentle (6.4dB/kHz) - could be an old master/analog source, not necessarily transcoded",44100,20586,22050,6.4
/home/adam/driveBig/Music/My Playlist/Dangerous Game - 3 Doors Down - Away From the Sun.flac,GRADUAL_ROLLOFF,"rolloff at ~21022Hz but gentle (10.1dB/kHz) - could be an old master/analog source, not necessarily transcoded",44100,21022,22050,10.1
/home/adam/driveBig/Music/My Playlist/Edging - Blink-182.flac,GRADUAL_ROLLOFF,"rolloff at ~16607Hz but gentle (2.3dB/kHz) - could be an old master/analog source, not necessarily transcoded",44100,16607,22050,2.3
/home/adam/driveBig/Music/My Playlist/For Tomorrow - Blur - The Best Of.flac,GRADUAL_ROLLOFF,"rolloff at ~20317Hz but gentle (8.7dB/kHz) - could be an old master/analog source, not necessarily transcoded",44100,20317,22050,8.7
/home/adam/driveBig/Music/My Playlist/Hotel Yorba - The White Stripes - White Blood Cells.flac,GRADUAL_ROLLOFF,"rolloff at ~16478Hz but gentle (1.6dB/kHz) - could be an old master/analog source, not necessarily transcoded",44100,16478,22050,1.6
/home/adam/driveBig/Music/My Playlist/Guillotine - Barns Courtney - Supernatural.flac,GRADUAL_ROLLOFF,"rolloff at ~18190Hz but gentle (3.6dB/kHz) - could be an old master/analog source, not necessarily transcoded",44100,18190,22050,3.6
/home/adam/driveBig/Music/My Playlist/Love Of My Life - Queen - A Night At The Opera (Deluxe Edition 2011 Remaster).flac,GRADUAL_ROLLOFF,"rolloff at ~15170Hz but gentle (1.4dB/kHz) - could be an old master/analog source, not necessarily transcoded",44100,15170,22050,1.4
/home/adam/driveBig/Music/My Playlist/My Own Summer (Shove It) - Deftones - Around the Fur.flac,GRADUAL_ROLLOFF,"rolloff at ~20559Hz but gentle (7.1dB/kHz) - could be an old master/analog source, not necessarily transcoded",44100,20559,22050,7.1
/home/adam/driveBig/Music/My Playlist/Open Your Eyes - Sum 41 - Chuck.flac,GRADUAL_ROLLOFF,"rolloff at ~16995Hz but gentle (1.7dB/kHz) - could be an old master/analog source, not necessarily transcoded",44100,16995,22050,1.7
/home/adam/driveBig/Music/My Playlist/Ready To Let Go - Cage The Elephant - Social Cues.flac,GRADUAL_ROLLOFF,"rolloff at ~17501Hz but gentle (3.4dB/kHz) - could be an old master/analog source, not necessarily transcoded",44100,17501,22050,3.4
/home/adam/driveBig/Music/My Playlist/Standing Next To Me - The Last Shadow Puppets - The Age Of The Understatement.flac,GRADUAL_ROLLOFF,"rolloff at ~20074Hz but gentle (4.6dB/kHz) - could be an old master/analog source, not necessarily transcoded",44100,20074,22050,4.6
/home/adam/driveBig/Music/My Playlist/Where the River Flows - Collective Soul - Collective Soul.flac,GRADUAL_ROLLOFF,"rolloff at ~20230Hz but gentle (2.9dB/kHz) - could be an old master/analog source, not necessarily transcoded",44100,20230,22050,2.9
/home/adam/driveBig/Music/My Playlist/Free Love - Cage The Elephant - Cage The Elephant.flac,GRADUAL_ROLLOFF,"rolloff at ~20656Hz but gentle (4.5dB/kHz) - could be an old master/analog source, not necessarily transcoded",44100,20656,22050,4.5
/home/adam/driveBig/Music/My Playlist/Freedom Fighter - Creed - Weathered.flac,GRADUAL_ROLLOFF,"rolloff at ~18707Hz but gentle (3.4dB/kHz) - could be an old master/analog source, not necessarily transcoded",44100,18707,22050,3.4
/home/adam/driveBig/Music/My Playlist/Freedom - Rage Against the Machine - Rage Against the Machine.flac,GRADUAL_ROLLOFF,"rolloff at ~18056Hz but gentle (1.8dB/kHz) - could be an old master/analog source, not necessarily transcoded",44100,18056,22050,1.8
/home/adam/driveBig/Music/My Playlist/Fresh Tendrils - Soundgarden - Superunknown (Deluxe Edition).flac,GRADUAL_ROLLOFF,"rolloff at ~17932Hz but gentle (2.3dB/kHz) - could be an old master/analog source, not necessarily transcoded",44100,17932,22050,2.3
/home/adam/driveBig/Music/My Playlist/Fried Noodles - Pink Guy - Pink Season.flac,GRADUAL_ROLLOFF,"rolloff at ~18271Hz but gentle (2.1dB/kHz) - could be an old master/analog source, not necessarily transcoded",44100,18271,22050,2.1
/home/adam/driveBig/Music/My Playlist/Friend is a Four Letter Word - CAKE - Fashion Nugget.flac,GRADUAL_ROLLOFF,"rolloff at ~20236Hz but gentle (2.8dB/kHz) - could be an old master/analog source, not necessarily transcoded",44100,20236,22050,2.8
/home/adam/driveBig/Music/My Playlist/Friends - BoyWithUke - BoyWithUke - B Sides.flac,GRADUAL_ROLLOFF,"rolloff at ~16871Hz but gentle (5.7dB/kHz) - could be an old master/analog source, not necessarily transcoded",44100,16871,22050,5.7
/home/adam/driveBig/Music/My Playlist/From Finner - Of Monsters and Men - My Head is an Animal.flac,GRADUAL_ROLLOFF,"rolloff at ~21027Hz but gentle (10.5dB/kHz) - could be an old master/analog source, not necessarily transcoded",44100,21027,22050,10.5
/home/adam/driveBig/Music/My Playlist/From Now On - Supertramp - Even In The Quietest Moments.flac,GRADUAL_ROLLOFF,"rolloff at ~16957Hz but gentle (2.3dB/kHz) - could be an old master/analog source, not necessarily transcoded",44100,16957,22050,2.3
/home/adam/driveBig/Music/My Playlist/From the Stars - Red Vox - Another Light.flac,GRADUAL_ROLLOFF,"rolloff at ~18589Hz but gentle (2.8dB/kHz) - could be an old master/analog source, not necessarily transcoded",44100,18589,22050,2.8
/home/adam/driveBig/Music/My Playlist/Fuck Face - Blink-182 - One More Time....flac,GRADUAL_ROLLOFF,"rolloff at ~19552Hz but gentle (4.2dB/kHz) - could be an old master/analog source, not necessarily transcoded",44100,19552,22050,4.2
/home/adam/driveBig/Music/My Playlist/Fruit Bat - Of Monsters and Men - All is Love and Pain in the Mouse Parade.flac,GRADUAL_ROLLOFF,"rolloff at ~17216Hz but gentle (4.8dB/kHz) - could be an old master/analog source, not necessarily transcoded",44100,17216,22050,4.8
/home/adam/driveBig/Music/My Playlist/Fuck Face - Blink-182 - One More Time... Part-2.flac,GRADUAL_ROLLOFF,"rolloff at ~18249Hz but gentle (3.4dB/kHz) - could be an old master/analog source, not necessarily transcoded",44100,18249,22050,3.4
/home/adam/driveBig/Music/My Playlist/From the Inside - Linkin Park - Meteora.flac,GRADUAL_ROLLOFF,"rolloff at ~17038Hz but gentle (2.6dB/kHz) - could be an old master/analog source, not necessarily transcoded",44100,17038,22050,2.6
/home/adam/driveBig/Music/My Playlist/Fruit Bat - Of Monsters and Men.flac,GRADUAL_ROLLOFF,"rolloff at ~17216Hz but gentle (4.8dB/kHz) - could be an old master/analog source, not necessarily transcoded",44100,17216,22050,4.8
/home/adam/driveBig/Music/My Playlist/Full Nelson - Limp Bizkit - Chocolate Starfish and the Hot Dog Flavored Water.flac,GRADUAL_ROLLOFF,"rolloff at ~15547Hz but gentle (2.2dB/kHz) - could be an old master/analog source, not necessarily transcoded",44100,15547,22050,2.2
/home/adam/driveBig/Music/My Playlist/Galaxy - BoyWithUke - Melatonin Dreams.flac,GRADUAL_ROLLOFF,"rolloff at ~17237Hz but gentle (9.8dB/kHz) - could be an old master/analog source, not necessarily transcoded",44100,17237,22050,9.8
"/home/adam/driveBig/Music/My Playlist/Funkytown - Lipps, Inc. - Mouth To Mouth.flac",GRADUAL_ROLLOFF,"rolloff at ~19477Hz but gentle (2.4dB/kHz) - could be an old master/analog source, not necessarily transcoded",44100,19477,22050,2.4
/home/adam/driveBig/Music/My Playlist/Future - Paramore - Paramore.flac,GRADUAL_ROLLOFF,"rolloff at ~17496Hz but gentle (1.9dB/kHz) - could be an old master/analog source, not necessarily transcoded",44100,17496,22050,1.9
/home/adam/driveBig/Music/My Playlist/Funky Monks - Red Hot Chili Peppers - Blood Sugar Sex Magik.flac,GRADUAL_ROLLOFF,"rolloff at ~19455Hz but gentle (1.7dB/kHz) - could be an old master/analog source, not necessarily transcoded",44100,19455,22050,1.7
/home/adam/driveBig/Music/My Playlist/FYL - Tai Verdes - HDTV.flac,GRADUAL_ROLLOFF,"rolloff at ~19062Hz but gentle (1.1dB/kHz) - could be an old master/analog source, not necessarily transcoded",44100,19062,22050,1.1
/home/adam/driveBig/Music/My Playlist/Gangland - Iron Maiden - The Number of the Beast  (2015 Remaster).flac,GRADUAL_ROLLOFF,"rolloff at ~16139Hz but gentle (3.0dB/kHz) - could be an old master/analog source, not necessarily transcoded",44100,16139,22050,3
/home/adam/driveBig/Music/My Playlist/Garbage - Twenty One Pilots - Breach.flac,GRADUAL_ROLLOFF,"rolloff at ~18002Hz but gentle (2.8dB/kHz) - could be an old master/analog source, not necessarily transcoded",44100,18002,22050,2.8
/home/adam/driveBig/Music/My Playlist/Garden - Pearl Jam - Ten.flac,GRADUAL_ROLLOFF,"rolloff at ~18066Hz but gentle (2.5dB/kHz) - could be an old master/analog source, not necessarily transcoded",44100,18066,22050,2.5
/home/adam/driveBig/Music/My Playlist/Gaslight - BoyWithUke - Burnout.flac,GRADUAL_ROLLOFF,"rolloff at ~19498Hz but gentle (3.8dB/kHz) - could be an old master/analog source, not necessarily transcoded",44100,19498,22050,3.8
/home/adam/driveBig/Music/My Playlist/Gasoline - Måneskin - Rush!.flac,GRADUAL_ROLLOFF,"rolloff at ~19439Hz but gentle (3.6dB/kHz) - could be an old master/analog source, not necessarily transcoded",44100,19439,22050,3.6
/home/adam/driveBig/Music/My Playlist/Gats - Susumu Hirasawa - Berserk (Original Soundtrack).flac,GRADUAL_ROLLOFF,"rolloff at ~15838Hz but gentle (2.3dB/kHz) - could be an old master/analog source, not necessarily transcoded",44100,15838,22050,2.3
/home/adam/driveBig/Music/My Playlist/Geek U.S.A. - Smashing Pumpkins - Siamese Dream.flac,GRADUAL_ROLLOFF,"rolloff at ~16231Hz but gentle (2.9dB/kHz) - could be an old master/analog source, not necessarily transcoded",44100,16231,22050,2.9
/home/adam/driveBig/Music/My Playlist/Gasoline - Audioslave - Audioslave.flac,GRADUAL_ROLLOFF,"rolloff at ~20548Hz but gentle (7.1dB/kHz) - could be an old master/analog source, not necessarily transcoded",44100,20548,22050,7.1
/home/adam/driveBig/Music/My Playlist/Gel - Collective Soul - Collective Soul.flac,GRADUAL_ROLLOFF,"rolloff at ~20553Hz but gentle (9.9dB/kHz) - could be an old master/analog source, not necessarily transcoded",44100,20553,22050,9.9
/home/adam/driveBig/Music/My Playlist/Get Lucky - Daft Punk - Random Access Memories.flac,GRADUAL_ROLLOFF,"rolloff at ~18400Hz but gentle (3.6dB/kHz) - could be an old master/analog source, not necessarily transcoded",44100,18400,22050,3.6
/home/adam/driveBig/Music/My Playlist/Generator - Foo Fighters - There Is Nothing Left To Lose.flac,GRADUAL_ROLLOFF,"rolloff at ~20478Hz but gentle (7.3dB/kHz) - could be an old master/analog source, not necessarily transcoded",44100,20478,22050,7.3
/home/adam/driveBig/Music/My Playlist/Get Lucky (Daft Punk Remix) - Daft Punk; Pharrell Williams; Nile Rodgers - Get Lucky.flac,GRADUAL_ROLLOFF,"rolloff at ~18395Hz but gentle (3.5dB/kHz) - could be an old master/analog source, not necessarily transcoded",44100,18395,22050,3.5
/home/adam/driveBig/Music/My Playlist/Get on Top - Red Hot Chili Peppers - Californication.flac,GRADUAL_ROLLOFF,"rolloff at ~12699Hz but gentle (3.1dB/kHz) - could be an old master/analog source, not necessarily transcoded",44100,12699,22050,3.1
/home/adam/driveBig/Music/My Playlist/Get Me Outta Here - Jet - Get Born.flac,GRADUAL_ROLLOFF,"rolloff at ~21022Hz but gentle (11.5dB/kHz) - could be an old master/analog source, not necessarily transcoded",44100,21022,22050,11.5
/home/adam/driveBig/Music/My Playlist/Get Out - Bikini Kill - The First Two Records.flac,GRADUAL_ROLLOFF,"rolloff at ~16005Hz but gentle (3.5dB/kHz) - could be an old master/analog source, not necessarily transcoded",44100,16005,22050,3.5
/home/adam/driveBig/Music/My Playlist/Getaway Car - Audioslave - Audioslave.flac,GRADUAL_ROLLOFF,"rolloff at ~20850Hz but gentle (10.0dB/kHz) - could be an old master/analog source, not necessarily transcoded",44100,20850,22050,10
/home/adam/driveBig/Music/My Playlist/Getcha Groove On - Limp Bizkit - Chocolate Starfish and the Hot Dog Flavored Water.flac,GRADUAL_ROLLOFF,"rolloff at ~20790Hz but gentle (5.2dB/kHz) - could be an old master/analog source, not necessarily transcoded",44100,20790,22050,5.2
/home/adam/driveBig/Music/My Playlist/Getting in Tune - The Who - Who’s Next.flac,GRADUAL_ROLLOFF,"rolloff at ~15106Hz but gentle (2.7dB/kHz) - could be an old master/analog source, not necessarily transcoded",44100,15106,22050,2.7
/home/adam/driveBig/Music/My Playlist/Ghost - BoyWithUke - Burnout.flac,GRADUAL_ROLLOFF,"rolloff at ~20408Hz but gentle (3.7dB/kHz) - could be an old master/analog source, not necessarily transcoded",44100,20408,22050,3.7
/home/adam/driveBig/Music/My Playlist/Ghost Page - Red Vox - What Could Go Wrong.flac,GRADUAL_ROLLOFF,"rolloff at ~19827Hz but gentle (1.3dB/kHz) - could be an old master/analog source, not necessarily transcoded",44100,19827,22050,1.3
/home/adam/driveBig/Music/My Playlist/Ghost - BoyWithUke - Gaslight.flac,GRADUAL_ROLLOFF,"rolloff at ~20408Hz but gentle (3.7dB/kHz) - could be an old master/analog source, not necessarily transcoded",44100,20408,22050,3.7
/home/adam/driveBig/Music/My Playlist/Ghosts That We Knew - Mumford & Sons - Babel.flac,GRADUAL_ROLLOFF,"rolloff at ~15283Hz but gentle (2.4dB/kHz) - could be an old master/analog source, not necessarily transcoded",44100,15283,22050,2.4
/home/adam/driveBig/Music/My Playlist/Gimme Love - Joji - Nectar.flac,GRADUAL_ROLLOFF,"rolloff at ~19267Hz but gentle (1.8dB/kHz) - could be an old master/analog source, not necessarily transcoded",44100,19267,22050,1.8
/home/adam/driveBig/Music/My Playlist/Gimme Stitches - Foo Fighters - There Is Nothing Left To Lose.flac,GRADUAL_ROLLOFF,"rolloff at ~20510Hz but gentle (7.7dB/kHz) - could be an old master/analog source, not necessarily transcoded",44100,20510,22050,7.7
/home/adam/driveBig/Music/My Playlist/Gimme Shelter - The Rolling Stones - Let It Bleed.flac,GRADUAL_ROLLOFF,"rolloff at ~9787Hz but gentle (1.8dB/kHz) - could be an old master/analog source, not necessarily transcoded",44100,9787,22050,1.8
/home/adam/driveBig/Music/My Playlist/Giorgio by Moroder - Daft Punk - Random Access Memories.flac,GRADUAL_ROLLOFF,"rolloff at ~14739Hz but gentle (0.7dB/kHz) - could be an old master/analog source, not necessarily transcoded",44100,14739,22050,0.7
/home/adam/driveBig/Music/My Playlist/Girl - Beck - Guero.flac,GRADUAL_ROLLOFF,"rolloff at ~17313Hz but gentle (2.9dB/kHz) - could be an old master/analog source, not necessarily transcoded",44100,17313,22050,2.9
"/home/adam/driveBig/Music/My Playlist/Girl on the Wing - The Shins - Oh, Inverted World.flac",GRADUAL_ROLLOFF,"rolloff at ~20403Hz but gentle (3.7dB/kHz) - could be an old master/analog source, not necessarily transcoded",44100,20403,22050,3.7
"/home/adam/driveBig/Music/My Playlist/Girl Inform Me - The Shins - Oh, Inverted World.flac",GRADUAL_ROLLOFF,"rolloff at ~19654Hz but gentle (0.6dB/kHz) - could be an old master/analog source, not necessarily transcoded",44100,19654,22050,0.6
/home/adam/driveBig/Music/My Playlist/Girl Sailor - The Shins - Wincing the Night Away.flac,GRADUAL_ROLLOFF,"rolloff at ~16468Hz but gentle (2.2dB/kHz) - could be an old master/analog source, not necessarily transcoded",44100,16468,22050,2.2
"/home/adam/driveBig/Music/My Playlist/Girl, You Have No Faith in Medicine - The White Stripes - Elephant.flac",GRADUAL_ROLLOFF,"rolloff at ~17641Hz but gentle (6.0dB/kHz) - could be an old master/analog source, not necessarily transcoded",44100,17641,22050,6
/home/adam/driveBig/Music/My Playlist/Girls & Boys - Good Charlotte - The Young and the Hopeless.flac,GRADUAL_ROLLOFF,"rolloff at ~13017Hz but gentle (2.1dB/kHz) - could be an old master/analog source, not necessarily transcoded",44100,13017,22050,2.1
/home/adam/driveBig/Music/My Playlist/Girls & Boys - Blur - The Best Of.flac,GRADUAL_ROLLOFF,"rolloff at ~18906Hz but gentle (1.4dB/kHz) - could be an old master/analog source, not necessarily transcoded",44100,18906,22050,1.4
/home/adam/driveBig/Music/My Playlist/Give A Little Bit - Supertramp - Even In The Quietest Moments.flac,GRADUAL_ROLLOFF,"rolloff at ~19337Hz but gentle (2.6dB/kHz) - could be an old master/analog source, not necessarily transcoded",44100,19337,22050,2.6
/home/adam/driveBig/Music/My Playlist/Girls on Film - Duran Duran - Greatest.flac,GRADUAL_ROLLOFF,"rolloff at ~20365Hz but gentle (11.9dB/kHz) - could be an old master/analog source, not necessarily transcoded",44100,20365,22050,11.9
/home/adam/driveBig/Music/My Playlist/Give Life Back to Music - Daft Punk - Random Access Memories.flac,GRADUAL_ROLLOFF,"rolloff at ~18615Hz but gentle (4.4dB/kHz) - could be an old master/analog source, not necessarily transcoded",44100,18615,22050,4.4
/home/adam/driveBig/Music/My Playlist/Givin' It All - Player - The Best of Player.flac,GRADUAL_ROLLOFF,"rolloff at ~20322Hz but gentle (9.1dB/kHz) - could be an old master/analog source, not necessarily transcoded",44100,20322,22050,9.1
/home/adam/driveBig/Music/My Playlist/Gives You Hell - The All-American Rejects - When the World Comes Down.flac,GRADUAL_ROLLOFF,"rolloff at ~17937Hz but gentle (1.8dB/kHz) - could be an old master/analog source, not necessarily transcoded",44100,17937,22050,1.8
/home/adam/driveBig/Music/My Playlist/Glitter & Gold - Barns Courtney - The Attractions of Youth.flac,GRADUAL_ROLLOFF,"rolloff at ~20613Hz but gentle (6.7dB/kHz) - could be an old master/analog source, not necessarily transcoded",44100,20613,22050,6.7
/home/adam/driveBig/Music/My Playlist/Glass House - KALEO - A-B.flac,GRADUAL_ROLLOFF,"rolloff at ~19773Hz but gentle (0.8dB/kHz) - could be an old master/analog source, not necessarily transcoded",44100,19773,22050,0.8
/home/adam/driveBig/Music/My Playlist/Glitter & Gold - Barns Courtney - The Dull Drums EP.flac,GRADUAL_ROLLOFF,"rolloff at ~20613Hz but gentle (6.6dB/kHz) - could be an old master/analog source, not necessarily transcoded",44100,20613,22050,6.6
/home/adam/driveBig/Music/My Playlist/Glow Like Dat - Rich Brian - Amen.flac,GRADUAL_ROLLOFF,"rolloff at ~20462Hz but gentle (5.6dB/kHz) - could be an old master/analog source, not necessarily transcoded",44100,20462,22050,5.6
/home/adam/driveBig/Music/My Playlist/Gloria Love - Bad Bad Hats - Walkman.flac,GRADUAL_ROLLOFF,"rolloff at ~16118Hz but gentle (1.6dB/kHz) - could be an old master/analog source, not necessarily transcoded",44100,16118,22050,1.6
/home/adam/driveBig/Music/My Playlist/Glum - Hayley Williams - Ego Death at a Bachelorette Party.flac,GRADUAL_ROLLOFF,"rolloff at ~20925Hz but gentle (9.9dB/kHz) - could be an old master/analog source, not necessarily transcoded",44100,20925,22050,9.9
/home/adam/driveBig/Music/My Playlist/Go Robot - Red Hot Chili Peppers - The Getaway.flac,GRADUAL_ROLLOFF,"rolloff at ~20839Hz but gentle (7.7dB/kHz) - could be an old master/analog source, not necessarily transcoded",44100,20839,22050,7.7
/home/adam/driveBig/Music/My Playlist/Go - Blink-182 - Blink-182.flac,GRADUAL_ROLLOFF,"rolloff at ~13668Hz but gentle (1.6dB/kHz) - could be an old master/analog source, not necessarily transcoded",44100,13668,22050,1.6
/home/adam/driveBig/Music/My Playlist/Go With The Flow - Queens Of The Stone Age - Songs For The Deaf.flac,GRADUAL_ROLLOFF,"rolloff at ~15913Hz but gentle (3.3dB/kHz) - could be an old master/analog source, not necessarily transcoded",44100,15913,22050,3.3
/home/adam/driveBig/Music/My Playlist/Go Your Own Way - Fleetwood Mac - Rumours (Super Deluxe).flac,GRADUAL_ROLLOFF,"rolloff at ~18438Hz but gentle (3.7dB/kHz) - could be an old master/analog source, not necessarily transcoded",44100,18438,22050,3.7
/home/adam/driveBig/Music/My Playlist/God Gave Rock ’n’ Roll to You II - Kiss - The Very Best of KISS.flac,GRADUAL_ROLLOFF,"rolloff at ~21119Hz but gentle (11.8dB/kHz) - could be an old master/analog source, not necessarily transcoded",44100,21119,22050,11.8
/home/adam/driveBig/Music/My Playlist/God Is In The Radio - Queens Of The Stone Age - Songs For The Deaf.flac,GRADUAL_ROLLOFF,"rolloff at ~15929Hz but gentle (0.9dB/kHz) - could be an old master/analog source, not necessarily transcoded",44100,15929,22050,0.9
"/home/adam/driveBig/Music/My Playlist/GODSTAINED - Quadeca - Vanisher, Horizon Scraper.flac",GRADUAL_ROLLOFF,"rolloff at ~18955Hz but gentle (2.1dB/kHz) - could be an old master/analog source, not necessarily transcoded",44100,18955,22050,2.1
/home/adam/driveBig/Music/My Playlist/God-ish - Ado - Ado's Utattemita Album.flac,GRADUAL_ROLLOFF,"rolloff at ~16871Hz but gentle (2.2dB/kHz) - could be an old master/analog source, not necessarily transcoded",44100,16871,22050,2.2
/home/adam/driveBig/Music/My Playlist/Godzilla - Feeder - Comfort in Sound.flac,GRADUAL_ROLLOFF,"rolloff at ~20623Hz but gentle (10.4dB/kHz) - could be an old master/analog source, not necessarily transcoded",44100,20623,22050,10.4
/home/adam/driveBig/Music/My Playlist/Gone - NF - Hope.flac,GRADUAL_ROLLOFF,"rolloff at ~16645Hz but gentle (3.7dB/kHz) - could be an old master/analog source, not necessarily transcoded",44100,16645,22050,3.7
/home/adam/driveBig/Music/My Playlist/Gone Daddy Gone - Violent Femmes - Violent Femmes.flac,GRADUAL_ROLLOFF,"rolloff at ~20483Hz but gentle (11.5dB/kHz) - could be an old master/analog source, not necessarily transcoded",44100,20483,22050,11.5
/home/adam/driveBig/Music/My Playlist/Gone Hollywood - Supertramp - Breakfast in America.flac,GRADUAL_ROLLOFF,"rolloff at ~19008Hz but gentle (3.2dB/kHz) - could be an old master/analog source, not necessarily transcoded",44100,19008,22050,3.2
/home/adam/driveBig/Music/My Playlist/Goner - Twenty One Pilots - Blurryface.flac,GRADUAL_ROLLOFF,"rolloff at ~17221Hz but gentle (3.0dB/kHz) - could be an old master/analog source, not necessarily transcoded",44100,17221,22050,3
/home/adam/driveBig/Music/My Playlist/Gonna Leave You - Queens Of The Stone Age - Songs For The Deaf.flac,GRADUAL_ROLLOFF,"rolloff at ~17453Hz but gentle (2.4dB/kHz) - could be an old master/analog source, not necessarily transcoded",44100,17453,22050,2.4
/home/adam/driveBig/Music/My Playlist/Good Feeling - Violent Femmes - Violent Femmes.flac,GRADUAL_ROLLOFF,"rolloff at ~20850Hz but gentle (10.5dB/kHz) - could be an old master/analog source, not necessarily transcoded",44100,20850,22050,10.5
/home/adam/driveBig/Music/My Playlist/Good 4 U - Balu Brigada - Almost Feel Good Mixtape.flac,GRADUAL_ROLLOFF,"rolloff at ~16947Hz but gentle (3.2dB/kHz) - could be an old master/analog source, not necessarily transcoded",44100,16947,22050,3.2
/home/adam/driveBig/Music/My Playlist/Good Golly Miss Molly - Creedence Clearwater Revival - Platinum.flac,GRADUAL_ROLLOFF,"rolloff at ~20064Hz but gentle (2.5dB/kHz) - could be an old master/analog source, not necessarily transcoded",44100,20064,22050,2.5
/home/adam/driveBig/Music/My Playlist/Good Ol’ Days - Hayley Williams - Ego Death at a Bachelorette Party.flac,GRADUAL_ROLLOFF,"rolloff at ~19574Hz but gentle (1.1dB/kHz) - could be an old master/analog source, not necessarily transcoded",44100,19574,22050,1.1
/home/adam/driveBig/Music/My Playlist/Good Old-Fashioned Lover Boy - Queen - A Day At The Races (Deluxe Edition 2011 Remaster).flac,GRADUAL_ROLLOFF,"rolloff at ~16532Hz but gentle (2.2dB/kHz) - could be an old master/analog source, not necessarily transcoded",44100,16532,22050,2.2
/home/adam/driveBig/Music/My Playlist/Good Time Boys - Red Hot Chili Peppers - Mother's Milk.flac,GRADUAL_ROLLOFF,"rolloff at ~18406Hz but gentle (3.6dB/kHz) - could be an old master/analog source, not necessarily transcoded",44100,18406,22050,3.6
/home/adam/driveBig/Music/My Playlist/Good Riddance (Time Of Your Life) - Green Day - Greatest Hits - God's Favorite Band.flac,GRADUAL_ROLLOFF,"rolloff at ~21076Hz but gentle (9.8dB/kHz) - could be an old master/analog source, not necessarily transcoded",44100,21076,22050,9.8
/home/adam/driveBig/Music/My Playlist/Good Things Fall Apart - Illenium; Jon Bellion - Ascend.flac,GRADUAL_ROLLOFF,"rolloff at ~18745Hz but gentle (2.3dB/kHz) - could be an old master/analog source, not necessarily transcoded",44100,18745,22050,2.3
/home/adam/driveBig/Music/My Playlist/Good to Me - The White Stripes - Elephant.flac,GRADUAL_ROLLOFF,"rolloff at ~17840Hz but gentle (4.0dB/kHz) - could be an old master/analog source, not necessarily transcoded",44100,17840,22050,4
/home/adam/driveBig/Music/My Playlist/Goodbye - Cage The Elephant - Social Cues.flac,GRADUAL_ROLLOFF,"rolloff at ~16333Hz but gentle (3.4dB/kHz) - could be an old master/analog source, not necessarily transcoded",44100,16333,22050,3.4
/home/adam/driveBig/Music/My Playlist/Goodbye John Smith - Barns Courtney - The Attractions of Youth.flac,GRADUAL_ROLLOFF,"rolloff at ~9948Hz but gentle (3.6dB/kHz) - could be an old master/analog source, not necessarily transcoded",44100,9948,22050,3.6
/home/adam/driveBig/Music/My Playlist/Goodbye Angels - Red Hot Chili Peppers - The Getaway.flac,GRADUAL_ROLLOFF,"rolloff at ~20661Hz but gentle (4.8dB/kHz) - could be an old master/analog source, not necessarily transcoded",44100,20661,22050,4.8
/home/adam/driveBig/Music/My Playlist/Goodnight - Roy Orbison - The Very Best Of.flac,GRADUAL_ROLLOFF,"rolloff at ~13631Hz but gentle (5.9dB/kHz) - could be an old master/analog source, not necessarily transcoded",44100,13631,22050,5.9
/home/adam/driveBig/Music/My Playlist/Goodbye Stranger - Supertramp - Breakfast in America.flac,GRADUAL_ROLLOFF,"rolloff at ~18734Hz but gentle (3.4dB/kHz) - could be an old master/analog source, not necessarily transcoded",44100,18734,22050,3.4
/home/adam/driveBig/Music/My Playlist/Gossip - Tame Impala - Currents.flac,GRADUAL_ROLLOFF,"rolloff at ~20979Hz but gentle (5.8dB/kHz) - could be an old master/analog source, not necessarily transcoded",44100,20979,22050,5.8
/home/adam/driveBig/Music/My Playlist/Goodnight Adeline - Green Day - Saviors.flac,GRADUAL_ROLLOFF,"rolloff at ~20101Hz but gentle (1.8dB/kHz) - could be an old master/analog source, not necessarily transcoded",44100,20101,22050,1.8
/home/adam/driveBig/Music/My Playlist/Got Love If You Want It - The Kinks - Kinks.flac,GRADUAL_ROLLOFF,"rolloff at ~17399Hz but gentle (3.6dB/kHz) - could be an old master/analog source, not necessarily transcoded",44100,17399,22050,3.6
/home/adam/driveBig/Music/My Playlist/Got Me Under Pressure - ZZ Top - Eliminator.flac,GRADUAL_ROLLOFF,"rolloff at ~20521Hz but gentle (6.1dB/kHz) - could be an old master/analog source, not necessarily transcoded",44100,20521,22050,6.1
/home/adam/driveBig/Music/My Playlist/Gospel for a New Century - Yves Tumor - Heaven to a Tortured Mind.flac,GRADUAL_ROLLOFF,"rolloff at ~18287Hz but gentle (1.6dB/kHz) - could be an old master/analog source, not necessarily transcoded",44100,18287,22050,1.6
/home/adam/driveBig/Music/My Playlist/Goth Babe - Surf Curse - Buds.flac,GRADUAL_ROLLOFF,"rolloff at ~19622Hz but gentle (3.0dB/kHz) - could be an old master/analog source, not necessarily transcoded",44100,19622,22050,3
/home/adam/driveBig/Music/My Playlist/Gotta Be a Reason - Alec Benjamin - Narrated for You.flac,GRADUAL_ROLLOFF,"rolloff at ~18066Hz but gentle (2.6dB/kHz) - could be an old master/analog source, not necessarily transcoded",44100,18066,22050,2.6
/home/adam/driveBig/Music/My Playlist/Green Lights - NF - Perception.flac,GRADUAL_ROLLOFF,"rolloff at ~16317Hz but gentle (2.5dB/kHz) - could be an old master/analog source, not necessarily transcoded",44100,16317,22050,2.5
/home/adam/driveBig/Music/My Playlist/Great Balls of Fire - Jerry Lee Lewis.flac,GRADUAL_ROLLOFF,"rolloff at ~20360Hz but gentle (9.4dB/kHz) - could be an old master/analog source, not necessarily transcoded",44100,20360,22050,9.4
/home/adam/driveBig/Music/My Playlist/Governator - Green Day - American Idiot (20th Anniversary).flac,GRADUAL_ROLLOFF,"rolloff at ~20833Hz but gentle (7.1dB/kHz) - could be an old master/analog source, not necessarily transcoded",44100,20833,22050,7.1
/home/adam/driveBig/Music/My Playlist/Growing Old on Bleecker Street - AJR - Living Room.flac,GRADUAL_ROLLOFF,"rolloff at ~16774Hz but gentle (1.9dB/kHz) - could be an old master/analog source, not necessarily transcoded",44100,16774,22050,1.9
/home/adam/driveBig/Music/My Playlist/Green - Goodshirt - Good.flac,GRADUAL_ROLLOFF,"rolloff at ~20306Hz but gentle (8.6dB/kHz) - could be an old master/analog source, not necessarily transcoded",44100,20306,22050,8.6
/home/adam/driveBig/Music/My Playlist/Guest List - Eels - Beautiful Freak.flac,GRADUAL_ROLLOFF,"rolloff at ~16387Hz but gentle (4.8dB/kHz) - could be an old master/analog source, not necessarily transcoded",44100,16387,22050,4.8
/home/adam/driveBig/Music/My Playlist/Forgiven - Skillet - Awake.flac,GRADUAL_ROLLOFF,"rolloff at ~18034Hz but gentle (1.4dB/kHz) - could be an old master/analog source, not necessarily transcoded",44100,18034,22050,1.4
/home/adam/driveBig/Music/My Playlist/Gale Song - The Lumineers - Cleopatra.flac,GRADUAL_ROLLOFF,"rolloff at ~15289Hz but gentle (2.0dB/kHz) - could be an old master/analog source, not necessarily transcoded",44100,15289,22050,2
/home/adam/driveBig/Music/My Playlist/Get It Faster - Jimmy Eat World - Bleed American.flac,GRADUAL_ROLLOFF,"rolloff at ~20553Hz but gentle (7.1dB/kHz) - could be an old master/analog source, not necessarily transcoded",44100,20553,22050,7.1
/home/adam/driveBig/Music/My Playlist/Go It Alone - Beck - Guero.flac,GRADUAL_ROLLOFF,"rolloff at ~15466Hz but gentle (2.0dB/kHz) - could be an old master/analog source, not necessarily transcoded",44100,15466,22050,2
/home/adam/driveBig/Music/My Playlist/Ghosts - The Head and the Heart - The Head and the Heart.flac,GRADUAL_ROLLOFF,"rolloff at ~20548Hz but gentle (8.9dB/kHz) - could be an old master/analog source, not necessarily transcoded",44100,20548,22050,8.9
/home/adam/driveBig/Music/My Playlist/Guitar is Dead - Marcin - Dragon in Harmony.flac,GRADUAL_ROLLOFF,"rolloff at ~18400Hz but gentle (2.7dB/kHz) - could be an old master/analog source, not necessarily transcoded",44100,18400,22050,2.7
/home/adam/driveBig/Music/My Playlist/Going Down In Flames - 3 Doors Down - Away From the Sun.flac,GRADUAL_ROLLOFF,"rolloff at ~21016Hz but gentle (10.5dB/kHz) - could be an old master/analog source, not necessarily transcoded",44100,21016,22050,10.5
/home/adam/driveBig/Music/My Playlist/Golden Hour - Jvke - This is What ____ Feels Like.flac,GRADUAL_ROLLOFF,"rolloff at ~21027Hz but gentle (11.5dB/kHz) - could be an old master/analog source, not necessarily transcoded",44100,21027,22050,11.5
/home/adam/driveBig/Music/My Playlist/Good Time - Cage The Elephant - Neon Pill.flac,GRADUAL_ROLLOFF,"rolloff at ~17313Hz but gentle (-0.8dB/kHz) - could be an old master/analog source, not necessarily transcoded",44100,17313,22050,-0.8
/home/adam/driveBig/Music/My Playlist/Gossip - Måneskin; Tom Morello - Rush! (Are U Coming).flac,GRADUAL_ROLLOFF,"rolloff at ~18519Hz but gentle (4.3dB/kHz) - could be an old master/analog source, not necessarily transcoded",44100,18519,22050,4.3
/home/adam/driveBig/Music/My Playlist/Gun Song - The Lumineers - Cleopatra.flac,GRADUAL_ROLLOFF,"rolloff at ~13684Hz but gentle (2.9dB/kHz) - could be an old master/analog source, not necessarily transcoded",44100,13684,22050,2.9
/home/adam/driveBig/Music/My Playlist/Guns for Hands - Twenty One Pilots - Vessel.flac,GRADUAL_ROLLOFF,"rolloff at ~21070Hz but gentle (11.0dB/kHz) - could be an old master/analog source, not necessarily transcoded",44100,21070,22050,11
/home/adam/driveBig/Music/My Playlist/Half - Soundgarden - Superunknown (Deluxe Edition).flac,GRADUAL_ROLLOFF,"rolloff at ~15649Hz but gentle (1.1dB/kHz) - could be an old master/analog source, not necessarily transcoded",44100,15649,22050,1.1
/home/adam/driveBig/Music/My Playlist/Gunman - Them Crooked Vultures - Them Crooked Vultures.flac,GRADUAL_ROLLOFF,"rolloff at ~17894Hz but gentle (3.7dB/kHz) - could be an old master/analog source, not necessarily transcoded",44100,17894,22050,3.7
/home/adam/driveBig/Music/My Playlist/Half Man Half Shark - King Krule - The Ooz.flac,GRADUAL_ROLLOFF,"rolloff at ~20688Hz but gentle (7.3dB/kHz) - could be an old master/analog source, not necessarily transcoded",44100,20688,22050,7.3
"/home/adam/driveBig/Music/My Playlist/Half-Truism - The Offspring - Rise and Fall, Rage and Grace.flac",GRADUAL_ROLLOFF,"rolloff at ~17716Hz but gentle (2.8dB/kHz) - could be an old master/analog source, not necessarily transcoded",44100,17716,22050,2.8
/home/adam/driveBig/Music/My Playlist/Hallowed Be Thy Name - Iron Maiden - The Number of the Beast  (2015 Remaster).flac,GRADUAL_ROLLOFF,"rolloff at ~16554Hz but gentle (3.0dB/kHz) - could be an old master/analog source, not necessarily transcoded",44100,16554,22050,3
/home/adam/driveBig/Music/My Playlist/Hamster Baby - Bikini Kill - Pussy Whipped.flac,GRADUAL_ROLLOFF,"rolloff at ~14745Hz but gentle (3.3dB/kHz) - could be an old master/analog source, not necessarily transcoded",44100,14745,22050,3.3
/home/adam/driveBig/Music/My Playlist/Hand In Hand - Dire Straits - Making Movies.flac,GRADUAL_ROLLOFF,"rolloff at ~15127Hz but gentle (2.2dB/kHz) - could be an old master/analog source, not necessarily transcoded",44100,15127,22050,2.2
/home/adam/driveBig/Music/My Playlist/Hand of Doom - Black Sabbath - Paranoid (2012 Remaster).flac,GRADUAL_ROLLOFF,"rolloff at ~15848Hz but gentle (2.9dB/kHz) - could be an old master/analog source, not necessarily transcoded",44100,15848,22050,2.9
/home/adam/driveBig/Music/My Playlist/Hallelujah - Paramore - RIOT!.flac,GRADUAL_ROLLOFF,"rolloff at ~19902Hz but gentle (0.3dB/kHz) - could be an old master/analog source, not necessarily transcoded",44100,19902,22050,0.3
/home/adam/driveBig/Music/My Playlist/Hallelujah - Panic! At The Disco - Death of a Bachelor.flac,GRADUAL_ROLLOFF,"rolloff at ~19800Hz but gentle (2.6dB/kHz) - could be an old master/analog source, not necessarily transcoded",44100,19800,22050,2.6
/home/adam/driveBig/Music/My Playlist/Handle This - Sum 41 - All Killer No Filler.flac,GRADUAL_ROLLOFF,"rolloff at ~20693Hz but gentle (4.2dB/kHz) - could be an old master/analog source, not necessarily transcoded",44100,20693,22050,4.2
/home/adam/driveBig/Music/My Playlist/Hand‐Made - alt-J - An Awesome Wave.flac,GRADUAL_ROLLOFF,"rolloff at ~20672Hz but gentle (9.1dB/kHz) - could be an old master/analog source, not necessarily transcoded",44100,20672,22050,9.1
/home/adam/driveBig/Music/My Playlist/Hard - Hayley Williams - Ego Death at a Bachelorette Party.flac,GRADUAL_ROLLOFF,"rolloff at ~20785Hz but gentle (10.1dB/kHz) - could be an old master/analog source, not necessarily transcoded",44100,20785,22050,10.1
/home/adam/driveBig/Music/My Playlist/Hangin' Tree - Queens Of The Stone Age - Songs For The Deaf.flac,GRADUAL_ROLLOFF,"rolloff at ~17022Hz but gentle (2.0dB/kHz) - could be an old master/analog source, not necessarily transcoded",44100,17022,22050,2
/home/adam/driveBig/Music/My Playlist/Hanging On the Telephone - Blondie - The Best of Blondie.flac,GRADUAL_ROLLOFF,"rolloff at ~15978Hz but gentle (2.0dB/kHz) - could be an old master/analog source, not necessarily transcoded",44100,15978,22050,2
/home/adam/driveBig/Music/My Playlist/Hang On to Yourself - David Bowie - The Rise and Fall of Ziggy Stardust and the Spiders From Mars.flac,GRADUAL_ROLLOFF,"rolloff at ~16634Hz but gentle (3.8dB/kHz) - could be an old master/analog source, not necessarily transcoded",44100,16634,22050,3.8
/home/adam/driveBig/Music/My Playlist/Hard Luck Woman - Kiss - The Very Best of KISS.flac,GRADUAL_ROLLOFF,"rolloff at ~12048Hz but gentle (0.1dB/kHz) - could be an old master/analog source, not necessarily transcoded",44100,12048,22050,0.1
/home/adam/driveBig/Music/My Playlist/Happy til it hurts - Tai Verdes - TV.flac,GRADUAL_ROLLOFF,"rolloff at ~20225Hz but gentle (5.2dB/kHz) - could be an old master/analog source, not necessarily transcoded",44100,20225,22050,5.2
/home/adam/driveBig/Music/My Playlist/Hard to Concentrate - Red Hot Chili Peppers - Stadium Arcadium.flac,GRADUAL_ROLLOFF,"rolloff at ~20936Hz but gentle (9.7dB/kHz) - could be an old master/analog source, not necessarily transcoded",44100,20936,22050,9.7
/home/adam/driveBig/Music/My Playlist/Hard To Love - ONE OK ROCK - Ambitions.flac,GRADUAL_ROLLOFF,"rolloff at ~20295Hz but gentle (5.7dB/kHz) - could be an old master/analog source, not necessarily transcoded",44100,20295,22050,5.7
/home/adam/driveBig/Music/My Playlist/Hard to Explain - The Strokes - Is This It.flac,GRADUAL_ROLLOFF,"rolloff at ~20112Hz but gentle (3.5dB/kHz) - could be an old master/analog source, not necessarily transcoded",44100,20112,22050,3.5
/home/adam/driveBig/Music/My Playlist/Has This Hit - King Krule - 6 Feet Beneath the Moon.flac,GRADUAL_ROLLOFF,"rolloff at ~19143Hz but gentle (1.7dB/kHz) - could be an old master/analog source, not necessarily transcoded",44100,19143,22050,1.7
"/home/adam/driveBig/Music/My Playlist/Harder, Better, Faster, Stronger - Daft Punk - Discovery.flac",GRADUAL_ROLLOFF,"rolloff at ~17986Hz but gentle (1.7dB/kHz) - could be an old master/analog source, not necessarily transcoded",44100,17986,22050,1.7
/home/adam/driveBig/Music/My Playlist/Hate Myself - NF - The Search.flac,GRADUAL_ROLLOFF,"rolloff at ~16468Hz but gentle (1.5dB/kHz) - could be an old master/analog source, not necessarily transcoded",44100,16468,22050,1.5
/home/adam/driveBig/Music/My Playlist/Hate To See Your Heart Break - Paramore - Paramore.flac,GRADUAL_ROLLOFF,"rolloff at ~19924Hz but gentle (4.7dB/kHz) - could be an old master/analog source, not necessarily transcoded",44100,19924,22050,4.7
/home/adam/driveBig/Music/My Playlist/Have You Ever - Incubus - Morning View.flac,GRADUAL_ROLLOFF,"rolloff at ~20473Hz but gentle (4.6dB/kHz) - could be an old master/analog source, not necessarily transcoded",44100,20473,22050,4.6
/home/adam/driveBig/Music/My Playlist/Have You Ever - The Offspring - Americana.flac,GRADUAL_ROLLOFF,"rolloff at ~18519Hz but gentle (2.9dB/kHz) - could be an old master/analog source, not necessarily transcoded",44100,18519,22050,2.9
/home/adam/driveBig/Music/My Playlist/Have You Ever Loved A Woman - Derek and the Dominos - Layla & Other Assorted Love Songs.flac,GRADUAL_ROLLOFF,"rolloff at ~17593Hz but gentle (1.7dB/kHz) - could be an old master/analog source, not necessarily transcoded",44100,17593,22050,1.7
/home/adam/driveBig/Music/My Playlist/Haze of Love - CAKE - Motorcade of Generosity.flac,GRADUAL_ROLLOFF,"rolloff at ~16252Hz but gentle (1.4dB/kHz) - could be an old master/analog source, not necessarily transcoded",44100,16252,22050,1.4
/home/adam/driveBig/Music/My Playlist/Have You Ever Seen the Rain - Creedence Clearwater Revival - Platinum.flac,GRADUAL_ROLLOFF,"rolloff at ~20677Hz but gentle (5.5dB/kHz) - could be an old master/analog source, not necessarily transcoded",44100,20677,22050,5.5
/home/adam/driveBig/Music/My Playlist/Head and Heart - America - Homecoming.flac,GRADUAL_ROLLOFF,"rolloff at ~15967Hz but gentle (3.2dB/kHz) - could be an old master/analog source, not necessarily transcoded",44100,15967,22050,3.2
/home/adam/driveBig/Music/My Playlist/Hazy - Red Vox - What Could Go Wrong.flac,GRADUAL_ROLLOFF,"rolloff at ~19229Hz but gentle (3.3dB/kHz) - could be an old master/analog source, not necessarily transcoded",44100,19229,22050,3.3
/home/adam/driveBig/Music/My Playlist/Head Down - Soundgarden - Superunknown (Deluxe Edition).flac,GRADUAL_ROLLOFF,"rolloff at ~17646Hz but gentle (3.1dB/kHz) - could be an old master/analog source, not necessarily transcoded",44100,17646,22050,3.1
/home/adam/driveBig/Music/My Playlist/Head Carrier - Pixies.flac,GRADUAL_ROLLOFF,"rolloff at ~19773Hz but gentle (6.4dB/kHz) - could be an old master/analog source, not necessarily transcoded",44100,19773,22050,6.4
/home/adam/driveBig/Music/My Playlist/Headup - Deftones - Around the Fur.flac,GRADUAL_ROLLOFF,"rolloff at ~20500Hz but gentle (7.1dB/kHz) - could be an old master/analog source, not necessarily transcoded",44100,20500,22050,7.1
/home/adam/driveBig/Music/My Playlist/Hear You Me - Jimmy Eat World - Bleed American.flac,GRADUAL_ROLLOFF,"rolloff at ~20327Hz but gentle (5.2dB/kHz) - could be an old master/analog source, not necessarily transcoded",44100,20327,22050,5.2
/home/adam/driveBig/Music/My Playlist/Headlong - Queen - Innuendo (Deluxe Edition 2011 Remaster).flac,GRADUAL_ROLLOFF,"rolloff at ~20742Hz but gentle (6.9dB/kHz) - could be an old master/analog source, not necessarily transcoded",44100,20742,22050,6.9
/home/adam/driveBig/Music/My Playlist/Heart and Soul - Huey Lewis & The News - Greatest Hits.flac,GRADUAL_ROLLOFF,"rolloff at ~20812Hz but gentle (10.2dB/kHz) - could be an old master/analog source, not necessarily transcoded",44100,20812,22050,10.2
/home/adam/driveBig/Music/My Playlist/Headwires - Foo Fighters - There Is Nothing Left To Lose.flac,GRADUAL_ROLLOFF,"rolloff at ~20392Hz but gentle (6.7dB/kHz) - could be an old master/analog source, not necessarily transcoded",44100,20392,22050,6.7
/home/adam/driveBig/Music/My Playlist/Heart Is A Drum - Beck - Morning Phase.flac,GRADUAL_ROLLOFF,"rolloff at ~17227Hz but gentle (1.6dB/kHz) - could be an old master/analog source, not necessarily transcoded",44100,17227,22050,1.6
/home/adam/driveBig/Music/My Playlist/Heart Attack - Sum 41 - All Killer No Filler.flac,GRADUAL_ROLLOFF,"rolloff at ~21054Hz but gentle (8.7dB/kHz) - could be an old master/analog source, not necessarily transcoded",44100,21054,22050,8.7
/home/adam/driveBig/Music/My Playlist/Heart Of Glass - Blondie - Parallel Lines.flac,GRADUAL_ROLLOFF,"rolloff at ~20489Hz but gentle (5.5dB/kHz) - could be an old master/analog source, not necessarily transcoded",44100,20489,22050,5.5
/home/adam/driveBig/Music/My Playlist/Heart of Ice - BoyWithUke - Serotonin Dreams.flac,GRADUAL_ROLLOFF,"rolloff at ~21113Hz but gentle (11.4dB/kHz) - could be an old master/analog source, not necessarily transcoded",44100,21113,22050,11.4
/home/adam/driveBig/Music/My Playlist/Heart Shaped Tattoo - Daniel Champagne - Fault Lines.flac,GRADUAL_ROLLOFF,"rolloff at ~16930Hz but gentle (2.7dB/kHz) - could be an old master/analog source, not necessarily transcoded",44100,16930,22050,2.7
/home/adam/driveBig/Music/My Playlist/Heart-Shaped Box - Nirvana - In Utero (Deluxe Edition).flac,GRADUAL_ROLLOFF,"rolloff at ~15714Hz but gentle (1.7dB/kHz) - could be an old master/analog source, not necessarily transcoded",44100,15714,22050,1.7
/home/adam/driveBig/Music/My Playlist/Heartache - Roy Orbison - The Very Best Of.flac,GRADUAL_ROLLOFF,"rolloff at ~16403Hz but gentle (1.8dB/kHz) - could be an old master/analog source, not necessarily transcoded",44100,16403,22050,1.8
/home/adam/driveBig/Music/My Playlist/Heart-Shaped Box - Marcin - Dragon in Harmony.flac,GRADUAL_ROLLOFF,"rolloff at ~20516Hz but gentle (4.6dB/kHz) - could be an old master/analog source, not necessarily transcoded",44100,20516,22050,4.6
/home/adam/driveBig/Music/My Playlist/Hearts on Fire - Daniel Champagne - Fault Lines.flac,GRADUAL_ROLLOFF,"rolloff at ~13254Hz but gentle (1.7dB/kHz) - could be an old master/analog source, not necessarily transcoded",44100,13254,22050,1.7
/home/adam/driveBig/Music/My Playlist/Heart‐Shaped Box - Nirvana - In Utero.flac,GRADUAL_ROLLOFF,"rolloff at ~15095Hz but gentle (1.8dB/kHz) - could be an old master/analog source, not necessarily transcoded",44100,15095,22050,1.8
/home/adam/driveBig/Music/My Playlist/Heathers - Surf Curse - Buds.flac,GRADUAL_ROLLOFF,"rolloff at ~19611Hz but gentle (2.1dB/kHz) - could be an old master/analog source, not necessarily transcoded",44100,19611,22050,2.1
/home/adam/driveBig/Music/My Playlist/Heaven Go Easy on Me - The Head and the Heart - The Head and the Heart.flac,GRADUAL_ROLLOFF,"rolloff at ~19590Hz but gentle (1.8dB/kHz) - could be an old master/analog source, not necessarily transcoded",44100,19590,22050,1.8
/home/adam/driveBig/Music/My Playlist/Heaven Forbid - The Fray - How to Save a Life.flac,GRADUAL_ROLLOFF,"rolloff at ~20666Hz but gentle (9.5dB/kHz) - could be an old master/analog source, not necessarily transcoded",44100,20666,22050,9.5
"/home/adam/driveBig/Music/My Playlist/Heaven is a Truck - Pavement - Crooked Rain, Crooked Rain.flac",GRADUAL_ROLLOFF,"rolloff at ~18007Hz but gentle (3.6dB/kHz) - could be an old master/analog source, not necessarily transcoded",44100,18007,22050,3.6
/home/adam/driveBig/Music/My Playlist/Heavy Load - Free - Fire And Water.flac,GRADUAL_ROLLOFF,"rolloff at ~13776Hz but gentle (3.5dB/kHz) - could be an old master/analog source, not necessarily transcoded",44100,13776,22050,3.5
/home/adam/driveBig/Music/My Playlist/Heavydirtysoul - Twenty One Pilots - Blurryface.flac,GRADUAL_ROLLOFF,"rolloff at ~19864Hz but gentle (2.9dB/kHz) - could be an old master/analog source, not necessarily transcoded",44100,19864,22050,2.9
/home/adam/driveBig/Music/My Playlist/Hell Yes - Beck - Guero.flac,GRADUAL_ROLLOFF,"rolloff at ~18669Hz but gentle (6.6dB/kHz) - could be an old master/analog source, not necessarily transcoded",44100,18669,22050,6.6
/home/adam/driveBig/Music/My Playlist/Hello - Oasis - (What's The Story) Morning Glory.flac,GRADUAL_ROLLOFF,"rolloff at ~15972Hz but gentle (2.2dB/kHz) - could be an old master/analog source, not necessarily transcoded",44100,15972,22050,2.2
/home/adam/driveBig/Music/My Playlist/Hello I Love You - The Doors - Greatest Hits.flac,GRADUAL_ROLLOFF,"rolloff at ~13991Hz but gentle (1.6dB/kHz) - could be an old master/analog source, not necessarily transcoded",44100,13991,22050,1.6
/home/adam/driveBig/Music/My Playlist/Hellfire - Barns Courtney - The Dull Drums EP.flac,GRADUAL_ROLLOFF,"rolloff at ~20413Hz but gentle (10.8dB/kHz) - could be an old master/analog source, not necessarily transcoded",44100,20413,22050,10.8
/home/adam/driveBig/Music/My Playlist/Hellfire - Barns Courtney - The Attractions of Youth.flac,GRADUAL_ROLLOFF,"rolloff at ~20413Hz but gentle (10.7dB/kHz) - could be an old master/analog source, not necessarily transcoded",44100,20413,22050,10.7
/home/adam/driveBig/Music/My Playlist/Hells Bells - AC-DC - Back in Black.flac,GRADUAL_ROLLOFF,"rolloff at ~16532Hz but gentle (1.2dB/kHz) - could be an old master/analog source, not necessarily transcoded",44100,16532,22050,1.2
/home/adam/driveBig/Music/My Playlist/Here She Comes - Slowdive - Souvlaki.flac,GRADUAL_ROLLOFF,"rolloff at ~20882Hz but gentle (11.0dB/kHz) - could be an old master/analog source, not necessarily transcoded",44100,20882,22050,11
/home/adam/driveBig/Music/My Playlist/Here Without You - 3 Doors Down - Away From the Sun.flac,GRADUAL_ROLLOFF,"rolloff at ~20726Hz but gentle (7.4dB/kHz) - could be an old master/analog source, not necessarily transcoded",44100,20726,22050,7.4
/home/adam/driveBig/Music/My Playlist/Here's Your Letter - Blink-182 - Blink-182.flac,GRADUAL_ROLLOFF,"rolloff at ~16290Hz but gentle (1.2dB/kHz) - could be an old master/analog source, not necessarily transcoded",44100,16290,22050,1.2
/home/adam/driveBig/Music/My Playlist/Hero - Skillet - Awake.flac,GRADUAL_ROLLOFF,"rolloff at ~18120Hz but gentle (2.5dB/kHz) - could be an old master/analog source, not necessarily transcoded",44100,18120,22050,2.5
/home/adam/driveBig/Music/My Playlist/Hesitation Gen - Kings of Leon - Can We Please Have Fun.flac,GRADUAL_ROLLOFF,"rolloff at ~20715Hz but gentle (5.7dB/kHz) - could be an old master/analog source, not necessarily transcoded",44100,20715,22050,5.7
/home/adam/driveBig/Music/My Playlist/Hey - Red Hot Chili Peppers - Stadium Arcadium.flac,GRADUAL_ROLLOFF,"rolloff at ~20451Hz but gentle (3.0dB/kHz) - could be an old master/analog source, not necessarily transcoded",44100,20451,22050,3
/home/adam/driveBig/Music/My Playlist/Hello Signals - Ado - Ado's Best Adobum.flac,GRADUAL_ROLLOFF,"rolloff at ~20586Hz but gentle (9.3dB/kHz) - could be an old master/analog source, not necessarily transcoded",44100,20586,22050,9.3
/home/adam/driveBig/Music/My Playlist/Hey I Don’t Know - Kongos - Lunatic.flac,GRADUAL_ROLLOFF,"rolloff at ~9604Hz but gentle (1.6dB/kHz) - could be an old master/analog source, not necessarily transcoded",44100,9604,22050,1.6
/home/adam/driveBig/Music/My Playlist/Hey Now - Oasis - (What's The Story) Morning Glory.flac,GRADUAL_ROLLOFF,"rolloff at ~14643Hz but gentle (3.2dB/kHz) - could be an old master/analog source, not necessarily transcoded",44100,14643,22050,3.2
/home/adam/driveBig/Music/My Playlist/Hi Ren - Ren.flac,GRADUAL_ROLLOFF,"rolloff at ~21022Hz but gentle (11.5dB/kHz) - could be an old master/analog source, not necessarily transcoded",44100,21022,22050,11.5
"/home/adam/driveBig/Music/My Playlist/Hey, Soul Sister - Train - Save Me, San Francisco (Golden Gate Edition).flac",GRADUAL_ROLLOFF,"rolloff at ~18809Hz but gentle (3.4dB/kHz) - could be an old master/analog source, not necessarily transcoded",44100,18809,22050,3.4
/home/adam/driveBig/Music/My Playlist/Hide - Creed - Weathered.flac,GRADUAL_ROLLOFF,"rolloff at ~16155Hz but gentle (2.3dB/kHz) - could be an old master/analog source, not necessarily transcoded",44100,16155,22050,2.3
/home/adam/driveBig/Music/My Playlist/High to Death - Car Seat Headrest - Twin Fantasy (Mirror To Mirror).flac,GRADUAL_ROLLOFF,"rolloff at ~12882Hz but gentle (3.2dB/kHz) - could be an old master/analog source, not necessarily transcoded",44100,12882,22050,3.2
/home/adam/driveBig/Music/My Playlist/High to Death - Car Seat Headrest - Twin Fantasy.flac,GRADUAL_ROLLOFF,"rolloff at ~20505Hz but gentle (7.3dB/kHz) - could be an old master/analog source, not necessarily transcoded",44100,20505,22050,7.3
/home/adam/driveBig/Music/My Playlist/HiFi (True Light) - Cage The Elephant - Neon Pill.flac,GRADUAL_ROLLOFF,"rolloff at ~17679Hz but gentle (-0.0dB/kHz) - could be an old master/analog source, not necessarily transcoded",44100,17679,22050,0
/home/adam/driveBig/Music/My Playlist/High Hopes - Joji; Omar Apollo - Nectar.flac,GRADUAL_ROLLOFF,"rolloff at ~20920Hz but gentle (10.1dB/kHz) - could be an old master/analog source, not necessarily transcoded",44100,20920,22050,10.1
/home/adam/driveBig/Music/My Playlist/Highs Goodbyes and Lows - BoyWithUke - BoyWithUke - B Sides.flac,GRADUAL_ROLLOFF,"rolloff at ~19482Hz but gentle (3.8dB/kHz) - could be an old master/analog source, not necessarily transcoded",44100,19482,22050,3.8
/home/adam/driveBig/Music/My Playlist/High Life - Daft Punk - Discovery.flac,GRADUAL_ROLLOFF,"rolloff at ~20785Hz but gentle (9.8dB/kHz) - could be an old master/analog source, not necessarily transcoded",44100,20785,22050,9.8
/home/adam/driveBig/Music/My Playlist/Higher Ground - Red Hot Chili Peppers - Mother's Milk.flac,GRADUAL_ROLLOFF,"rolloff at ~17447Hz but gentle (1.2dB/kHz) - could be an old master/analog source, not necessarily transcoded",44100,17447,22050,1.2
/home/adam/driveBig/Music/My Playlist/Hiphopopotamus vs. Rhymenoceros - Flight of the Conchords - Flight of the Conchords.flac,GRADUAL_ROLLOFF,"rolloff at ~20225Hz but gentle (2.3dB/kHz) - could be an old master/analog source, not necessarily transcoded",44100,20225,22050,2.3
"/home/adam/driveBig/Music/My Playlist/Hit the Plane Down - Pavement - Crooked Rain, Crooked Rain.flac",GRADUAL_ROLLOFF,"rolloff at ~17937Hz but gentle (1.6dB/kHz) - could be an old master/analog source, not necessarily transcoded",44100,17937,22050,1.6
/home/adam/driveBig/Music/My Playlist/Hit the Floor - Linkin Park - Meteora.flac,GRADUAL_ROLLOFF,"rolloff at ~18836Hz but gentle (2.3dB/kHz) - could be an old master/analog source, not necessarily transcoded",44100,18836,22050,2.3
/home/adam/driveBig/Music/My Playlist/Hip to Be Square - Huey Lewis & The News - Greatest Hits.flac,GRADUAL_ROLLOFF,"rolloff at ~20801Hz but gentle (9.8dB/kHz) - could be an old master/analog source, not necessarily transcoded",44100,20801,22050,9.8
/home/adam/driveBig/Music/My Playlist/Hitchin' A Ride - Green Day - Greatest Hits - God's Favorite Band.flac,GRADUAL_ROLLOFF,"rolloff at ~20090Hz but gentle (2.6dB/kHz) - could be an old master/analog source, not necessarily transcoded",44100,20090,22050,2.6
"/home/adam/driveBig/Music/My Playlist/Hobo Outside Tesco, London (interlude) - Barns Courtney - The Attractions of Youth.flac",GRADUAL_ROLLOFF,"rolloff at ~20171Hz but gentle (8.3dB/kHz) - could be an old master/analog source, not necessarily transcoded",44100,20171,22050,8.3
/home/adam/driveBig/Music/My Playlist/Hold On - Good Charlotte - The Young and the Hopeless.flac,GRADUAL_ROLLOFF,"rolloff at ~11256Hz but gentle (1.3dB/kHz) - could be an old master/analog source, not necessarily transcoded",44100,11256,22050,1.3
/home/adam/driveBig/Music/My Playlist/Hold On - Limp Bizkit - Chocolate Starfish and the Hot Dog Flavored Water.flac,GRADUAL_ROLLOFF,"rolloff at ~15633Hz but gentle (0.6dB/kHz) - could be an old master/analog source, not necessarily transcoded",44100,15633,22050,0.6
/home/adam/driveBig/Music/My Playlist/hole in the moon - ivri - the theory of you.flac,GRADUAL_ROLLOFF,"rolloff at ~18928Hz but gentle (1.5dB/kHz) - could be an old master/analog source, not necessarily transcoded",44100,18928,22050,1.5
/home/adam/driveBig/Music/My Playlist/Holding Poison - Foo Fighters - Medicine at Midnight.flac,GRADUAL_ROLLOFF,"rolloff at ~16446Hz but gentle (1.1dB/kHz) - could be an old master/analog source, not necessarily transcoded",44100,16446,22050,1.1
/home/adam/driveBig/Music/My Playlist/Holes - Passenger - All the Little Lights.flac,GRADUAL_ROLLOFF,"rolloff at ~16607Hz but gentle (1.8dB/kHz) - could be an old master/analog source, not necessarily transcoded",44100,16607,22050,1.8
/home/adam/driveBig/Music/My Playlist/Holiday - Green Day - Greatest Hits - God's Favorite Band.flac,GRADUAL_ROLLOFF,"rolloff at ~18998Hz but gentle (4.7dB/kHz) - could be an old master/analog source, not necessarily transcoded",44100,18998,22050,4.7
/home/adam/driveBig/Music/My Playlist/HOLIDAY - Turnstile - GLOW ON.flac,GRADUAL_ROLLOFF,"rolloff at ~20408Hz but gentle (4.8dB/kHz) - could be an old master/analog source, not necessarily transcoded",44100,20408,22050,4.8
/home/adam/driveBig/Music/My Playlist/Holland Road - Mumford & Sons - Babel.flac,GRADUAL_ROLLOFF,"rolloff at ~14357Hz but gentle (2.1dB/kHz) - could be an old master/analog source, not necessarily transcoded",44100,14357,22050,2.1
/home/adam/driveBig/Music/My Playlist/Home - Barns Courtney - Hard to Be Alone.flac,GRADUAL_ROLLOFF,"rolloff at ~16597Hz but gentle (5.5dB/kHz) - could be an old master/analog source, not necessarily transcoded",44100,16597,22050,5.5
/home/adam/driveBig/Music/My Playlist/Homage - Mild High Club - Skiptracing.flac,GRADUAL_ROLLOFF,"rolloff at ~18309Hz but gentle (-0.8dB/kHz) - could be an old master/analog source, not necessarily transcoded",44100,18309,22050,-0.8
"/home/adam/driveBig/Music/My Playlist/Home - Foo Fighters - Echoes, Silence, Patience & Grace.flac",GRADUAL_ROLLOFF,"rolloff at ~4522Hz but gentle (0.3dB/kHz) - could be an old master/analog source, not necessarily transcoded",44100,4522,22050,0.3
/home/adam/driveBig/Music/My Playlist/Home - DIIV - Oshin.flac,GRADUAL_ROLLOFF,"rolloff at ~15994Hz but gentle (9.5dB/kHz) - could be an old master/analog source, not necessarily transcoded",44100,15994,22050,9.5
/home/adam/driveBig/Music/My Playlist/Hollow - Barns Courtney - 404.flac,GRADUAL_ROLLOFF,"rolloff at ~20397Hz but gentle (11.8dB/kHz) - could be an old master/analog source, not necessarily transcoded",44100,20397,22050,11.8
/home/adam/driveBig/Music/My Playlist/Home to Me - Daniel Champagne - Fault Lines.flac,GRADUAL_ROLLOFF,"rolloff at ~16279Hz but gentle (1.2dB/kHz) - could be an old master/analog source, not necessarily transcoded",44100,16279,22050,1.2
/home/adam/driveBig/Music/My Playlist/Home - Edward Sharpe & The Magnetic Zeros - Up From Below.flac,GRADUAL_ROLLOFF,"rolloff at ~21140Hz but gentle (3.4dB/kHz) - could be an old master/analog source, not necessarily transcoded",44100,21140,22050,3.4
/home/adam/driveBig/Music/My Playlist/Hoodoo - Muse - Black Holes and Revelations.flac,GRADUAL_ROLLOFF,"rolloff at ~17684Hz but gentle (0.8dB/kHz) - could be an old master/analog source, not necessarily transcoded",44100,17684,22050,0.8
/home/adam/driveBig/Music/My Playlist/Honey Come Home - The Head and the Heart - The Head and the Heart.flac,GRADUAL_ROLLOFF,"rolloff at ~20209Hz but gentle (7.7dB/kHz) - could be an old master/analog source, not necessarily transcoded",44100,20209,22050,7.7
/home/adam/driveBig/Music/My Playlist/Honey (Are U Coming) - Måneskin.flac,GRADUAL_ROLLOFF,"rolloff at ~19025Hz but gentle (2.4dB/kHz) - could be an old master/analog source, not necessarily transcoded",44100,19025,22050,2.4
/home/adam/driveBig/Music/My Playlist/Honey (Are U Coming) - Måneskin - Rush! (Are U Coming).flac,GRADUAL_ROLLOFF,"rolloff at ~19025Hz but gentle (2.4dB/kHz) - could be an old master/analog source, not necessarily transcoded",44100,19025,22050,2.4
/home/adam/driveBig/Music/My Playlist/Hope - R.E.M. - Up (25th Anniversary Edition).flac,GRADUAL_ROLLOFF,"rolloff at ~20591Hz but gentle (5.6dB/kHz) - could be an old master/analog source, not necessarily transcoded",44100,20591,22050,5.6
/home/adam/driveBig/Music/My Playlist/Hope You Love Me Like You Say You Do - Huey Lewis & The News - Greatest Hits.flac,GRADUAL_ROLLOFF,"rolloff at ~20715Hz but gentle (8.7dB/kHz) - could be an old master/analog source, not necessarily transcoded",44100,20715,22050,8.7
/home/adam/driveBig/Music/My Playlist/Hopeless Wanderer - Mumford & Sons - Babel.flac,GRADUAL_ROLLOFF,"rolloff at ~13480Hz but gentle (2.0dB/kHz) - could be an old master/analog source, not necessarily transcoded",44100,13480,22050,2
/home/adam/driveBig/Music/My Playlist/Horses to Water - Joji - Piss in the Wind.flac,GRADUAL_ROLLOFF,"rolloff at ~17399Hz but gentle (1.7dB/kHz) - could be an old master/analog source, not necessarily transcoded",44100,17399,22050,1.7
/home/adam/driveBig/Music/My Playlist/Hopeless Romantic - BoyWithUke - BoyWithUke - B Sides.flac,GRADUAL_ROLLOFF,"rolloff at ~13910Hz but gentle (1.8dB/kHz) - could be an old master/analog source, not necessarily transcoded",44100,13910,22050,1.8
/home/adam/driveBig/Music/My Playlist/Horsehead - DIIV - Deceiver.flac,GRADUAL_ROLLOFF,"rolloff at ~20936Hz but gentle (11.6dB/kHz) - could be an old master/analog source, not necessarily transcoded",44100,20936,22050,11.6
/home/adam/driveBig/Music/My Playlist/Horizons - Bernth.flac,GRADUAL_ROLLOFF,"rolloff at ~19994Hz but gentle (11.4dB/kHz) - could be an old master/analog source, not necessarily transcoded",44100,19994,22050,11.4
/home/adam/driveBig/Music/My Playlist/Hot Dog - Limp Bizkit - Chocolate Starfish and the Hot Dog Flavored Water.flac,GRADUAL_ROLLOFF,"rolloff at ~17889Hz but gentle (2.6dB/kHz) - could be an old master/analog source, not necessarily transcoded",44100,17889,22050,2.6
/home/adam/driveBig/Music/My Playlist/Hard to Be Alone - Barns Courtney.flac,GRADUAL_ROLLOFF,"rolloff at ~14713Hz but gentle (3.1dB/kHz) - could be an old master/analog source, not necessarily transcoded",44100,14713,22050,3.1
/home/adam/driveBig/Music/My Playlist/Hot Blood - KALEO - A-B.flac,GRADUAL_ROLLOFF,"rolloff at ~19676Hz but gentle (0.8dB/kHz) - could be an old master/analog source, not necessarily transcoded",44100,19676,22050,0.8
/home/adam/driveBig/Music/My Playlist/Hotel California - Joji - Piss in the Wind.flac,GRADUAL_ROLLOFF,"rolloff at ~19294Hz but gentle (2.3dB/kHz) - could be an old master/analog source, not necessarily transcoded",44100,19294,22050,2.3
"/home/adam/driveBig/Music/My Playlist/Hammerhead - The Offspring - Rise and Fall, Rage and Grace.flac",GRADUAL_ROLLOFF,"rolloff at ~17700Hz but gentle (0.9dB/kHz) - could be an old master/analog source, not necessarily transcoded",44100,17700,22050,0.9
/home/adam/driveBig/Music/My Playlist/Having a Blast - Green Day - Dookie.flac,GRADUAL_ROLLOFF,"rolloff at ~18868Hz but gentle (2.5dB/kHz) - could be an old master/analog source, not necessarily transcoded",44100,18868,22050,2.5
/home/adam/driveBig/Music/My Playlist/Hey Kids - Jet - Get Born.flac,GRADUAL_ROLLOFF,"rolloff at ~21097Hz but gentle (11.2dB/kHz) - could be an old master/analog source, not necessarily transcoded",44100,21097,22050,11.2
/home/adam/driveBig/Music/My Playlist/help herself - bbno$.flac,GRADUAL_ROLLOFF,"rolloff at ~15822Hz but gentle (3.8dB/kHz) - could be an old master/analog source, not necessarily transcoded",44100,15822,22050,3.8
/home/adam/driveBig/Music/My Playlist/Heart of Glass - Blondie - The Best of Blondie.flac,GRADUAL_ROLLOFF,"rolloff at ~12947Hz but gentle (0.5dB/kHz) - could be an old master/analog source, not necessarily transcoded",44100,12947,22050,0.5
"/home/adam/driveBig/Music/My Playlist/Highway to Hell - AC,DC.flac",GRADUAL_ROLLOFF,"rolloff at ~19520Hz but gentle (0.5dB/kHz) - could be an old master/analog source, not necessarily transcoded",44100,19520,22050,0.5
/home/adam/driveBig/Music/My Playlist/Hole in the Bottom of My Brain - AJR - The Maybe Man.flac,GRADUAL_ROLLOFF,"rolloff at ~19590Hz but gentle (1.9dB/kHz) - could be an old master/analog source, not necessarily transcoded",44100,19590,22050,1.9
/home/adam/driveBig/Music/My Playlist/House Of Glass - Cage The Elephant - Social Cues.flac,GRADUAL_ROLLOFF,"rolloff at ~16198Hz but gentle (2.7dB/kHz) - could be an old master/analog source, not necessarily transcoded",44100,16198,22050,2.7
/home/adam/driveBig/Music/My Playlist/House of Cards - Radiohead - In Rainbows.flac,GRADUAL_ROLLOFF,"rolloff at ~20290Hz but gentle (7.3dB/kHz) - could be an old master/analog source, not necessarily transcoded",44100,20290,22050,7.3
"/home/adam/driveBig/Music/My Playlist/How - The Cranberries - Everybody Else Is Doing It, So Why Can’t We.flac",GRADUAL_ROLLOFF,"rolloff at ~15859Hz but gentle (2.8dB/kHz) - could be an old master/analog source, not necessarily transcoded",44100,15859,22050,2.8
/home/adam/driveBig/Music/My Playlist/House of Wolves - My Chemical Romance - The Black Parade.flac,GRADUAL_ROLLOFF,"rolloff at ~17625Hz but gentle (2.5dB/kHz) - could be an old master/analog source, not necessarily transcoded",44100,17625,22050,2.5
/home/adam/driveBig/Music/My Playlist/House of Memories - Panic! At The Disco - Death of a Bachelor.flac,GRADUAL_ROLLOFF,"rolloff at ~19514Hz but gentle (1.8dB/kHz) - could be an old master/analog source, not necessarily transcoded",44100,19514,22050,1.8
/home/adam/driveBig/Music/My Playlist/How Bizarre - OMC.flac,GRADUAL_ROLLOFF,"rolloff at ~20747Hz but gentle (7.9dB/kHz) - could be an old master/analog source, not necessarily transcoded",44100,20747,22050,7.9
/home/adam/driveBig/Music/My Playlist/how deep - Tai Verdes - HDTV.flac,GRADUAL_ROLLOFF,"rolloff at ~20930Hz but gentle (6.3dB/kHz) - could be an old master/analog source, not necessarily transcoded",44100,20930,22050,6.3
/home/adam/driveBig/Music/My Playlist/How Do You Feel - Jefferson Airplane - Surrealistic Pillow.flac,GRADUAL_ROLLOFF,"rolloff at ~13232Hz but gentle (4.4dB/kHz) - could be an old master/analog source, not necessarily transcoded",44100,13232,22050,4.4
/home/adam/driveBig/Music/My Playlist/How to Save a Life - The Fray.flac,GRADUAL_ROLLOFF,"rolloff at ~20613Hz but gentle (7.7dB/kHz) - could be an old master/analog source, not necessarily transcoded",44100,20613,22050,7.7
/home/adam/driveBig/Music/My Playlist/How Will I See You - Goodshirt - Fiji Baby.flac,GRADUAL_ROLLOFF,"rolloff at ~5437Hz but gentle (3.3dB/kHz) - could be an old master/analog source, not necessarily transcoded",44100,5437,22050,3.3
/home/adam/driveBig/Music/My Playlist/Hummer - Smashing Pumpkins - Siamese Dream.flac,GRADUAL_ROLLOFF,"rolloff at ~16091Hz but gentle (3.2dB/kHz) - could be an old master/analog source, not necessarily transcoded",44100,16091,22050,3.2
/home/adam/driveBig/Music/My Playlist/Human - Of Monsters and Men - Beneath The Skin (Deluxe).flac,GRADUAL_ROLLOFF,"rolloff at ~14503Hz but gentle (3.4dB/kHz) - could be an old master/analog source, not necessarily transcoded",44100,14503,22050,3.4
/home/adam/driveBig/Music/My Playlist/HUMANOID - SHAKE IT UP - Turnstile - GLOW ON.flac,GRADUAL_ROLLOFF,"rolloff at ~19665Hz but gentle (3.9dB/kHz) - could be an old master/analog source, not necessarily transcoded",44100,19665,22050,3.9
/home/adam/driveBig/Music/My Playlist/Human - Rag'n'Bone Man - Human (Deluxe).flac,GRADUAL_ROLLOFF,"rolloff at ~20187Hz but gentle (5.5dB/kHz) - could be an old master/analog source, not necessarily transcoded",44100,20187,22050,5.5
/home/adam/driveBig/Music/My Playlist/Hundred - The Fray - How to Save a Life.flac,GRADUAL_ROLLOFF,"rolloff at ~16311Hz but gentle (1.5dB/kHz) - could be an old master/analog source, not necessarily transcoded",44100,16311,22050,1.5
/home/adam/driveBig/Music/My Playlist/Hunger - Of Monsters and Men - Beneath The Skin (Deluxe).flac,GRADUAL_ROLLOFF,"rolloff at ~15407Hz but gentle (4.9dB/kHz) - could be an old master/analog source, not necessarily transcoded",44100,15407,22050,4.9
/home/adam/driveBig/Music/My Playlist/Hungry Like the Wolf - Duran Duran - Greatest.flac,GRADUAL_ROLLOFF,"rolloff at ~16947Hz but gentle (2.1dB/kHz) - could be an old master/analog source, not necessarily transcoded",44100,16947,22050,2.1
/home/adam/driveBig/Music/My Playlist/Hurt (Interlude) - Blink-182 - One More Time... Part-2.flac,GRADUAL_ROLLOFF,"rolloff at ~15186Hz but gentle (2.9dB/kHz) - could be an old master/analog source, not necessarily transcoded",44100,15186,22050,2.9
/home/adam/driveBig/Music/My Playlist/Hypnotize - Audioslave - Audioslave.flac,GRADUAL_ROLLOFF,"rolloff at ~20855Hz but gentle (10.2dB/kHz) - could be an old master/analog source, not necessarily transcoded",44100,20855,22050,10.2
/home/adam/driveBig/Music/My Playlist/I Am The Highway - Audioslave - Audioslave.flac,GRADUAL_ROLLOFF,"rolloff at ~21054Hz but gentle (11.2dB/kHz) - could be an old master/analog source, not necessarily transcoded",44100,21054,22050,11.2
/home/adam/driveBig/Music/My Playlist/I Am Yours - Derek and the Dominos - Layla & Other Assorted Love Songs.flac,GRADUAL_ROLLOFF,"rolloff at ~15795Hz but gentle (1.3dB/kHz) - could be an old master/analog source, not necessarily transcoded",44100,15795,22050,1.3
/home/adam/driveBig/Music/My Playlist/I Can Learn - The White Stripes - White Blood Cells.flac,GRADUAL_ROLLOFF,"rolloff at ~13840Hz but gentle (1.5dB/kHz) - could be an old master/analog source, not necessarily transcoded",44100,13840,22050,1.5
/home/adam/driveBig/Music/My Playlist/I Bombed Korea - CAKE - Motorcade of Generosity.flac,GRADUAL_ROLLOFF,"rolloff at ~18755Hz but gentle (2.8dB/kHz) - could be an old master/analog source, not necessarily transcoded",44100,18755,22050,2.8
/home/adam/driveBig/Music/My Playlist/I Can't Go On Without You - KALEO - A-B.flac,GRADUAL_ROLLOFF,"rolloff at ~16704Hz but gentle (2.2dB/kHz) - could be an old master/analog source, not necessarily transcoded",44100,16704,22050,2.2
/home/adam/driveBig/Music/My Playlist/I Can’t Be With You - The Cranberries - No Need to Argue.flac,GRADUAL_ROLLOFF,"rolloff at ~15967Hz but gentle (1.2dB/kHz) - could be an old master/analog source, not necessarily transcoded",44100,15967,22050,1.2
/home/adam/driveBig/Music/My Playlist/I Can’t Go for That (No Can Do) - Daryl Hall & John Oates - The Very Best of Daryl Hall & John Oates.flac,GRADUAL_ROLLOFF,"rolloff at ~19977Hz but gentle (3.1dB/kHz) - could be an old master/analog source, not necessarily transcoded",44100,19977,22050,3.1
/home/adam/driveBig/Music/My Playlist/I Can’t Win - The Strokes - Room on Fire.flac,GRADUAL_ROLLOFF,"rolloff at ~20166Hz but gentle (1.5dB/kHz) - could be an old master/analog source, not necessarily transcoded",44100,20166,22050,1.5
/home/adam/driveBig/Music/My Playlist/I Cried Over You - The Dave Clark Five - American Tour (2019 - Remaster).flac,GRADUAL_ROLLOFF,"rolloff at ~19305Hz but gentle (3.8dB/kHz) - could be an old master/analog source, not necessarily transcoded",44100,19305,22050,3.8
/home/adam/driveBig/Music/My Playlist/I Got the Message - Men Without Hats - Rhythm Of Youth (Expanded Edition).flac,GRADUAL_ROLLOFF,"rolloff at ~20979Hz but gentle (4.9dB/kHz) - could be an old master/analog source, not necessarily transcoded",44100,20979,22050,4.9
/home/adam/driveBig/Music/My Playlist/I Deserve 2 B Alone - Tai Verdes - TV.flac,GRADUAL_ROLLOFF,"rolloff at ~15768Hz but gentle (3.7dB/kHz) - could be an old master/analog source, not necessarily transcoded",44100,15768,22050,3.7
/home/adam/driveBig/Music/My Playlist/I Gave You All - Mumford & Sons - Sigh No More.flac,GRADUAL_ROLLOFF,"rolloff at ~17587Hz but gentle (1.9dB/kHz) - could be an old master/analog source, not necessarily transcoded",44100,17587,22050,1.9
/home/adam/driveBig/Music/My Playlist/I Hate Danger - Bikini Kill - The Singles.flac,GRADUAL_ROLLOFF,"rolloff at ~17205Hz but gentle (1.5dB/kHz) - could be an old master/analog source, not necessarily transcoded",44100,17205,22050,1.5
/home/adam/driveBig/Music/My Playlist/I Hate How Much I Want You - The Struts - Strange Days.flac,GRADUAL_ROLLOFF,"rolloff at ~20736Hz but gentle (8.4dB/kHz) - could be an old master/analog source, not necessarily transcoded",44100,20736,22050,8.4
/home/adam/driveBig/Music/My Playlist/I Hate Living - Car Seat Headrest - Starving While Living.flac,GRADUAL_ROLLOFF,"rolloff at ~15025Hz but gentle (3.6dB/kHz) - could be an old master/analog source, not necessarily transcoded",44100,15025,22050,3.6
/home/adam/driveBig/Music/My Playlist/I Hate Myself For Loving You (Alternate Version) - Joan Jett and the Blackhearts - Fit to Be Tied - Great Hits by Joan Jett and the Blackhearts.flac,GRADUAL_ROLLOFF,"rolloff at ~16694Hz but gentle (1.6dB/kHz) - could be an old master/analog source, not necessarily transcoded",44100,16694,22050,1.6
/home/adam/driveBig/Music/My Playlist/I Killed It - Marcin - Dragon in Harmony.flac,GRADUAL_ROLLOFF,"rolloff at ~20047Hz but gentle (3.5dB/kHz) - could be an old master/analog source, not necessarily transcoded",44100,20047,22050,3.5
/home/adam/driveBig/Music/My Playlist/I Hate Myself for Loving You - Joan Jett and the Blackhearts - Up Your Alley.flac,GRADUAL_ROLLOFF,"rolloff at ~20134Hz but gentle (3.0dB/kHz) - could be an old master/analog source, not necessarily transcoded",44100,20134,22050,3
/home/adam/driveBig/Music/My Playlist/I Know What I Like - Huey Lewis & The News - Greatest Hits.flac,GRADUAL_ROLLOFF,"rolloff at ~20812Hz but gentle (9.4dB/kHz) - could be an old master/analog source, not necessarily transcoded",44100,20812,22050,9.4
/home/adam/driveBig/Music/My Playlist/I Know You're Not Happy - Powfu.flac,GRADUAL_ROLLOFF,"rolloff at ~16031Hz but gentle (10.6dB/kHz) - could be an old master/analog source, not necessarily transcoded",44100,16031,22050,10.6
/home/adam/driveBig/Music/My Playlist/I Just Don’t Know What to Do With Myself - The White Stripes - Elephant.flac,GRADUAL_ROLLOFF,"rolloff at ~17765Hz but gentle (3.2dB/kHz) - could be an old master/analog source, not necessarily transcoded",44100,17765,22050,3.2
/home/adam/driveBig/Music/My Playlist/I Like - Men Without Hats - Rhythm Of Youth (Expanded Edition).flac,GRADUAL_ROLLOFF,"rolloff at ~20963Hz but gentle (7.9dB/kHz) - could be an old master/analog source, not necessarily transcoded",44100,20963,22050,7.9
/home/adam/driveBig/Music/My Playlist/I Like Birds - Eels - Meet the Eels - Essential Eels.flac,GRADUAL_ROLLOFF,"rolloff at ~21081Hz but gentle (11.5dB/kHz) - could be an old master/analog source, not necessarily transcoded",44100,21081,22050,11.5
/home/adam/driveBig/Music/My Playlist/If Not for You - Måneskin - Rush!.flac,GRADUAL_ROLLOFF,"rolloff at ~17883Hz but gentle (1.1dB/kHz) - could be an old master/analog source, not necessarily transcoded",44100,17883,22050,1.1
/home/adam/driveBig/Music/My Playlist/If We Have Each Other - Alec Benjamin - Narrated for You.flac,GRADUAL_ROLLOFF,"rolloff at ~16252Hz but gentle (3.1dB/kHz) - could be an old master/analog source, not necessarily transcoded",44100,16252,22050,3.1
/home/adam/driveBig/Music/My Playlist/If Looks Could Kill - Player - The Best of Player.flac,GRADUAL_ROLLOFF,"rolloff at ~19676Hz but gentle (8.8dB/kHz) - could be an old master/analog source, not necessarily transcoded",44100,19676,22050,8.8
/home/adam/driveBig/Music/My Playlist/If You Dare - AC-DC - The Razors Edge.flac,GRADUAL_ROLLOFF,"rolloff at ~20279Hz but gentle (8.2dB/kHz) - could be an old master/analog source, not necessarily transcoded",44100,20279,22050,8.2
/home/adam/driveBig/Music/My Playlist/If This Is It - Huey Lewis & The News - Greatest Hits.flac,GRADUAL_ROLLOFF,"rolloff at ~20823Hz but gentle (9.9dB/kHz) - could be an old master/analog source, not necessarily transcoded",44100,20823,22050,9.9
/home/adam/driveBig/Music/My Playlist/If You Have to Ask - Red Hot Chili Peppers - Blood Sugar Sex Magik.flac,GRADUAL_ROLLOFF,"rolloff at ~20941Hz but gentle (9.5dB/kHz) - could be an old master/analog source, not necessarily transcoded",44100,20941,22050,9.5
/home/adam/driveBig/Music/My Playlist/If You Never Left - Blink-182 - One More Time... Part-2.flac,GRADUAL_ROLLOFF,"rolloff at ~17846Hz but gentle (3.3dB/kHz) - could be an old master/analog source, not necessarily transcoded",44100,17846,22050,3.3
/home/adam/driveBig/Music/My Playlist/If You Want Love - NF - Perception.flac,GRADUAL_ROLLOFF,"rolloff at ~20586Hz but gentle (8.6dB/kHz) - could be an old master/analog source, not necessarily transcoded",44100,20586,22050,8.6
"/home/adam/driveBig/Music/My Playlist/If You Were There, Beware - Arctic Monkeys - Favourite Worst Nightmare.flac",GRADUAL_ROLLOFF,"rolloff at ~15655Hz but gentle (0.6dB/kHz) - could be an old master/analog source, not necessarily transcoded",44100,15655,22050,0.6
/home/adam/driveBig/Music/My Playlist/ill come back to you - Powfu.flac,GRADUAL_ROLLOFF,"rolloff at ~18761Hz but gentle (3.8dB/kHz) - could be an old master/analog source, not necessarily transcoded",44100,18761,22050,3.8
/home/adam/driveBig/Music/My Playlist/Ignorance - Paramore - Brand New Eyes.flac,GRADUAL_ROLLOFF,"rolloff at ~17372Hz but gentle (2.0dB/kHz) - could be an old master/analog source, not necessarily transcoded",44100,17372,22050,2
/home/adam/driveBig/Music/My Playlist/Il Dono Della Vita - Måneskin - Rush!.flac,GRADUAL_ROLLOFF,"rolloff at ~17975Hz but gentle (3.8dB/kHz) - could be an old master/analog source, not necessarily transcoded",44100,17975,22050,3.8
/home/adam/driveBig/Music/My Playlist/Il Nome Del Padre - Måneskin - Live At Toyosu Pit.flac,GRADUAL_ROLLOFF,"rolloff at ~21162Hz but gentle (7.6dB/kHz) - could be an old master/analog source, not necessarily transcoded",44100,21162,22050,7.6
/home/adam/driveBig/Music/My Playlist/I'll Be Yours - Placebo - Sleeping With Ghosts.flac,GRADUAL_ROLLOFF,"rolloff at ~20230Hz but gentle (2.8dB/kHz) - could be an old master/analog source, not necessarily transcoded",44100,20230,22050,2.8
/home/adam/driveBig/Music/My Playlist/I'LL SEE YOU IN 40 - Joji - Ballads 1.flac,GRADUAL_ROLLOFF,"rolloff at ~15988Hz but gentle (7.3dB/kHz) - could be an old master/analog source, not necessarily transcoded",44100,15988,22050,7.3
/home/adam/driveBig/Music/My Playlist/I'm Finding It Harder To Be a Gentleman - The White Stripes - White Blood Cells.flac,GRADUAL_ROLLOFF,"rolloff at ~16850Hz but gentle (2.4dB/kHz) - could be an old master/analog source, not necessarily transcoded",44100,16850,22050,2.4
/home/adam/driveBig/Music/My Playlist/I'm Going Slightly Mad - Queen - Innuendo (Deluxe Edition 2011 Remaster).flac,GRADUAL_ROLLOFF,"rolloff at ~13894Hz but gentle (2.0dB/kHz) - could be an old master/analog source, not necessarily transcoded",44100,13894,22050,2
/home/adam/driveBig/Music/My Playlist/I'm Full - Wallows - Nothing Happens.flac,GRADUAL_ROLLOFF,"rolloff at ~20370Hz but gentle (6.6dB/kHz) - could be an old master/analog source, not necessarily transcoded",44100,20370,22050,6.6
/home/adam/driveBig/Music/My Playlist/I'm Hurtin' - Roy Orbison - The Very Best Of.flac,GRADUAL_ROLLOFF,"rolloff at ~20403Hz but gentle (11.0dB/kHz) - could be an old master/analog source, not necessarily transcoded",44100,20403,22050,11
"/home/adam/driveBig/Music/My Playlist/I'm In A Blue, Blue Mood - Roy Orbison - The Very Best Of.flac",GRADUAL_ROLLOFF,"rolloff at ~15692Hz but gentle (1.8dB/kHz) - could be an old master/analog source, not necessarily transcoded",44100,15692,22050,1.8
/home/adam/driveBig/Music/My Playlist/I'm Lost Without You - Blink-182 - Blink-182.flac,GRADUAL_ROLLOFF,"rolloff at ~19929Hz but gentle (2.3dB/kHz) - could be an old master/analog source, not necessarily transcoded",44100,19929,22050,2.3
/home/adam/driveBig/Music/My Playlist/I'm Not Famous - AJR - The Click (Deluxe Edition).flac,GRADUAL_ROLLOFF,"rolloff at ~19881Hz but gentle (3.5dB/kHz) - could be an old master/analog source, not necessarily transcoded",44100,19881,22050,3.5
/home/adam/driveBig/Music/My Playlist/I'm Not the One - Sum 41 - Chuck.flac,GRADUAL_ROLLOFF,"rolloff at ~16893Hz but gentle (1.1dB/kHz) - could be an old master/analog source, not necessarily transcoded",44100,16893,22050,1.1
/home/adam/driveBig/Music/My Playlist/11-11 P.M. - The All-American Rejects - Move Along.flac,GRADUAL_ROLLOFF,"rolloff at ~20166Hz but gentle (4.2dB/kHz) - could be an old master/analog source, not necessarily transcoded",44100,20166,22050,4.2
/home/adam/driveBig/Music/My Playlist/100sadsongs - Tai Verdes - HDTV.flac,GRADUAL_ROLLOFF,"rolloff at ~17178Hz but gentle (1.0dB/kHz) - could be an old master/analog source, not necessarily transcoded",44100,17178,22050,1
/home/adam/driveBig/Music/My Playlist/100 Bad Days - AJR - Neotheater.flac,GRADUAL_ROLLOFF,"rolloff at ~20656Hz but gentle (9.0dB/kHz) - could be an old master/analog source, not necessarily transcoded",44100,20656,22050,9
/home/adam/driveBig/Music/My Playlist/11am - Incubus - Morning View.flac,GRADUAL_ROLLOFF,"rolloff at ~16085Hz but gentle (-0.0dB/kHz) - could be an old master/analog source, not necessarily transcoded",44100,16085,22050,0
/home/adam/driveBig/Music/My Playlist/12-51 - The Strokes - Room on Fire.flac,GRADUAL_ROLLOFF,"rolloff at ~20058Hz but gentle (3.1dB/kHz) - could be an old master/analog source, not necessarily transcoded",44100,20058,22050,3.1
/home/adam/driveBig/Music/My Playlist/1901 - Birdy - Birdy.flac,GRADUAL_ROLLOFF,"rolloff at ~19837Hz but gentle (1.5dB/kHz) - could be an old master/analog source, not necessarily transcoded",44100,19837,22050,1.5
/home/adam/driveBig/Music/My Playlist/17 - Kings of Leon - Only by the Night.flac,GRADUAL_ROLLOFF,"rolloff at ~18788Hz but gentle (4.6dB/kHz) - could be an old master/analog source, not necessarily transcoded",44100,18788,22050,4.6
/home/adam/driveBig/Music/My Playlist/In Accordance to Natural Law - Bikini Kill - The Singles.flac,GRADUAL_ROLLOFF,"rolloff at ~16290Hz but gentle (2.5dB/kHz) - could be an old master/analog source, not necessarily transcoded",44100,16290,22050,2.5
/home/adam/driveBig/Music/My Playlist/1969 - The Stooges - The Stooges.flac,GRADUAL_ROLLOFF,"rolloff at ~16344Hz but gentle (1.8dB/kHz) - could be an old master/analog source, not necessarily transcoded",44100,16344,22050,1.8
/home/adam/driveBig/Music/My Playlist/1937 State Park - Car Seat Headrest - Teens Of Denial.flac,GRADUAL_ROLLOFF,"rolloff at ~20871Hz but gentle (7.4dB/kHz) - could be an old master/analog source, not necessarily transcoded",44100,20871,22050,7.4
/home/adam/driveBig/Music/My Playlist/1981 - Green Day - Saviors.flac,GRADUAL_ROLLOFF,"rolloff at ~16581Hz but gentle (1.5dB/kHz) - could be an old master/analog source, not necessarily transcoded",44100,16581,22050,1.5
/home/adam/driveBig/Music/My Playlist/1985 - Bo Burnham - THE INSIDE OUTTAKES.flac,GRADUAL_ROLLOFF,"rolloff at ~20914Hz but gentle (10.3dB/kHz) - could be an old master/analog source, not necessarily transcoded",44100,20914,22050,10.3
/home/adam/driveBig/Music/My Playlist/Immortale - Måneskin; Vegas Jones - Il Ballo Della Vita.flac,GRADUAL_ROLLOFF,"rolloff at ~18298Hz but gentle (2.8dB/kHz) - could be an old master/analog source, not necessarily transcoded",44100,18298,22050,2.8
/home/adam/driveBig/Music/My Playlist/Impossible Year - Panic! At The Disco - Death of a Bachelor.flac,GRADUAL_ROLLOFF,"rolloff at ~17490Hz but gentle (2.1dB/kHz) - could be an old master/analog source, not necessarily transcoded",44100,17490,22050,2.1
/home/adam/driveBig/Music/My Playlist/In a Dream - Red Vox - What Could Go Wrong.flac,GRADUAL_ROLLOFF,"rolloff at ~19041Hz but gentle (1.2dB/kHz) - could be an old master/analog source, not necessarily transcoded",44100,19041,22050,1.2
/home/adam/driveBig/Music/My Playlist/In Bloom - Nirvana - Nevermind.flac,GRADUAL_ROLLOFF,"rolloff at ~18933Hz but gentle (3.5dB/kHz) - could be an old master/analog source, not necessarily transcoded",44100,18933,22050,3.5
/home/adam/driveBig/Music/My Playlist/In Between - James Marriott - Are We There Yet.flac,GRADUAL_ROLLOFF,"rolloff at ~19977Hz but gentle (5.4dB/kHz) - could be an old master/analog source, not necessarily transcoded",44100,19977,22050,5.4
/home/adam/driveBig/Music/My Playlist/In Dreams - Roy Orbison - The Very Best Of.flac,GRADUAL_ROLLOFF,"rolloff at ~20403Hz but gentle (10.0dB/kHz) - could be an old master/analog source, not necessarily transcoded",44100,20403,22050,10
/home/adam/driveBig/Music/My Playlist/In My Room - The Last Shadow Puppets - The Age Of The Understatement.flac,GRADUAL_ROLLOFF,"rolloff at ~18449Hz but gentle (1.4dB/kHz) - could be an old master/analog source, not necessarily transcoded",44100,18449,22050,1.4
/home/adam/driveBig/Music/My Playlist/In My Head Till I'm Dead - Surf Curse - Buds.flac,GRADUAL_ROLLOFF,"rolloff at ~19611Hz but gentle (0.9dB/kHz) - could be an old master/analog source, not necessarily transcoded",44100,19611,22050,0.9
/home/adam/driveBig/Music/My Playlist/In Nome Del Padre - Måneskin - Teatro D'ira - Vol. I.flac,GRADUAL_ROLLOFF,"rolloff at ~19951Hz but gentle (7.4dB/kHz) - could be an old master/analog source, not necessarily transcoded",44100,19951,22050,7.4
/home/adam/driveBig/Music/My Playlist/Infinite Source - Deftones - Private Music.flac,GRADUAL_ROLLOFF,"rolloff at ~18885Hz but gentle (4.9dB/kHz) - could be an old master/analog source, not necessarily transcoded",44100,18885,22050,4.9
/home/adam/driveBig/Music/My Playlist/Infinity - AJR - Living Room.flac,GRADUAL_ROLLOFF,"rolloff at ~15741Hz but gentle (2.3dB/kHz) - could be an old master/analog source, not necessarily transcoded",44100,15741,22050,2.3
/home/adam/driveBig/Music/My Playlist/Inside Out - Yellowcard - Ocean Avenue.flac,GRADUAL_ROLLOFF,"rolloff at ~19617Hz but gentle (1.9dB/kHz) - could be an old master/analog source, not necessarily transcoded",44100,19617,22050,1.9
/home/adam/driveBig/Music/My Playlist/Intentions - Twenty One Pilots - Breach.flac,GRADUAL_ROLLOFF,"rolloff at ~16909Hz but gentle (4.5dB/kHz) - could be an old master/analog source, not necessarily transcoded",44100,16909,22050,4.5
/home/adam/driveBig/Music/My Playlist/Innuendo - Queen - Innuendo (Deluxe Edition 2011 Remaster).flac,GRADUAL_ROLLOFF,"rolloff at ~13372Hz but gentle (4.3dB/kHz) - could be an old master/analog source, not necessarily transcoded",44100,13372,22050,4.3
/home/adam/driveBig/Music/My Playlist/Interlude - I'm Not Angry Anymore - Paramore - Paramore.flac,GRADUAL_ROLLOFF,"rolloff at ~19095Hz but gentle (2.3dB/kHz) - could be an old master/analog source, not necessarily transcoded",44100,19095,22050,2.3
/home/adam/driveBig/Music/My Playlist/Instant Crush - Daft Punk - Random Access Memories.flac,GRADUAL_ROLLOFF,"rolloff at ~18449Hz but gentle (2.5dB/kHz) - could be an old master/analog source, not necessarily transcoded",44100,18449,22050,2.5
/home/adam/driveBig/Music/My Playlist/Interlude - Holiday - Paramore - Paramore.flac,GRADUAL_ROLLOFF,"rolloff at ~19025Hz but gentle (2.9dB/kHz) - could be an old master/analog source, not necessarily transcoded",44100,19025,22050,2.9
/home/adam/driveBig/Music/My Playlist/Interlude - Moving On - Paramore - Paramore.flac,GRADUAL_ROLLOFF,"rolloff at ~18239Hz but gentle (1.9dB/kHz) - could be an old master/analog source, not necessarily transcoded",44100,18239,22050,1.9
/home/adam/driveBig/Music/My Playlist/Interlude With Ludes - Them Crooked Vultures - Them Crooked Vultures.flac,GRADUAL_ROLLOFF,"rolloff at ~15735Hz but gentle (1.2dB/kHz) - could be an old master/analog source, not necessarily transcoded",44100,15735,22050,1.2
/home/adam/driveBig/Music/My Playlist/I Like Fucking - Bikini Kill - The Singles.flac,GRADUAL_ROLLOFF,"rolloff at ~17819Hz but gentle (2.5dB/kHz) - could be an old master/analog source, not necessarily transcoded",44100,17819,22050,2.5
/home/adam/driveBig/Music/My Playlist/I Love It Loud - Kiss - The Very Best of KISS.flac,GRADUAL_ROLLOFF,"rolloff at ~17636Hz but gentle (4.7dB/kHz) - could be an old master/analog source, not necessarily transcoded",44100,17636,22050,4.7
/home/adam/driveBig/Music/My Playlist/I Love Rock N' Roll - Joan Jett and the Blackhearts - Fit to Be Tied - Great Hits by Joan Jett and the Blackhearts.flac,GRADUAL_ROLLOFF,"rolloff at ~17393Hz but gentle (3.2dB/kHz) - could be an old master/analog source, not necessarily transcoded",44100,17393,22050,3.2
/home/adam/driveBig/Music/My Playlist/I Love Rock 'N Roll - Joan Jett and the Blackhearts - I Love Rock 'N' Roll (Expanded Edition).flac,GRADUAL_ROLLOFF,"rolloff at ~16419Hz but gentle (2.4dB/kHz) - could be an old master/analog source, not necessarily transcoded",44100,16419,22050,2.4
/home/adam/driveBig/Music/My Playlist/I Looked Away - Derek and the Dominos - Layla & Other Assorted Love Songs.flac,GRADUAL_ROLLOFF,"rolloff at ~14067Hz but gentle (4.5dB/kHz) - could be an old master/analog source, not necessarily transcoded",44100,14067,22050,4.5
/home/adam/driveBig/Music/My Playlist/I Miss the Days - NF - The Search.flac,GRADUAL_ROLLOFF,"rolloff at ~13668Hz but gentle (2.1dB/kHz) - could be an old master/analog source, not necessarily transcoded",44100,13668,22050,2.1
/home/adam/driveBig/Music/My Playlist/I Miss You - Incubus - Make Yourself.flac,GRADUAL_ROLLOFF,"rolloff at ~17092Hz but gentle (4.4dB/kHz) - could be an old master/analog source, not necessarily transcoded",44100,17092,22050,4.4
/home/adam/driveBig/Music/My Playlist/I Miss You - Blink-182 - Blink-182.flac,GRADUAL_ROLLOFF,"rolloff at ~13727Hz but gentle (2.0dB/kHz) - could be an old master/analog source, not necessarily transcoded",44100,13727,22050,2
/home/adam/driveBig/Music/My Playlist/I Of The Storm (Alex Somers Remix - Bonus Track) - Of Monsters and Men - Beneath The Skin (Deluxe).flac,GRADUAL_ROLLOFF,"rolloff at ~7499Hz but gentle (3.3dB/kHz) - could be an old master/analog source, not necessarily transcoded",44100,7499,22050,3.3
/home/adam/driveBig/Music/My Playlist/I Need Some Sleep - Eels - Meet the Eels - Essential Eels.flac,GRADUAL_ROLLOFF,"rolloff at ~19434Hz but gentle (2.9dB/kHz) - could be an old master/analog source, not necessarily transcoded",44100,19434,22050,2.9
/home/adam/driveBig/Music/My Playlist/I Really Wish I Hated You - Blink-182 - NINE.flac,GRADUAL_ROLLOFF,"rolloff at ~16726Hz but gentle (3.9dB/kHz) - could be an old master/analog source, not necessarily transcoded",44100,16726,22050,3.9
/home/adam/driveBig/Music/My Playlist/i remember - bbno$ - eat ya veggies.flac,GRADUAL_ROLLOFF,"rolloff at ~17722Hz but gentle (1.8dB/kHz) - could be an old master/analog source, not necessarily transcoded",44100,17722,22050,1.8
/home/adam/driveBig/Music/My Playlist/I Still Make Her Cry - The Strumbellas - Hope.flac,GRADUAL_ROLLOFF,"rolloff at ~17878Hz but gentle (2.5dB/kHz) - could be an old master/analog source, not necessarily transcoded",44100,17878,22050,2.5
/home/adam/driveBig/Music/My Playlist/I Talk to the Wind - King Crimson - In the Court of the Crimson King.flac,GRADUAL_ROLLOFF,"rolloff at ~19778Hz but gentle (1.9dB/kHz) - could be an old master/analog source, not necessarily transcoded",44100,19778,22050,1.9
/home/adam/driveBig/Music/My Playlist/I Think About You All The Time - Deftones - Private Music.flac,GRADUAL_ROLLOFF,"rolloff at ~19154Hz but gentle (4.0dB/kHz) - could be an old master/analog source, not necessarily transcoded",44100,19154,22050,4
"/home/adam/driveBig/Music/My Playlist/I Still Do - The Cranberries - Everybody Else Is Doing It, So Why Can’t We.flac",GRADUAL_ROLLOFF,"rolloff at ~20117Hz but gentle (5.0dB/kHz) - could be an old master/analog source, not necessarily transcoded",44100,20117,22050,5
/home/adam/driveBig/Music/My Playlist/I Stole Your Love - Kiss - The Very Best of KISS.flac,GRADUAL_ROLLOFF,"rolloff at ~13437Hz but gentle (3.4dB/kHz) - could be an old master/analog source, not necessarily transcoded",44100,13437,22050,3.4
/home/adam/driveBig/Music/My Playlist/I Think I Smell a Rat - The White Stripes - White Blood Cells.flac,GRADUAL_ROLLOFF,"rolloff at ~17146Hz but gentle (0.8dB/kHz) - could be an old master/analog source, not necessarily transcoded",44100,17146,22050,0.8
/home/adam/driveBig/Music/My Playlist/I Took My Baby Home - The Kinks - Kinks.flac,GRADUAL_ROLLOFF,"rolloff at ~18529Hz but gentle (3.5dB/kHz) - could be an old master/analog source, not necessarily transcoded",44100,18529,22050,3.5
/home/adam/driveBig/Music/My Playlist/i walk this earth all by myself - EKKSTACY - NEGATIVE.flac,GRADUAL_ROLLOFF,"rolloff at ~15924Hz but gentle (11.6dB/kHz) - could be an old master/analog source, not necessarily transcoded",44100,15924,22050,11.6
/home/adam/driveBig/Music/My Playlist/How You Remind Me - Nickelback - Silver Side Up.flac,GRADUAL_ROLLOFF,"rolloff at ~19724Hz but gentle (1.8dB/kHz) - could be an old master/analog source, not necessarily transcoded",44100,19724,22050,1.8
/home/adam/driveBig/Music/My Playlist/I Wanna Be Your Dog - The Stooges - The Stooges.flac,GRADUAL_ROLLOFF,"rolloff at ~20160Hz but gentle (4.9dB/kHz) - could be an old master/analog source, not necessarily transcoded",44100,20160,22050,4.9
/home/adam/driveBig/Music/My Playlist/Hypnotize - The White Stripes - Elephant.flac,GRADUAL_ROLLOFF,"rolloff at ~15832Hz but gentle (4.7dB/kHz) - could be an old master/analog source, not necessarily transcoded",44100,15832,22050,4.7
/home/adam/driveBig/Music/My Playlist/I Don't Like You Anymore - The Last Shadow Puppets - The Age Of The Understatement.flac,GRADUAL_ROLLOFF,"rolloff at ~17910Hz but gentle (1.3dB/kHz) - could be an old master/analog source, not necessarily transcoded",44100,17910,22050,1.3
/home/adam/driveBig/Music/My Playlist/I Of The Storm - Of Monsters and Men - Beneath The Skin (Deluxe).flac,GRADUAL_ROLLOFF,"rolloff at ~14788Hz but gentle (3.5dB/kHz) - could be an old master/analog source, not necessarily transcoded",44100,14788,22050,3.5
/home/adam/driveBig/Music/My Playlist/I Can't Wait - The White Stripes - White Blood Cells.flac,GRADUAL_ROLLOFF,"rolloff at ~15601Hz but gentle (2.6dB/kHz) - could be an old master/analog source, not necessarily transcoded",44100,15601,22050,2.6
/home/adam/driveBig/Music/My Playlist/I Like Dirt - Red Hot Chili Peppers - Californication.flac,GRADUAL_ROLLOFF,"rolloff at ~20381Hz but gentle (4.0dB/kHz) - could be an old master/analog source, not necessarily transcoded",44100,20381,22050,4
/home/adam/driveBig/Music/My Playlist/I Feel You - 3 Doors Down - Away From the Sun.flac,GRADUAL_ROLLOFF,"rolloff at ~21016Hz but gentle (9.9dB/kHz) - could be an old master/analog source, not necessarily transcoded",44100,21016,22050,9.9
/home/adam/driveBig/Music/My Playlist/I Wanna Be Your Slave - Måneskin - Teatro D'ira - Vol. I.flac,GRADUAL_ROLLOFF,"rolloff at ~19154Hz but gentle (3.8dB/kHz) - could be an old master/analog source, not necessarily transcoded",44100,19154,22050,3.8
/home/adam/driveBig/Music/My Playlist/I'd Die For You - Bon Jovi - Slippery When Wet.flac,GRADUAL_ROLLOFF,"rolloff at ~18282Hz but gentle (3.1dB/kHz) - could be an old master/analog source, not necessarily transcoded",44100,18282,22050,3.1
/home/adam/driveBig/Music/My Playlist/If It Wasnae for Your Wellies - Billy Connolly - Humble Beginnings.flac,GRADUAL_ROLLOFF,"rolloff at ~14110Hz but gentle (0.7dB/kHz) - could be an old master/analog source, not necessarily transcoded",44100,14110,22050,0.7
/home/adam/driveBig/Music/My Playlist/It Ends Tonight - The All-American Rejects - Move Along.flac,GRADUAL_ROLLOFF,"rolloff at ~20274Hz but gentle (4.7dB/kHz) - could be an old master/analog source, not necessarily transcoded",44100,20274,22050,4.7
/home/adam/driveBig/Music/My Playlist/It Only Hurts When I Breathe - Player - The Best of Player.flac,GRADUAL_ROLLOFF,"rolloff at ~19891Hz but gentle (8.0dB/kHz) - could be an old master/analog source, not necessarily transcoded",44100,19891,22050,8
/home/adam/driveBig/Music/My Playlist/It's Coming Down - CAKE - Fashion Nugget.flac,GRADUAL_ROLLOFF,"rolloff at ~20753Hz but gentle (9.2dB/kHz) - could be an old master/analog source, not necessarily transcoded",44100,20753,22050,9.2
/home/adam/driveBig/Music/My Playlist/It's A Hard Life - Queen - The Works (Deluxe Edition 2011 Remaster).flac,GRADUAL_ROLLOFF,"rolloff at ~16441Hz but gentle (2.7dB/kHz) - could be an old master/analog source, not necessarily transcoded",44100,16441,22050,2.7
/home/adam/driveBig/Music/My Playlist/It's a Motherfucker - Eels - Meet the Eels - Essential Eels.flac,GRADUAL_ROLLOFF,"rolloff at ~20995Hz but gentle (9.3dB/kHz) - could be an old master/analog source, not necessarily transcoded",44100,20995,22050,9.3
/home/adam/driveBig/Music/My Playlist/It's my Life - Bon Jovi - Crush.flac,GRADUAL_ROLLOFF,"rolloff at ~19994Hz but gentle (2.7dB/kHz) - could be an old master/analog source, not necessarily transcoded",44100,19994,22050,2.7
/home/adam/driveBig/Music/My Playlist/I Want It All - Queen - The Miracle (Deluxe Edition 2011 Remaster).flac,GRADUAL_ROLLOFF,"rolloff at ~20780Hz but gentle (9.5dB/kHz) - could be an old master/analog source, not necessarily transcoded",44100,20780,22050,9.5
/home/adam/driveBig/Music/My Playlist/I Want a New Drug - Huey Lewis & The News - Greatest Hits.flac,GRADUAL_ROLLOFF,"rolloff at ~20785Hz but gentle (8.9dB/kHz) - could be an old master/analog source, not necessarily transcoded",44100,20785,22050,8.9
/home/adam/driveBig/Music/My Playlist/I Want To Break Free - Single Remix - Queen - The Works (Deluxe Edition 2011 Remaster).flac,GRADUAL_ROLLOFF,"rolloff at ~19859Hz but gentle (5.1dB/kHz) - could be an old master/analog source, not necessarily transcoded",44100,19859,22050,5.1
/home/adam/driveBig/Music/My Playlist/I Want to Be the Boy to Warm Your Mother’s Heart - The White Stripes - Elephant.flac,GRADUAL_ROLLOFF,"rolloff at ~17813Hz but gentle (2.7dB/kHz) - could be an old master/analog source, not necessarily transcoded",44100,17813,22050,2.7
/home/adam/driveBig/Music/My Playlist/I Want You - Kings of Leon - Only by the Night.flac,GRADUAL_ROLLOFF,"rolloff at ~20327Hz but gentle (4.4dB/kHz) - could be an old master/analog source, not necessarily transcoded",44100,20327,22050,4.4
/home/adam/driveBig/Music/My Playlist/I Want to Know - Kongos - Lunatic.flac,GRADUAL_ROLLOFF,"rolloff at ~16037Hz but gentle (1.2dB/kHz) - could be an old master/analog source, not necessarily transcoded",44100,16037,22050,1.2
/home/adam/driveBig/Music/My Playlist/I Want You Still - The Dave Clark Five - American Tour (2019 - Remaster).flac,GRADUAL_ROLLOFF,"rolloff at ~19321Hz but gentle (3.6dB/kHz) - could be an old master/analog source, not necessarily transcoded",44100,19321,22050,3.6
/home/adam/driveBig/Music/My Playlist/I’ll Never Forget You - Birdy - Birdy.flac,GRADUAL_ROLLOFF,"rolloff at ~20559Hz but gentle (2.8dB/kHz) - could be an old master/analog source, not necessarily transcoded",44100,20559,22050,2.8
/home/adam/driveBig/Music/My Playlist/I’ll Try Sophia Once (Clairo x The Strokes) - Intergalactic Fool - I’ll Try Sophia Once.flac,GRADUAL_ROLLOFF,"rolloff at ~17523Hz but gentle (4.0dB/kHz) - could be an old master/analog source, not necessarily transcoded",44100,17523,22050,4
/home/adam/driveBig/Music/My Playlist/It’s Only Sex - Car Seat Headrest - Starving While Living.flac,GRADUAL_ROLLOFF,"rolloff at ~18336Hz but gentle (1.0dB/kHz) - could be an old master/analog source, not necessarily transcoded",44100,18336,22050,1
/home/adam/driveBig/Music/My Playlist/I’m a Lover Not a Fighter - The Kinks - Kinks.flac,GRADUAL_ROLLOFF,"rolloff at ~18659Hz but gentle (2.8dB/kHz) - could be an old master/analog source, not necessarily transcoded",44100,18659,22050,2.8
/home/adam/driveBig/Music/My Playlist/I’m Invincible - Ado - Uta's Songs One Piece Film Red.flac,GRADUAL_ROLLOFF,"rolloff at ~17183Hz but gentle (2.2dB/kHz) - could be an old master/analog source, not necessarily transcoded",44100,17183,22050,2.2
/home/adam/driveBig/Music/My Playlist/I’m Gonna Be (500 Miles) - The Proclaimers - Finest.flac,GRADUAL_ROLLOFF,"rolloff at ~18933Hz but gentle (1.8dB/kHz) - could be an old master/analog source, not necessarily transcoded",44100,18933,22050,1.8
/home/adam/driveBig/Music/My Playlist/I’m Only Joking - Kongos - Lunatic.flac,GRADUAL_ROLLOFF,"rolloff at ~16161Hz but gentle (3.9dB/kHz) - could be an old master/analog source, not necessarily transcoded",44100,16161,22050,3.9
/home/adam/driveBig/Music/My Playlist/Janie's Got A Gun - Aerosmith - Big Ones.flac,GRADUAL_ROLLOFF,"rolloff at ~20457Hz but gentle (7.9dB/kHz) - could be an old master/analog source, not necessarily transcoded",44100,20457,22050,7.9
/home/adam/driveBig/Music/My Playlist/Jawbone - The Band - The Band.flac,GRADUAL_ROLLOFF,"rolloff at ~14659Hz but gentle (1.8dB/kHz) - could be an old master/analog source, not necessarily transcoded",44100,14659,22050,1.8
/home/adam/driveBig/Music/My Playlist/Jemima Surrender - The Band - The Band.flac,GRADUAL_ROLLOFF,"rolloff at ~18519Hz but gentle (1.7dB/kHz) - could be an old master/analog source, not necessarily transcoded",44100,18519,22050,1.7
/home/adam/driveBig/Music/My Playlist/Jesus Wrote a Blank Check - CAKE - Motorcade of Generosity.flac,GRADUAL_ROLLOFF,"rolloff at ~17496Hz but gentle (1.6dB/kHz) - could be an old master/analog source, not necessarily transcoded",44100,17496,22050,1.6
/home/adam/driveBig/Music/My Playlist/Jenny Was a Friend of Mine - The Killers - Hot Fuss.flac,GRADUAL_ROLLOFF,"rolloff at ~20731Hz but gentle (6.7dB/kHz) - could be an old master/analog source, not necessarily transcoded",44100,20731,22050,6.7
/home/adam/driveBig/Music/My Playlist/Jezabel - Joan Jett - Bad Reputation.flac,GRADUAL_ROLLOFF,"rolloff at ~20311Hz but gentle (9.5dB/kHz) - could be an old master/analog source, not necessarily transcoded",44100,20311,22050,9.5
/home/adam/driveBig/Music/My Playlist/Jeremy - Pearl Jam - Ten.flac,GRADUAL_ROLLOFF,"rolloff at ~17684Hz but gentle (1.4dB/kHz) - could be an old master/analog source, not necessarily transcoded",44100,17684,22050,1.4
/home/adam/driveBig/Music/My Playlist/Jim Dandy - Black Oak Arkansas - Dazed and Confused.flac,GRADUAL_ROLLOFF,"rolloff at ~19278Hz but gentle (3.4dB/kHz) - could be an old master/analog source, not necessarily transcoded",44100,19278,22050,3.4
/home/adam/driveBig/Music/My Playlist/Job in the City - Red Vox - What Could Go Wrong.flac,GRADUAL_ROLLOFF,"rolloff at ~18955Hz but gentle (2.1dB/kHz) - could be an old master/analog source, not necessarily transcoded",44100,18955,22050,2.1
/home/adam/driveBig/Music/My Playlist/Jobless Monday - Mitski - bury me at makeout creek.flac,GRADUAL_ROLLOFF,"rolloff at ~14045Hz but gentle (2.9dB/kHz) - could be an old master/analog source, not necessarily transcoded",44100,14045,22050,2.9
/home/adam/driveBig/Music/My Playlist/Joe - AJR - OK Orchestra.flac,GRADUAL_ROLLOFF,"rolloff at ~15595Hz but gentle (4.4dB/kHz) - could be an old master/analog source, not necessarily transcoded",44100,15595,22050,4.4
/home/adam/driveBig/Music/My Playlist/Joe Goes To School - Car Seat Headrest - Teens Of Denial.flac,GRADUAL_ROLLOFF,"rolloff at ~9302Hz but gentle (0.3dB/kHz) - could be an old master/analog source, not necessarily transcoded",44100,9302,22050,0.3
/home/adam/driveBig/Music/My Playlist/Jungle - Electric Light Orchestra - Out of the Blue.flac,GRADUAL_ROLLOFF,"rolloff at ~20311Hz but gentle (2.8dB/kHz) - could be an old master/analog source, not necessarily transcoded",44100,20311,22050,2.8
/home/adam/driveBig/Music/My Playlist/Joseph - Bad Bad Hats - Psychic Reader.flac,GRADUAL_ROLLOFF,"rolloff at ~20710Hz but gentle (4.1dB/kHz) - could be an old master/analog source, not necessarily transcoded",44100,20710,22050,4.1
"/home/adam/driveBig/Music/My Playlist/Johnny, Kick A Hole In The Sky - Red Hot Chili Peppers - Mother's Milk.flac",GRADUAL_ROLLOFF,"rolloff at ~17291Hz but gentle (2.0dB/kHz) - could be an old master/analog source, not necessarily transcoded",44100,17291,22050,2
/home/adam/driveBig/Music/My Playlist/Judas - Cage The Elephant - Cage The Elephant.flac,GRADUAL_ROLLOFF,"rolloff at ~21006Hz but gentle (9.5dB/kHz) - could be an old master/analog source, not necessarily transcoded",44100,21006,22050,9.5
/home/adam/driveBig/Music/My Playlist/Just - Radiohead - The Bends.flac,GRADUAL_ROLLOFF,"rolloff at ~20941Hz but gentle (9.8dB/kHz) - could be an old master/analog source, not necessarily transcoded",44100,20941,22050,9.8
/home/adam/driveBig/Music/My Playlist/Just Give Me a Reason - P!nk; Nate Ruess - The Truth About Love.flac,GRADUAL_ROLLOFF,"rolloff at ~19649Hz but gentle (0.4dB/kHz) - could be an old master/analog source, not necessarily transcoded",44100,19649,22050,0.4
/home/adam/driveBig/Music/My Playlist/Just Can’t Go to Sleep - The Kinks - Kinks.flac,GRADUAL_ROLLOFF,"rolloff at ~17243Hz but gentle (1.9dB/kHz) - could be an old master/analog source, not necessarily transcoded",44100,17243,22050,1.9
/home/adam/driveBig/Music/My Playlist/Just a Phase - Incubus - Morning View.flac,GRADUAL_ROLLOFF,"rolloff at ~18659Hz but gentle (2.7dB/kHz) - could be an old master/analog source, not necessarily transcoded",44100,18659,22050,2.7
/home/adam/driveBig/Music/My Playlist/Just Another Nervous Wreck - Supertramp - Breakfast in America.flac,GRADUAL_ROLLOFF,"rolloff at ~18615Hz but gentle (3.1dB/kHz) - could be an old master/analog source, not necessarily transcoded",44100,18615,22050,3.1
/home/adam/driveBig/Music/My Playlist/Just Kids - Daniel Champagne - Fault Lines.flac,GRADUAL_ROLLOFF,"rolloff at ~16338Hz but gentle (2.8dB/kHz) - could be an old master/analog source, not necessarily transcoded",44100,16338,22050,2.8
/home/adam/driveBig/Music/My Playlist/Just The Way I'm Feeling - Feeder - Comfort in Sound.flac,GRADUAL_ROLLOFF,"rolloff at ~20677Hz but gentle (7.7dB/kHz) - could be an old master/analog source, not necessarily transcoded",44100,20677,22050,7.7
/home/adam/driveBig/Music/My Playlist/Kamikaze - Of Monsters and Men - All is Love and Pain in the Mouse Parade.flac,GRADUAL_ROLLOFF,"rolloff at ~20790Hz but gentle (9.2dB/kHz) - could be an old master/analog source, not necessarily transcoded",44100,20790,22050,9.2
/home/adam/driveBig/Music/My Playlist/Kantannakoto - THE ORAL CIGARETTES - FIXION.flac,GRADUAL_ROLLOFF,"rolloff at ~12322Hz but gentle (0.3dB/kHz) - could be an old master/analog source, not necessarily transcoded",44100,12322,22050,0.3
/home/adam/driveBig/Music/My Playlist/Karma - AJR - Neotheater.flac,GRADUAL_ROLLOFF,"rolloff at ~20516Hz but gentle (11.8dB/kHz) - could be an old master/analog source, not necessarily transcoded",44100,20516,22050,11.8
/home/adam/driveBig/Music/My Playlist/Keep On - Portugal. The Man - Woodstock.flac,GRADUAL_ROLLOFF,"rolloff at ~20236Hz but gentle (4.5dB/kHz) - could be an old master/analog source, not necessarily transcoded",44100,20236,22050,4.5
/home/adam/driveBig/Music/My Playlist/Karma Police - Radiohead - OK Computer.flac,GRADUAL_ROLLOFF,"rolloff at ~20279Hz but gentle (3.2dB/kHz) - could be an old master/analog source, not necessarily transcoded",44100,20279,22050,3.2
/home/adam/driveBig/Music/My Playlist/Kashmir - Marcin.flac,GRADUAL_ROLLOFF,"rolloff at ~19886Hz but gentle (5.0dB/kHz) - could be an old master/analog source, not necessarily transcoded",44100,19886,22050,5
/home/adam/driveBig/Music/My Playlist/Keep On Growing - Derek and the Dominos - Layla & Other Assorted Love Songs.flac,GRADUAL_ROLLOFF,"rolloff at ~15757Hz but gentle (2.6dB/kHz) - could be an old master/analog source, not necessarily transcoded",44100,15757,22050,2.6
/home/adam/driveBig/Music/My Playlist/Keep on Walking - Passenger - All the Little Lights.flac,GRADUAL_ROLLOFF,"rolloff at ~19644Hz but gentle (1.0dB/kHz) - could be an old master/analog source, not necessarily transcoded",44100,19644,22050,1
/home/adam/driveBig/Music/My Playlist/Kerosene! - Yves Tumor - Heaven to a Tortured Mind.flac,GRADUAL_ROLLOFF,"rolloff at ~14939Hz but gentle (3.2dB/kHz) - could be an old master/analog source, not necessarily transcoded",44100,14939,22050,3.2
/home/adam/driveBig/Music/My Playlist/Khe Sanh - Cold Chisel - The Complete Cold Chisel (2011 Remastered).flac,GRADUAL_ROLLOFF,"rolloff at ~18556Hz but gentle (2.0dB/kHz) - could be an old master/analog source, not necessarily transcoded",44100,18556,22050,2
/home/adam/driveBig/Music/My Playlist/Kickstand - Soundgarden - Superunknown (Deluxe Edition).flac,GRADUAL_ROLLOFF,"rolloff at ~21049Hz but gentle (4.2dB/kHz) - could be an old master/analog source, not necessarily transcoded",44100,21049,22050,4.2
/home/adam/driveBig/Music/My Playlist/Kickstart My Heart - Mötley Crüe - Dr. Feelgood (Deluxe Version).flac,GRADUAL_ROLLOFF,"rolloff at ~20198Hz but gentle (7.1dB/kHz) - could be an old master/analog source, not necessarily transcoded",44100,20198,22050,7.1
/home/adam/driveBig/Music/My Playlist/Kids These Days - Kongos - Lunatic.flac,GRADUAL_ROLLOFF,"rolloff at ~17566Hz but gentle (3.1dB/kHz) - could be an old master/analog source, not necessarily transcoded",44100,17566,22050,3.1
/home/adam/driveBig/Music/My Playlist/King Harvest (Has Surely Come) - The Band - The Band.flac,GRADUAL_ROLLOFF,"rolloff at ~15768Hz but gentle (1.9dB/kHz) - could be an old master/analog source, not necessarily transcoded",44100,15768,22050,1.9
/home/adam/driveBig/Music/My Playlist/King And Lionheart - Of Monsters and Men - My Head is an Animal.flac,GRADUAL_ROLLOFF,"rolloff at ~21000Hz but gentle (9.8dB/kHz) - could be an old master/analog source, not necessarily transcoded",44100,21000,22050,9.8
/home/adam/driveBig/Music/My Playlist/Killer Queen - Queen - Sheer Heart Attack (Deluxe Edition 2011 Remaster).flac,GRADUAL_ROLLOFF,"rolloff at ~16683Hz but gentle (1.8dB/kHz) - could be an old master/analog source, not necessarily transcoded",44100,16683,22050,1.8
/home/adam/driveBig/Music/My Playlist/Killing in the Name - Rage Against the Machine - Rage Against the Machine.flac,GRADUAL_ROLLOFF,"rolloff at ~18998Hz but gentle (-0.2dB/kHz) - could be an old master/analog source, not necessarily transcoded",44100,18998,22050,-0.2
/home/adam/driveBig/Music/My Playlist/Kiss Off - Violent Femmes - Violent Femmes.flac,GRADUAL_ROLLOFF,"rolloff at ~16909Hz but gentle (3.1dB/kHz) - could be an old master/analog source, not necessarily transcoded",44100,16909,22050,3.1
/home/adam/driveBig/Music/My Playlist/King Of Pain - The Police - Synchronicity (2003 Remaster).flac,GRADUAL_ROLLOFF,"rolloff at ~20101Hz but gentle (4.1dB/kHz) - could be an old master/analog source, not necessarily transcoded",44100,20101,22050,4.1
/home/adam/driveBig/Music/My Playlist/Kiss on My List - Daryl Hall & John Oates - The Very Best of Daryl Hall & John Oates.flac,GRADUAL_ROLLOFF,"rolloff at ~19832Hz but gentle (2.9dB/kHz) - could be an old master/analog source, not necessarily transcoded",44100,19832,22050,2.9
/home/adam/driveBig/Music/My Playlist/Kiss This - The Struts - Everybody Wants.flac,GRADUAL_ROLLOFF,"rolloff at ~17646Hz but gentle (2.9dB/kHz) - could be an old master/analog source, not necessarily transcoded",44100,17646,22050,2.9
/home/adam/driveBig/Music/My Playlist/Kitty - Rich Brian - Amen.flac,GRADUAL_ROLLOFF,"rolloff at ~20920Hz but gentle (11.9dB/kHz) - could be an old master/analog source, not necessarily transcoded",44100,20920,22050,11.9
/home/adam/driveBig/Music/My Playlist/Kizukeyo Baby - THE ORAL CIGARETTES - FIXION.flac,GRADUAL_ROLLOFF,"rolloff at ~17926Hz but gentle (1.5dB/kHz) - could be an old master/analog source, not necessarily transcoded",44100,17926,22050,1.5
/home/adam/driveBig/Music/My Playlist/Knights of Cydonia - Muse - Black Holes and Revelations.flac,GRADUAL_ROLLOFF,"rolloff at ~20855Hz but gentle (8.2dB/kHz) - could be an old master/analog source, not necessarily transcoded",44100,20855,22050,8.2
/home/adam/driveBig/Music/My Playlist/Kneeling Bus - Pavement - Gold Soundz EP.flac,GRADUAL_ROLLOFF,"rolloff at ~11472Hz but gentle (1.9dB/kHz) - could be an old master/analog source, not necessarily transcoded",44100,11472,22050,1.9
/home/adam/driveBig/Music/My Playlist/Knocked Up - Kings of Leon - Because of the Times.flac,GRADUAL_ROLLOFF,"rolloff at ~12807Hz but gentle (0.3dB/kHz) - could be an old master/analog source, not necessarily transcoded",44100,12807,22050,0.3
/home/adam/driveBig/Music/My Playlist/Knee Socks - Arctic Monkeys - AM.flac,GRADUAL_ROLLOFF,"rolloff at ~20704Hz but gentle (11.5dB/kHz) - could be an old master/analog source, not necessarily transcoded",44100,20704,22050,11.5
/home/adam/driveBig/Music/My Playlist/Knife Prty - Deftones - White Pony.flac,GRADUAL_ROLLOFF,"rolloff at ~18379Hz but gentle (1.2dB/kHz) - could be an old master/analog source, not necessarily transcoded",44100,18379,22050,1.2
/home/adam/driveBig/Music/My Playlist/Knockin' on Heaven's Door - Guns N' Roses - Use Your Illusion II.flac,GRADUAL_ROLLOFF,"rolloff at ~16532Hz but gentle (1.5dB/kHz) - could be an old master/analog source, not necessarily transcoded",44100,16532,22050,1.5
/home/adam/driveBig/Music/My Playlist/Knock Me Down - Red Hot Chili Peppers - Mother's Milk.flac,GRADUAL_ROLLOFF,"rolloff at ~15714Hz but gentle (1.9dB/kHz) - could be an old master/analog source, not necessarily transcoded",44100,15714,22050,1.9
/home/adam/driveBig/Music/My Playlist/KokoroToIuNaNoFukakai - Ado - Kyougen.flac,GRADUAL_ROLLOFF,"rolloff at ~17630Hz but gentle (2.4dB/kHz) - could be an old master/analog source, not necessarily transcoded",44100,17630,22050,2.4
/home/adam/driveBig/Music/My Playlist/Kool Kids - Måneskin - Rush!.flac,GRADUAL_ROLLOFF,"rolloff at ~18906Hz but gentle (6.5dB/kHz) - could be an old master/analog source, not necessarily transcoded",44100,18906,22050,6.5
/home/adam/driveBig/Music/My Playlist/Korea - Deftones - White Pony.flac,GRADUAL_ROLLOFF,"rolloff at ~17663Hz but gentle (0.7dB/kHz) - could be an old master/analog source, not necessarily transcoded",44100,17663,22050,0.7
"/home/adam/driveBig/Music/My Playlist/Kristy, Are You Doing Okay - The Offspring - Rise and Fall, Rage and Grace.flac",GRADUAL_ROLLOFF,"rolloff at ~20209Hz but gentle (2.3dB/kHz) - could be an old master/analog source, not necessarily transcoded",44100,20209,22050,2.3
"/home/adam/driveBig/Music/My Playlist/Know Your Onion! - The Shins - Oh, Inverted World.flac",GRADUAL_ROLLOFF,"rolloff at ~17280Hz but gentle (2.7dB/kHz) - could be an old master/analog source, not necessarily transcoded",44100,17280,22050,2.7
/home/adam/driveBig/Music/My Playlist/Know Your Enemy - Green Day - Greatest Hits - God's Favorite Band.flac,GRADUAL_ROLLOFF,"rolloff at ~17959Hz but gentle (2.3dB/kHz) - could be an old master/analog source, not necessarily transcoded",44100,17959,22050,2.3
/home/adam/driveBig/Music/My Playlist/Kryptonite - 3 Doors Down - The Better Life.flac,GRADUAL_ROLLOFF,"rolloff at ~20736Hz but gentle (11.2dB/kHz) - could be an old master/analog source, not necessarily transcoded",44100,20736,22050,11.2
/home/adam/driveBig/Music/My Playlist/Kyouran Hey Kids!! - THE ORAL CIGARETTES - FIXION.flac,GRADUAL_ROLLOFF,"rolloff at ~20311Hz but gentle (10.7dB/kHz) - could be an old master/analog source, not necessarily transcoded",44100,20311,22050,10.7
/home/adam/driveBig/Music/My Playlist/La Grange - ZZ Top - Tres Hombres (Expanded 2006 Remaster).flac,GRADUAL_ROLLOFF,"rolloff at ~20370Hz but gentle (9.8dB/kHz) - could be an old master/analog source, not necessarily transcoded",44100,20370,22050,9.8
/home/adam/driveBig/Music/My Playlist/La Lune - King Krule - The Ooz.flac,GRADUAL_ROLLOFF,"rolloff at ~15542Hz but gentle (2.5dB/kHz) - could be an old master/analog source, not necessarily transcoded",44100,15542,22050,2.5
/home/adam/driveBig/Music/My Playlist/LA FINE - Måneskin.flac,GRADUAL_ROLLOFF,"rolloff at ~18093Hz but gentle (4.5dB/kHz) - could be an old master/analog source, not necessarily transcoded",44100,18093,22050,4.5
/home/adam/driveBig/Music/My Playlist/LA Woman - The Doors - Greatest Hits.flac,GRADUAL_ROLLOFF,"rolloff at ~16037Hz but gentle (4.1dB/kHz) - could be an old master/analog source, not necessarily transcoded",44100,16037,22050,4.1
/home/adam/driveBig/Music/My Playlist/Lady Stardust - David Bowie - The Rise and Fall of Ziggy Stardust and the Spiders From Mars.flac,GRADUAL_ROLLOFF,"rolloff at ~15208Hz but gentle (3.1dB/kHz) - could be an old master/analog source, not necessarily transcoded",44100,15208,22050,3.1
/home/adam/driveBig/Music/My Playlist/La Paura Del Buio - Måneskin - Teatro D'ira - Vol. I.flac,GRADUAL_ROLLOFF,"rolloff at ~19654Hz but gentle (6.6dB/kHz) - could be an old master/analog source, not necessarily transcoded",44100,19654,22050,6.6
/home/adam/driveBig/Music/My Playlist/LA Devotee - Panic! At The Disco - Death of a Bachelor.flac,GRADUAL_ROLLOFF,"rolloff at ~19202Hz but gentle (1.9dB/kHz) - could be an old master/analog source, not necessarily transcoded",44100,19202,22050,1.9
/home/adam/driveBig/Music/My Playlist/Lalala - bbno$.flac,GRADUAL_ROLLOFF,"rolloff at ~20645Hz but gentle (6.8dB/kHz) - could be an old master/analog source, not necessarily transcoded",44100,20645,22050,6.8
/home/adam/driveBig/Music/My Playlist/Lakehouse - Of Monsters and Men - My Head is an Animal.flac,GRADUAL_ROLLOFF,"rolloff at ~20085Hz but gentle (1.7dB/kHz) - could be an old master/analog source, not necessarily transcoded",44100,20085,22050,1.7
/home/adam/driveBig/Music/My Playlist/Lady Writer - Dire Straits - Communiqué.flac,GRADUAL_ROLLOFF,"rolloff at ~19342Hz but gentle (4.7dB/kHz) - could be an old master/analog source, not necessarily transcoded",44100,19342,22050,4.7
/home/adam/driveBig/Music/My Playlist/Lana - Roy Orbison - The Very Best Of.flac,GRADUAL_ROLLOFF,"rolloff at ~20343Hz but gentle (10.1dB/kHz) - could be an old master/analog source, not necessarily transcoded",44100,20343,22050,10.1
/home/adam/driveBig/Music/My Playlist/Lane Boy - Twenty One Pilots - Blurryface.flac,GRADUAL_ROLLOFF,"rolloff at ~20333Hz but gentle (2.9dB/kHz) - could be an old master/analog source, not necessarily transcoded",44100,20333,22050,2.9
/home/adam/driveBig/Music/My Playlist/Laying on my porch while we watch the world end. - Powfu - Laying on my porch while we watch the world end.flac,GRADUAL_ROLLOFF,"rolloff at ~18406Hz but gentle (2.9dB/kHz) - could be an old master/analog source, not necessarily transcoded",44100,18406,22050,2.9
/home/adam/driveBig/Music/My Playlist/Landslide - Fleetwood Mac - The Dance.flac,GRADUAL_ROLLOFF,"rolloff at ~20446Hz but gentle (1.3dB/kHz) - could be an old master/analog source, not necessarily transcoded",44100,20446,22050,1.3
/home/adam/driveBig/Music/My Playlist/Lazy Gun - Jet - Get Born.flac,GRADUAL_ROLLOFF,"rolloff at ~21081Hz but gentle (11.6dB/kHz) - could be an old master/analog source, not necessarily transcoded",44100,21081,22050,11.6
/home/adam/driveBig/Music/My Playlist/Leah - Roy Orbison - The Very Best Of.flac,GRADUAL_ROLLOFF,"rolloff at ~20381Hz but gentle (11.0dB/kHz) - could be an old master/analog source, not necessarily transcoded",44100,20381,22050,11
/home/adam/driveBig/Music/My Playlist/Le Parole Lontane - Måneskin - Il Ballo Della Vita.flac,GRADUAL_ROLLOFF,"rolloff at ~18158Hz but gentle (2.8dB/kHz) - could be an old master/analog source, not necessarily transcoded",44100,18158,22050,2.8
/home/adam/driveBig/Music/My Playlist/Leaving Nara - alt-J - This Is All Yours.flac,GRADUAL_ROLLOFF,"rolloff at ~20494Hz but gentle (11.9dB/kHz) - could be an old master/analog source, not necessarily transcoded",44100,20494,22050,11.9
/home/adam/driveBig/Music/My Playlist/Leave Me Alone - NF - The Search.flac,GRADUAL_ROLLOFF,"rolloff at ~13404Hz but gentle (1.9dB/kHz) - could be an old master/analog source, not necessarily transcoded",44100,13404,22050,1.9
/home/adam/driveBig/Music/My Playlist/Learn To Fly - Foo Fighters - There Is Nothing Left To Lose.flac,GRADUAL_ROLLOFF,"rolloff at ~20457Hz but gentle (7.0dB/kHz) - could be an old master/analog source, not necessarily transcoded",44100,20457,22050,7
/home/adam/driveBig/Music/My Playlist/Legs - ZZ Top - Eliminator.flac,GRADUAL_ROLLOFF,"rolloff at ~20365Hz but gentle (7.8dB/kHz) - could be an old master/analog source, not necessarily transcoded",44100,20365,22050,7.8
/home/adam/driveBig/Music/My Playlist/Let Down - Radiohead - OK Computer.flac,GRADUAL_ROLLOFF,"rolloff at ~20914Hz but gentle (8.5dB/kHz) - could be an old master/analog source, not necessarily transcoded",44100,20914,22050,8.5
/home/adam/driveBig/Music/My Playlist/Les Boys - Dire Straits - Making Movies.flac,GRADUAL_ROLLOFF,"rolloff at ~14809Hz but gentle (1.0dB/kHz) - could be an old master/analog source, not necessarily transcoded",44100,14809,22050,1
/home/adam/driveBig/Music/My Playlist/Let It Be - The Beatles - Past Masters (Vols. 1 & 2 - Remastered).flac,GRADUAL_ROLLOFF,"rolloff at ~14056Hz but gentle (2.3dB/kHz) - could be an old master/analog source, not necessarily transcoded",44100,14056,22050,2.3
/home/adam/driveBig/Music/My Playlist/Let Her Go - Passenger - All the Little Lights.flac,GRADUAL_ROLLOFF,"rolloff at ~19294Hz but gentle (1.1dB/kHz) - could be an old master/analog source, not necessarily transcoded",44100,19294,22050,1.1
/home/adam/driveBig/Music/My Playlist/Keep Yourself Alive - Queen - On Air.flac,GRADUAL_ROLLOFF,"rolloff at ~16597Hz but gentle (2.3dB/kHz) - could be an old master/analog source, not necessarily transcoded",44100,16597,22050,2.3
/home/adam/driveBig/Music/My Playlist/I’m So Happy - Red Vox - Another Light.flac,GRADUAL_ROLLOFF,"rolloff at ~18217Hz but gentle (2.6dB/kHz) - could be an old master/analog source, not necessarily transcoded",44100,18217,22050,2.6
/home/adam/driveBig/Music/My Playlist/Jolene - CAKE - Motorcade of Generosity.flac,GRADUAL_ROLLOFF,"rolloff at ~16435Hz but gentle (1.6dB/kHz) - could be an old master/analog source, not necessarily transcoded",44100,16435,22050,1.6
/home/adam/driveBig/Music/My Playlist/Know Your Enemy - Rage Against the Machine - Rage Against the Machine.flac,GRADUAL_ROLLOFF,"rolloff at ~17275Hz but gentle (0.9dB/kHz) - could be an old master/analog source, not necessarily transcoded",44100,17275,22050,0.9
/home/adam/driveBig/Music/My Playlist/Lasciami Stare - Måneskin - Il Ballo Della Vita.flac,GRADUAL_ROLLOFF,"rolloff at ~16586Hz but gentle (2.5dB/kHz) - could be an old master/analog source, not necessarily transcoded",44100,16586,22050,2.5
"/home/adam/driveBig/Music/My Playlist/Let It Die - Foo Fighters - Echoes, Silence, Patience & Grace.flac",GRADUAL_ROLLOFF,"rolloff at ~17722Hz but gentle (0.8dB/kHz) - could be an old master/analog source, not necessarily transcoded",44100,17722,22050,0.8
/home/adam/driveBig/Music/My Playlist/Let Me Down Slowly - Alec Benjamin - Narrated for You.flac,GRADUAL_ROLLOFF,"rolloff at ~20096Hz but gentle (6.1dB/kHz) - could be an old master/analog source, not necessarily transcoded",44100,20096,22050,6.1
/home/adam/driveBig/Music/My Playlist/Let Me Down - Blink-182; Oliver Tree.flac,GRADUAL_ROLLOFF,"rolloff at ~19331Hz but gentle (4.8dB/kHz) - could be an old master/analog source, not necessarily transcoded",44100,19331,22050,4.8
/home/adam/driveBig/Music/My Playlist/Let Me Down - BoyWithUke - Serotonin Dreams.flac,GRADUAL_ROLLOFF,"rolloff at ~21103Hz but gentle (11.0dB/kHz) - could be an old master/analog source, not necessarily transcoded",44100,21103,22050,11
/home/adam/driveBig/Music/My Playlist/Let It Happen - Tame Impala - Currents.flac,GRADUAL_ROLLOFF,"rolloff at ~20758Hz but gentle (8.7dB/kHz) - could be an old master/analog source, not necessarily transcoded",44100,20758,22050,8.7
/home/adam/driveBig/Music/My Playlist/Let Me Drown - Soundgarden - Superunknown (Deluxe Edition).flac,GRADUAL_ROLLOFF,"rolloff at ~20527Hz but gentle (0.6dB/kHz) - could be an old master/analog source, not necessarily transcoded",44100,20527,22050,0.6
/home/adam/driveBig/Music/My Playlist/Let Me Go - Joan Jett - Bad Reputation.flac,GRADUAL_ROLLOFF,"rolloff at ~20193Hz but gentle (8.1dB/kHz) - could be an old master/analog source, not necessarily transcoded",44100,20193,22050,8.1
/home/adam/driveBig/Music/My Playlist/Let Me Go - Bread - Guitar Man.flac,GRADUAL_ROLLOFF,"rolloff at ~15854Hz but gentle (-0.2dB/kHz) - could be an old master/analog source, not necessarily transcoded",44100,15854,22050,-0.2
/home/adam/driveBig/Music/My Playlist/Let Me Go - NF - The Search.flac,GRADUAL_ROLLOFF,"rolloff at ~9986Hz but gentle (2.1dB/kHz) - could be an old master/analog source, not necessarily transcoded",44100,9986,22050,2.1
/home/adam/driveBig/Music/My Playlist/Let's go to Hell - Tai Verdes - HDTV.flac,GRADUAL_ROLLOFF,"rolloff at ~18422Hz but gentle (6.6dB/kHz) - could be an old master/analog source, not necessarily transcoded",44100,18422,22050,6.6
/home/adam/driveBig/Music/My Playlist/Let’s Get It Started - Måneskin - Chosen.flac,GRADUAL_ROLLOFF,"rolloff at ~18637Hz but gentle (2.8dB/kHz) - could be an old master/analog source, not necessarily transcoded",44100,18637,22050,2.8
/home/adam/driveBig/Music/My Playlist/Leuchtturm - Nena - 99 Luftballons.flac,GRADUAL_ROLLOFF,"rolloff at ~16758Hz but gentle (2.9dB/kHz) - could be an old master/analog source, not necessarily transcoded",44100,16758,22050,2.9
"/home/adam/driveBig/Music/My Playlist/Let’s Hear It for Rock Bottom - The Offspring - Rise and Fall, Rage and Grace.flac",GRADUAL_ROLLOFF,"rolloff at ~18685Hz but gentle (2.2dB/kHz) - could be an old master/analog source, not necessarily transcoded",44100,18685,22050,2.2
/home/adam/driveBig/Music/My Playlist/Level of Concern - Twenty One Pilots.flac,GRADUAL_ROLLOFF,"rolloff at ~20806Hz but gentle (10.2dB/kHz) - could be an old master/analog source, not necessarily transcoded",44100,20806,22050,10.2
/home/adam/driveBig/Music/My Playlist/Lick It Up - Kiss - The Very Best of KISS.flac,GRADUAL_ROLLOFF,"rolloff at ~18368Hz but gentle (2.0dB/kHz) - could be an old master/analog source, not necessarily transcoded",44100,18368,22050,2
/home/adam/driveBig/Music/My Playlist/Liar - Queen - Queen (Deluxe Edition 2011 Remaster).flac,GRADUAL_ROLLOFF,"rolloff at ~15359Hz but gentle (2.2dB/kHz) - could be an old master/analog source, not necessarily transcoded",44100,15359,22050,2.2
/home/adam/driveBig/Music/My Playlist/Lie - NF - Perception.flac,GRADUAL_ROLLOFF,"rolloff at ~16376Hz but gentle (4.4dB/kHz) - could be an old master/analog source, not necessarily transcoded",44100,16376,22050,4.4
/home/adam/driveBig/Music/My Playlist/Life in the Fast Lane - Eagles - Hotel California.flac,GRADUAL_ROLLOFF,"rolloff at ~19789Hz but gentle (4.9dB/kHz) - could be an old master/analog source, not necessarily transcoded",44100,19789,22050,4.9
/home/adam/driveBig/Music/My Playlist/Life Force - Ptasinski - Freedom From Self.flac,GRADUAL_ROLLOFF,"rolloff at ~18406Hz but gentle (2.1dB/kHz) - could be an old master/analog source, not necessarily transcoded",44100,18406,22050,2.1
/home/adam/driveBig/Music/My Playlist/Life of My Own - 3 Doors Down - The Better Life.flac,GRADUAL_ROLLOFF,"rolloff at ~20774Hz but gentle (11.2dB/kHz) - could be an old master/analog source, not necessarily transcoded",44100,20774,22050,11.2
/home/adam/driveBig/Music/My Playlist/life hack - Vaundy - strobo.flac,GRADUAL_ROLLOFF,"rolloff at ~18712Hz but gentle (1.8dB/kHz) - could be an old master/analog source, not necessarily transcoded",44100,18712,22050,1.8
/home/adam/driveBig/Music/My Playlist/Life Of A Salesman - Yellowcard - Ocean Avenue.flac,GRADUAL_ROLLOFF,"rolloff at ~19762Hz but gentle (2.6dB/kHz) - could be an old master/analog source, not necessarily transcoded",44100,19762,22050,2.6
/home/adam/driveBig/Music/My Playlist/Life’s for the Living - Passenger - All the Little Lights.flac,GRADUAL_ROLLOFF,"rolloff at ~20591Hz but gentle (4.6dB/kHz) - could be an old master/analog source, not necessarily transcoded",44100,20591,22050,4.6
/home/adam/driveBig/Music/My Playlist/Lifestyles of the Rich & Famous - Good Charlotte - The Young and the Hopeless.flac,GRADUAL_ROLLOFF,"rolloff at ~8043Hz but gentle (1.6dB/kHz) - could be an old master/analog source, not necessarily transcoded",44100,8043,22050,1.6
/home/adam/driveBig/Music/My Playlist/Light My Fire - The Doors - Greatest Hits.flac,GRADUAL_ROLLOFF,"rolloff at ~14718Hz but gentle (1.4dB/kHz) - could be an old master/analog source, not necessarily transcoded",44100,14718,22050,1.4
/home/adam/driveBig/Music/My Playlist/Light Of Day - Joan Jett and the Blackhearts - Fit to Be Tied - Great Hits by Joan Jett and the Blackhearts.flac,GRADUAL_ROLLOFF,"rolloff at ~20064Hz but gentle (7.5dB/kHz) - could be an old master/analog source, not necessarily transcoded",44100,20064,22050,7.5
/home/adam/driveBig/Music/My Playlist/Like Suicide - Soundgarden - Superunknown (Deluxe Edition).flac,GRADUAL_ROLLOFF,"rolloff at ~16607Hz but gentle (1.1dB/kHz) - could be an old master/analog source, not necessarily transcoded",44100,16607,22050,1.1
/home/adam/driveBig/Music/My Playlist/Like This - NF - The Search.flac,GRADUAL_ROLLOFF,"rolloff at ~15014Hz but gentle (4.2dB/kHz) - could be an old master/analog source, not necessarily transcoded",44100,15014,22050,4.2
/home/adam/driveBig/Music/My Playlist/Lions - Dire Straits - Dire Straits.flac,GRADUAL_ROLLOFF,"rolloff at ~16753Hz but gentle (2.5dB/kHz) - could be an old master/analog source, not necessarily transcoded",44100,16753,22050,2.5
/home/adam/driveBig/Music/My Playlist/Lil’ Red - Bikini Kill - Pussy Whipped.flac,GRADUAL_ROLLOFF,"rolloff at ~16484Hz but gentle (2.6dB/kHz) - could be an old master/analog source, not necessarily transcoded",44100,16484,22050,2.6
"/home/adam/driveBig/Music/My Playlist/Linger - The Cranberries - Everybody Else Is Doing It, So Why Can’t We.flac",GRADUAL_ROLLOFF,"rolloff at ~15633Hz but gentle (1.3dB/kHz) - could be an old master/analog source, not necessarily transcoded",44100,15633,22050,1.3
/home/adam/driveBig/Music/My Playlist/Limo Wreck - Soundgarden - Superunknown (Deluxe Edition).flac,GRADUAL_ROLLOFF,"rolloff at ~16344Hz but gentle (1.9dB/kHz) - could be an old master/analog source, not necessarily transcoded",44100,16344,22050,1.9
/home/adam/driveBig/Music/My Playlist/Listen - ONE OK ROCK - Ambitions.flac,GRADUAL_ROLLOFF,"rolloff at ~20758Hz but gentle (9.5dB/kHz) - could be an old master/analog source, not necessarily transcoded",44100,20758,22050,9.5
/home/adam/driveBig/Music/My Playlist/Like You Do - Joji - Nectar.flac,GRADUAL_ROLLOFF,"rolloff at ~20936Hz but gentle (11.6dB/kHz) - could be an old master/analog source, not necessarily transcoded",44100,20936,22050,11.6
/home/adam/driveBig/Music/My Playlist/Lithium - Nirvana - Nevermind.flac,GRADUAL_ROLLOFF,"rolloff at ~17264Hz but gentle (3.7dB/kHz) - could be an old master/analog source, not necessarily transcoded",44100,17264,22050,3.7
/home/adam/driveBig/Music/My Playlist/Little Acorns - The White Stripes - Elephant.flac,GRADUAL_ROLLOFF,"rolloff at ~14207Hz but gentle (1.9dB/kHz) - could be an old master/analog source, not necessarily transcoded",44100,14207,22050,1.9
/home/adam/driveBig/Music/My Playlist/Little Doll - The Stooges - The Stooges.flac,GRADUAL_ROLLOFF,"rolloff at ~17178Hz but gentle (2.0dB/kHz) - could be an old master/analog source, not necessarily transcoded",44100,17178,22050,2
/home/adam/driveBig/Music/My Playlist/Little Boy - Barns Courtney - The Dull Drums EP.flac,GRADUAL_ROLLOFF,"rolloff at ~16414Hz but gentle (4.4dB/kHz) - could be an old master/analog source, not necessarily transcoded",44100,16414,22050,4.4
/home/adam/driveBig/Music/My Playlist/Little House - The Fray - How to Save a Life.flac,GRADUAL_ROLLOFF,"rolloff at ~20500Hz but gentle (6.3dB/kHz) - could be an old master/analog source, not necessarily transcoded",44100,20500,22050,6.3
/home/adam/driveBig/Music/My Playlist/Little Green Bag - George Baker Selection.flac,GRADUAL_ROLLOFF,"rolloff at ~15687Hz but gentle (3.2dB/kHz) - could be an old master/analog source, not necessarily transcoded",44100,15687,22050,3.2
/home/adam/driveBig/Music/My Playlist/Little Lion Man - Mumford & Sons - Sigh No More.flac,GRADUAL_ROLLOFF,"rolloff at ~19418Hz but gentle (5.4dB/kHz) - could be an old master/analog source, not necessarily transcoded",44100,19418,22050,5.4
/home/adam/driveBig/Music/My Playlist/Little Room - The White Stripes - White Blood Cells.flac,GRADUAL_ROLLOFF,"rolloff at ~19967Hz but gentle (8.4dB/kHz) - could be an old master/analog source, not necessarily transcoded",44100,19967,22050,8.4
/home/adam/driveBig/Music/My Playlist/Little Liar (Live) - Joan Jett and the Blackhearts - Fit to Be Tied - Great Hits by Joan Jett and the Blackhearts.flac,GRADUAL_ROLLOFF,"rolloff at ~20500Hz but gentle (3.7dB/kHz) - could be an old master/analog source, not necessarily transcoded",44100,20500,22050,3.7
/home/adam/driveBig/Music/My Playlist/Little Talks - Of Monsters and Men - My Head is an Animal.flac,GRADUAL_ROLLOFF,"rolloff at ~20893Hz but gentle (9.9dB/kHz) - could be an old master/analog source, not necessarily transcoded",44100,20893,22050,9.9
/home/adam/driveBig/Music/My Playlist/Little Miss Lover - Red Hot Chili Peppers - Blood Sugar Sex Magik.flac,GRADUAL_ROLLOFF,"rolloff at ~19342Hz but gentle (1.8dB/kHz) - could be an old master/analog source, not necessarily transcoded",44100,19342,22050,1.8
/home/adam/driveBig/Music/My Playlist/Little Wing - The Jimi Hendrix Experience - Axis - Bold as Love.flac,GRADUAL_ROLLOFF,"rolloff at ~15439Hz but gentle (3.0dB/kHz) - could be an old master/analog source, not necessarily transcoded",44100,15439,22050,3
/home/adam/driveBig/Music/My Playlist/Little Prince - Rich Brian; Niki - Amen.flac,GRADUAL_ROLLOFF,"rolloff at ~19977Hz but gentle (4.8dB/kHz) - could be an old master/analog source, not necessarily transcoded",44100,19977,22050,4.8
/home/adam/driveBig/Music/My Playlist/Live and Let Die - Guns N' Roses - Greatest Hits.flac,GRADUAL_ROLLOFF,"rolloff at ~16812Hz but gentle (1.4dB/kHz) - could be an old master/analog source, not necessarily transcoded",44100,16812,22050,1.4
/home/adam/driveBig/Music/My Playlist/Live-In Skin - Foo Fighters - There Is Nothing Left To Lose.flac,GRADUAL_ROLLOFF,"rolloff at ~20467Hz but gentle (7.0dB/kHz) - could be an old master/analog source, not necessarily transcoded",44100,20467,22050,7
/home/adam/driveBig/Music/My Playlist/Lividi Sui Gomiti - Måneskin - Teatro D'ira - Vol. I.flac,GRADUAL_ROLLOFF,"rolloff at ~19800Hz but gentle (7.9dB/kHz) - could be an old master/analog source, not necessarily transcoded",44100,19800,22050,7.9
/home/adam/driveBig/Music/My Playlist/Livin' On A Prayer - Bon Jovi - Slippery When Wet.flac,GRADUAL_ROLLOFF,"rolloff at ~17275Hz but gentle (2.5dB/kHz) - could be an old master/analog source, not necessarily transcoded",44100,17275,22050,2.5
/home/adam/driveBig/Music/My Playlist/Living in the '20s - Green Day - Saviors.flac,GRADUAL_ROLLOFF,"rolloff at ~19062Hz but gentle (2.7dB/kHz) - could be an old master/analog source, not necessarily transcoded",44100,19062,22050,2.7
/home/adam/driveBig/Music/My Playlist/Loafers - BoyWithUke - Faded.flac,GRADUAL_ROLLOFF,"rolloff at ~17679Hz but gentle (1.7dB/kHz) - could be an old master/analog source, not necessarily transcoded",44100,17679,22050,1.7
/home/adam/driveBig/Music/My Playlist/Livin’ It Up - Limp Bizkit - Chocolate Starfish and the Hot Dog Flavored Water.flac,GRADUAL_ROLLOFF,"rolloff at ~16005Hz but gentle (1.8dB/kHz) - could be an old master/analog source, not necessarily transcoded",44100,16005,22050,1.8
/home/adam/driveBig/Music/My Playlist/Logos - King Krule - The Ooz.flac,GRADUAL_ROLLOFF,"rolloff at ~15520Hz but gentle (0.7dB/kHz) - could be an old master/analog source, not necessarily transcoded",44100,15520,22050,0.7
/home/adam/driveBig/Music/My Playlist/Lodi - Creedence Clearwater Revival - Platinum.flac,GRADUAL_ROLLOFF,"rolloff at ~19186Hz but gentle (0.8dB/kHz) - could be an old master/analog source, not necessarily transcoded",44100,19186,22050,0.8
/home/adam/driveBig/Music/My Playlist/Long Lonely Night - Red Vox - What Could Go Wrong.flac,GRADUAL_ROLLOFF,"rolloff at ~18023Hz but gentle (2.0dB/kHz) - could be an old master/analog source, not necessarily transcoded",44100,18023,22050,2
/home/adam/driveBig/Music/My Playlist/Locked Club - Deftones - Private Music.flac,GRADUAL_ROLLOFF,"rolloff at ~19321Hz but gentle (6.8dB/kHz) - could be an old master/analog source, not necessarily transcoded",44100,19321,22050,6.8
"/home/adam/driveBig/Music/My Playlist/Long Road to Ruin - Foo Fighters - Echoes, Silence, Patience & Grace.flac",GRADUAL_ROLLOFF,"rolloff at ~13943Hz but gentle (2.3dB/kHz) - could be an old master/analog source, not necessarily transcoded",44100,13943,22050,2.3
/home/adam/driveBig/Music/My Playlist/Long Way From Home - The Lumineers - Cleopatra.flac,GRADUAL_ROLLOFF,"rolloff at ~15240Hz but gentle (2.1dB/kHz) - could be an old master/analog source, not necessarily transcoded",44100,15240,22050,2.1
/home/adam/driveBig/Music/My Playlist/Long Tall Shorty - The Kinks - Kinks.flac,GRADUAL_ROLLOFF,"rolloff at ~18185Hz but gentle (3.4dB/kHz) - could be an old master/analog source, not necessarily transcoded",44100,18185,22050,3.4
/home/adam/driveBig/Music/My Playlist/Longview - Green Day - Greatest Hits - God's Favorite Band.flac,GRADUAL_ROLLOFF,"rolloff at ~19628Hz but gentle (2.2dB/kHz) - could be an old master/analog source, not necessarily transcoded",44100,19628,22050,2.2
/home/adam/driveBig/Music/My Playlist/Longview - Green Day - Dookie.flac,GRADUAL_ROLLOFF,"rolloff at ~14013Hz but gentle (-0.1dB/kHz) - could be an old master/analog source, not necessarily transcoded",44100,14013,22050,-0.1
"/home/adam/driveBig/Music/My Playlist/Look Ma, No Brains! - Green Day.flac",GRADUAL_ROLLOFF,"rolloff at ~17140Hz but gentle (2.2dB/kHz) - could be an old master/analog source, not necessarily transcoded",44100,17140,22050,2.2
"/home/adam/driveBig/Music/My Playlist/Look Ma, No Brains! - Green Day - Saviors.flac",GRADUAL_ROLLOFF,"rolloff at ~16468Hz but gentle (1.4dB/kHz) - could be an old master/analog source, not necessarily transcoded",44100,16468,22050,1.4
/home/adam/driveBig/Music/My Playlist/Look After You - The Fray - How to Save a Life.flac,GRADUAL_ROLLOFF,"rolloff at ~20597Hz but gentle (7.5dB/kHz) - could be an old master/analog source, not necessarily transcoded",44100,20597,22050,7.5
/home/adam/driveBig/Music/My Playlist/Look Out Cleveland - The Band - The Band.flac,GRADUAL_ROLLOFF,"rolloff at ~16904Hz but gentle (3.8dB/kHz) - could be an old master/analog source, not necessarily transcoded",44100,16904,22050,3.8
/home/adam/driveBig/Music/My Playlist/Look What You've Done - Jet - Get Born.flac,GRADUAL_ROLLOFF,"rolloff at ~21059Hz but gentle (11.3dB/kHz) - could be an old master/analog source, not necessarily transcoded",44100,21059,22050,11.3
/home/adam/driveBig/Music/My Playlist/Look Who’s Inside Again - Bo Burnham - Inside.flac,GRADUAL_ROLLOFF,"rolloff at ~16005Hz but gentle (2.9dB/kHz) - could be an old master/analog source, not necessarily transcoded",44100,16005,22050,2.9
/home/adam/driveBig/Music/My Playlist/Lookin’ for a Reason - Creedence Clearwater Revival - Platinum.flac,GRADUAL_ROLLOFF,"rolloff at ~20806Hz but gentle (9.2dB/kHz) - could be an old master/analog source, not necessarily transcoded",44100,20806,22050,9.2
/home/adam/driveBig/Music/My Playlist/Looking for Angels - Skillet - Comatose.flac,GRADUAL_ROLLOFF,"rolloff at ~19902Hz but gentle (1.5dB/kHz) - could be an old master/analog source, not necessarily transcoded",44100,19902,22050,1.5
/home/adam/driveBig/Music/My Playlist/Loose Change - Royal Blood - Royal Blood.flac,GRADUAL_ROLLOFF,"rolloff at ~18163Hz but gentle (2.6dB/kHz) - could be an old master/analog source, not necessarily transcoded",44100,18163,22050,2.6
/home/adam/driveBig/Music/My Playlist/Looking Up - Paramore - Brand New Eyes.flac,GRADUAL_ROLLOFF,"rolloff at ~16204Hz but gentle (3.6dB/kHz) - could be an old master/analog source, not necessarily transcoded",44100,16204,22050,3.6
/home/adam/driveBig/Music/My Playlist/Lord Is It Mine - Supertramp - Breakfast in America.flac,GRADUAL_ROLLOFF,"rolloff at ~17953Hz but gentle (2.0dB/kHz) - could be an old master/analog source, not necessarily transcoded",44100,17953,22050,2
/home/adam/driveBig/Music/My Playlist/Lose Yourself to Dance - Daft Punk - Random Access Memories.flac,GRADUAL_ROLLOFF,"rolloff at ~17846Hz but gentle (2.2dB/kHz) - could be an old master/analog source, not necessarily transcoded",44100,17846,22050,2.2
/home/adam/driveBig/Music/My Playlist/Loser - Beck.flac,GRADUAL_ROLLOFF,"rolloff at ~20381Hz but gentle (1.9dB/kHz) - could be an old master/analog source, not necessarily transcoded",44100,20381,22050,1.9
/home/adam/driveBig/Music/My Playlist/Losing My Religion - R.E.M. - Out of Time (25th Anniversary Edition).flac,GRADUAL_ROLLOFF,"rolloff at ~17776Hz but gentle (2.1dB/kHz) - could be an old master/analog source, not necessarily transcoded",44100,17776,22050,2.1
/home/adam/driveBig/Music/My Playlist/Lost in My Mind - The Head and the Heart - The Head and the Heart.flac,GRADUAL_ROLLOFF,"rolloff at ~19649Hz but gentle (2.2dB/kHz) - could be an old master/analog source, not necessarily transcoded",44100,19649,22050,2.2
/home/adam/driveBig/Music/My Playlist/Losing Streak - Eels - Meet the Eels - Essential Eels.flac,GRADUAL_ROLLOFF,"rolloff at ~20747Hz but gentle (9.7dB/kHz) - could be an old master/analog source, not necessarily transcoded",44100,20747,22050,9.7
/home/adam/driveBig/Music/My Playlist/Lost Myslf - Tai Verdes - HDTV.flac,GRADUAL_ROLLOFF,"rolloff at ~20220Hz but gentle (6.5dB/kHz) - could be an old master/analog source, not necessarily transcoded",44100,20220,22050,6.5
/home/adam/driveBig/Music/My Playlist/Lotion - Deftones - Around the Fur.flac,GRADUAL_ROLLOFF,"rolloff at ~20763Hz but gentle (11.4dB/kHz) - could be an old master/analog source, not necessarily transcoded",44100,20763,22050,11.4
/home/adam/driveBig/Music/My Playlist/Lounge Act - Nirvana - Nevermind.flac,GRADUAL_ROLLOFF,"rolloff at ~17652Hz but gentle (2.2dB/kHz) - could be an old master/analog source, not necessarily transcoded",44100,17652,22050,2.2
/home/adam/driveBig/Music/My Playlist/Louie Louie - The Kingsmen - The Best Of The Kingsmen [1991].flac,GRADUAL_ROLLOFF,"rolloff at ~20193Hz but gentle (6.0dB/kHz) - could be an old master/analog source, not necessarily transcoded",44100,20193,22050,6
/home/adam/driveBig/Music/My Playlist/Lotus - R.E.M. - Up (25th Anniversary Edition).flac,GRADUAL_ROLLOFF,"rolloff at ~20570Hz but gentle (5.7dB/kHz) - could be an old master/analog source, not necessarily transcoded",44100,20570,22050,5.7
/home/adam/driveBig/Music/My Playlist/Love Ain’t for Keeping - The Who - Who’s Next.flac,GRADUAL_ROLLOFF,"rolloff at ~20957Hz but gentle (10.6dB/kHz) - could be an old master/analog source, not necessarily transcoded",44100,20957,22050,10.6
/home/adam/driveBig/Music/My Playlist/Love Dies Young - Foo Fighters - Medicine at Midnight.flac,GRADUAL_ROLLOFF,"rolloff at ~17803Hz but gentle (1.7dB/kHz) - could be an old master/analog source, not necessarily transcoded",44100,17803,22050,1.7
/home/adam/driveBig/Music/My Playlist/Love Gun - Kiss - The Very Best of KISS.flac,GRADUAL_ROLLOFF,"rolloff at ~16564Hz but gentle (-0.7dB/kHz) - could be an old master/analog source, not necessarily transcoded",44100,16564,22050,-0.7
/home/adam/driveBig/Music/My Playlist/Love Hurts - Nazareth - Dazed and Confused.flac,GRADUAL_ROLLOFF,"rolloff at ~20300Hz but gentle (11.0dB/kHz) - could be an old master/analog source, not necessarily transcoded",44100,20300,22050,11
/home/adam/driveBig/Music/My Playlist/Love In Vain - The Rolling Stones - Let It Bleed.flac,GRADUAL_ROLLOFF,"rolloff at ~13227Hz but gentle (2.2dB/kHz) - could be an old master/analog source, not necessarily transcoded",44100,13227,22050,2.2
/home/adam/driveBig/Music/My Playlist/Love Is All Around - Joan Jett and the Blackhearts - Fit to Be Tied - Great Hits by Joan Jett and the Blackhearts.flac,GRADUAL_ROLLOFF,"rolloff at ~20812Hz but gentle (7.8dB/kHz) - could be an old master/analog source, not necessarily transcoded",44100,20812,22050,7.8
/home/adam/driveBig/Music/My Playlist/Love Me Different - Hayley Williams - Ego Death at a Bachelorette Party.flac,GRADUAL_ROLLOFF,"rolloff at ~21151Hz but gentle (7.3dB/kHz) - could be an old master/analog source, not necessarily transcoded",44100,21151,22050,7.3
/home/adam/driveBig/Music/My Playlist/Love Me Two Times - The Doors - Greatest Hits.flac,GRADUAL_ROLLOFF,"rolloff at ~16419Hz but gentle (4.2dB/kHz) - could be an old master/analog source, not necessarily transcoded",44100,16419,22050,4.2
/home/adam/driveBig/Music/My Playlist/Love Love Love - Avalanche City.flac,GRADUAL_ROLLOFF,"rolloff at ~14739Hz but gentle (2.0dB/kHz) - could be an old master/analog source, not necessarily transcoded",44100,14739,22050,2
/home/adam/driveBig/Music/My Playlist/Love of the Loveless - Eels - Meet the Eels - Essential Eels.flac,GRADUAL_ROLLOFF,"rolloff at ~19676Hz but gentle (2.0dB/kHz) - could be an old master/analog source, not necessarily transcoded",44100,19676,22050,2
/home/adam/driveBig/Music/My Playlist/Love You Madly - CAKE - Comfort Eagle.flac,GRADUAL_ROLLOFF,"rolloff at ~21129Hz but gentle (12.0dB/kHz) - could be an old master/analog source, not necessarily transcoded",44100,21129,22050,12
/home/adam/driveBig/Music/My Playlist/LOVE YOU LESS - Joji - Piss in the Wind.flac,GRADUAL_ROLLOFF,"rolloff at ~20440Hz but gentle (7.1dB/kHz) - could be an old master/analog source, not necessarily transcoded",44100,20440,22050,7.1
/home/adam/driveBig/Music/My Playlist/Love Pollution - Feeder - Comfort in Sound.flac,GRADUAL_ROLLOFF,"rolloff at ~20645Hz but gentle (7.7dB/kHz) - could be an old master/analog source, not necessarily transcoded",44100,20645,22050,7.7
/home/adam/driveBig/Music/My Playlist/Love's The Only Way - Cage The Elephant - Social Cues.flac,GRADUAL_ROLLOFF,"rolloff at ~16075Hz but gentle (4.8dB/kHz) - could be an old master/analog source, not necessarily transcoded",44100,16075,22050,4.8
/home/adam/driveBig/Music/My Playlist/Lovely Day - alt-J - This Is All Yours.flac,GRADUAL_ROLLOFF,"rolloff at ~20268Hz but gentle (11.7dB/kHz) - could be an old master/analog source, not necessarily transcoded",44100,20268,22050,11.7
/home/adam/driveBig/Music/My Playlist/Love-Paranoia - Tame Impala - Currents.flac,GRADUAL_ROLLOFF,"rolloff at ~20451Hz but gentle (7.0dB/kHz) - could be an old master/analog source, not necessarily transcoded",44100,20451,22050,7
/home/adam/driveBig/Music/My Playlist/Lover Boy - Supertramp - Even In The Quietest Moments.flac,GRADUAL_ROLLOFF,"rolloff at ~17760Hz but gentle (2.0dB/kHz) - could be an old master/analog source, not necessarily transcoded",44100,17760,22050,2
/home/adam/driveBig/Music/My Playlist/Lover of the Light - Mumford & Sons - Babel.flac,GRADUAL_ROLLOFF,"rolloff at ~16521Hz but gentle (2.0dB/kHz) - could be an old master/analog source, not necessarily transcoded",44100,16521,22050,2
/home/adam/driveBig/Music/My Playlist/Lovers' Eyes - Mumford & Sons - Babel.flac,GRADUAL_ROLLOFF,"rolloff at ~15278Hz but gentle (2.4dB/kHz) - could be an old master/analog source, not necessarily transcoded",44100,15278,22050,2.4
/home/adam/driveBig/Music/My Playlist/Let It Bleed - The Rolling Stones.flac,GRADUAL_ROLLOFF,"rolloff at ~12893Hz but gentle (2.0dB/kHz) - could be an old master/analog source, not necessarily transcoded",44100,12893,22050,2
/home/adam/driveBig/Music/My Playlist/Little Boy - Barns Courtney - The Attractions of Youth.flac,GRADUAL_ROLLOFF,"rolloff at ~16408Hz but gentle (4.5dB/kHz) - could be an old master/analog source, not necessarily transcoded",44100,16408,22050,4.5
/home/adam/driveBig/Music/My Playlist/Lhabia - Deftones - Around the Fur.flac,GRADUAL_ROLLOFF,"rolloff at ~20769Hz but gentle (10.6dB/kHz) - could be an old master/analog source, not necessarily transcoded",44100,20769,22050,10.6
/home/adam/driveBig/Music/My Playlist/Let the Flames Begin - Paramore - RIOT!.flac,GRADUAL_ROLLOFF,"rolloff at ~15628Hz but gentle (1.9dB/kHz) - could be an old master/analog source, not necessarily transcoded",44100,15628,22050,1.9
/home/adam/driveBig/Music/My Playlist/London Calling - The Clash.flac,GRADUAL_ROLLOFF,"rolloff at ~16381Hz but gentle (3.4dB/kHz) - could be an old master/analog source, not necessarily transcoded",44100,16381,22050,3.4
/home/adam/driveBig/Music/My Playlist/Long Drives - BoyWithUke.flac,GRADUAL_ROLLOFF,"rolloff at ~18885Hz but gentle (1.5dB/kHz) - could be an old master/analog source, not necessarily transcoded",44100,18885,22050,1.5
/home/adam/driveBig/Music/My Playlist/Lookin’ out My Back Door - Creedence Clearwater Revival - Platinum.flac,GRADUAL_ROLLOFF,"rolloff at ~20058Hz but gentle (3.0dB/kHz) - could be an old master/analog source, not necessarily transcoded",44100,20058,22050,3
/home/adam/driveBig/Music/My Playlist/M Television - Kings of Leon - Can We Please Have Fun.flac,GRADUAL_ROLLOFF,"rolloff at ~17205Hz but gentle (3.2dB/kHz) - could be an old master/analog source, not necessarily transcoded",44100,17205,22050,3.2
/home/adam/driveBig/Music/My Playlist/Live With Me - The Rolling Stones - Let It Bleed.flac,GRADUAL_ROLLOFF,"rolloff at ~14879Hz but gentle (2.4dB/kHz) - could be an old master/analog source, not necessarily transcoded",44100,14879,22050,2.4
/home/adam/driveBig/Music/My Playlist/M.I.A. - Foo Fighters - There Is Nothing Left To Lose.flac,GRADUAL_ROLLOFF,"rolloff at ~20634Hz but gentle (8.5dB/kHz) - could be an old master/analog source, not necessarily transcoded",44100,20634,22050,8.5
/home/adam/driveBig/Music/My Playlist/Lotus - Cage The Elephant - Cage The Elephant.flac,GRADUAL_ROLLOFF,"rolloff at ~20763Hz but gentle (8.4dB/kHz) - could be an old master/analog source, not necessarily transcoded",44100,20763,22050,8.4
/home/adam/driveBig/Music/My Playlist/Magnet - Bikini Kill - Pussy Whipped.flac,GRADUAL_ROLLOFF,"rolloff at ~17280Hz but gentle (3.4dB/kHz) - could be an old master/analog source, not necessarily transcoded",44100,17280,22050,3.4
/home/adam/driveBig/Music/My Playlist/Magic Johnson - Red Hot Chili Peppers - Mother's Milk.flac,GRADUAL_ROLLOFF,"rolloff at ~18325Hz but gentle (3.5dB/kHz) - could be an old master/analog source, not necessarily transcoded",44100,18325,22050,3.5
/home/adam/driveBig/Music/My Playlist/Make Yourself - Incubus.flac,GRADUAL_ROLLOFF,"rolloff at ~21000Hz but gentle (10.2dB/kHz) - could be an old master/analog source, not necessarily transcoded",44100,21000,22050,10.2
/home/adam/driveBig/Music/My Playlist/Make It by Yourself - Bread - Guitar Man.flac,GRADUAL_ROLLOFF,"rolloff at ~16704Hz but gentle (0.2dB/kHz) - could be an old master/analog source, not necessarily transcoded",44100,16704,22050,0.2
/home/adam/driveBig/Music/My Playlist/Making Plans For Nigel - XTC.flac,GRADUAL_ROLLOFF,"rolloff at ~16742Hz but gentle (2.2dB/kHz) - could be an old master/analog source, not necessarily transcoded",44100,16742,22050,2.2
/home/adam/driveBig/Music/My Playlist/Make It - Aerosmith - Aerosmith.flac,GRADUAL_ROLLOFF,"rolloff at ~17227Hz but gentle (2.6dB/kHz) - could be an old master/analog source, not necessarily transcoded",44100,17227,22050,2.6
/home/adam/driveBig/Music/My Playlist/Make You Feel Better - Red Hot Chili Peppers - Stadium Arcadium.flac,GRADUAL_ROLLOFF,"rolloff at ~20532Hz but gentle (4.6dB/kHz) - could be an old master/analog source, not necessarily transcoded",44100,20532,22050,4.6
/home/adam/driveBig/Music/My Playlist/Mama - My Chemical Romance - The Black Parade.flac,GRADUAL_ROLLOFF,"rolloff at ~15622Hz but gentle (1.5dB/kHz) - could be an old master/analog source, not necessarily transcoded",44100,15622,22050,1.5
/home/adam/driveBig/Music/My Playlist/Mama Kin - Aerosmith - Aerosmith.flac,GRADUAL_ROLLOFF,"rolloff at ~16963Hz but gentle (2.1dB/kHz) - could be an old master/analog source, not necessarily transcoded",44100,16963,22050,2.1
/home/adam/driveBig/Music/My Playlist/Mammamia - Måneskin - Rush!.flac,GRADUAL_ROLLOFF,"rolloff at ~19444Hz but gentle (7.3dB/kHz) - could be an old master/analog source, not necessarily transcoded",44100,19444,22050,7.3
/home/adam/driveBig/Music/My Playlist/Man on the Moon - R.E.M. - Automatic for the People.flac,GRADUAL_ROLLOFF,"rolloff at ~18545Hz but gentle (1.6dB/kHz) - could be an old master/analog source, not necessarily transcoded",44100,18545,22050,1.6
/home/adam/driveBig/Music/My Playlist/Manhattan - Kings of Leon - Only by the Night.flac,GRADUAL_ROLLOFF,"rolloff at ~20327Hz but gentle (4.3dB/kHz) - could be an old master/analog source, not necessarily transcoded",44100,20327,22050,4.3
/home/adam/driveBig/Music/My Playlist/Manchild - Eels - Beautiful Freak.flac,GRADUAL_ROLLOFF,"rolloff at ~11978Hz but gentle (1.2dB/kHz) - could be an old master/analog source, not necessarily transcoded",44100,11978,22050,1.2
/home/adam/driveBig/Music/My Playlist/Maneater - Daryl Hall & John Oates - The Very Best of Daryl Hall & John Oates.flac,GRADUAL_ROLLOFF,"rolloff at ~20780Hz but gentle (7.9dB/kHz) - could be an old master/analog source, not necessarily transcoded",44100,20780,22050,7.9
/home/adam/driveBig/Music/My Playlist/Manitoba - Daniel Champagne - Trying To Hold The Setting Sun.flac,GRADUAL_ROLLOFF,"rolloff at ~20645Hz but gentle (9.1dB/kHz) - could be an old master/analog source, not necessarily transcoded",44100,20645,22050,9.1
/home/adam/driveBig/Music/My Playlist/Manner Mode - THE ORAL CIGARETTES - FIXION.flac,GRADUAL_ROLLOFF,"rolloff at ~18083Hz but gentle (1.4dB/kHz) - could be an old master/analog source, not necessarily transcoded",44100,18083,22050,1.4
/home/adam/driveBig/Music/My Playlist/Mayonaise - Smashing Pumpkins - Siamese Dream.flac,GRADUAL_ROLLOFF,"rolloff at ~20559Hz but gentle (3.6dB/kHz) - could be an old master/analog source, not necessarily transcoded",44100,20559,22050,3.6
/home/adam/driveBig/Music/My Playlist/Maxwell’s Silver Hammer - The Beatles - Abbey Road.flac,GRADUAL_ROLLOFF,"rolloff at ~17926Hz but gentle (2.9dB/kHz) - could be an old master/analog source, not necessarily transcoded",44100,17926,22050,2.9
/home/adam/driveBig/Music/My Playlist/Mean Woman Blues - Roy Orbison - The Very Best Of.flac,GRADUAL_ROLLOFF,"rolloff at ~20311Hz but gentle (10.0dB/kHz) - could be an old master/analog source, not necessarily transcoded",44100,20311,22050,10
/home/adam/driveBig/Music/My Playlist/Maybe Man - AJR - The Maybe Man.flac,GRADUAL_ROLLOFF,"rolloff at ~20193Hz but gentle (4.7dB/kHz) - could be an old master/analog source, not necessarily transcoded",44100,20193,22050,4.7
/home/adam/driveBig/Music/My Playlist/McFearless - Kings of Leon - Because of the Times.flac,GRADUAL_ROLLOFF,"rolloff at ~15735Hz but gentle (1.7dB/kHz) - could be an old master/analog source, not necessarily transcoded",44100,15735,22050,1.7
/home/adam/driveBig/Music/My Playlist/meant to be - bbno$.flac,GRADUAL_ROLLOFF,"rolloff at ~19444Hz but gentle (3.3dB/kHz) - could be an old master/analog source, not necessarily transcoded",44100,19444,22050,3.3
"/home/adam/driveBig/Music/My Playlist/Meanwhile, Rick James... - CAKE - Comfort Eagle.flac",GRADUAL_ROLLOFF,"rolloff at ~20860Hz but gentle (7.3dB/kHz) - could be an old master/analog source, not necessarily transcoded",44100,20860,22050,7.3
/home/adam/driveBig/Music/My Playlist/Medicine - MOMMA - Household Name.flac,GRADUAL_ROLLOFF,"rolloff at ~20537Hz but gentle (7.0dB/kHz) - could be an old master/analog source, not necessarily transcoded",44100,20537,22050,7
/home/adam/driveBig/Music/My Playlist/Melobeeda - Goodshirt - Good.flac,GRADUAL_ROLLOFF,"rolloff at ~20134Hz but gentle (8.4dB/kHz) - could be an old master/analog source, not necessarily transcoded",44100,20134,22050,8.4
/home/adam/driveBig/Music/My Playlist/Meeting Place - The Last Shadow Puppets - The Age Of The Understatement.flac,GRADUAL_ROLLOFF,"rolloff at ~15978Hz but gentle (-0.3dB/kHz) - could be an old master/analog source, not necessarily transcoded",44100,15978,22050,-0.3
/home/adam/driveBig/Music/My Playlist/Medicine Burn - Yves Tumor - Heaven to a Tortured Mind.flac,GRADUAL_ROLLOFF,"rolloff at ~18109Hz but gentle (0.3dB/kHz) - could be an old master/analog source, not necessarily transcoded",44100,18109,22050,0.3
/home/adam/driveBig/Music/My Playlist/Medicine at Midnight - Foo Fighters.flac,GRADUAL_ROLLOFF,"rolloff at ~19789Hz but gentle (5.9dB/kHz) - could be an old master/analog source, not necessarily transcoded",44100,19789,22050,5.9
/home/adam/driveBig/Music/My Playlist/Melanie - Player - The Best of Player.flac,GRADUAL_ROLLOFF,"rolloff at ~20505Hz but gentle (11.6dB/kHz) - could be an old master/analog source, not necessarily transcoded",44100,20505,22050,11.6
/home/adam/driveBig/Music/My Playlist/Meet Me in the Bathroom - The Strokes - Room on Fire.flac,GRADUAL_ROLLOFF,"rolloff at ~20715Hz but gentle (5.8dB/kHz) - could be an old master/analog source, not necessarily transcoded",44100,20715,22050,5.8
/home/adam/driveBig/Music/My Playlist/MEGALOVANIA - Toby Fox - UNDERTALE Soundtrack.flac,GRADUAL_ROLLOFF,"rolloff at ~14201Hz but gentle (0.7dB/kHz) - could be an old master/analog source, not necessarily transcoded",44100,14201,22050,0.7
/home/adam/driveBig/Music/My Playlist/Melon Yellow - Slowdive - Souvlaki.flac,GRADUAL_ROLLOFF,"rolloff at ~20580Hz but gentle (9.3dB/kHz) - could be an old master/analog source, not necessarily transcoded",44100,20580,22050,9.3
/home/adam/driveBig/Music/My Playlist/Memento Mori - Red Vox - Another Light.flac,GRADUAL_ROLLOFF,"rolloff at ~17835Hz but gentle (4.0dB/kHz) - could be an old master/analog source, not necessarily transcoded",44100,17835,22050,4
/home/adam/driveBig/Music/My Playlist/Mental - Eels - Beautiful Freak.flac,GRADUAL_ROLLOFF,"rolloff at ~17786Hz but gentle (2.7dB/kHz) - could be an old master/analog source, not necessarily transcoded",44100,17786,22050,2.7
/home/adam/driveBig/Music/My Playlist/Message Man - Twenty One Pilots - Blurryface.flac,GRADUAL_ROLLOFF,"rolloff at ~20941Hz but gentle (11.5dB/kHz) - could be an old master/analog source, not necessarily transcoded",44100,20941,22050,11.5
/home/adam/driveBig/Music/My Playlist/Merrilands Domain - Goodshirt - Good.flac,GRADUAL_ROLLOFF,"rolloff at ~20365Hz but gentle (11.4dB/kHz) - could be an old master/analog source, not necessarily transcoded",44100,20365,22050,11.4
/home/adam/driveBig/Music/My Playlist/Memories Lie - Red Vox - Another Light.flac,GRADUAL_ROLLOFF,"rolloff at ~17356Hz but gentle (1.6dB/kHz) - could be an old master/analog source, not necessarily transcoded",44100,17356,22050,1.6
/home/adam/driveBig/Music/My Playlist/Metal Dream - Deftones - Private Music.flac,GRADUAL_ROLLOFF,"rolloff at ~18992Hz but gentle (4.3dB/kHz) - could be an old master/analog source, not necessarily transcoded",44100,18992,22050,4.3
/home/adam/driveBig/Music/My Playlist/Miles Apart - Yellowcard - Ocean Avenue.flac,GRADUAL_ROLLOFF,"rolloff at ~20112Hz but gentle (2.7dB/kHz) - could be an old master/analog source, not necessarily transcoded",44100,20112,22050,2.7
/home/adam/driveBig/Music/My Playlist/Milk Of The Madonna - Deftones - Private Music.flac,GRADUAL_ROLLOFF,"rolloff at ~19434Hz but gentle (6.8dB/kHz) - could be an old master/analog source, not necessarily transcoded",44100,19434,22050,6.8
/home/adam/driveBig/Music/My Playlist/Milky Way - Bad Bad Hats - Walkman.flac,GRADUAL_ROLLOFF,"rolloff at ~15515Hz but gentle (2.9dB/kHz) - could be an old master/analog source, not necessarily transcoded",44100,15515,22050,2.9
/home/adam/driveBig/Music/My Playlist/Milk It - Nirvana - In Utero.flac,GRADUAL_ROLLOFF,"rolloff at ~17862Hz but gentle (1.6dB/kHz) - could be an old master/analog source, not necessarily transcoded",44100,17862,22050,1.6
"/home/adam/driveBig/Music/My Playlist/Mind Eraser, No Chaser - Them Crooked Vultures - Them Crooked Vultures.flac",GRADUAL_ROLLOFF,"rolloff at ~17167Hz but gentle (1.7dB/kHz) - could be an old master/analog source, not necessarily transcoded",44100,17167,22050,1.7
/home/adam/driveBig/Music/My Playlist/Minority - Green Day - Greatest Hits - God's Favorite Band.flac,GRADUAL_ROLLOFF,"rolloff at ~20096Hz but gentle (1.5dB/kHz) - could be an old master/analog source, not necessarily transcoded",44100,20096,22050,1.5
/home/adam/driveBig/Music/My Playlist/Miracle - Paramore - RIOT!.flac,GRADUAL_ROLLOFF,"rolloff at ~17706Hz but gentle (3.0dB/kHz) - could be an old master/analog source, not necessarily transcoded",44100,17706,22050,3
/home/adam/driveBig/Music/My Playlist/MIRROR - THE ORAL CIGARETTES - FIXION.flac,GRADUAL_ROLLOFF,"rolloff at ~18648Hz but gentle (3.3dB/kHz) - could be an old master/analog source, not necessarily transcoded",44100,18648,22050,3.3
/home/adam/driveBig/Music/My Playlist/Misery Business - Paramore - RIOT!.flac,GRADUAL_ROLLOFF,"rolloff at ~16473Hz but gentle (1.6dB/kHz) - could be an old master/analog source, not necessarily transcoded",44100,16473,22050,1.6
/home/adam/driveBig/Music/My Playlist/Missing You - Barns Courtney - It's Hard to Be Alone.flac,GRADUAL_ROLLOFF,"rolloff at ~17733Hz but gentle (3.8dB/kHz) - could be an old master/analog source, not necessarily transcoded",44100,17733,22050,3.8
/home/adam/driveBig/Music/My Playlist/Mistake - NF - Hope.flac,GRADUAL_ROLLOFF,"rolloff at ~17140Hz but gentle (2.7dB/kHz) - could be an old master/analog source, not necessarily transcoded",44100,17140,22050,2.7
/home/adam/driveBig/Music/My Playlist/Misty Mountain Hop - Led Zeppelin - Led Zeppelin IV.flac,GRADUAL_ROLLOFF,"rolloff at ~15848Hz but gentle (3.6dB/kHz) - could be an old master/analog source, not necessarily transcoded",44100,15848,22050,3.6
/home/adam/driveBig/Music/My Playlist/Mississippi Queen - Mountain - Climbing!.flac,GRADUAL_ROLLOFF,"rolloff at ~20516Hz but gentle (8.5dB/kHz) - could be an old master/analog source, not necessarily transcoded",44100,20516,22050,8.5
/home/adam/driveBig/Music/My Playlist/MIRROR - Ado - Ado's Best Adobum.flac,GRADUAL_ROLLOFF,"rolloff at ~20107Hz but gentle (1.9dB/kHz) - could be an old master/analog source, not necessarily transcoded",44100,20107,22050,1.9
/home/adam/driveBig/Music/My Playlist/Modus - Joji - Nectar.flac,GRADUAL_ROLLOFF,"rolloff at ~20903Hz but gentle (10.2dB/kHz) - could be an old master/analog source, not necessarily transcoded",44100,20903,22050,10.2
"/home/adam/driveBig/Music/My Playlist/MONDAY - Quadeca - Vanisher, Horizon Scraper.flac",GRADUAL_ROLLOFF,"rolloff at ~19305Hz but gentle (5.4dB/kHz) - could be an old master/analog source, not necessarily transcoded",44100,19305,22050,5.4
/home/adam/driveBig/Music/My Playlist/Momma Told Me Imma Be - Tai Verdes - TV.flac,GRADUAL_ROLLOFF,"rolloff at ~16710Hz but gentle (1.5dB/kHz) - could be an old master/analog source, not necessarily transcoded",44100,16710,22050,1.5
/home/adam/driveBig/Music/My Playlist/Money - Pink Floyd - The Dark Side of the Moon.flac,GRADUAL_ROLLOFF,"rolloff at ~20204Hz but gentle (4.3dB/kHz) - could be an old master/analog source, not necessarily transcoded",44100,20204,22050,4.3
/home/adam/driveBig/Music/My Playlist/Money for Nothing - Dire Straits - Brothers in Arms.flac,GRADUAL_ROLLOFF,"rolloff at ~20279Hz but gentle (11.1dB/kHz) - could be an old master/analog source, not necessarily transcoded",44100,20279,22050,11.1
/home/adam/driveBig/Music/My Playlist/missing - Ado - Ado's Best Adobum.flac,GRADUAL_ROLLOFF,"rolloff at ~19310Hz but gentle (3.2dB/kHz) - could be an old master/analog source, not necessarily transcoded",44100,19310,22050,3.2
"/home/adam/driveBig/Music/My Playlist/Money Game, Pt. 2 - Ren - Demoes (Do Not Share), Vol 1.flac",GRADUAL_ROLLOFF,"rolloff at ~19391Hz but gentle (3.0dB/kHz) - could be an old master/analog source, not necessarily transcoded",44100,19391,22050,3
/home/adam/driveBig/Music/My Playlist/Monkey Man - The Rolling Stones - Let It Bleed.flac,GRADUAL_ROLLOFF,"rolloff at ~14142Hz but gentle (0.5dB/kHz) - could be an old master/analog source, not necessarily transcoded",44100,14142,22050,0.5
/home/adam/driveBig/Music/My Playlist/Monster (Radio Edit) - Skillet - Awake.flac,GRADUAL_ROLLOFF,"rolloff at ~17690Hz but gentle (2.4dB/kHz) - could be an old master/analog source, not necessarily transcoded",44100,17690,22050,2.4
/home/adam/driveBig/Music/My Playlist/Monotone - Goodshirt - Good.flac,GRADUAL_ROLLOFF,"rolloff at ~20483Hz but gentle (11.4dB/kHz) - could be an old master/analog source, not necessarily transcoded",44100,20483,22050,11.4
/home/adam/driveBig/Music/My Playlist/Monster - Skillet - Awake.flac,GRADUAL_ROLLOFF,"rolloff at ~17684Hz but gentle (2.3dB/kHz) - could be an old master/analog source, not necessarily transcoded",44100,17684,22050,2.3
/home/adam/driveBig/Music/My Playlist/Moon Song - America - Homecoming.flac,GRADUAL_ROLLOFF,"rolloff at ~15778Hz but gentle (2.7dB/kHz) - could be an old master/analog source, not necessarily transcoded",44100,15778,22050,2.7
/home/adam/driveBig/Music/My Playlist/Moon Man - Balu Brigada - I Should Be Home.flac,GRADUAL_ROLLOFF,"rolloff at ~19972Hz but gentle (10.3dB/kHz) - could be an old master/analog source, not necessarily transcoded",44100,19972,22050,10.3
/home/adam/driveBig/Music/My Playlist/Moonage Daydream - David Bowie - The Rise and Fall of Ziggy Stardust and the Spiders From Mars.flac,GRADUAL_ROLLOFF,"rolloff at ~15176Hz but gentle (3.5dB/kHz) - could be an old master/analog source, not necessarily transcoded",44100,15176,22050,3.5
/home/adam/driveBig/Music/My Playlist/Moon Man - Balu Brigada - BALU.flac,GRADUAL_ROLLOFF,"rolloff at ~19972Hz but gentle (10.3dB/kHz) - could be an old master/analog source, not necessarily transcoded",44100,19972,22050,10.3
/home/adam/driveBig/Music/My Playlist/Moonchild (including The Dream and The Illusion) - King Crimson - In the Court of the Crimson King.flac,GRADUAL_ROLLOFF,"rolloff at ~7262Hz but gentle (0.2dB/kHz) - could be an old master/analog source, not necessarily transcoded",44100,7262,22050,0.2
/home/adam/driveBig/Music/My Playlist/Moonshine - Feeder - Comfort in Sound.flac,GRADUAL_ROLLOFF,"rolloff at ~19003Hz but gentle (2.5dB/kHz) - could be an old master/analog source, not necessarily transcoded",44100,19003,22050,2.5
/home/adam/driveBig/Music/My Playlist/More Than a Feeling - Boston - Boston.flac,GRADUAL_ROLLOFF,"rolloff at ~18411Hz but gentle (1.9dB/kHz) - could be an old master/analog source, not necessarily transcoded",44100,18411,22050,1.9
/home/adam/driveBig/Music/My Playlist/Mouse Parade - Of Monsters and Men - All is Love and Pain in the Mouse Parade.flac,GRADUAL_ROLLOFF,"rolloff at ~19988Hz but gentle (5.9dB/kHz) - could be an old master/analog source, not necessarily transcoded",44100,19988,22050,5.9
/home/adam/driveBig/Music/My Playlist/Motivation - Sum 41 - All Killer No Filler.flac,GRADUAL_ROLLOFF,"rolloff at ~20871Hz but gentle (9.3dB/kHz) - could be an old master/analog source, not necessarily transcoded",44100,20871,22050,9.3
/home/adam/driveBig/Music/My Playlist/Mousey - Goodshirt - Good.flac,GRADUAL_ROLLOFF,"rolloff at ~20284Hz but gentle (9.0dB/kHz) - could be an old master/analog source, not necessarily transcoded",44100,20284,22050,9
/home/adam/driveBig/Music/My Playlist/Mountain Sound - Of Monsters and Men - My Head is an Animal.flac,GRADUAL_ROLLOFF,"rolloff at ~20193Hz but gentle (2.6dB/kHz) - could be an old master/analog source, not necessarily transcoded",44100,20193,22050,2.6
/home/adam/driveBig/Music/My Playlist/Motorbike - MOMMA - Household Name.flac,GRADUAL_ROLLOFF,"rolloff at ~20247Hz but gentle (6.0dB/kHz) - could be an old master/analog source, not necessarily transcoded",44100,20247,22050,6
/home/adam/driveBig/Music/My Playlist/Move On - Jet - Get Born.flac,GRADUAL_ROLLOFF,"rolloff at ~21076Hz but gentle (10.5dB/kHz) - could be an old master/analog source, not necessarily transcoded",44100,21076,22050,10.5
/home/adam/driveBig/Music/My Playlist/Move Along - The All-American Rejects.flac,GRADUAL_ROLLOFF,"rolloff at ~18992Hz but gentle (3.5dB/kHz) - could be an old master/analog source, not necessarily transcoded",44100,18992,22050,3.5
/home/adam/driveBig/Music/My Playlist/Movin' Out - Aerosmith - Aerosmith.flac,GRADUAL_ROLLOFF,"rolloff at ~16419Hz but gentle (3.0dB/kHz) - could be an old master/analog source, not necessarily transcoded",44100,16419,22050,3
/home/adam/driveBig/Music/My Playlist/Mr. Big - Free - Fire And Water.flac,GRADUAL_ROLLOFF,"rolloff at ~17275Hz but gentle (3.5dB/kHz) - could be an old master/analog source, not necessarily transcoded",44100,17275,22050,3.5
/home/adam/driveBig/Music/My Playlist/Movin' On - Good Charlotte - The Young and the Hopeless.flac,GRADUAL_ROLLOFF,"rolloff at ~6923Hz but gentle (2.8dB/kHz) - could be an old master/analog source, not necessarily transcoded",44100,6923,22050,2.8
/home/adam/driveBig/Music/My Playlist/Move On - The Dave Clark Five - American Tour (2019 - Remaster).flac,GRADUAL_ROLLOFF,"rolloff at ~18556Hz but gentle (6.5dB/kHz) - could be an old master/analog source, not necessarily transcoded",44100,18556,22050,6.5
/home/adam/driveBig/Music/My Playlist/MR. BRAIN GOBBLER - ivri - the theory of you.flac,GRADUAL_ROLLOFF,"rolloff at ~20618Hz but gentle (7.9dB/kHz) - could be an old master/analog source, not necessarily transcoded",44100,20618,22050,7.9
/home/adam/driveBig/Music/My Playlist/Mr. Brightside - The Killers - Hot Fuss.flac,GRADUAL_ROLLOFF,"rolloff at ~19881Hz but gentle (2.4dB/kHz) - could be an old master/analog source, not necessarily transcoded",44100,19881,22050,2.4
/home/adam/driveBig/Music/My Playlist/Mr. E's Beautiful Blues - Eels - Meet the Eels - Essential Eels.flac,GRADUAL_ROLLOFF,"rolloff at ~20898Hz but gentle (6.8dB/kHz) - could be an old master/analog source, not necessarily transcoded",44100,20898,22050,6.8
/home/adam/driveBig/Music/My Playlist/Mr. Mastodon Farm - CAKE - Motorcade of Generosity.flac,GRADUAL_ROLLOFF,"rolloff at ~20338Hz but gentle (2.4dB/kHz) - could be an old master/analog source, not necessarily transcoded",44100,20338,22050,2.4
/home/adam/driveBig/Music/My Playlist/Mrs. Robinson - Simon & Garfunkel - Bookends.flac,GRADUAL_ROLLOFF,"rolloff at ~20527Hz but gentle (6.5dB/kHz) - could be an old master/analog source, not necessarily transcoded",44100,20527,22050,6.5
/home/adam/driveBig/Music/My Playlist/Mr. Hollywood - Joji - Nectar.flac,GRADUAL_ROLLOFF,"rolloff at ~18492Hz but gentle (3.6dB/kHz) - could be an old master/analog source, not necessarily transcoded",44100,18492,22050,3.6
/home/adam/driveBig/Music/My Playlist/Mr. Lonely - Portugal. The Man - Woodstock.flac,GRADUAL_ROLLOFF,"rolloff at ~20160Hz but gentle (5.0dB/kHz) - could be an old master/analog source, not necessarily transcoded",44100,20160,22050,5
/home/adam/driveBig/Music/My Playlist/Mud Sky - Goodshirt - Good.flac,GRADUAL_ROLLOFF,"rolloff at ~14476Hz but gentle (0.9dB/kHz) - could be an old master/analog source, not necessarily transcoded",44100,14476,22050,0.9
/home/adam/driveBig/Music/My Playlist/Ms. America - Bully - Lucky for You.flac,GRADUAL_ROLLOFF,"rolloff at ~19994Hz but gentle (4.4dB/kHz) - could be an old master/analog source, not necessarily transcoded",44100,19994,22050,4.4
/home/adam/driveBig/Music/My Playlist/Mustang - Kings of Leon.flac,GRADUAL_ROLLOFF,"rolloff at ~17889Hz but gentle (1.9dB/kHz) - could be an old master/analog source, not necessarily transcoded",44100,17889,22050,1.9
/home/adam/driveBig/Music/My Playlist/Mustang - Kings of Leon - Can We Please Have Fun.flac,GRADUAL_ROLLOFF,"rolloff at ~17889Hz but gentle (1.8dB/kHz) - could be an old master/analog source, not necessarily transcoded",44100,17889,22050,1.8
/home/adam/driveBig/Music/My Playlist/Music Is My Radar - Blur - The Best Of.flac,GRADUAL_ROLLOFF,"rolloff at ~20279Hz but gentle (2.1dB/kHz) - could be an old master/analog source, not necessarily transcoded",44100,20279,22050,2.1
/home/adam/driveBig/Music/My Playlist/My Best Friend - Jefferson Airplane - Surrealistic Pillow.flac,GRADUAL_ROLLOFF,"rolloff at ~13501Hz but gentle (4.7dB/kHz) - could be an old master/analog source, not necessarily transcoded",44100,13501,22050,4.7
/home/adam/driveBig/Music/My Playlist/My Beloved Monster - Eels - Beautiful Freak.flac,GRADUAL_ROLLOFF,"rolloff at ~13539Hz but gentle (1.2dB/kHz) - could be an old master/analog source, not necessarily transcoded",44100,13539,22050,1.2
/home/adam/driveBig/Music/My Playlist/My Boy - Car Seat Headrest - Twin Fantasy (Mirror To Mirror).flac,GRADUAL_ROLLOFF,"rolloff at ~16446Hz but gentle (3.3dB/kHz) - could be an old master/analog source, not necessarily transcoded",44100,16446,22050,3.3
/home/adam/driveBig/Music/My Playlist/My Eyes - The Lumineers - Cleopatra.flac,GRADUAL_ROLLOFF,"rolloff at ~13690Hz but gentle (0.1dB/kHz) - could be an old master/analog source, not necessarily transcoded",44100,13690,22050,0.1
/home/adam/driveBig/Music/My Playlist/My Boy - Car Seat Headrest - Twin Fantasy.flac,GRADUAL_ROLLOFF,"rolloff at ~20871Hz but gentle (9.6dB/kHz) - could be an old master/analog source, not necessarily transcoded",44100,20871,22050,9.6
/home/adam/driveBig/Music/My Playlist/My Generation - Green Day - Kerplunk!.flac,GRADUAL_ROLLOFF,"rolloff at ~15213Hz but gentle (2.3dB/kHz) - could be an old master/analog source, not necessarily transcoded",44100,15213,22050,2.3
/home/adam/driveBig/Music/My Playlist/My Fairy King - Queen - On Air.flac,GRADUAL_ROLLOFF,"rolloff at ~16726Hz but gentle (2.1dB/kHz) - could be an old master/analog source, not necessarily transcoded",44100,16726,22050,2.1
/home/adam/driveBig/Music/My Playlist/My Hero - Foo Fighters - The Colour And The Shape.flac,GRADUAL_ROLLOFF,"rolloff at ~20812Hz but gentle (10.5dB/kHz) - could be an old master/analog source, not necessarily transcoded",44100,20812,22050,10.5
/home/adam/driveBig/Music/My Playlist/My Generation - Limp Bizkit - Chocolate Starfish and the Hot Dog Flavored Water.flac,GRADUAL_ROLLOFF,"rolloff at ~20785Hz but gentle (9.3dB/kHz) - could be an old master/analog source, not necessarily transcoded",44100,20785,22050,9.3
/home/adam/driveBig/Music/My Playlist/My Life - Billy Joel - 52nd Street.flac,GRADUAL_ROLLOFF,"rolloff at ~20855Hz but gentle (10.1dB/kHz) - could be an old master/analog source, not necessarily transcoded",44100,20855,22050,10.1
/home/adam/driveBig/Music/My Playlist/My Life - NF - Perception.flac,GRADUAL_ROLLOFF,"rolloff at ~18190Hz but gentle (0.6dB/kHz) - could be an old master/analog source, not necessarily transcoded",44100,18190,22050,0.6
/home/adam/driveBig/Music/My Playlist/My Mistakes Were Made For You - The Last Shadow Puppets - The Age Of The Understatement.flac,GRADUAL_ROLLOFF,"rolloff at ~20473Hz but gentle (5.1dB/kHz) - could be an old master/analog source, not necessarily transcoded",44100,20473,22050,5.1
/home/adam/driveBig/Music/My Playlist/LoveSick - BoyWithUke - Faded.flac,GRADUAL_ROLLOFF,"rolloff at ~18965Hz but gentle (2.8dB/kHz) - could be an old master/analog source, not necessarily transcoded",44100,18965,22050,2.8
/home/adam/driveBig/Music/My Playlist/My Mind Is A Mountain - Deftones - Private Music.flac,GRADUAL_ROLLOFF,"rolloff at ~19353Hz but gentle (5.9dB/kHz) - could be an old master/analog source, not necessarily transcoded",44100,19353,22050,5.9
/home/adam/driveBig/Music/My Playlist/Mantra - Tool - Lateralus.flac,GRADUAL_ROLLOFF,"rolloff at ~9141Hz but gentle (-0.6dB/kHz) - could be an old master/analog source, not necessarily transcoded",44100,9141,22050,-0.6
/home/adam/driveBig/Music/My Playlist/L’altra Dimensione - Måneskin - Il Ballo Della Vita.flac,GRADUAL_ROLLOFF,"rolloff at ~17749Hz but gentle (2.4dB/kHz) - could be an old master/analog source, not necessarily transcoded",44100,17749,22050,2.4
/home/adam/driveBig/Music/My Playlist/Making a Fire - Foo Fighters - Medicine at Midnight.flac,GRADUAL_ROLLOFF,"rolloff at ~19143Hz but gentle (1.6dB/kHz) - could be an old master/analog source, not necessarily transcoded",44100,19143,22050,1.6
/home/adam/driveBig/Music/My Playlist/Master Of Puppets - Metallica - Master Of Puppets (Remastered).flac,GRADUAL_ROLLOFF,"rolloff at ~20570Hz but gentle (4.4dB/kHz) - could be an old master/analog source, not necessarily transcoded",44100,20570,22050,4.4
/home/adam/driveBig/Music/My Playlist/Missing - Beck - Guero.flac,GRADUAL_ROLLOFF,"rolloff at ~17426Hz but gentle (0.4dB/kHz) - could be an old master/analog source, not necessarily transcoded",44100,17426,22050,0.4
/home/adam/driveBig/Music/My Playlist/Metaverse - Cage The Elephant - Neon Pill.flac,GRADUAL_ROLLOFF,"rolloff at ~16898Hz but gentle (2.1dB/kHz) - could be an old master/analog source, not necessarily transcoded",44100,16898,22050,2.1
/home/adam/driveBig/Music/My Playlist/Motherland - Ado - Kyougen.flac,GRADUAL_ROLLOFF,"rolloff at ~19052Hz but gentle (5.0dB/kHz) - could be an old master/analog source, not necessarily transcoded",44100,19052,22050,5
/home/adam/driveBig/Music/My Playlist/My Bloody Valentine - Good Charlotte - The Young and the Hopeless.flac,GRADUAL_ROLLOFF,"rolloff at ~10104Hz but gentle (2.7dB/kHz) - could be an old master/analog source, not necessarily transcoded",44100,10104,22050,2.7
/home/adam/driveBig/Music/My Playlist/My Racing Head - Goodshirt - Fiji Baby.flac,GRADUAL_ROLLOFF,"rolloff at ~15843Hz but gentle (3.9dB/kHz) - could be an old master/analog source, not necessarily transcoded",44100,15843,22050,3.9
/home/adam/driveBig/Music/My Playlist/My Party - Kings of Leon - Because of the Times.flac,GRADUAL_ROLLOFF,"rolloff at ~16198Hz but gentle (1.6dB/kHz) - could be an old master/analog source, not necessarily transcoded",44100,16198,22050,1.6
/home/adam/driveBig/Music/My Playlist/My Sacrifice - Creed - Weathered.flac,GRADUAL_ROLLOFF,"rolloff at ~14632Hz but gentle (1.6dB/kHz) - could be an old master/analog source, not necessarily transcoded",44100,14632,22050,1.6
/home/adam/driveBig/Music/My Playlist/My Play - AJR - OK Orchestra.flac,GRADUAL_ROLLOFF,"rolloff at ~19127Hz but gentle (5.6dB/kHz) - could be an old master/analog source, not necessarily transcoded",44100,19127,22050,5.6
/home/adam/driveBig/Music/My Playlist/My Stress - NF - The Search.flac,GRADUAL_ROLLOFF,"rolloff at ~15127Hz but gentle (2.3dB/kHz) - could be an old master/analog source, not necessarily transcoded",44100,15127,22050,2.3
/home/adam/driveBig/Music/My Playlist/My Sundown - Jimmy Eat World - Bleed American.flac,GRADUAL_ROLLOFF,"rolloff at ~20672Hz but gentle (7.3dB/kHz) - could be an old master/analog source, not necessarily transcoded",44100,20672,22050,7.3
/home/adam/driveBig/Music/My Playlist/My Sweet Prince - Placebo - Without You I'm Nothing.flac,GRADUAL_ROLLOFF,"rolloff at ~9335Hz but gentle (3.6dB/kHz) - could be an old master/analog source, not necessarily transcoded",44100,9335,22050,3.6
/home/adam/driveBig/Music/My Playlist/Neptune Estate - King Krule - 6 Feet Beneath the Moon.flac,GRADUAL_ROLLOFF,"rolloff at ~18013Hz but gentle (0.4dB/kHz) - could be an old master/analog source, not necessarily transcoded",44100,18013,22050,0.4
/home/adam/driveBig/Music/My Playlist/My Way - Limp Bizkit - Chocolate Starfish and the Hot Dog Flavored Water.flac,GRADUAL_ROLLOFF,"rolloff at ~15929Hz but gentle (1.2dB/kHz) - could be an old master/analog source, not necessarily transcoded",44100,15929,22050,1.2
/home/adam/driveBig/Music/My Playlist/My Wave - Soundgarden - Superunknown (Deluxe Edition).flac,GRADUAL_ROLLOFF,"rolloff at ~15859Hz but gentle (2.7dB/kHz) - could be an old master/analog source, not necessarily transcoded",44100,15859,22050,2.7
/home/adam/driveBig/Music/My Playlist/Nervous Young Inhumans - Car Seat Headrest - Twin Fantasy (Mirror To Mirror).flac,GRADUAL_ROLLOFF,"rolloff at ~17571Hz but gentle (1.8dB/kHz) - could be an old master/analog source, not necessarily transcoded",44100,17571,22050,1.8
/home/adam/driveBig/Music/My Playlist/Nervous Young Inhumans - Car Seat Headrest - Twin Fantasy.flac,GRADUAL_ROLLOFF,"rolloff at ~20887Hz but gentle (9.0dB/kHz) - could be an old master/analog source, not necessarily transcoded",44100,20887,22050,9
/home/adam/driveBig/Music/My Playlist/Netflix Trip - AJR - The Click (Deluxe Edition).flac,GRADUAL_ROLLOFF,"rolloff at ~15682Hz but gentle (2.3dB/kHz) - could be an old master/analog source, not necessarily transcoded",44100,15682,22050,2.3
/home/adam/driveBig/Music/My Playlist/Never Let You Down - Barns Courtney - The Attractions of Youth.flac,GRADUAL_ROLLOFF,"rolloff at ~20376Hz but gentle (10.6dB/kHz) - could be an old master/analog source, not necessarily transcoded",44100,20376,22050,10.6
/home/adam/driveBig/Music/My Playlist/Never Surrender - Skillet - Awake.flac,GRADUAL_ROLLOFF,"rolloff at ~16494Hz but gentle (1.1dB/kHz) - could be an old master/analog source, not necessarily transcoded",44100,16494,22050,1.1
/home/adam/driveBig/Music/My Playlist/Never Wake Up - Sum 41 - All Killer No Filler.flac,GRADUAL_ROLLOFF,"rolloff at ~21054Hz but gentle (9.9dB/kHz) - could be an old master/analog source, not necessarily transcoded",44100,21054,22050,9.9
/home/adam/driveBig/Music/My Playlist/Never Say Goodbye - Bon Jovi - Slippery When Wet.flac,GRADUAL_ROLLOFF,"rolloff at ~17614Hz but gentle (2.7dB/kHz) - could be an old master/analog source, not necessarily transcoded",44100,17614,22050,2.7
/home/adam/driveBig/Music/My Playlist/New Fang - Them Crooked Vultures - Them Crooked Vultures.flac,GRADUAL_ROLLOFF,"rolloff at ~16887Hz but gentle (1.1dB/kHz) - could be an old master/analog source, not necessarily transcoded",44100,16887,22050,1.1
/home/adam/driveBig/Music/My Playlist/New Genesis - Ado - Uta's Songs One Piece Film Red.flac,GRADUAL_ROLLOFF,"rolloff at ~15208Hz but gentle (1.8dB/kHz) - could be an old master/analog source, not necessarily transcoded",44100,15208,22050,1.8
/home/adam/driveBig/Music/My Playlist/New Moon on Monday - Duran Duran - Greatest.flac,GRADUAL_ROLLOFF,"rolloff at ~16877Hz but gentle (2.2dB/kHz) - could be an old master/analog source, not necessarily transcoded",44100,16877,22050,2.2
/home/adam/driveBig/Music/My Playlist/NEW HEART DESIGN - Turnstile - GLOW ON.flac,GRADUAL_ROLLOFF,"rolloff at ~18761Hz but gentle (1.7dB/kHz) - could be an old master/analog source, not necessarily transcoded",44100,18761,22050,1.7
/home/adam/driveBig/Music/My Playlist/New Millennium Homes - Rage Against the Machine - The Battle Of Los Angeles.flac,GRADUAL_ROLLOFF,"rolloff at ~21097Hz but gentle (11.7dB/kHz) - could be an old master/analog source, not necessarily transcoded",44100,21097,22050,11.7
"/home/adam/driveBig/Music/My Playlist/New Person, Same Old Mistakes - Tame Impala - Currents.flac",GRADUAL_ROLLOFF,"rolloff at ~19784Hz but gentle (2.7dB/kHz) - could be an old master/analog source, not necessarily transcoded",44100,19784,22050,2.7
"/home/adam/driveBig/Music/My Playlist/New Slang - The Shins - Oh, Inverted World.flac",GRADUAL_ROLLOFF,"rolloff at ~21156Hz but gentle (9.5dB/kHz) - could be an old master/analog source, not necessarily transcoded",44100,21156,22050,9.5
/home/adam/driveBig/Music/My Playlist/New Song - Måneskin - Il Ballo Della Vita.flac,GRADUAL_ROLLOFF,"rolloff at ~16882Hz but gentle (3.5dB/kHz) - could be an old master/analog source, not necessarily transcoded",44100,16882,22050,3.5
/home/adam/driveBig/Music/My Playlist/New Way Home - Foo Fighters - The Colour And The Shape.flac,GRADUAL_ROLLOFF,"rolloff at ~20683Hz but gentle (8.6dB/kHz) - could be an old master/analog source, not necessarily transcoded",44100,20683,22050,8.6
/home/adam/driveBig/Music/My Playlist/New York Groove - Ace Frehley - The Very Best of KISS.flac,GRADUAL_ROLLOFF,"rolloff at ~15752Hz but gentle (0.1dB/kHz) - could be an old master/analog source, not necessarily transcoded",44100,15752,22050,0.1
"/home/adam/driveBig/Music/My Playlist/Newark Wilder - Pavement - Crooked Rain, Crooked Rain.flac",GRADUAL_ROLLOFF,"rolloff at ~18589Hz but gentle (2.2dB/kHz) - could be an old master/analog source, not necessarily transcoded",44100,18589,22050,2.2
/home/adam/driveBig/Music/My Playlist/New York City Cops - The Strokes - Is This It.flac,GRADUAL_ROLLOFF,"rolloff at ~20252Hz but gentle (4.2dB/kHz) - could be an old master/analog source, not necessarily transcoded",44100,20252,22050,4.2
/home/adam/driveBig/Music/My Playlist/News - Dire Straits - Communiqué.flac,GRADUAL_ROLLOFF,"rolloff at ~18782Hz but gentle (3.2dB/kHz) - could be an old master/analog source, not necessarily transcoded",44100,18782,22050,3.2
/home/adam/driveBig/Music/My Playlist/Next Contestant - Nickelback - All The Right Reasons.flac,GRADUAL_ROLLOFF,"rolloff at ~18341Hz but gentle (2.7dB/kHz) - could be an old master/analog source, not necessarily transcoded",44100,18341,22050,2.7
/home/adam/driveBig/Music/My Playlist/Next Summer - Damiano David - FUNNY little FEARS.flac,GRADUAL_ROLLOFF,"rolloff at ~18755Hz but gentle (3.7dB/kHz) - could be an old master/analog source, not necessarily transcoded",44100,18755,22050,3.7
/home/adam/driveBig/Music/My Playlist/Next Up Forever - AJR - Neotheater.flac,GRADUAL_ROLLOFF,"rolloff at ~20257Hz but gentle (6.7dB/kHz) - could be an old master/analog source, not necessarily transcoded",44100,20257,22050,6.7
/home/adam/driveBig/Music/My Playlist/Next Year - Foo Fighters - There Is Nothing Left To Lose.flac,GRADUAL_ROLLOFF,"rolloff at ~18562Hz but gentle (4.1dB/kHz) - could be an old master/analog source, not necessarily transcoded",44100,18562,22050,4.1
/home/adam/driveBig/Music/My Playlist/Night in the City - Electric Light Orchestra - Out of the Blue.flac,GRADUAL_ROLLOFF,"rolloff at ~20500Hz but gentle (6.6dB/kHz) - could be an old master/analog source, not necessarily transcoded",44100,20500,22050,6.6
/home/adam/driveBig/Music/My Playlist/Nice to Know You - Incubus - Morning View.flac,GRADUAL_ROLLOFF,"rolloff at ~18583Hz but gentle (2.6dB/kHz) - could be an old master/analog source, not necessarily transcoded",44100,18583,22050,2.6
/home/adam/driveBig/Music/My Playlist/Niente Da Dire - Måneskin - Il Ballo Della Vita.flac,GRADUAL_ROLLOFF,"rolloff at ~15262Hz but gentle (2.8dB/kHz) - could be an old master/analog source, not necessarily transcoded",44100,15262,22050,2.8
/home/adam/driveBig/Music/My Playlist/Night Drive - The All-American Rejects - Move Along.flac,GRADUAL_ROLLOFF,"rolloff at ~19622Hz but gentle (2.5dB/kHz) - could be an old master/analog source, not necessarily transcoded",44100,19622,22050,2.5
/home/adam/driveBig/Music/My Playlist/Night Running - Cage The Elephant; Beck - Social Cues.flac,GRADUAL_ROLLOFF,"rolloff at ~17835Hz but gentle (2.9dB/kHz) - could be an old master/analog source, not necessarily transcoded",44100,17835,22050,2.9
/home/adam/driveBig/Music/My Playlist/Nightmare - BoyWithUke - Lucid Dreams.flac,GRADUAL_ROLLOFF,"rolloff at ~19800Hz but gentle (5.5dB/kHz) - could be an old master/analog source, not necessarily transcoded",44100,19800,22050,5.5
/home/adam/driveBig/Music/My Playlist/nightosphere - ivri - the theory of you.flac,GRADUAL_ROLLOFF,"rolloff at ~17167Hz but gentle (2.5dB/kHz) - could be an old master/analog source, not necessarily transcoded",44100,17167,22050,2.5
/home/adam/driveBig/Music/My Playlist/Nihilist - BoyWithUke - Melatonin Dreams.flac,GRADUAL_ROLLOFF,"rolloff at ~20392Hz but gentle (9.9dB/kHz) - could be an old master/analog source, not necessarily transcoded",44100,20392,22050,9.9
/home/adam/driveBig/Music/My Playlist/Nightingale - Eagles - Eagles.flac,GRADUAL_ROLLOFF,"rolloff at ~18088Hz but gentle (1.7dB/kHz) - could be an old master/analog source, not necessarily transcoded",44100,18088,22050,1.7
/home/adam/driveBig/Music/My Playlist/Nightvision - Daft Punk - Discovery.flac,GRADUAL_ROLLOFF,"rolloff at ~20597Hz but gentle (8.7dB/kHz) - could be an old master/analog source, not necessarily transcoded",44100,20597,22050,8.7
/home/adam/driveBig/Music/My Playlist/Nitrous - Joji - Nectar.flac,GRADUAL_ROLLOFF,"rolloff at ~20527Hz but gentle (9.0dB/kHz) - could be an old master/analog source, not necessarily transcoded",44100,20527,22050,9
/home/adam/driveBig/Music/My Playlist/No Brakes - The Offspring - Americana.flac,GRADUAL_ROLLOFF,"rolloff at ~19870Hz but gentle (1.1dB/kHz) - could be an old master/analog source, not necessarily transcoded",44100,19870,22050,1.1
/home/adam/driveBig/Music/My Playlist/No Bite - MOMMA - Household Name.flac,GRADUAL_ROLLOFF,"rolloff at ~20537Hz but gentle (7.0dB/kHz) - could be an old master/analog source, not necessarily transcoded",44100,20537,22050,7
/home/adam/driveBig/Music/My Playlist/Ninja Re Bang Bang (Steve Aoki Remix) - Kyary Pamyu Pamyu.flac,GRADUAL_ROLLOFF,"rolloff at ~17576Hz but gentle (2.0dB/kHz) - could be an old master/analog source, not necessarily transcoded",44100,17576,22050,2
/home/adam/driveBig/Music/My Playlist/Nightshift - Balu Brigada - Almost Feel Good Mixtape.flac,GRADUAL_ROLLOFF,"rolloff at ~20419Hz but gentle (5.7dB/kHz) - could be an old master/analog source, not necessarily transcoded",44100,20419,22050,5.7
/home/adam/driveBig/Music/My Playlist/No Excuses - NF - The Search.flac,GRADUAL_ROLLOFF,"rolloff at ~12425Hz but gentle (2.3dB/kHz) - could be an old master/analog source, not necessarily transcoded",44100,12425,22050,2.3
/home/adam/driveBig/Music/My Playlist/No Distance Left to Run - Blur - The Best Of.flac,GRADUAL_ROLLOFF,"rolloff at ~19202Hz but gentle (0.3dB/kHz) - could be an old master/analog source, not necessarily transcoded",44100,19202,22050,0.3
/home/adam/driveBig/Music/My Playlist/No Fun - Blink-182 - One More Time... Part-2.flac,GRADUAL_ROLLOFF,"rolloff at ~19331Hz but gentle (4.0dB/kHz) - could be an old master/analog source, not necessarily transcoded",44100,19331,22050,4
/home/adam/driveBig/Music/My Playlist/No Good - KALEO - A-B.flac,GRADUAL_ROLLOFF,"rolloff at ~16747Hz but gentle (2.0dB/kHz) - could be an old master/analog source, not necessarily transcoded",44100,16747,22050,2
/home/adam/driveBig/Music/My Playlist/No Fun - The Stooges - The Stooges.flac,GRADUAL_ROLLOFF,"rolloff at ~17539Hz but gentle (1.9dB/kHz) - could be an old master/analog source, not necessarily transcoded",44100,17539,22050,1.9
/home/adam/driveBig/Music/My Playlist/No Need to Argue - The Cranberries.flac,GRADUAL_ROLLOFF,"rolloff at ~15660Hz but gentle (1.6dB/kHz) - could be an old master/analog source, not necessarily transcoded",44100,15660,22050,1.6
/home/adam/driveBig/Music/My Playlist/No One But You (Only The Good Die Young) - Queen - Greatest Hits - 2011 Remaster.flac,GRADUAL_ROLLOFF,"rolloff at ~21038Hz but gentle (11.6dB/kHz) - could be an old master/analog source, not necessarily transcoded",44100,21038,22050,11.6
/home/adam/driveBig/Music/My Playlist/No Phone - CAKE - Pressure Chief.flac,GRADUAL_ROLLOFF,"rolloff at ~18519Hz but gentle (1.3dB/kHz) - could be an old master/analog source, not necessarily transcoded",44100,18519,22050,1.3
/home/adam/driveBig/Music/My Playlist/No One Knows - Queens Of The Stone Age - Songs For The Deaf.flac,GRADUAL_ROLLOFF,"rolloff at ~17356Hz but gentle (1.3dB/kHz) - could be an old master/analog source, not necessarily transcoded",44100,17356,22050,1.3
/home/adam/driveBig/Music/My Playlist/No One Loves Me & Neither Do I - Them Crooked Vultures - Them Crooked Vultures.flac,GRADUAL_ROLLOFF,"rolloff at ~17049Hz but gentle (3.1dB/kHz) - could be an old master/analog source, not necessarily transcoded",44100,17049,22050,3.1
/home/adam/driveBig/Music/My Playlist/NO SURPRISE - Turnstile - GLOW ON.flac,GRADUAL_ROLLOFF,"rolloff at ~19757Hz but gentle (2.6dB/kHz) - could be an old master/analog source, not necessarily transcoded",44100,19757,22050,2.6
"/home/adam/driveBig/Music/My Playlist/NO QUESTIONS ASKED - Quadeca - Vanisher, Horizon Scraper.flac",GRADUAL_ROLLOFF,"rolloff at ~17598Hz but gentle (2.0dB/kHz) - could be an old master/analog source, not necessarily transcoded",44100,17598,22050,2
/home/adam/driveBig/Music/My Playlist/No Surprises - Radiohead - OK Computer.flac,GRADUAL_ROLLOFF,"rolloff at ~19251Hz but gentle (0.3dB/kHz) - could be an old master/analog source, not necessarily transcoded",44100,19251,22050,0.3
/home/adam/driveBig/Music/My Playlist/No Stage - MOMMA - Household Name.flac,GRADUAL_ROLLOFF,"rolloff at ~20403Hz but gentle (6.7dB/kHz) - could be an old master/analog source, not necessarily transcoded",44100,20403,22050,6.7
/home/adam/driveBig/Music/My Playlist/No Son of Mine - Foo Fighters - Medicine at Midnight.flac,GRADUAL_ROLLOFF,"rolloff at ~20327Hz but gentle (6.7dB/kHz) - could be an old master/analog source, not necessarily transcoded",44100,20327,22050,6.7
/home/adam/driveBig/Music/My Playlist/No Reason - Sum 41 - Chuck.flac,GRADUAL_ROLLOFF,"rolloff at ~17609Hz but gentle (3.0dB/kHz) - could be an old master/analog source, not necessarily transcoded",44100,17609,22050,3
/home/adam/driveBig/Music/My Playlist/No Worries - Rich Brian - The Sailor.flac,GRADUAL_ROLLOFF,"rolloff at ~20117Hz but gentle (11.7dB/kHz) - could be an old master/analog source, not necessarily transcoded",44100,20117,22050,11.7
/home/adam/driveBig/Music/My Playlist/Nobody Knows You (When You're Down And Out) - Derek and the Dominos - Layla & Other Assorted Love Songs.flac,GRADUAL_ROLLOFF,"rolloff at ~14847Hz but gentle (1.6dB/kHz) - could be an old master/analog source, not necessarily transcoded",44100,14847,22050,1.6
/home/adam/driveBig/Music/My Playlist/Nobody’s Listening - Linkin Park - Meteora.flac,GRADUAL_ROLLOFF,"rolloff at ~18228Hz but gentle (4.4dB/kHz) - could be an old master/analog source, not necessarily transcoded",44100,18228,22050,4.4
/home/adam/driveBig/Music/My Playlist/Nobody Weird Like Me - Red Hot Chili Peppers - Mother's Milk.flac,GRADUAL_ROLLOFF,"rolloff at ~18459Hz but gentle (3.6dB/kHz) - could be an old master/analog source, not necessarily transcoded",44100,18459,22050,3.6
/home/adam/driveBig/Music/My Playlist/Normal - AJR - The Click (Deluxe Edition).flac,GRADUAL_ROLLOFF,"rolloff at ~11693Hz but gentle (3.3dB/kHz) - could be an old master/analog source, not necessarily transcoded",44100,11693,22050,3.3
/home/adam/driveBig/Music/My Playlist/Noise Pollution - Portugal. The Man - Woodstock.flac,GRADUAL_ROLLOFF,"rolloff at ~17996Hz but gentle (1.6dB/kHz) - could be an old master/analog source, not necessarily transcoded",44100,17996,22050,1.6
/home/adam/driveBig/Music/My Playlist/Normal People - Joji; rei brown - Nectar.flac,GRADUAL_ROLLOFF,"rolloff at ~20446Hz but gentle (6.8dB/kHz) - could be an old master/analog source, not necessarily transcoded",44100,20446,22050,6.8
/home/adam/driveBig/Music/My Playlist/Nosedive - BoyWithUke - Antisocial.flac,GRADUAL_ROLLOFF,"rolloff at ~16904Hz but gentle (2.4dB/kHz) - could be an old master/analog source, not necessarily transcoded",44100,16904,22050,2.4
/home/adam/driveBig/Music/My Playlist/Nostalgia - Balu Brigada - Almost Feel Good Mixtape.flac,GRADUAL_ROLLOFF,"rolloff at ~18002Hz but gentle (4.4dB/kHz) - could be an old master/analog source, not necessarily transcoded",44100,18002,22050,4.4
/home/adam/driveBig/Music/My Playlist/Not Right - The Stooges - The Stooges.flac,GRADUAL_ROLLOFF,"rolloff at ~18083Hz but gentle (1.2dB/kHz) - could be an old master/analog source, not necessarily transcoded",44100,18083,22050,1.2
"/home/adam/driveBig/Music/My Playlist/Not Sorry - The Cranberries - Everybody Else Is Doing It, So Why Can’t We.flac",GRADUAL_ROLLOFF,"rolloff at ~15612Hz but gentle (2.5dB/kHz) - could be an old master/analog source, not necessarily transcoded",44100,15612,22050,2.5
/home/adam/driveBig/Music/My Playlist/Not Ready Yet - Eels - Beautiful Freak.flac,GRADUAL_ROLLOFF,"rolloff at ~12995Hz but gentle (-1.0dB/kHz) - could be an old master/analog source, not necessarily transcoded",44100,12995,22050,-1
/home/adam/driveBig/Music/My Playlist/Not That Far - Goodshirt - Fiji Baby.flac,GRADUAL_ROLLOFF,"rolloff at ~17291Hz but gentle (0.3dB/kHz) - could be an old master/analog source, not necessarily transcoded",44100,17291,22050,0.3
/home/adam/driveBig/Music/My Playlist/Not Today - Twenty One Pilots - Blurryface.flac,GRADUAL_ROLLOFF,"rolloff at ~20785Hz but gentle (10.6dB/kHz) - could be an old master/analog source, not necessarily transcoded",44100,20785,22050,10.6
/home/adam/driveBig/Music/My Playlist/Not to Touch the Earth - The Doors - Greatest Hits.flac,GRADUAL_ROLLOFF,"rolloff at ~16155Hz but gentle (1.7dB/kHz) - could be an old master/analog source, not necessarily transcoded",44100,16155,22050,1.7
/home/adam/driveBig/Music/My Playlist/Not With Haste - Mumford & Sons - Babel.flac,GRADUAL_ROLLOFF,"rolloff at ~15552Hz but gentle (2.3dB/kHz) - could be an old master/analog source, not necessarily transcoded",44100,15552,22050,2.3
/home/adam/driveBig/Music/My Playlist/Nothing Breaks Like a Heart - Spotify Singles - Damiano David - FUNNY little FEARS.flac,GRADUAL_ROLLOFF,"rolloff at ~18400Hz but gentle (3.7dB/kHz) - could be an old master/analog source, not necessarily transcoded",44100,18400,22050,3.7
/home/adam/driveBig/Music/My Playlist/Notion - Kings of Leon - Only by the Night.flac,GRADUAL_ROLLOFF,"rolloff at ~20327Hz but gentle (5.7dB/kHz) - could be an old master/analog source, not necessarily transcoded",44100,20327,22050,5.7
/home/adam/driveBig/Music/My Playlist/Novocaine - The Unlikely Candidates.flac,GRADUAL_ROLLOFF,"rolloff at ~14045Hz but gentle (2.2dB/kHz) - could be an old master/analog source, not necessarily transcoded",44100,14045,22050,2.2
/home/adam/driveBig/Music/My Playlist/Nothing to Do - Kings of Leon - Can We Please Have Fun.flac,GRADUAL_ROLLOFF,"rolloff at ~17727Hz but gentle (1.9dB/kHz) - could be an old master/analog source, not necessarily transcoded",44100,17727,22050,1.9
/home/adam/driveBig/Music/My Playlist/Novocaine for the Soul - Eels - Beautiful Freak.flac,GRADUAL_ROLLOFF,"rolloff at ~18723Hz but gentle (2.2dB/kHz) - could be an old master/analog source, not necessarily transcoded",44100,18723,22050,2.2
"/home/adam/driveBig/Music/My Playlist/Nothingtown - The Offspring - Rise and Fall, Rage and Grace.flac",GRADUAL_ROLLOFF,"rolloff at ~17797Hz but gentle (3.2dB/kHz) - could be an old master/analog source, not necessarily transcoded",44100,17797,22050,3.2
/home/adam/driveBig/Music/My Playlist/Now - Paramore - Paramore.flac,GRADUAL_ROLLOFF,"rolloff at ~20300Hz but gentle (5.1dB/kHz) - could be an old master/analog source, not necessarily transcoded",44100,20300,22050,5.1
/home/adam/driveBig/Music/My Playlist/November Rain - Guns N' Roses - Use Your Illusion I.flac,GRADUAL_ROLLOFF,"rolloff at ~16398Hz but gentle (1.4dB/kHz) - could be an old master/analog source, not necessarily transcoded",44100,16398,22050,1.4
/home/adam/driveBig/Music/My Playlist/Nowhere to Run - Kings of Leon - Can We Please Have Fun.flac,GRADUAL_ROLLOFF,"rolloff at ~17959Hz but gentle (1.8dB/kHz) - could be an old master/analog source, not necessarily transcoded",44100,17959,22050,1.8
/home/adam/driveBig/Music/My Playlist/Now Mary - The White Stripes - White Blood Cells.flac,GRADUAL_ROLLOFF,"rolloff at ~17033Hz but gentle (3.2dB/kHz) - could be an old master/analog source, not necessarily transcoded",44100,17033,22050,3.2
/home/adam/driveBig/Music/My Playlist/Numb - Linkin Park - Meteora.flac,GRADUAL_ROLLOFF,"rolloff at ~18562Hz but gentle (0.7dB/kHz) - could be an old master/analog source, not necessarily transcoded",44100,18562,22050,0.7
/home/adam/driveBig/Music/My Playlist/Now I'm Here - Queen - Sheer Heart Attack (Deluxe Edition 2011 Remaster).flac,GRADUAL_ROLLOFF,"rolloff at ~15181Hz but gentle (3.2dB/kHz) - could be an old master/analog source, not necessarily transcoded",44100,15181,22050,3.2
"/home/adam/driveBig/Music/My Playlist/Ob-La-Di, Ob-La-Da - The Beatles - The Beatles (Remastered).flac",GRADUAL_ROLLOFF,"rolloff at ~17108Hz but gentle (4.8dB/kHz) - could be an old master/analog source, not necessarily transcoded",44100,17108,22050,4.8
/home/adam/driveBig/Music/My Playlist/Number One - Portugal. The Man - Woodstock.flac,GRADUAL_ROLLOFF,"rolloff at ~17517Hz but gentle (3.1dB/kHz) - could be an old master/analog source, not necessarily transcoded",44100,17517,22050,3.1
/home/adam/driveBig/Music/My Playlist/O My God - The Police - Synchronicity (2003 Remaster).flac,GRADUAL_ROLLOFF,"rolloff at ~20672Hz but gentle (9.7dB/kHz) - could be an old master/analog source, not necessarily transcoded",44100,20672,22050,9.7
/home/adam/driveBig/Music/My Playlist/Oak Island - Zach Bryan - The Great American Bar Scene.flac,GRADUAL_ROLLOFF,"rolloff at ~19568Hz but gentle (2.6dB/kHz) - could be an old master/analog source, not necessarily transcoded",44100,19568,22050,2.6
/home/adam/driveBig/Music/My Playlist/Nur Geträumt - Nena - Nena.flac,GRADUAL_ROLLOFF,"rolloff at ~18669Hz but gentle (3.7dB/kHz) - could be an old master/analog source, not necessarily transcoded",44100,18669,22050,3.7
/home/adam/driveBig/Music/My Playlist/Ocean Bed - King Krule - 6 Feet Beneath the Moon.flac,GRADUAL_ROLLOFF,"rolloff at ~20376Hz but gentle (2.9dB/kHz) - could be an old master/analog source, not necessarily transcoded",44100,20376,22050,2.9
/home/adam/driveBig/Music/My Playlist/Obvious - Blink-182 - Blink-182.flac,GRADUAL_ROLLOFF,"rolloff at ~15816Hz but gentle (3.1dB/kHz) - could be an old master/analog source, not necessarily transcoded",44100,15816,22050,3.1
/home/adam/driveBig/Music/My Playlist/Occupied - Rich Brian - Amen.flac,GRADUAL_ROLLOFF,"rolloff at ~21038Hz but gentle (9.0dB/kHz) - could be an old master/analog source, not necessarily transcoded",44100,21038,22050,9
/home/adam/driveBig/Music/My Playlist/Ocean Avenue - Yellowcard.flac,GRADUAL_ROLLOFF,"rolloff at ~19821Hz but gentle (2.6dB/kHz) - could be an old master/analog source, not necessarily transcoded",44100,19821,22050,2.6
/home/adam/driveBig/Music/My Playlist/Oceans - Pearl Jam - Ten.flac,GRADUAL_ROLLOFF,"rolloff at ~20510Hz but gentle (7.9dB/kHz) - could be an old master/analog source, not necessarily transcoded",44100,20510,22050,7.9
/home/adam/driveBig/Music/My Playlist/Ocean Man - Ween - The Mollusk.flac,GRADUAL_ROLLOFF,"rolloff at ~19977Hz but gentle (3.2dB/kHz) - could be an old master/analog source, not necessarily transcoded",44100,19977,22050,3.2
/home/adam/driveBig/Music/My Playlist/Ode to the Mets - The Strokes - The New Abnormal.flac,GRADUAL_ROLLOFF,"rolloff at ~14928Hz but gentle (1.4dB/kHz) - could be an old master/analog source, not necessarily transcoded",44100,14928,22050,1.4
/home/adam/driveBig/Music/My Playlist/Oh I Wept (Alternate Vocal Take) - Free - Fire And Water.flac,GRADUAL_ROLLOFF,"rolloff at ~10029Hz but gentle (1.5dB/kHz) - could be an old master/analog source, not necessarily transcoded",44100,10029,22050,1.5
/home/adam/driveBig/Music/My Playlist/Odo - Ado - Kyougen.flac,GRADUAL_ROLLOFF,"rolloff at ~19019Hz but gentle (4.5dB/kHz) - could be an old master/analog source, not necessarily transcoded",44100,19019,22050,4.5
/home/adam/driveBig/Music/My Playlist/Oh Darling - Supertramp - Breakfast in America.flac,GRADUAL_ROLLOFF,"rolloff at ~18648Hz but gentle (3.1dB/kHz) - could be an old master/analog source, not necessarily transcoded",44100,18648,22050,3.1
/home/adam/driveBig/Music/My Playlist/Oh I Wept - Free - Fire And Water.flac,GRADUAL_ROLLOFF,"rolloff at ~12780Hz but gentle (4.8dB/kHz) - could be an old master/analog source, not necessarily transcoded",44100,12780,22050,4.8
/home/adam/driveBig/Music/My Playlist/Oh Love - Green Day - Greatest Hits - God's Favorite Band.flac,GRADUAL_ROLLOFF,"rolloff at ~16268Hz but gentle (2.0dB/kHz) - could be an old master/analog source, not necessarily transcoded",44100,16268,22050,2
/home/adam/driveBig/Music/My Playlist/Off My Face - Måneskin - Rush! (Are U Coming).flac,GRADUAL_ROLLOFF,"rolloff at ~19697Hz but gentle (5.0dB/kHz) - could be an old master/analog source, not necessarily transcoded",44100,19697,22050,5
/home/adam/driveBig/Music/My Playlist/Offend In Every Way - The White Stripes - White Blood Cells.flac,GRADUAL_ROLLOFF,"rolloff at ~16672Hz but gentle (2.4dB/kHz) - could be an old master/analog source, not necessarily transcoded",44100,16672,22050,2.4
/home/adam/driveBig/Music/My Playlist/Oh! Starving - Car Seat Headrest - Starving While Living.flac,GRADUAL_ROLLOFF,"rolloff at ~18174Hz but gentle (3.5dB/kHz) - could be an old master/analog source, not necessarily transcoded",44100,18174,22050,3.5
/home/adam/driveBig/Music/My Playlist/Ol' Sol - The Dave Clark Five - American Tour (2019 - Remaster).flac,GRADUAL_ROLLOFF,"rolloff at ~19471Hz but gentle (3.9dB/kHz) - could be an old master/analog source, not necessarily transcoded",44100,19471,22050,3.9
/home/adam/driveBig/Music/My Playlist/Once - Pearl Jam - Ten.flac,GRADUAL_ROLLOFF,"rolloff at ~19148Hz but gentle (3.1dB/kHz) - could be an old master/analog source, not necessarily transcoded",44100,19148,22050,3.1
/home/adam/driveBig/Music/My Playlist/Once Upon a Time in the West - Dire Straits - Communiqué.flac,GRADUAL_ROLLOFF,"rolloff at ~17760Hz but gentle (2.6dB/kHz) - could be an old master/analog source, not necessarily transcoded",44100,17760,22050,2.6
/home/adam/driveBig/Music/My Playlist/Old Love - Balu Brigada - Almost Feel Good Mixtape.flac,GRADUAL_ROLLOFF,"rolloff at ~17641Hz but gentle (1.7dB/kHz) - could be an old master/analog source, not necessarily transcoded",44100,17641,22050,1.7
/home/adam/driveBig/Music/My Playlist/One - Metallica - ...And Justice for All.flac,GRADUAL_ROLLOFF,"rolloff at ~20597Hz but gentle (5.9dB/kHz) - could be an old master/analog source, not necessarily transcoded",44100,20597,22050,5.9
/home/adam/driveBig/Music/My Playlist/One Day Too Late - Skillet - Awake.flac,GRADUAL_ROLLOFF,"rolloff at ~18109Hz but gentle (3.7dB/kHz) - could be an old master/analog source, not necessarily transcoded",44100,18109,22050,3.7
"/home/adam/driveBig/Music/My Playlist/One by One All Day - The Shins - Oh, Inverted World.flac",GRADUAL_ROLLOFF,"rolloff at ~16726Hz but gentle (3.8dB/kHz) - could be an old master/analog source, not necessarily transcoded",44100,16726,22050,3.8
/home/adam/driveBig/Music/My Playlist/One Eyed Bastard - Green Day - Saviors.flac,GRADUAL_ROLLOFF,"rolloff at ~18093Hz but gentle (2.1dB/kHz) - could be an old master/analog source, not necessarily transcoded",44100,18093,22050,2.1
/home/adam/driveBig/Music/My Playlist/One Hundred - NF - Perception.flac,GRADUAL_ROLLOFF,"rolloff at ~19708Hz but gentle (6.3dB/kHz) - could be an old master/analog source, not necessarily transcoded",44100,19708,22050,6.3
/home/adam/driveBig/Music/My Playlist/One Eyed Bastard - Green Day.flac,GRADUAL_ROLLOFF,"rolloff at ~18093Hz but gentle (2.1dB/kHz) - could be an old master/analog source, not necessarily transcoded",44100,18093,22050,2.1
/home/adam/driveBig/Music/My Playlist/One Last Breath - Creed - Weathered.flac,GRADUAL_ROLLOFF,"rolloff at ~14583Hz but gentle (2.1dB/kHz) - could be an old master/analog source, not necessarily transcoded",44100,14583,22050,2.1
/home/adam/driveBig/Music/My Playlist/One More Time - Blink-182 - One More Time... Part-2.flac,GRADUAL_ROLLOFF,"rolloff at ~19132Hz but gentle (2.1dB/kHz) - could be an old master/analog source, not necessarily transcoded",44100,19132,22050,2.1
/home/adam/driveBig/Music/My Playlist/One Night Stand - Blink-182 - One More Time... Part-2.flac,GRADUAL_ROLLOFF,"rolloff at ~19552Hz but gentle (6.7dB/kHz) - could be an old master/analog source, not necessarily transcoded",44100,19552,22050,6.7
/home/adam/driveBig/Music/My Playlist/One More Time - Daft Punk - Discovery.flac,GRADUAL_ROLLOFF,"rolloff at ~18449Hz but gentle (2.6dB/kHz) - could be an old master/analog source, not necessarily transcoded",44100,18449,22050,2.6
/home/adam/driveBig/Music/My Playlist/One on One - Daryl Hall & John Oates - The Very Best of Daryl Hall & John Oates.flac,GRADUAL_ROLLOFF,"rolloff at ~20236Hz but gentle (4.9dB/kHz) - could be an old master/analog source, not necessarily transcoded",44100,20236,22050,4.9
/home/adam/driveBig/Music/My Playlist/One Vision - Queen - A Kind Of Magic (Deluxe Edition 2011 Remaster).flac,GRADUAL_ROLLOFF,"rolloff at ~20247Hz but gentle (8.5dB/kHz) - could be an old master/analog source, not necessarily transcoded",44100,20247,22050,8.5
/home/adam/driveBig/Music/My Playlist/One Way Or Another - Blondie - Greatest Hits.flac,GRADUAL_ROLLOFF,"rolloff at ~20963Hz but gentle (10.2dB/kHz) - could be an old master/analog source, not necessarily transcoded",44100,20963,22050,10.2
/home/adam/driveBig/Music/My Playlist/Only - NF - The Search.flac,GRADUAL_ROLLOFF,"rolloff at ~14863Hz but gentle (2.2dB/kHz) - could be an old master/analog source, not necessarily transcoded",44100,14863,22050,2.2
/home/adam/driveBig/Music/My Playlist/One Week - Barenaked Ladies - Stunt (20th Anniversary Edition).flac,GRADUAL_ROLLOFF,"rolloff at ~20747Hz but gentle (11.6dB/kHz) - could be an old master/analog source, not necessarily transcoded",44100,20747,22050,11.6
/home/adam/driveBig/Music/My Playlist/Only Friend - Wallows - Nothing Happens.flac,GRADUAL_ROLLOFF,"rolloff at ~20413Hz but gentle (11.3dB/kHz) - could be an old master/analog source, not necessarily transcoded",44100,20413,22050,11.3
"/home/adam/driveBig/Music/My Playlist/One Year, Six Months - Yellowcard - Ocean Avenue.flac",GRADUAL_ROLLOFF,"rolloff at ~20527Hz but gentle (6.0dB/kHz) - could be an old master/analog source, not necessarily transcoded",44100,20527,22050,6
/home/adam/driveBig/Music/My Playlist/Only in Dreams - Weezer - Weezer (Blue Album).flac,GRADUAL_ROLLOFF,"rolloff at ~21108Hz but gentle (11.6dB/kHz) - could be an old master/analog source, not necessarily transcoded",44100,21108,22050,11.6
/home/adam/driveBig/Music/My Playlist/Only Just a Call Away - The Struts - Everybody Wants.flac,GRADUAL_ROLLOFF,"rolloff at ~15369Hz but gentle (1.6dB/kHz) - could be an old master/analog source, not necessarily transcoded",44100,15369,22050,1.6
/home/adam/driveBig/Music/My Playlist/Only in Your Heart - America - Homecoming.flac,GRADUAL_ROLLOFF,"rolloff at ~16715Hz but gentle (2.3dB/kHz) - could be an old master/analog source, not necessarily transcoded",44100,16715,22050,2.3
/home/adam/driveBig/Music/My Playlist/Only One - Yellowcard - Ocean Avenue.flac,GRADUAL_ROLLOFF,"rolloff at ~19191Hz but gentle (1.5dB/kHz) - could be an old master/analog source, not necessarily transcoded",44100,19191,22050,1.5
/home/adam/driveBig/Music/My Playlist/Only Ones Who Know - Arctic Monkeys - Favourite Worst Nightmare.flac,GRADUAL_ROLLOFF,"rolloff at ~10772Hz but gentle (2.2dB/kHz) - could be an old master/analog source, not necessarily transcoded",44100,10772,22050,2.2
/home/adam/driveBig/Music/My Playlist/Only Static - Bad Bad Hats - Walkman.flac,GRADUAL_ROLLOFF,"rolloff at ~16661Hz but gentle (1.7dB/kHz) - could be an old master/analog source, not necessarily transcoded",44100,16661,22050,1.7
/home/adam/driveBig/Music/My Playlist/Only The Truth - The Last Shadow Puppets - The Age Of The Understatement.flac,GRADUAL_ROLLOFF,"rolloff at ~17275Hz but gentle (1.4dB/kHz) - could be an old master/analog source, not necessarily transcoded",44100,17275,22050,1.4
/home/adam/driveBig/Music/My Playlist/Ooby Dooby - Roy Orbison - The Very Best Of.flac,GRADUAL_ROLLOFF,"rolloff at ~20187Hz but gentle (9.0dB/kHz) - could be an old master/analog source, not necessarily transcoded",44100,20187,22050,9
/home/adam/driveBig/Music/My Playlist/My Wife - The Who - Who’s Next.flac,GRADUAL_ROLLOFF,"rolloff at ~20812Hz but gentle (8.7dB/kHz) - could be an old master/analog source, not necessarily transcoded",44100,20812,22050,8.7
/home/adam/driveBig/Music/My Playlist/Neon Pill - Cage The Elephant.flac,GRADUAL_ROLLOFF,"rolloff at ~20354Hz but gentle (4.3dB/kHz) - could be an old master/analog source, not necessarily transcoded",44100,20354,22050,4.3
/home/adam/driveBig/Music/My Playlist/No Grass Today - AJR - The Click (Deluxe Edition).flac,GRADUAL_ROLLOFF,"rolloff at ~15030Hz but gentle (1.3dB/kHz) - could be an old master/analog source, not necessarily transcoded",44100,15030,22050,1.3
/home/adam/driveBig/Music/My Playlist/Oona - Pixies - Head Carrier.flac,GRADUAL_ROLLOFF,"rolloff at ~20074Hz but gentle (7.4dB/kHz) - could be an old master/analog source, not necessarily transcoded",44100,20074,22050,7.4
/home/adam/driveBig/Music/My Playlist/Not the Same Anymore - The Strokes - The New Abnormal.flac,GRADUAL_ROLLOFF,"rolloff at ~17264Hz but gentle (1.8dB/kHz) - could be an old master/analog source, not necessarily transcoded",44100,17264,22050,1.8
/home/adam/driveBig/Music/My Playlist/Nowhere Fast - Incubus - Make Yourself.flac,GRADUAL_ROLLOFF,"rolloff at ~20833Hz but gentle (6.4dB/kHz) - could be an old master/analog source, not necessarily transcoded",44100,20833,22050,6.4
"/home/adam/driveBig/Music/My Playlist/Once & For All (demo) - Foo Fighters - Echoes, Silence, Patience & Grace.flac",GRADUAL_ROLLOFF,"rolloff at ~15897Hz but gentle (2.7dB/kHz) - could be an old master/analog source, not necessarily transcoded",44100,15897,22050,2.7
/home/adam/driveBig/Music/My Playlist/Ode to My Family - The Cranberries - No Need to Argue.flac,GRADUAL_ROLLOFF,"rolloff at ~14260Hz but gentle (2.3dB/kHz) - could be an old master/analog source, not necessarily transcoded",44100,14260,22050,2.3
/home/adam/driveBig/Music/My Playlist/Old Time Rock & Roll - Bob Seger & The Silver Bullit Band - Stranger In Town.flac,GRADUAL_ROLLOFF,"rolloff at ~20914Hz but gentle (11.2dB/kHz) - could be an old master/analog source, not necessarily transcoded",44100,20914,22050,11.2
/home/adam/driveBig/Music/My Playlist/One Way Street - Aerosmith - Aerosmith.flac,GRADUAL_ROLLOFF,"rolloff at ~17587Hz but gentle (2.5dB/kHz) - could be an old master/analog source, not necessarily transcoded",44100,17587,22050,2.5
/home/adam/driveBig/Music/My Playlist/Ordinary Creature - Of Monsters and Men.flac,GRADUAL_ROLLOFF,"rolloff at ~19132Hz but gentle (1.5dB/kHz) - could be an old master/analog source, not necessarily transcoded",44100,19132,22050,1.5
/home/adam/driveBig/Music/My Playlist/Ophelia - The Lumineers - Cleopatra.flac,GRADUAL_ROLLOFF,"rolloff at ~13378Hz but gentle (2.0dB/kHz) - could be an old master/analog source, not necessarily transcoded",44100,13378,22050,2
/home/adam/driveBig/Music/My Playlist/Ordinary Creature - Of Monsters and Men - All is Love and Pain in the Mouse Parade.flac,GRADUAL_ROLLOFF,"rolloff at ~19132Hz but gentle (1.5dB/kHz) - could be an old master/analog source, not necessarily transcoded",44100,19132,22050,1.5
/home/adam/driveBig/Music/My Playlist/Options - NF - The Search.flac,GRADUAL_ROLLOFF,"rolloff at ~15122Hz but gentle (2.7dB/kHz) - could be an old master/analog source, not necessarily transcoded",44100,15122,22050,2.7
/home/adam/driveBig/Music/My Playlist/Ordinaryish People - AJR; Blue Man Group - OK Orchestra.flac,GRADUAL_ROLLOFF,"rolloff at ~17350Hz but gentle (2.6dB/kHz) - could be an old master/analog source, not necessarily transcoded",44100,17350,22050,2.6
/home/adam/driveBig/Music/My Playlist/Ordinary World - Green Day; Miranda Lambert - Greatest Hits - God's Favorite Band.flac,GRADUAL_ROLLOFF,"rolloff at ~16118Hz but gentle (1.5dB/kHz) - could be an old master/analog source, not necessarily transcoded",44100,16118,22050,1.5
/home/adam/driveBig/Music/My Playlist/Organs - Of Monsters and Men - Beneath The Skin (Deluxe).flac,GRADUAL_ROLLOFF,"rolloff at ~15999Hz but gentle (3.1dB/kHz) - could be an old master/analog source, not necessarily transcoded",44100,15999,22050,3.1
/home/adam/driveBig/Music/My Playlist/Ordinary World - Duran Duran - Greatest.flac,GRADUAL_ROLLOFF,"rolloff at ~20031Hz but gentle (10.1dB/kHz) - could be an old master/analog source, not necessarily transcoded",44100,20031,22050,10.1
/home/adam/driveBig/Music/My Playlist/Otherside - Red Hot Chili Peppers - Californication.flac,GRADUAL_ROLLOFF,"rolloff at ~21146Hz but gentle (10.7dB/kHz) - could be an old master/analog source, not necessarily transcoded",44100,21146,22050,10.7
/home/adam/driveBig/Music/My Playlist/Other Side - Blink-182 - One More Time... Part-2.flac,GRADUAL_ROLLOFF,"rolloff at ~20252Hz but gentle (4.2dB/kHz) - could be an old master/analog source, not necessarily transcoded",44100,20252,22050,4.2
/home/adam/driveBig/Music/My Playlist/Out Getting Ribs - King Krule - 6 Feet Beneath the Moon.flac,GRADUAL_ROLLOFF,"rolloff at ~18944Hz but gentle (2.0dB/kHz) - could be an old master/analog source, not necessarily transcoded",44100,18944,22050,2
/home/adam/driveBig/Music/My Playlist/Out Loud - Cage The Elephant - Neon Pill.flac,GRADUAL_ROLLOFF,"rolloff at ~17140Hz but gentle (1.8dB/kHz) - could be an old master/analog source, not necessarily transcoded",44100,17140,22050,1.8
/home/adam/driveBig/Music/My Playlist/Out From Under - Incubus - Make Yourself.flac,GRADUAL_ROLLOFF,"rolloff at ~21081Hz but gentle (11.2dB/kHz) - could be an old master/analog source, not necessarily transcoded",44100,21081,22050,11.2
/home/adam/driveBig/Music/My Playlist/Outro - Limp Bizkit - Chocolate Starfish and the Hot Dog Flavored Water.flac,GRADUAL_ROLLOFF,"rolloff at ~16505Hz but gentle (2.4dB/kHz) - could be an old master/analog source, not necessarily transcoded",44100,16505,22050,2.4
/home/adam/driveBig/Music/My Playlist/Outcast - NF - Perception.flac,GRADUAL_ROLLOFF,"rolloff at ~19165Hz but gentle (2.2dB/kHz) - could be an old master/analog source, not necessarily transcoded",44100,19165,22050,2.2
/home/adam/driveBig/Music/My Playlist/Out of the Black - Royal Blood - Royal Blood.flac,GRADUAL_ROLLOFF,"rolloff at ~20290Hz but gentle (12.0dB/kHz) - could be an old master/analog source, not necessarily transcoded",44100,20290,22050,12
/home/adam/driveBig/Music/My Playlist/Out of Touch - Daryl Hall & John Oates - The Very Best of Daryl Hall & John Oates.flac,GRADUAL_ROLLOFF,"rolloff at ~20882Hz but gentle (9.8dB/kHz) - could be an old master/analog source, not necessarily transcoded",44100,20882,22050,9.8
/home/adam/driveBig/Music/My Playlist/Out of Tune - BoyWithUke - Fever Dreams.flac,GRADUAL_ROLLOFF,"rolloff at ~19837Hz but gentle (4.7dB/kHz) - could be an old master/analog source, not necessarily transcoded",44100,19837,22050,4.7
/home/adam/driveBig/Music/My Playlist/Outta Me - Bikini Kill - The First Two Records.flac,GRADUAL_ROLLOFF,"rolloff at ~20640Hz but gentle (11.7dB/kHz) - could be an old master/analog source, not necessarily transcoded",44100,20640,22050,11.7
/home/adam/driveBig/Music/My Playlist/Outrunning Karma - Alec Benjamin - Narrated for You.flac,GRADUAL_ROLLOFF,"rolloff at ~19536Hz but gentle (5.6dB/kHz) - could be an old master/analog source, not necessarily transcoded",44100,19536,22050,5.6
/home/adam/driveBig/Music/My Playlist/Over - Damiano David - FUNNY little FEARS.flac,GRADUAL_ROLLOFF,"rolloff at ~17103Hz but gentle (4.3dB/kHz) - could be an old master/analog source, not necessarily transcoded",44100,17103,22050,4.3
/home/adam/driveBig/Music/My Playlist/Over Funk - Red Hot Chili Peppers - Californication.flac,GRADUAL_ROLLOFF,"rolloff at ~20537Hz but gentle (3.3dB/kHz) - could be an old master/analog source, not necessarily transcoded",44100,20537,22050,3.3
/home/adam/driveBig/Music/My Playlist/Over My Head (Cable Car) - The Fray - How to Save a Life.flac,GRADUAL_ROLLOFF,"rolloff at ~17539Hz but gentle (1.9dB/kHz) - could be an old master/analog source, not necessarily transcoded",44100,17539,22050,1.9
/home/adam/driveBig/Music/My Playlist/Own My Mind - Måneskin - Rush!.flac,GRADUAL_ROLLOFF,"rolloff at ~18707Hz but gentle (4.3dB/kHz) - could be an old master/analog source, not necessarily transcoded",44100,18707,22050,4.3
/home/adam/driveBig/Music/My Playlist/Overdose - grandson - a modern tragedy vol. 1.flac,GRADUAL_ROLLOFF,"rolloff at ~13986Hz but gentle (2.6dB/kHz) - could be an old master/analog source, not necessarily transcoded",44100,13986,22050,2.6
/home/adam/driveBig/Music/My Playlist/Over Your Shoulder - Cage The Elephant - Neon Pill.flac,GRADUAL_ROLLOFF,"rolloff at ~20774Hz but gentle (11.5dB/kHz) - could be an old master/analog source, not necessarily transcoded",44100,20774,22050,11.5
/home/adam/driveBig/Music/My Playlist/Overthinking - BoyWithUke - BoyWithUke - B Sides.flac,GRADUAL_ROLLOFF,"rolloff at ~20112Hz but gentle (3.3dB/kHz) - could be an old master/analog source, not necessarily transcoded",44100,20112,22050,3.3
/home/adam/driveBig/Music/My Playlist/Ozymandias - Red Vox - Realign.flac,GRADUAL_ROLLOFF,"rolloff at ~17275Hz but gentle (2.2dB/kHz) - could be an old master/analog source, not necessarily transcoded",44100,17275,22050,2.2
/home/adam/driveBig/Music/My Playlist/Pagan Baby - Creedence Clearwater Revival - Platinum.flac,GRADUAL_ROLLOFF,"rolloff at ~20597Hz but gentle (5.6dB/kHz) - could be an old master/analog source, not necessarily transcoded",44100,20597,22050,5.6
/home/adam/driveBig/Music/My Playlist/Pain for Pleasure - Sum 41 - All Killer No Filler.flac,GRADUAL_ROLLOFF,"rolloff at ~20704Hz but gentle (3.9dB/kHz) - could be an old master/analog source, not necessarily transcoded",44100,20704,22050,3.9
/home/adam/driveBig/Music/My Playlist/Pale Blue Dot - Red Vox - Realign.flac,GRADUAL_ROLLOFF,"rolloff at ~16344Hz but gentle (1.7dB/kHz) - could be an old master/analog source, not necessarily transcoded",44100,16344,22050,1.7
/home/adam/driveBig/Music/My Playlist/Pam Berry - The Shins - Wincing the Night Away.flac,GRADUAL_ROLLOFF,"rolloff at ~15865Hz but gentle (1.9dB/kHz) - could be an old master/analog source, not necessarily transcoded",44100,15865,22050,1.9
/home/adam/driveBig/Music/My Playlist/Pandemonium - NF - Hope.flac,GRADUAL_ROLLOFF,"rolloff at ~19719Hz but gentle (1.5dB/kHz) - could be an old master/analog source, not necessarily transcoded",44100,19719,22050,1.5
/home/adam/driveBig/Music/My Playlist/Parachutes - Coldplay.flac,GRADUAL_ROLLOFF,"rolloff at ~20349Hz but gentle (2.9dB/kHz) - could be an old master/analog source, not necessarily transcoded",44100,20349,22050,2.9
/home/adam/driveBig/Music/My Playlist/Parabol - Tool - Lateralus.flac,GRADUAL_ROLLOFF,"rolloff at ~16258Hz but gentle (0.8dB/kHz) - could be an old master/analog source, not necessarily transcoded",44100,16258,22050,0.8
/home/adam/driveBig/Music/My Playlist/Paper Planes - BoyWithUke - Burnout.flac,GRADUAL_ROLLOFF,"rolloff at ~20150Hz but gentle (4.4dB/kHz) - could be an old master/analog source, not necessarily transcoded",44100,20150,22050,4.4
/home/adam/driveBig/Music/My Playlist/Papercut - Linkin Park - Hybrid Theory.flac,GRADUAL_ROLLOFF,"rolloff at ~20876Hz but gentle (8.0dB/kHz) - could be an old master/analog source, not necessarily transcoded",44100,20876,22050,8
/home/adam/driveBig/Music/My Playlist/Parallel Universe - Red Hot Chili Peppers - Californication.flac,GRADUAL_ROLLOFF,"rolloff at ~15154Hz but gentle (2.9dB/kHz) - could be an old master/analog source, not necessarily transcoded",44100,15154,22050,2.9
/home/adam/driveBig/Music/My Playlist/Parakeet - R.E.M. - Up (25th Anniversary Edition).flac,GRADUAL_ROLLOFF,"rolloff at ~20801Hz but gentle (8.7dB/kHz) - could be an old master/analog source, not necessarily transcoded",44100,20801,22050,8.7
/home/adam/driveBig/Music/My Playlist/Paranoid - Black Sabbath - Paranoid (2012 Remaster).flac,GRADUAL_ROLLOFF,"rolloff at ~16554Hz but gentle (2.4dB/kHz) - could be an old master/analog source, not necessarily transcoded",44100,16554,22050,2.4
/home/adam/driveBig/Music/My Playlist/Paranoid Android - Radiohead - OK Computer.flac,GRADUAL_ROLLOFF,"rolloff at ~20774Hz but gentle (6.5dB/kHz) - could be an old master/analog source, not necessarily transcoded",44100,20774,22050,6.5
/home/adam/driveBig/Music/My Playlist/Pardon Me - Incubus - Make Yourself.flac,GRADUAL_ROLLOFF,"rolloff at ~20053Hz but gentle (1.1dB/kHz) - could be an old master/analog source, not necessarily transcoded",44100,20053,22050,1.1
/home/adam/driveBig/Music/My Playlist/Parents Just Don't Understand - DJ Jazzy Jeff & The Fresh Prince - Greatest Hits.flac,GRADUAL_ROLLOFF,"rolloff at ~20064Hz but gentle (7.8dB/kHz) - could be an old master/analog source, not necessarily transcoded",44100,20064,22050,7.8
/home/adam/driveBig/Music/My Playlist/Parklife - Blur - The Best Of.flac,GRADUAL_ROLLOFF,"rolloff at ~15768Hz but gentle (5.0dB/kHz) - could be an old master/analog source, not necessarily transcoded",44100,15768,22050,5
/home/adam/driveBig/Music/My Playlist/Part II - Paramore - Paramore.flac,GRADUAL_ROLLOFF,"rolloff at ~20672Hz but gentle (7.3dB/kHz) - could be an old master/analog source, not necessarily transcoded",44100,20672,22050,7.3
/home/adam/driveBig/Music/My Playlist/Past Lives - BØRNS - Candy.flac,GRADUAL_ROLLOFF,"rolloff at ~20053Hz but gentle (8.8dB/kHz) - could be an old master/analog source, not necessarily transcoded",44100,20053,22050,8.8
/home/adam/driveBig/Music/My Playlist/Passenger - Deftones - White Pony.flac,GRADUAL_ROLLOFF,"rolloff at ~19983Hz but gentle (3.0dB/kHz) - could be an old master/analog source, not necessarily transcoded",44100,19983,22050,3
/home/adam/driveBig/Music/My Playlist/Past Won’t Leave My Bed - Joji - Piss in the Wind.flac,GRADUAL_ROLLOFF,"rolloff at ~20548Hz but gentle (7.1dB/kHz) - could be an old master/analog source, not necessarily transcoded",44100,20548,22050,7.1
/home/adam/driveBig/Music/My Playlist/Past Lives - DIIV - Oshin.flac,GRADUAL_ROLLOFF,"rolloff at ~16005Hz but gentle (10.4dB/kHz) - could be an old master/analog source, not necessarily transcoded",44100,16005,22050,10.4
/home/adam/driveBig/Music/My Playlist/Past Life - Tame Impala - Currents.flac,GRADUAL_ROLLOFF,"rolloff at ~20527Hz but gentle (3.7dB/kHz) - could be an old master/analog source, not necessarily transcoded",44100,20527,22050,3.7
/home/adam/driveBig/Music/My Playlist/Patience - Guns N' Roses - Greatest Hits.flac,GRADUAL_ROLLOFF,"rolloff at ~7494Hz but gentle (0.3dB/kHz) - could be an old master/analog source, not necessarily transcoded",44100,7494,22050,0.3
/home/adam/driveBig/Music/My Playlist/Pentagram - CAKE - Motorcade of Generosity.flac,GRADUAL_ROLLOFF,"rolloff at ~16812Hz but gentle (1.8dB/kHz) - could be an old master/analog source, not necessarily transcoded",44100,16812,22050,1.8
/home/adam/driveBig/Music/My Playlist/Peaceful Easy Feeling - Eagles - Eagles.flac,GRADUAL_ROLLOFF,"rolloff at ~19703Hz but gentle (3.3dB/kHz) - could be an old master/analog source, not necessarily transcoded",44100,19703,22050,3.3
/home/adam/driveBig/Music/My Playlist/Pay the Man - Pretty Fly (reprise) - The Offspring - Americana.flac,GRADUAL_ROLLOFF,"rolloff at ~17883Hz but gentle (0.5dB/kHz) - could be an old master/analog source, not necessarily transcoded",44100,17883,22050,0.5
/home/adam/driveBig/Music/My Playlist/Pennyroyal Tea - Nirvana - In Utero.flac,GRADUAL_ROLLOFF,"rolloff at ~17426Hz but gentle (4.0dB/kHz) - could be an old master/analog source, not necessarily transcoded",44100,17426,22050,4
/home/adam/driveBig/Music/My Playlist/People Are Strange - The Doors - Greatest Hits.flac,GRADUAL_ROLLOFF,"rolloff at ~16371Hz but gentle (4.0dB/kHz) - could be an old master/analog source, not necessarily transcoded",44100,16371,22050,4
/home/adam/driveBig/Music/My Playlist/People Help the People (RAK Studios session) - Birdy - Birdy.flac,GRADUAL_ROLLOFF,"rolloff at ~20338Hz but gentle (8.6dB/kHz) - could be an old master/analog source, not necessarily transcoded",44100,20338,22050,8.6
/home/adam/driveBig/Music/My Playlist/pg. 2 - ivri - the theory of you.flac,GRADUAL_ROLLOFF,"rolloff at ~19800Hz but gentle (3.1dB/kHz) - could be an old master/analog source, not necessarily transcoded",44100,19800,22050,3.1
/home/adam/driveBig/Music/My Playlist/People Help the People - Birdy - Birdy.flac,GRADUAL_ROLLOFF,"rolloff at ~20559Hz but gentle (3.5dB/kHz) - could be an old master/analog source, not necessarily transcoded",44100,20559,22050,3.5
"/home/adam/driveBig/Music/My Playlist/Perhaps, Perhaps, Perhaps - CAKE - Fashion Nugget.flac",GRADUAL_ROLLOFF,"rolloff at ~20839Hz but gentle (8.0dB/kHz) - could be an old master/analog source, not necessarily transcoded",44100,20839,22050,8
/home/adam/driveBig/Music/My Playlist/Perfect Life - Damiano David - FUNNY little FEARS.flac,GRADUAL_ROLLOFF,"rolloff at ~18432Hz but gentle (1.8dB/kHz) - could be an old master/analog source, not necessarily transcoded",44100,18432,22050,1.8
/home/adam/driveBig/Music/My Playlist/pg. 7 - ivri - the theory of you.flac,GRADUAL_ROLLOFF,"rolloff at ~20629Hz but gentle (6.6dB/kHz) - could be an old master/analog source, not necessarily transcoded",44100,20629,22050,6.6
/home/adam/driveBig/Music/My Playlist/Petrichor (interlude) - BoyWithUke - Burnout.flac,GRADUAL_ROLLOFF,"rolloff at ~19251Hz but gentle (2.2dB/kHz) - could be an old master/analog source, not necessarily transcoded",44100,19251,22050,2.2
/home/adam/driveBig/Music/My Playlist/Picture in Your Mind - Bread - Guitar Man.flac,GRADUAL_ROLLOFF,"rolloff at ~18863Hz but gentle (0.5dB/kHz) - could be an old master/analog source, not necessarily transcoded",44100,18863,22050,0.5
/home/adam/driveBig/Music/My Playlist/Picture This - Blondie - The Best of Blondie.flac,GRADUAL_ROLLOFF,"rolloff at ~17765Hz but gentle (3.2dB/kHz) - could be an old master/analog source, not necessarily transcoded",44100,17765,22050,3.2
/home/adam/driveBig/Music/My Playlist/Phase - Beck - Morning Phase.flac,GRADUAL_ROLLOFF,"rolloff at ~15967Hz but gentle (9.0dB/kHz) - could be an old master/analog source, not necessarily transcoded",44100,15967,22050,9
/home/adam/driveBig/Music/My Playlist/Phantom Limb - The Shins - Wincing the Night Away.flac,GRADUAL_ROLLOFF,"rolloff at ~14750Hz but gentle (6.2dB/kHz) - could be an old master/analog source, not necessarily transcoded",44100,14750,22050,6.2
/home/adam/driveBig/Music/My Playlist/Pictures of You - The Cure - Disintegration.flac,GRADUAL_ROLLOFF,"rolloff at ~19951Hz but gentle (4.2dB/kHz) - could be an old master/analog source, not necessarily transcoded",44100,19951,22050,4.2
/home/adam/driveBig/Music/My Playlist/Piece of You - Joji; GIVĒON - Piss in the Wind.flac,GRADUAL_ROLLOFF,"rolloff at ~19493Hz but gentle (3.3dB/kHz) - could be an old master/analog source, not necessarily transcoded",44100,19493,22050,3.3
/home/adam/driveBig/Music/My Playlist/Pills - Joji - In Tongues (Deluxe).flac,GRADUAL_ROLLOFF,"rolloff at ~14610Hz but gentle (2.3dB/kHz) - could be an old master/analog source, not necessarily transcoded",44100,14610,22050,2.3
/home/adam/driveBig/Music/My Playlist/Pieces - Sum 41 - Chuck.flac,GRADUAL_ROLLOFF,"rolloff at ~17329Hz but gentle (3.4dB/kHz) - could be an old master/analog source, not necessarily transcoded",44100,17329,22050,3.4
/home/adam/driveBig/Music/My Playlist/Pills (HWLS remix) - Joji - In Tongues (Deluxe).flac,GRADUAL_ROLLOFF,"rolloff at ~10578Hz but gentle (1.1dB/kHz) - could be an old master/analog source, not necessarily transcoded",44100,10578,22050,1.1
/home/adam/driveBig/Music/My Playlist/Ponyboy - Surf Curse - Buds.flac,GRADUAL_ROLLOFF,"rolloff at ~19692Hz but gentle (4.0dB/kHz) - could be an old master/analog source, not necessarily transcoded",44100,19692,22050,4
/home/adam/driveBig/Music/My Playlist/Pink Maggit - Deftones - White Pony.flac,GRADUAL_ROLLOFF,"rolloff at ~18432Hz but gentle (0.9dB/kHz) - could be an old master/analog source, not necessarily transcoded",44100,18432,22050,0.9
/home/adam/driveBig/Music/My Playlist/Portobello Belle - Dire Straits - Communiqué.flac,GRADUAL_ROLLOFF,"rolloff at ~18707Hz but gentle (3.3dB/kHz) - could be an old master/analog source, not necessarily transcoded",44100,18707,22050,3.3
/home/adam/driveBig/Music/My Playlist/Porpoise Song (Theme From 'Head') - The Monkees - Greatest Hits.flac,GRADUAL_ROLLOFF,"rolloff at ~20941Hz but gentle (11.6dB/kHz) - could be an old master/analog source, not necessarily transcoded",44100,20941,22050,11.6
/home/adam/driveBig/Music/My Playlist/Porch - Pearl Jam - Ten.flac,GRADUAL_ROLLOFF,"rolloff at ~19202Hz but gentle (3.1dB/kHz) - could be an old master/analog source, not necessarily transcoded",44100,19202,22050,3.1
/home/adam/driveBig/Music/My Playlist/Pour Some Sugar On Me (Live) - Def Leppard - Hits Vegas.flac,GRADUAL_ROLLOFF,"rolloff at ~20160Hz but gentle (2.9dB/kHz) - could be an old master/analog source, not necessarily transcoded",44100,20160,22050,2.9
/home/adam/driveBig/Music/My Playlist/Prairies - BoyWithUke; mxmtoon - Serotonin Dreams.flac,GRADUAL_ROLLOFF,"rolloff at ~18142Hz but gentle (1.2dB/kHz) - could be an old master/analog source, not necessarily transcoded",44100,18142,22050,1.2
/home/adam/driveBig/Music/My Playlist/Praise You - Fatboy Slim - You've Come a Long Way Baby.flac,GRADUAL_ROLLOFF,"rolloff at ~17711Hz but gentle (4.5dB/kHz) - could be an old master/analog source, not necessarily transcoded",44100,17711,22050,4.5
"/home/adam/driveBig/Music/My Playlist/Pressed in a Book - The Shins - Oh, Inverted World.flac",GRADUAL_ROLLOFF,"rolloff at ~19181Hz but gentle (1.8dB/kHz) - could be an old master/analog source, not necessarily transcoded",44100,19181,22050,1.8
/home/adam/driveBig/Music/My Playlist/Pretty Fly (For a White Guy) - The Offspring - Americana.flac,GRADUAL_ROLLOFF,"rolloff at ~18572Hz but gentle (1.4dB/kHz) - could be an old master/analog source, not necessarily transcoded",44100,18572,22050,1.4
/home/adam/driveBig/Music/My Playlist/Pretender (acoustic) - AJR - The Click.flac,GRADUAL_ROLLOFF,"rolloff at ~17313Hz but gentle (2.5dB/kHz) - could be an old master/analog source, not necessarily transcoded",44100,17313,22050,2.5
/home/adam/driveBig/Music/My Playlist/Pretty Little Ditty - Red Hot Chili Peppers - Mother's Milk.flac,GRADUAL_ROLLOFF,"rolloff at ~16796Hz but gentle (1.3dB/kHz) - could be an old master/analog source, not necessarily transcoded",44100,16796,22050,1.3
/home/adam/driveBig/Music/My Playlist/Pretty Pink Ribbon - CAKE - Comfort Eagle.flac,GRADUAL_ROLLOFF,"rolloff at ~21140Hz but gentle (11.8dB/kHz) - could be an old master/analog source, not necessarily transcoded",44100,21140,22050,11.8
/home/adam/driveBig/Music/My Playlist/Preview - Balu Brigada - I Should Be Home.flac,GRADUAL_ROLLOFF,"rolloff at ~18987Hz but gentle (3.7dB/kHz) - could be an old master/analog source, not necessarily transcoded",44100,18987,22050,3.7
/home/adam/driveBig/Music/My Playlist/Prince - Deftones - Diamond Eyes.flac,GRADUAL_ROLLOFF,"rolloff at ~18637Hz but gentle (2.6dB/kHz) - could be an old master/analog source, not necessarily transcoded",44100,18637,22050,2.6
/home/adam/driveBig/Music/My Playlist/Priority - Bad Bad Hats - Walkman.flac,GRADUAL_ROLLOFF,"rolloff at ~14815Hz but gentle (1.6dB/kHz) - could be an old master/analog source, not necessarily transcoded",44100,14815,22050,1.6
/home/adam/driveBig/Music/My Playlist/Prisoner of Your Love - Player - The Best of Player.flac,GRADUAL_ROLLOFF,"rolloff at ~20591Hz but gentle (11.5dB/kHz) - could be an old master/analog source, not necessarily transcoded",44100,20591,22050,11.5
/home/adam/driveBig/Music/My Playlist/Private Eyes - Daryl Hall & John Oates - The Very Best of Daryl Hall & John Oates.flac,GRADUAL_ROLLOFF,"rolloff at ~20672Hz but gentle (8.2dB/kHz) - could be an old master/analog source, not necessarily transcoded",44100,20672,22050,8.2
/home/adam/driveBig/Music/My Playlist/Privilege - Incubus - Make Yourself.flac,GRADUAL_ROLLOFF,"rolloff at ~20882Hz but gentle (7.7dB/kHz) - could be an old master/analog source, not necessarily transcoded",44100,20882,22050,7.7
/home/adam/driveBig/Music/My Playlist/Protect Me From What I Want - Placebo - Sleeping With Ghosts.flac,GRADUAL_ROLLOFF,"rolloff at ~18056Hz but gentle (2.7dB/kHz) - could be an old master/analog source, not necessarily transcoded",44100,18056,22050,2.7
/home/adam/driveBig/Music/My Playlist/Proof - Paramore - Paramore.flac,GRADUAL_ROLLOFF,"rolloff at ~19864Hz but gentle (3.4dB/kHz) - could be an old master/analog source, not necessarily transcoded",44100,19864,22050,3.4
/home/adam/driveBig/Music/My Playlist/Proud Mary - Creedence Clearwater Revival - Bayou Country (Expanded Edition).flac,GRADUAL_ROLLOFF,"rolloff at ~20349Hz but gentle (7.2dB/kHz) - could be an old master/analog source, not necessarily transcoded",44100,20349,22050,7.2
/home/adam/driveBig/Music/My Playlist/Prove My Love - Violent Femmes - Violent Femmes.flac,GRADUAL_ROLLOFF,"rolloff at ~20758Hz but gentle (10.4dB/kHz) - could be an old master/analog source, not necessarily transcoded",44100,20758,22050,10.4
/home/adam/driveBig/Music/My Playlist/Psycho - BoyWithUke - Fever Dreams.flac,GRADUAL_ROLLOFF,"rolloff at ~18540Hz but gentle (3.0dB/kHz) - could be an old master/analog source, not necessarily transcoded",44100,18540,22050,3
/home/adam/driveBig/Music/My Playlist/Psychic Reader - Bad Bad Hats.flac,GRADUAL_ROLLOFF,"rolloff at ~21049Hz but gentle (9.2dB/kHz) - could be an old master/analog source, not necessarily transcoded",44100,21049,22050,9.2
/home/adam/driveBig/Music/My Playlist/Pumped Up Kicks - Foster The People - Torches.flac,GRADUAL_ROLLOFF,"rolloff at ~20828Hz but gentle (2.4dB/kHz) - could be an old master/analog source, not necessarily transcoded",44100,20828,22050,2.4
/home/adam/driveBig/Music/My Playlist/Pulling Teeth - Green Day - Dookie.flac,GRADUAL_ROLLOFF,"rolloff at ~18508Hz but gentle (2.0dB/kHz) - could be an old master/analog source, not necessarily transcoded",44100,18508,22050,2
/home/adam/driveBig/Music/My Playlist/Punchin' Bag - Cage The Elephant - Tell Me I'm Pretty.flac,GRADUAL_ROLLOFF,"rolloff at ~20710Hz but gentle (9.7dB/kHz) - could be an old master/analog source, not necessarily transcoded",44100,20710,22050,9.7
/home/adam/driveBig/Music/My Playlist/Punk Rock Classic - Red Hot Chili Peppers - Mother's Milk.flac,GRADUAL_ROLLOFF,"rolloff at ~18599Hz but gentle (2.4dB/kHz) - could be an old master/analog source, not necessarily transcoded",44100,18599,22050,2.4
/home/adam/driveBig/Music/My Playlist/PUNK TACTICS - Joey Valence & Brae.flac,GRADUAL_ROLLOFF,"rolloff at ~15633Hz but gentle (2.5dB/kHz) - could be an old master/analog source, not necessarily transcoded",44100,15633,22050,2.5
/home/adam/driveBig/Music/My Playlist/Purple Haze - The Jimi Hendrix Experience - Are You Experienced.flac,GRADUAL_ROLLOFF,"rolloff at ~15999Hz but gentle (4.0dB/kHz) - could be an old master/analog source, not necessarily transcoded",44100,15999,22050,4
/home/adam/driveBig/Music/My Playlist/Purple Rain - Prince.flac,GRADUAL_ROLLOFF,"rolloff at ~17517Hz but gentle (3.1dB/kHz) - could be an old master/analog source, not necessarily transcoded",44100,17517,22050,3.1
/home/adam/driveBig/Music/My Playlist/Pure and Easy - The Who - Who’s Next.flac,GRADUAL_ROLLOFF,"rolloff at ~20850Hz but gentle (8.2dB/kHz) - could be an old master/analog source, not necessarily transcoded",44100,20850,22050,8.2
/home/adam/driveBig/Music/My Playlist/Pure Morning - Placebo - Without You I'm Nothing.flac,GRADUAL_ROLLOFF,"rolloff at ~17157Hz but gentle (3.6dB/kHz) - could be an old master/analog source, not necessarily transcoded",44100,17157,22050,3.6
"/home/adam/driveBig/Music/My Playlist/Put Me Down - The Cranberries - Everybody Else Is Doing It, So Why Can’t We.flac",GRADUAL_ROLLOFF,"rolloff at ~16629Hz but gentle (2.3dB/kHz) - could be an old master/analog source, not necessarily transcoded",44100,16629,22050,2.3
/home/adam/driveBig/Music/My Playlist/Quarter Past - Bad Bad Hats - Walkman.flac,GRADUAL_ROLLOFF,"rolloff at ~16408Hz but gentle (3.7dB/kHz) - could be an old master/analog source, not necessarily transcoded",44100,16408,22050,3.7
/home/adam/driveBig/Music/My Playlist/Pushing Me Away - Linkin Park - Hybrid Theory.flac,GRADUAL_ROLLOFF,"rolloff at ~20882Hz but gentle (7.8dB/kHz) - could be an old master/analog source, not necessarily transcoded",44100,20882,22050,7.8
/home/adam/driveBig/Music/My Playlist/Questions - Daniel Champagne - Trying To Hold The Setting Sun.flac,GRADUAL_ROLLOFF,"rolloff at ~20300Hz but gentle (9.6dB/kHz) - could be an old master/analog source, not necessarily transcoded",44100,20300,22050,9.6
/home/adam/driveBig/Music/My Playlist/Quick Fade - Feeder - Comfort in Sound.flac,GRADUAL_ROLLOFF,"rolloff at ~18680Hz but gentle (3.0dB/kHz) - could be an old master/analog source, not necessarily transcoded",44100,18680,22050,3
/home/adam/driveBig/Music/My Playlist/Quiet - Smashing Pumpkins - Siamese Dream.flac,GRADUAL_ROLLOFF,"rolloff at ~16317Hz but gentle (1.7dB/kHz) - could be an old master/analog source, not necessarily transcoded",44100,16317,22050,1.7
/home/adam/driveBig/Music/My Playlist/Quixoticelixer - Red Hot Chili Peppers - Californication.flac,GRADUAL_ROLLOFF,"rolloff at ~20537Hz but gentle (3.6dB/kHz) - could be an old master/analog source, not necessarily transcoded",44100,20537,22050,3.6
/home/adam/driveBig/Music/My Playlist/Qué Onda Guero - Beck - Guero.flac,GRADUAL_ROLLOFF,"rolloff at ~16349Hz but gentle (4.0dB/kHz) - could be an old master/analog source, not necessarily transcoded",44100,16349,22050,4
/home/adam/driveBig/Music/My Playlist/Radio Friendly Unit Shifter - Nirvana - In Utero.flac,GRADUAL_ROLLOFF,"rolloff at ~15402Hz but gentle (2.7dB/kHz) - could be an old master/analog source, not necessarily transcoded",44100,15402,22050,2.7
/home/adam/driveBig/Music/My Playlist/Radio Ga Ga - Queen - The Works (Deluxe Edition 2011 Remaster).flac,GRADUAL_ROLLOFF,"rolloff at ~17760Hz but gentle (2.3dB/kHz) - could be an old master/analog source, not necessarily transcoded",44100,17760,22050,2.3
/home/adam/driveBig/Music/My Playlist/Rag Mama Rag - The Band - The Band.flac,GRADUAL_ROLLOFF,"rolloff at ~15778Hz but gentle (2.0dB/kHz) - could be an old master/analog source, not necessarily transcoded",44100,15778,22050,2
/home/adam/driveBig/Music/My Playlist/Rags to Rags - Eels - Beautiful Freak.flac,GRADUAL_ROLLOFF,"rolloff at ~16241Hz but gentle (2.3dB/kHz) - could be an old master/analog source, not necessarily transcoded",44100,16241,22050,2.3
/home/adam/driveBig/Music/My Playlist/Ragoo - Kings of Leon - Because of the Times.flac,GRADUAL_ROLLOFF,"rolloff at ~13631Hz but gentle (1.1dB/kHz) - could be an old master/analog source, not necessarily transcoded",44100,13631,22050,1.1
/home/adam/driveBig/Music/My Playlist/Railroad Man - Eels - Meet the Eels - Essential Eels.flac,GRADUAL_ROLLOFF,"rolloff at ~20823Hz but gentle (9.6dB/kHz) - could be an old master/analog source, not necessarily transcoded",44100,20823,22050,9.6
/home/adam/driveBig/Music/My Playlist/Rah! Rah! Replica - Bikini Kill - The Singles.flac,GRADUAL_ROLLOFF,"rolloff at ~17603Hz but gentle (2.1dB/kHz) - could be an old master/analog source, not necessarily transcoded",44100,17603,22050,2.1
/home/adam/driveBig/Music/My Playlist/Rainbow Ball - Kings of Leon - Can We Please Have Fun.flac,GRADUAL_ROLLOFF,"rolloff at ~18696Hz but gentle (4.4dB/kHz) - could be an old master/analog source, not necessarily transcoded",44100,18696,22050,4.4
/home/adam/driveBig/Music/My Playlist/Raise Your Hands - Bon Jovi - Slippery When Wet.flac,GRADUAL_ROLLOFF,"rolloff at ~18201Hz but gentle (3.1dB/kHz) - could be an old master/analog source, not necessarily transcoded",44100,18201,22050,3.1
/home/adam/driveBig/Music/My Playlist/Rainbow - Cage The Elephant - Neon Pill.flac,GRADUAL_ROLLOFF,"rolloff at ~19956Hz but gentle (3.1dB/kHz) - could be an old master/analog source, not necessarily transcoded",44100,19956,22050,3.1
"/home/adam/driveBig/Music/My Playlist/Range Life - Pavement - Crooked Rain, Crooked Rain.flac",GRADUAL_ROLLOFF,"rolloff at ~20274Hz but gentle (9.7dB/kHz) - could be an old master/analog source, not necessarily transcoded",44100,20274,22050,9.7
/home/adam/driveBig/Music/My Playlist/Rapture - Blondie - The Best of Blondie.flac,GRADUAL_ROLLOFF,"rolloff at ~18879Hz but gentle (2.9dB/kHz) - could be an old master/analog source, not necessarily transcoded",44100,18879,22050,2.9
/home/adam/driveBig/Music/My Playlist/Rape Me - Nirvana - In Utero.flac,GRADUAL_ROLLOFF,"rolloff at ~17146Hz but gentle (2.4dB/kHz) - could be an old master/analog source, not necessarily transcoded",44100,17146,22050,2.4
/home/adam/driveBig/Music/My Playlist/Rat Salad - Black Sabbath - Paranoid (2012 Remaster).flac,GRADUAL_ROLLOFF,"rolloff at ~13684Hz but gentle (1.3dB/kHz) - could be an old master/analog source, not necessarily transcoded",44100,13684,22050,1.3
/home/adam/driveBig/Music/My Playlist/RAWFEAR - Twenty One Pilots - Breach.flac,GRADUAL_ROLLOFF,"rolloff at ~19450Hz but gentle (4.4dB/kHz) - could be an old master/analog source, not necessarily transcoded",44100,19450,22050,4.4
/home/adam/driveBig/Music/My Playlist/Read Your Diary - Måneskin - Rush!.flac,GRADUAL_ROLLOFF,"rolloff at ~14966Hz but gentle (3.7dB/kHz) - could be an old master/analog source, not necessarily transcoded",44100,14966,22050,3.7
/home/adam/driveBig/Music/My Playlist/Rather Die - Barns Courtney - The Attractions of Youth.flac,GRADUAL_ROLLOFF,"rolloff at ~20107Hz but gentle (8.1dB/kHz) - could be an old master/analog source, not necessarily transcoded",44100,20107,22050,8.1
/home/adam/driveBig/Music/My Playlist/Our House - Madness - The Rise & Fall (2010 Deluxe Edition).flac,GRADUAL_ROLLOFF,"rolloff at ~18449Hz but gentle (4.6dB/kHz) - could be an old master/analog source, not necessarily transcoded",44100,18449,22050,4.6
/home/adam/driveBig/Music/My Playlist/Overwhelmed - Royal & the Serpent - get a grip.flac,GRADUAL_ROLLOFF,"rolloff at ~17916Hz but gentle (2.0dB/kHz) - could be an old master/analog source, not necessarily transcoded",44100,17916,22050,2
/home/adam/driveBig/Music/My Playlist/Patient Love - Passenger - All the Little Lights.flac,GRADUAL_ROLLOFF,"rolloff at ~20257Hz but gentle (1.7dB/kHz) - could be an old master/analog source, not necessarily transcoded",44100,20257,22050,1.7
"/home/adam/driveBig/Music/My Playlist/Pretty - The Cranberries - Everybody Else Is Doing It, So Why Can’t We.flac",GRADUAL_ROLLOFF,"rolloff at ~15638Hz but gentle (2.2dB/kHz) - could be an old master/analog source, not necessarily transcoded",44100,15638,22050,2.2
/home/adam/driveBig/Music/My Playlist/Purple Stain - Red Hot Chili Peppers - Californication.flac,GRADUAL_ROLLOFF,"rolloff at ~15951Hz but gentle (1.4dB/kHz) - could be an old master/analog source, not necessarily transcoded",44100,15951,22050,1.4
/home/adam/driveBig/Music/My Playlist/Pitfall - BoyWithUke; Chandol - Burnout.flac,GRADUAL_ROLLOFF,"rolloff at ~19703Hz but gentle (2.5dB/kHz) - could be an old master/analog source, not necessarily transcoded",44100,19703,22050,2.5
/home/adam/driveBig/Music/My Playlist/Pompeii - Bastille - All This Bad Blood.flac,GRADUAL_ROLLOFF,"rolloff at ~19940Hz but gentle (9.6dB/kHz) - could be an old master/analog source, not necessarily transcoded",44100,19940,22050,9.6
/home/adam/driveBig/Music/My Playlist/Promises - The Cranberries - Bury The Hatchet.flac,GRADUAL_ROLLOFF,"rolloff at ~19778Hz but gentle (1.1dB/kHz) - could be an old master/analog source, not necessarily transcoded",44100,19778,22050,1.1
/home/adam/driveBig/Music/My Playlist/Readymade - Ado - Kyougen.flac,GRADUAL_ROLLOFF,"rolloff at ~18685Hz but gentle (1.8dB/kHz) - could be an old master/analog source, not necessarily transcoded",44100,18685,22050,1.8
/home/adam/driveBig/Music/My Playlist/Photograph - Nickelback - All The Right Reasons.flac,GRADUAL_ROLLOFF,"rolloff at ~18438Hz but gentle (3.0dB/kHz) - could be an old master/analog source, not necessarily transcoded",44100,18438,22050,3
/home/adam/driveBig/Music/My Playlist/Readymade - Red Hot Chili Peppers - Stadium Arcadium.flac,GRADUAL_ROLLOFF,"rolloff at ~20473Hz but gentle (5.1dB/kHz) - could be an old master/analog source, not necessarily transcoded",44100,20473,22050,5.1
/home/adam/driveBig/Music/My Playlist/Real Cool Time - The Stooges - The Stooges.flac,GRADUAL_ROLLOFF,"rolloff at ~17716Hz but gentle (2.1dB/kHz) - could be an old master/analog source, not necessarily transcoded",44100,17716,22050,2.1
/home/adam/driveBig/Music/My Playlist/rEaL WOrLD - Tai Verdes - TV.flac,GRADUAL_ROLLOFF,"rolloff at ~20887Hz but gentle (12.0dB/kHz) - could be an old master/analog source, not necessarily transcoded",44100,20887,22050,12
/home/adam/driveBig/Music/My Playlist/Reality in Motion - Tame Impala - Currents.flac,GRADUAL_ROLLOFF,"rolloff at ~20548Hz but gentle (4.6dB/kHz) - could be an old master/analog source, not necessarily transcoded",44100,20548,22050,4.6
/home/adam/driveBig/Music/My Playlist/Realign - Red Vox.flac,GRADUAL_ROLLOFF,"rolloff at ~19385Hz but gentle (2.5dB/kHz) - could be an old master/analog source, not necessarily transcoded",44100,19385,22050,2.5
/home/adam/driveBig/Music/My Playlist/Rearview Love - Daniel Champagne - Fault Lines.flac,GRADUAL_ROLLOFF,"rolloff at ~17280Hz but gentle (0.0dB/kHz) - could be an old master/analog source, not necessarily transcoded",44100,17280,22050,0
/home/adam/driveBig/Music/My Playlist/Rebel Girl - Bikini Kill - The First Two Records.flac,GRADUAL_ROLLOFF,"rolloff at ~20553Hz but gentle (11.5dB/kHz) - could be an old master/analog source, not necessarily transcoded",44100,20553,22050,11.5
/home/adam/driveBig/Music/My Playlist/Reanimator - Joji; Yves Tumor - Nectar.flac,GRADUAL_ROLLOFF,"rolloff at ~19681Hz but gentle (1.5dB/kHz) - could be an old master/analog source, not necessarily transcoded",44100,19681,22050,1.5
/home/adam/driveBig/Music/My Playlist/Rebel Girl - Bikini Kill - Pussy Whipped.flac,GRADUAL_ROLLOFF,"rolloff at ~15902Hz but gentle (2.4dB/kHz) - could be an old master/analog source, not necessarily transcoded",44100,15902,22050,2.4
/home/adam/driveBig/Music/My Playlist/Rebel Girl - Bikini Kill - The Singles.flac,GRADUAL_ROLLOFF,"rolloff at ~20790Hz but gentle (10.1dB/kHz) - could be an old master/analog source, not necessarily transcoded",44100,20790,22050,10.1
/home/adam/driveBig/Music/My Playlist/Rebel rebel - David Bowie - A reality tour.flac,GRADUAL_ROLLOFF,"rolloff at ~15644Hz but gentle (1.9dB/kHz) - could be an old master/analog source, not necessarily transcoded",44100,15644,22050,1.9
/home/adam/driveBig/Music/My Playlist/Record Player - Daisy the Great.flac,GRADUAL_ROLLOFF,"rolloff at ~18578Hz but gentle (9.3dB/kHz) - could be an old master/analog source, not necessarily transcoded",44100,18578,22050,9.3
/home/adam/driveBig/Music/My Playlist/Rebirthing - Skillet - Comatose.flac,GRADUAL_ROLLOFF,"rolloff at ~19186Hz but gentle (1.3dB/kHz) - could be an old master/analog source, not necessarily transcoded",44100,19186,22050,1.3
/home/adam/driveBig/Music/My Playlist/Reeling From the Rafters - Red Vox - Realign.flac,GRADUAL_ROLLOFF,"rolloff at ~19127Hz but gentle (4.3dB/kHz) - could be an old master/analog source, not necessarily transcoded",44100,19127,22050,4.3
/home/adam/driveBig/Music/My Playlist/Reflection - Tool - Lateralus.flac,GRADUAL_ROLLOFF,"rolloff at ~20844Hz but gentle (10.8dB/kHz) - could be an old master/analog source, not necessarily transcoded",44100,20844,22050,10.8
/home/adam/driveBig/Music/My Playlist/Remember - Free - Fire And Water.flac,GRADUAL_ROLLOFF,"rolloff at ~13119Hz but gentle (4.9dB/kHz) - could be an old master/analog source, not necessarily transcoded",44100,13119,22050,4.9
/home/adam/driveBig/Music/My Playlist/Release - Pearl Jam - Ten.flac,GRADUAL_ROLLOFF,"rolloff at ~17205Hz but gentle (1.9dB/kHz) - could be an old master/analog source, not necessarily transcoded",44100,17205,22050,1.9
/home/adam/driveBig/Music/My Playlist/Remember This - NF - Perception.flac,GRADUAL_ROLLOFF,"rolloff at ~20387Hz but gentle (7.1dB/kHz) - could be an old master/analog source, not necessarily transcoded",44100,20387,22050,7.1
/home/adam/driveBig/Music/My Playlist/Remember When - Wallows - Nothing Happens.flac,GRADUAL_ROLLOFF,"rolloff at ~20015Hz but gentle (3.6dB/kHz) - could be an old master/analog source, not necessarily transcoded",44100,20015,22050,3.6
/home/adam/driveBig/Music/My Playlist/Reminder - Mumford & Sons - Babel.flac,GRADUAL_ROLLOFF,"rolloff at ~15407Hz but gentle (1.9dB/kHz) - could be an old master/analog source, not necessarily transcoded",44100,15407,22050,1.9
/home/adam/driveBig/Music/My Playlist/Reno - Red Vox - Another Light.flac,GRADUAL_ROLLOFF,"rolloff at ~12193Hz but gentle (0.0dB/kHz) - could be an old master/analog source, not necessarily transcoded",44100,12193,22050,0
/home/adam/driveBig/Music/My Playlist/Reptiles - Them Crooked Vultures - Them Crooked Vultures.flac,GRADUAL_ROLLOFF,"rolloff at ~15547Hz but gentle (3.7dB/kHz) - could be an old master/analog source, not necessarily transcoded",44100,15547,22050,3.7
/home/adam/driveBig/Music/My Playlist/Requiem - Marcin - Dragon in Harmony.flac,GRADUAL_ROLLOFF,"rolloff at ~18233Hz but gentle (2.2dB/kHz) - could be an old master/analog source, not necessarily transcoded",44100,18233,22050,2.2
/home/adam/driveBig/Music/My Playlist/Return the Call - Red Vox - Realign.flac,GRADUAL_ROLLOFF,"rolloff at ~19138Hz but gentle (3.6dB/kHz) - could be an old master/analog source, not necessarily transcoded",44100,19138,22050,3.6
/home/adam/driveBig/Music/My Playlist/Rental Car - Beck - Guero.flac,GRADUAL_ROLLOFF,"rolloff at ~16893Hz but gentle (2.8dB/kHz) - could be an old master/analog source, not necessarily transcoded",44100,16893,22050,2.8
/home/adam/driveBig/Music/My Playlist/Reptilia - The Strokes - Room on Fire.flac,GRADUAL_ROLLOFF,"rolloff at ~20936Hz but gentle (9.3dB/kHz) - could be an old master/analog source, not necessarily transcoded",44100,20936,22050,9.3
/home/adam/driveBig/Music/My Playlist/Resonance - HOME - Odyssey.flac,GRADUAL_ROLLOFF,"rolloff at ~11924Hz but gentle (1.6dB/kHz) - could be an old master/analog source, not necessarily transcoded",44100,11924,22050,1.6
/home/adam/driveBig/Music/My Playlist/Returns - NF - The Search.flac,GRADUAL_ROLLOFF,"rolloff at ~8215Hz but gentle (1.7dB/kHz) - could be an old master/analog source, not necessarily transcoded",44100,8215,22050,1.7
/home/adam/driveBig/Music/My Playlist/resume - bbno$ - eat ya veggies.flac,GRADUAL_ROLLOFF,"rolloff at ~18309Hz but gentle (5.0dB/kHz) - could be an old master/analog source, not necessarily transcoded",44100,18309,22050,5
/home/adam/driveBig/Music/My Playlist/Reunion - Collective Soul - Collective Soul.flac,GRADUAL_ROLLOFF,"rolloff at ~18572Hz but gentle (0.5dB/kHz) - could be an old master/analog source, not necessarily transcoded",44100,18572,22050,0.5
/home/adam/driveBig/Music/My Playlist/Revenge - The Kinks - Kinks.flac,GRADUAL_ROLLOFF,"rolloff at ~18842Hz but gentle (2.7dB/kHz) - could be an old master/analog source, not necessarily transcoded",44100,18842,22050,2.7
/home/adam/driveBig/Music/My Playlist/Reuse the Cels - Car Seat Headrest - Starving While Living.flac,GRADUAL_ROLLOFF,"rolloff at ~13211Hz but gentle (3.0dB/kHz) - could be an old master/analog source, not necessarily transcoded",44100,13211,22050,3
/home/adam/driveBig/Music/My Playlist/Rice Balls - Pink Guy - Pink Season.flac,GRADUAL_ROLLOFF,"rolloff at ~19654Hz but gentle (11.1dB/kHz) - could be an old master/analog source, not necessarily transcoded",44100,19654,22050,11.1
/home/adam/driveBig/Music/My Playlist/Ridiculous Thoughts - The Cranberries - No Need to Argue.flac,GRADUAL_ROLLOFF,"rolloff at ~13937Hz but gentle (1.8dB/kHz) - could be an old master/analog source, not necessarily transcoded",44100,13937,22050,1.8
/home/adam/driveBig/Music/My Playlist/Rickets - Deftones - Around the Fur.flac,GRADUAL_ROLLOFF,"rolloff at ~20753Hz but gentle (10.8dB/kHz) - could be an old master/analog source, not necessarily transcoded",44100,20753,22050,10.8
/home/adam/driveBig/Music/My Playlist/Riders on the Storm - The Doors - Greatest Hits.flac,GRADUAL_ROLLOFF,"rolloff at ~16424Hz but gentle (4.7dB/kHz) - could be an old master/analog source, not necessarily transcoded",44100,16424,22050,4.7
/home/adam/driveBig/Music/My Playlist/Riot Girl - Good Charlotte - The Young and the Hopeless.flac,GRADUAL_ROLLOFF,"rolloff at ~6455Hz but gentle (2.3dB/kHz) - could be an old master/analog source, not necessarily transcoded",44100,6455,22050,2.3
/home/adam/driveBig/Music/My Playlist/Righteous - Mo Beats - Sounds Of Social Decay.flac,GRADUAL_ROLLOFF,"rolloff at ~15525Hz but gentle (1.5dB/kHz) - could be an old master/analog source, not necessarily transcoded",44100,15525,22050,1.5
/home/adam/driveBig/Music/My Playlist/Rip Her to Shreds - Blondie - The Best of Blondie.flac,GRADUAL_ROLLOFF,"rolloff at ~17167Hz but gentle (4.4dB/kHz) - could be an old master/analog source, not necessarily transcoded",44100,17167,22050,4.4
/home/adam/driveBig/Music/My Playlist/Rip Off - MOMMA - Household Name.flac,GRADUAL_ROLLOFF,"rolloff at ~20720Hz but gentle (8.3dB/kHz) - could be an old master/analog source, not necessarily transcoded",44100,20720,22050,8.3
"/home/adam/driveBig/Music/My Playlist/Rise and Fall - The Offspring - Rise and Fall, Rage and Grace.flac",GRADUAL_ROLLOFF,"rolloff at ~20139Hz but gentle (2.4dB/kHz) - could be an old master/analog source, not necessarily transcoded",44100,20139,22050,2.4
/home/adam/driveBig/Music/My Playlist/Rivers and Roads - The Head and the Heart - The Head and the Heart.flac,GRADUAL_ROLLOFF,"rolloff at ~19940Hz but gentle (3.5dB/kHz) - could be an old master/analog source, not necessarily transcoded",44100,19940,22050,3.5
/home/adam/driveBig/Music/My Playlist/Roadrunner (Previously Unreleased Version) - Joan Jett and the Blackhearts - Fit to Be Tied - Great Hits by Joan Jett and the Blackhearts.flac,GRADUAL_ROLLOFF,"rolloff at ~20230Hz but gentle (4.6dB/kHz) - could be an old master/analog source, not necessarily transcoded",44100,20230,22050,4.6
/home/adam/driveBig/Music/My Playlist/Roadhouse Blues - The Doors - Greatest Hits.flac,GRADUAL_ROLLOFF,"rolloff at ~16118Hz but gentle (2.4dB/kHz) - could be an old master/analog source, not necessarily transcoded",44100,16118,22050,2.4
/home/adam/driveBig/Music/My Playlist/Robot Voices - Twenty One Pilots - Breach.flac,GRADUAL_ROLLOFF,"rolloff at ~18093Hz but gentle (4.2dB/kHz) - could be an old master/analog source, not necessarily transcoded",44100,18093,22050,4.2
/home/adam/driveBig/Music/My Playlist/Robots - Flight of the Conchords - Flight of the Conchords.flac,GRADUAL_ROLLOFF,"rolloff at ~20866Hz but gentle (8.2dB/kHz) - could be an old master/analog source, not necessarily transcoded",44100,20866,22050,8.2
/home/adam/driveBig/Music/My Playlist/Robot Rock - Daft Punk - Human After All.flac,GRADUAL_ROLLOFF,"rolloff at ~19881Hz but gentle (4.2dB/kHz) - could be an old master/analog source, not necessarily transcoded",44100,19881,22050,4.2
/home/adam/driveBig/Music/My Playlist/Rock And Roll - Led Zeppelin - Led Zeppelin IV.flac,GRADUAL_ROLLOFF,"rolloff at ~15154Hz but gentle (2.3dB/kHz) - could be an old master/analog source, not necessarily transcoded",44100,15154,22050,2.3
/home/adam/driveBig/Music/My Playlist/Rockstar - MOMMA - Household Name.flac,GRADUAL_ROLLOFF,"rolloff at ~20311Hz but gentle (7.5dB/kHz) - could be an old master/analog source, not necessarily transcoded",44100,20311,22050,7.5
/home/adam/driveBig/Music/My Playlist/Rock 'n' Roll Lifestyle - CAKE - Motorcade of Generosity.flac,GRADUAL_ROLLOFF,"rolloff at ~18798Hz but gentle (1.4dB/kHz) - could be an old master/analog source, not necessarily transcoded",44100,18798,22050,1.4
/home/adam/driveBig/Music/My Playlist/Role Models - AJR - The Click (Deluxe Edition).flac,GRADUAL_ROLLOFF,"rolloff at ~14336Hz but gentle (2.7dB/kHz) - could be an old master/analog source, not necessarily transcoded",44100,14336,22050,2.7
/home/adam/driveBig/Music/My Playlist/Rockstar - Nickelback - All The Right Reasons.flac,GRADUAL_ROLLOFF,"rolloff at ~20376Hz but gentle (5.8dB/kHz) - could be an old master/analog source, not necessarily transcoded",44100,20376,22050,5.8
/home/adam/driveBig/Music/My Playlist/Roll Away Your Stone - Mumford & Sons - Sigh No More.flac,GRADUAL_ROLLOFF,"rolloff at ~18901Hz but gentle (3.9dB/kHz) - could be an old master/analog source, not necessarily transcoded",44100,18901,22050,3.9
/home/adam/driveBig/Music/My Playlist/Roll With It - Oasis - (What's The Story) Morning Glory.flac,GRADUAL_ROLLOFF,"rolloff at ~16398Hz but gentle (1.8dB/kHz) - could be an old master/analog source, not necessarily transcoded",44100,16398,22050,1.8
/home/adam/driveBig/Music/My Playlist/Rollin’ (Air Raid Vehicle) - Limp Bizkit - Chocolate Starfish and the Hot Dog Flavored Water.flac,GRADUAL_ROLLOFF,"rolloff at ~16963Hz but gentle (1.3dB/kHz) - could be an old master/analog source, not necessarily transcoded",44100,16963,22050,1.3
/home/adam/driveBig/Music/My Playlist/Romanticist - Yves Tumor - Heaven to a Tortured Mind.flac,GRADUAL_ROLLOFF,"rolloff at ~18309Hz but gentle (1.6dB/kHz) - could be an old master/analog source, not necessarily transcoded",44100,18309,22050,1.6
/home/adam/driveBig/Music/My Playlist/Rollin’ (Urban Assault Vehicle) - Limp Bizkit - Chocolate Starfish and the Hot Dog Flavored Water.flac,GRADUAL_ROLLOFF,"rolloff at ~17598Hz but gentle (8.5dB/kHz) - could be an old master/analog source, not necessarily transcoded",44100,17598,22050,8.5
/home/adam/driveBig/Music/My Playlist/Romeo And Juliet - Dire Straits - Making Movies.flac,GRADUAL_ROLLOFF,"rolloff at ~15186Hz but gentle (1.8dB/kHz) - could be an old master/analog source, not necessarily transcoded",44100,15186,22050,1.8
/home/adam/driveBig/Music/My Playlist/Rollover D.J. - Jet - Get Born.flac,GRADUAL_ROLLOFF,"rolloff at ~21097Hz but gentle (12.0dB/kHz) - could be an old master/analog source, not necessarily transcoded",44100,21097,22050,12
"/home/adam/driveBig/Music/My Playlist/RUIN MY LIFE - Quadeca - Vanisher, Horizon Scraper.flac",GRADUAL_ROLLOFF,"rolloff at ~17178Hz but gentle (2.0dB/kHz) - could be an old master/analog source, not necessarily transcoded",44100,17178,22050,2
/home/adam/driveBig/Music/My Playlist/Royal - Deftones - Diamond Eyes.flac,GRADUAL_ROLLOFF,"rolloff at ~19907Hz but gentle (3.8dB/kHz) - could be an old master/analog source, not necessarily transcoded",44100,19907,22050,3.8
/home/adam/driveBig/Music/My Playlist/Ruby Sees All - CAKE - Motorcade of Generosity.flac,GRADUAL_ROLLOFF,"rolloff at ~17426Hz but gentle (2.9dB/kHz) - could be an old master/analog source, not necessarily transcoded",44100,17426,22050,2.9
/home/adam/driveBig/Music/My Playlist/Rose Colored - Joji; Yeat - Piss in the Wind.flac,GRADUAL_ROLLOFF,"rolloff at ~20440Hz but gentle (10.9dB/kHz) - could be an old master/analog source, not necessarily transcoded",44100,20440,22050,10.9
/home/adam/driveBig/Music/My Playlist/Rub Your Eyes - Red Vox - Another Light.flac,GRADUAL_ROLLOFF,"rolloff at ~15951Hz but gentle (4.6dB/kHz) - could be an old master/analog source, not necessarily transcoded",44100,15951,22050,4.6
/home/adam/driveBig/Music/My Playlist/Romanticise This - James Marriott - Are We There Yet.flac,GRADUAL_ROLLOFF,"rolloff at ~18567Hz but gentle (3.3dB/kHz) - could be an old master/analog source, not necessarily transcoded",44100,18567,22050,3.3
/home/adam/driveBig/Music/My Playlist/Rude - Magic! - Don't Kill the Magic.flac,GRADUAL_ROLLOFF,"rolloff at ~20117Hz but gentle (8.5dB/kHz) - could be an old master/analog source, not necessarily transcoded",44100,20117,22050,8.5
/home/adam/driveBig/Music/My Playlist/Run Through the Jungle - Creedence Clearwater Revival - Platinum.flac,GRADUAL_ROLLOFF,"rolloff at ~20850Hz but gentle (8.2dB/kHz) - could be an old master/analog source, not necessarily transcoded",44100,20850,22050,8.2
/home/adam/driveBig/Music/My Playlist/Run - Joji - Nectar.flac,GRADUAL_ROLLOFF,"rolloff at ~20230Hz but gentle (5.2dB/kHz) - could be an old master/analog source, not necessarily transcoded",44100,20230,22050,5.2
/home/adam/driveBig/Music/My Playlist/Run way - Stumpy T.flac,GRADUAL_ROLLOFF,"rolloff at ~14153Hz but gentle (5.6dB/kHz) - could be an old master/analog source, not necessarily transcoded",44100,14153,22050,5.6
/home/adam/driveBig/Music/My Playlist/RuLe - Ado - Ado's Best Adobum.flac,GRADUAL_ROLLOFF,"rolloff at ~18336Hz but gentle (2.8dB/kHz) - could be an old master/analog source, not necessarily transcoded",44100,18336,22050,2.8
/home/adam/driveBig/Music/My Playlist/Run to the Hills - Iron Maiden - The Number of the Beast  (2015 Remaster).flac,GRADUAL_ROLLOFF,"rolloff at ~16801Hz but gentle (3.2dB/kHz) - could be an old master/analog source, not necessarily transcoded",44100,16801,22050,3.2
/home/adam/driveBig/Music/My Playlist/Run To Paradise - Choirboys.flac,GRADUAL_ROLLOFF,"rolloff at ~15746Hz but gentle (1.1dB/kHz) - could be an old master/analog source, not necessarily transcoded",44100,15746,22050,1.1
/home/adam/driveBig/Music/My Playlist/Runaway - Linkin Park - Hybrid Theory.flac,GRADUAL_ROLLOFF,"rolloff at ~20855Hz but gentle (7.2dB/kHz) - could be an old master/analog source, not necessarily transcoded",44100,20855,22050,7.2
/home/adam/driveBig/Music/My Playlist/Runaway - Red Hot Chili Peppers - By the Way (Deluxe Edition).flac,GRADUAL_ROLLOFF,"rolloff at ~16118Hz but gentle (5.0dB/kHz) - could be an old master/analog source, not necessarily transcoded",44100,16118,22050,5
/home/adam/driveBig/Music/My Playlist/Runaway Train - Daniel Champagne - Trying To Hold The Setting Sun.flac,GRADUAL_ROLLOFF,"rolloff at ~20527Hz but gentle (6.2dB/kHz) - could be an old master/analog source, not necessarily transcoded",44100,20527,22050,6.2
/home/adam/driveBig/Music/My Playlist/Rushmere - Mumford & Sons.flac,GRADUAL_ROLLOFF,"rolloff at ~14939Hz but gentle (4.2dB/kHz) - could be an old master/analog source, not necessarily transcoded",44100,14939,22050,4.2
/home/adam/driveBig/Music/My Playlist/Róróró - Of Monsters and Men - Fever Dream.flac,GRADUAL_ROLLOFF,"rolloff at ~8506Hz but gentle (0.9dB/kHz) - could be an old master/analog source, not necessarily transcoded",44100,8506,22050,0.9
/home/adam/driveBig/Music/My Playlist/Rx Queen - Deftones - White Pony.flac,GRADUAL_ROLLOFF,"rolloff at ~20618Hz but gentle (6.4dB/kHz) - could be an old master/analog source, not necessarily transcoded",44100,20618,22050,6.4
/home/adam/driveBig/Music/My Playlist/Sad Professor - R.E.M. - Up (25th Anniversary Edition).flac,GRADUAL_ROLLOFF,"rolloff at ~20769Hz but gentle (8.5dB/kHz) - could be an old master/analog source, not necessarily transcoded",44100,20769,22050,8.5
/home/adam/driveBig/Music/My Playlist/Same - Cage The Elephant - Neon Pill.flac,GRADUAL_ROLLOFF,"rolloff at ~20074Hz but gentle (1.1dB/kHz) - could be an old master/analog source, not necessarily transcoded",44100,20074,22050,1.1
/home/adam/driveBig/Music/My Playlist/Sailor Song (Moitessier) - The Lumineers - Cleopatra.flac,GRADUAL_ROLLOFF,"rolloff at ~17022Hz but gentle (1.9dB/kHz) - could be an old master/analog source, not necessarily transcoded",44100,17022,22050,1.9
/home/adam/driveBig/Music/My Playlist/San Francisco - The Mowgli's - Waiting for the Dawn.flac,GRADUAL_ROLLOFF,"rolloff at ~20004Hz but gentle (4.7dB/kHz) - could be an old master/analog source, not necessarily transcoded",44100,20004,22050,4.7
/home/adam/driveBig/Music/My Playlist/Sand - Goodshirt - Fiji Baby.flac,GRADUAL_ROLLOFF,"rolloff at ~15305Hz but gentle (2.6dB/kHz) - could be an old master/analog source, not necessarily transcoded",44100,15305,22050,2.6
/home/adam/driveBig/Music/My Playlist/Sandstorm - Darude.flac,GRADUAL_ROLLOFF,"rolloff at ~12150Hz but gentle (2.9dB/kHz) - could be an old master/analog source, not necessarily transcoded",44100,12150,22050,2.9
/home/adam/driveBig/Music/My Playlist/Sarah Yellin' - 3 Doors Down - Away From the Sun.flac,GRADUAL_ROLLOFF,"rolloff at ~21016Hz but gentle (11.0dB/kHz) - could be an old master/analog source, not necessarily transcoded",44100,21016,22050,11
/home/adam/driveBig/Music/My Playlist/Saturn Nights - America - Homecoming.flac,GRADUAL_ROLLOFF,"rolloff at ~16624Hz but gentle (3.0dB/kHz) - could be an old master/analog source, not necessarily transcoded",44100,16624,22050,3
/home/adam/driveBig/Music/My Playlist/Saturday Morning - Eels - Meet the Eels - Essential Eels.flac,GRADUAL_ROLLOFF,"rolloff at ~16354Hz but gentle (1.5dB/kHz) - could be an old master/analog source, not necessarily transcoded",44100,16354,22050,1.5
/home/adam/driveBig/Music/My Playlist/Sanctuary - Joji - Nectar.flac,GRADUAL_ROLLOFF,"rolloff at ~20796Hz but gentle (8.9dB/kHz) - could be an old master/analog source, not necessarily transcoded",44100,20796,22050,8.9
/home/adam/driveBig/Music/My Playlist/Save a Prayer - Duran Duran - Greatest.flac,GRADUAL_ROLLOFF,"rolloff at ~18626Hz but gentle (2.3dB/kHz) - could be an old master/analog source, not necessarily transcoded",44100,18626,22050,2.3
/home/adam/driveBig/Music/My Playlist/Save Me - Queen - The Game (Deluxe Edition 2011 Remaster).flac,GRADUAL_ROLLOFF,"rolloff at ~15111Hz but gentle (4.0dB/kHz) - could be an old master/analog source, not necessarily transcoded",44100,15111,22050,4
/home/adam/driveBig/Music/My Playlist/Save Our Souls - Tom Morello; Dennis Lyxzén; Refused - The Atlas Underground Fire.flac,GRADUAL_ROLLOFF,"rolloff at ~19321Hz but gentle (1.5dB/kHz) - could be an old master/analog source, not necessarily transcoded",44100,19321,22050,1.5
/home/adam/driveBig/Music/My Playlist/Savin' Me - Nickelback - All The Right Reasons.flac,GRADUAL_ROLLOFF,"rolloff at ~16882Hz but gentle (2.0dB/kHz) - could be an old master/analog source, not necessarily transcoded",44100,16882,22050,2
/home/adam/driveBig/Music/My Playlist/Saving Grace - The Cranberries - Bury The Hatchet.flac,GRADUAL_ROLLOFF,"rolloff at ~20688Hz but gentle (11.0dB/kHz) - could be an old master/analog source, not necessarily transcoded",44100,20688,22050,11
/home/adam/driveBig/Music/My Playlist/Savior - Red Hot Chili Peppers - Californication.flac,GRADUAL_ROLLOFF,"rolloff at ~19197Hz but gentle (1.4dB/kHz) - could be an old master/analog source, not necessarily transcoded",44100,19197,22050,1.4
/home/adam/driveBig/Music/My Playlist/Save Yourself - KALEO - A-B.flac,GRADUAL_ROLLOFF,"rolloff at ~17824Hz but gentle (3.3dB/kHz) - could be an old master/analog source, not necessarily transcoded",44100,17824,22050,3.3
/home/adam/driveBig/Music/My Playlist/Saviors - Green Day.flac,GRADUAL_ROLLOFF,"rolloff at ~18847Hz but gentle (3.3dB/kHz) - could be an old master/analog source, not necessarily transcoded",44100,18847,22050,3.3
/home/adam/driveBig/Music/My Playlist/Say Goodbye - Beck - Morning Phase.flac,GRADUAL_ROLLOFF,"rolloff at ~17991Hz but gentle (1.5dB/kHz) - could be an old master/analog source, not necessarily transcoded",44100,17991,22050,1.5
/home/adam/driveBig/Music/My Playlist/Say Goodbye - Skillet - Comatose.flac,GRADUAL_ROLLOFF,"rolloff at ~17969Hz but gentle (1.9dB/kHz) - could be an old master/analog source, not necessarily transcoded",44100,17969,22050,1.9
/home/adam/driveBig/Music/My Playlist/Say Nothing - Bad Bad Hats - Psychic Reader.flac,GRADUAL_ROLLOFF,"rolloff at ~20806Hz but gentle (5.4dB/kHz) - could be an old master/analog source, not necessarily transcoded",44100,20806,22050,5.4
/home/adam/driveBig/Music/My Playlist/Scared of the Dark - BoyWithUke - Serotonin Dreams.flac,GRADUAL_ROLLOFF,"rolloff at ~21103Hz but gentle (10.1dB/kHz) - could be an old master/analog source, not necessarily transcoded",44100,21103,22050,10.1
/home/adam/driveBig/Music/My Playlist/Scared Of Girls - Placebo - Without You I'm Nothing.flac,GRADUAL_ROLLOFF,"rolloff at ~15197Hz but gentle (4.9dB/kHz) - could be an old master/analog source, not necessarily transcoded",44100,15197,22050,4.9
/home/adam/driveBig/Music/My Playlist/Scentless Apprentice - Nirvana - In Utero.flac,GRADUAL_ROLLOFF,"rolloff at ~17194Hz but gentle (2.0dB/kHz) - could be an old master/analog source, not necessarily transcoded",44100,17194,22050,2
/home/adam/driveBig/Music/My Playlist/Scrawny - Wallows - Nothing Happens.flac,GRADUAL_ROLLOFF,"rolloff at ~18303Hz but gentle (3.3dB/kHz) - could be an old master/analog source, not necessarily transcoded",44100,18303,22050,3.3
/home/adam/driveBig/Music/My Playlist/Scumbag Blues - Them Crooked Vultures - Them Crooked Vultures.flac,GRADUAL_ROLLOFF,"rolloff at ~14530Hz but gentle (-0.0dB/kHz) - could be an old master/analog source, not necessarily transcoded",44100,14530,22050,0
/home/adam/driveBig/Music/My Playlist/Sea Legs - The Shins - Wincing the Night Away.flac,GRADUAL_ROLLOFF,"rolloff at ~17625Hz but gentle (1.7dB/kHz) - could be an old master/analog source, not necessarily transcoded",44100,17625,22050,1.7
/home/adam/driveBig/Music/My Playlist/See Me - Rich Brian - Amen.flac,GRADUAL_ROLLOFF,"rolloff at ~20602Hz but gentle (2.7dB/kHz) - could be an old master/analog source, not necessarily transcoded",44100,20602,22050,2.7
/home/adam/driveBig/Music/My Playlist/Second Sight - Placebo - Sleeping With Ghosts.flac,GRADUAL_ROLLOFF,"rolloff at ~18702Hz but gentle (0.6dB/kHz) - could be an old master/analog source, not necessarily transcoded",44100,18702,22050,0.6
/home/adam/driveBig/Music/My Playlist/Seen - Kings of Leon - Can We Please Have Fun.flac,GRADUAL_ROLLOFF,"rolloff at ~14944Hz but gentle (1.7dB/kHz) - could be an old master/analog source, not necessarily transcoded",44100,14944,22050,1.7
/home/adam/driveBig/Music/My Playlist/See You - Blink-182 - One More Time... Part-2.flac,GRADUAL_ROLLOFF,"rolloff at ~19251Hz but gentle (1.3dB/kHz) - could be an old master/analog source, not necessarily transcoded",44100,19251,22050,1.3
/home/adam/driveBig/Music/My Playlist/Send Me on My Way - Rusted Root - When I Woke.flac,GRADUAL_ROLLOFF,"rolloff at ~20672Hz but gentle (10.4dB/kHz) - could be an old master/analog source, not necessarily transcoded",44100,20672,22050,10.4
/home/adam/driveBig/Music/My Playlist/Seeing Stars - BØRNS - Candy.flac,GRADUAL_ROLLOFF,"rolloff at ~19310Hz but gentle (4.4dB/kHz) - could be an old master/analog source, not necessarily transcoded",44100,19310,22050,4.4
/home/adam/driveBig/Music/My Playlist/Separate And Ever Deadly - The Last Shadow Puppets - The Age Of The Understatement.flac,GRADUAL_ROLLOFF,"rolloff at ~19918Hz but gentle (1.1dB/kHz) - could be an old master/analog source, not necessarily transcoded",44100,19918,22050,1.1
/home/adam/driveBig/Music/My Playlist/Serve the Servants - Nirvana - In Utero.flac,GRADUAL_ROLLOFF,"rolloff at ~17259Hz but gentle (3.0dB/kHz) - could be an old master/analog source, not necessarily transcoded",44100,17259,22050,3
"/home/adam/driveBig/Music/My Playlist/September - Earth, Wind & Fire - The Best Of Earth, Wind & Fire Vol. 1.flac",GRADUAL_ROLLOFF,"rolloff at ~14971Hz but gentle (1.5dB/kHz) - could be an old master/analog source, not necessarily transcoded",44100,14971,22050,1.5
/home/adam/driveBig/Music/My Playlist/Serious - Duran Duran - Greatest.flac,GRADUAL_ROLLOFF,"rolloff at ~15289Hz but gentle (1.3dB/kHz) - could be an old master/analog source, not necessarily transcoded",44100,15289,22050,1.3
/home/adam/driveBig/Music/My Playlist/Serial Killer - Tigercub - Abstract Figures in the Dark.flac,GRADUAL_ROLLOFF,"rolloff at ~17372Hz but gentle (1.9dB/kHz) - could be an old master/analog source, not necessarily transcoded",44100,17372,22050,1.9
/home/adam/driveBig/Music/My Playlist/Setting Me Up - Dire Straits - Dire Straits.flac,GRADUAL_ROLLOFF,"rolloff at ~18093Hz but gentle (3.2dB/kHz) - could be an old master/analog source, not necessarily transcoded",44100,18093,22050,3.2
/home/adam/driveBig/Music/My Playlist/Session - Linkin Park - Meteora.flac,GRADUAL_ROLLOFF,"rolloff at ~15665Hz but gentle (1.4dB/kHz) - could be an old master/analog source, not necessarily transcoded",44100,15665,22050,1.4
/home/adam/driveBig/Music/My Playlist/Set It Off - Audioslave - Audioslave.flac,GRADUAL_ROLLOFF,"rolloff at ~20893Hz but gentle (10.1dB/kHz) - could be an old master/analog source, not necessarily transcoded",44100,20893,22050,10.1
/home/adam/driveBig/Music/My Playlist/Settle for Less - Red Vox - Another Light.flac,GRADUAL_ROLLOFF,"rolloff at ~17367Hz but gentle (2.6dB/kHz) - could be an old master/analog source, not necessarily transcoded",44100,17367,22050,2.6
/home/adam/driveBig/Music/My Playlist/Seven Nation Army - The White Stripes - Elephant.flac,GRADUAL_ROLLOFF,"rolloff at ~16274Hz but gentle (3.5dB/kHz) - could be an old master/analog source, not necessarily transcoded",44100,16274,22050,3.5
/home/adam/driveBig/Music/My Playlist/Settle for Nothing - Rage Against the Machine - Rage Against the Machine.flac,GRADUAL_ROLLOFF,"rolloff at ~16139Hz but gentle (2.4dB/kHz) - could be an old master/analog source, not necessarily transcoded",44100,16139,22050,2.4
/home/adam/driveBig/Music/My Playlist/Seven Seas Of Rhye - Queen - Queen II (Deluxe Edition 2011 Remaster).flac,GRADUAL_ROLLOFF,"rolloff at ~16564Hz but gentle (2.6dB/kHz) - could be an old master/analog source, not necessarily transcoded",44100,16564,22050,2.6
/home/adam/driveBig/Music/My Playlist/Sex on the Radio - Kongos - Lunatic.flac,GRADUAL_ROLLOFF,"rolloff at ~18917Hz but gentle (3.7dB/kHz) - could be an old master/analog source, not necessarily transcoded",44100,18917,22050,3.7
/home/adam/driveBig/Music/My Playlist/Sexy Mexican Maid - Red Hot Chili Peppers - Mother's Milk.flac,GRADUAL_ROLLOFF,"rolloff at ~16742Hz but gentle (2.4dB/kHz) - could be an old master/analog source, not necessarily transcoded",44100,16742,22050,2.4
/home/adam/driveBig/Music/My Playlist/Shadow Stabbing - CAKE - Comfort Eagle.flac,GRADUAL_ROLLOFF,"rolloff at ~16564Hz but gentle (2.8dB/kHz) - could be an old master/analog source, not necessarily transcoded",44100,16564,22050,2.8
/home/adam/driveBig/Music/My Playlist/Sextape - Deftones - Diamond Eyes.flac,GRADUAL_ROLLOFF,"rolloff at ~15628Hz but gentle (1.8dB/kHz) - could be an old master/analog source, not necessarily transcoded",44100,15628,22050,1.8
/home/adam/driveBig/Music/My Playlist/Shadow On The Sun - Audioslave - Audioslave.flac,GRADUAL_ROLLOFF,"rolloff at ~20263Hz but gentle (4.7dB/kHz) - could be an old master/analog source, not necessarily transcoded",44100,20263,22050,4.7
/home/adam/driveBig/Music/My Playlist/Shame - Bad Bad Hats - Psychic Reader.flac,GRADUAL_ROLLOFF,"rolloff at ~20855Hz but gentle (6.3dB/kHz) - could be an old master/analog source, not necessarily transcoded",44100,20855,22050,6.3
/home/adam/driveBig/Music/My Playlist/Shattered - The Cranberries - Bury The Hatchet.flac,GRADUAL_ROLLOFF,"rolloff at ~20672Hz but gentle (8.7dB/kHz) - could be an old master/analog source, not necessarily transcoded",44100,20672,22050,8.7
/home/adam/driveBig/Music/My Playlist/Shame Shame - Foo Fighters - Medicine at Midnight.flac,GRADUAL_ROLLOFF,"rolloff at ~19089Hz but gentle (3.3dB/kHz) - could be an old master/analog source, not necessarily transcoded",44100,19089,22050,3.3
/home/adam/driveBig/Music/My Playlist/She - Green Day - Greatest Hits - God's Favorite Band.flac,GRADUAL_ROLLOFF,"rolloff at ~20263Hz but gentle (3.4dB/kHz) - could be an old master/analog source, not necessarily transcoded",44100,20263,22050,3.4
/home/adam/driveBig/Music/My Playlist/She - Green Day - Dookie.flac,GRADUAL_ROLLOFF,"rolloff at ~19681Hz but gentle (3.2dB/kHz) - could be an old master/analog source, not necessarily transcoded",44100,19681,22050,3.2
/home/adam/driveBig/Music/My Playlist/She - Roy Orbison - The Very Best Of.flac,GRADUAL_ROLLOFF,"rolloff at ~16231Hz but gentle (2.3dB/kHz) - could be an old master/analog source, not necessarily transcoded",44100,16231,22050,2.3
/home/adam/driveBig/Music/My Playlist/She Has Funny Cars - Jefferson Airplane - Surrealistic Pillow.flac,GRADUAL_ROLLOFF,"rolloff at ~14330Hz but gentle (4.9dB/kHz) - could be an old master/analog source, not necessarily transcoded",44100,14330,22050,4.9
/home/adam/driveBig/Music/My Playlist/She Gathers Rain - Collective Soul - Collective Soul.flac,GRADUAL_ROLLOFF,"rolloff at ~20559Hz but gentle (5.0dB/kHz) - could be an old master/analog source, not necessarily transcoded",44100,20559,22050,5
/home/adam/driveBig/Music/My Playlist/She Looks to Me - Red Hot Chili Peppers - Stadium Arcadium.flac,GRADUAL_ROLLOFF,"rolloff at ~18072Hz but gentle (2.1dB/kHz) - could be an old master/analog source, not necessarily transcoded",44100,18072,22050,2.1
/home/adam/driveBig/Music/My Playlist/She Makes Me Feel Like - The Struts - Everybody Wants.flac,GRADUAL_ROLLOFF,"rolloff at ~20903Hz but gentle (9.6dB/kHz) - could be an old master/analog source, not necessarily transcoded",44100,20903,22050,9.6
/home/adam/driveBig/Music/My Playlist/She Missed the Beat - Red Vox - What Could Go Wrong.flac,GRADUAL_ROLLOFF,"rolloff at ~19477Hz but gentle (3.3dB/kHz) - could be an old master/analog source, not necessarily transcoded",44100,19477,22050,3.3
/home/adam/driveBig/Music/My Playlist/She Is - The Fray - How to Save a Life.flac,GRADUAL_ROLLOFF,"rolloff at ~20500Hz but gentle (6.0dB/kHz) - could be an old master/analog source, not necessarily transcoded",44100,20500,22050,6
/home/adam/driveBig/Music/My Playlist/She Likes Surprises - Soundgarden - Superunknown (Deluxe Edition).flac,GRADUAL_ROLLOFF,"rolloff at ~15961Hz but gentle (1.7dB/kHz) - could be an old master/analog source, not necessarily transcoded",44100,15961,22050,1.7
/home/adam/driveBig/Music/My Playlist/She Said No - BoyWithUke - Serotonin Dreams.flac,GRADUAL_ROLLOFF,"rolloff at ~16005Hz but gentle (0.9dB/kHz) - could be an old master/analog source, not necessarily transcoded",44100,16005,22050,0.9
/home/adam/driveBig/Music/My Playlist/She'll Come Back to Me - CAKE - Fashion Nugget.flac,GRADUAL_ROLLOFF,"rolloff at ~20801Hz but gentle (11.4dB/kHz) - could be an old master/analog source, not necessarily transcoded",44100,20801,22050,11.4
/home/adam/driveBig/Music/My Playlist/She's Electric - Oasis - (What's The Story) Morning Glory.flac,GRADUAL_ROLLOFF,"rolloff at ~15563Hz but gentle (2.9dB/kHz) - could be an old master/analog source, not necessarily transcoded",44100,15563,22050,2.9
/home/adam/driveBig/Music/My Playlist/She's So High - Blur - The Best Of.flac,GRADUAL_ROLLOFF,"rolloff at ~19767Hz but gentle (5.9dB/kHz) - could be an old master/analog source, not necessarily transcoded",44100,19767,22050,5.9
/home/adam/driveBig/Music/My Playlist/Red Rabbits - The Shins - Wincing the Night Away.flac,GRADUAL_ROLLOFF,"rolloff at ~16984Hz but gentle (2.5dB/kHz) - could be an old master/analog source, not necessarily transcoded",44100,16984,22050,2.5
/home/adam/driveBig/Music/My Playlist/Revelry - Kings of Leon - Only by the Night.flac,GRADUAL_ROLLOFF,"rolloff at ~20327Hz but gentle (4.4dB/kHz) - could be an old master/analog source, not necessarily transcoded",44100,20327,22050,4.4
/home/adam/driveBig/Music/My Playlist/Risk - Deftones - Diamond Eyes.flac,GRADUAL_ROLLOFF,"rolloff at ~19568Hz but gentle (2.7dB/kHz) - could be an old master/analog source, not necessarily transcoded",44100,19568,22050,2.7
/home/adam/driveBig/Music/My Playlist/Running - NF - Hope.flac,GRADUAL_ROLLOFF,"rolloff at ~19671Hz but gentle (1.1dB/kHz) - could be an old master/analog source, not necessarily transcoded",44100,19671,22050,1.1
/home/adam/driveBig/Music/My Playlist/Scarecrow - Beck - Guero.flac,GRADUAL_ROLLOFF,"rolloff at ~17463Hz but gentle (2.4dB/kHz) - could be an old master/analog source, not necessarily transcoded",44100,17463,22050,2.4
/home/adam/driveBig/Music/My Playlist/Selfless - The Strokes - The New Abnormal.flac,GRADUAL_ROLLOFF,"rolloff at ~16532Hz but gentle (0.8dB/kHz) - could be an old master/analog source, not necessarily transcoded",44100,16532,22050,0.8
/home/adam/driveBig/Music/My Playlist/sheluvme - Tai Verdes - HDTV.flac,GRADUAL_ROLLOFF,"rolloff at ~20403Hz but gentle (7.9dB/kHz) - could be an old master/analog source, not necessarily transcoded",44100,20403,22050,7.9
/home/adam/driveBig/Music/My Playlist/Sassafras Roots - Green Day - Dookie.flac,GRADUAL_ROLLOFF,"rolloff at ~20144Hz but gentle (4.4dB/kHz) - could be an old master/analog source, not necessarily transcoded",44100,20144,22050,4.4
/home/adam/driveBig/Music/My Playlist/Sex on Fire - Kings of Leon - Only by the Night.flac,GRADUAL_ROLLOFF,"rolloff at ~20327Hz but gentle (8.3dB/kHz) - could be an old master/analog source, not necessarily transcoded",44100,20327,22050,8.3
/home/adam/driveBig/Music/My Playlist/She’s Only 18 - Red Hot Chili Peppers - Stadium Arcadium.flac,GRADUAL_ROLLOFF,"rolloff at ~20338Hz but gentle (4.0dB/kHz) - could be an old master/analog source, not necessarily transcoded",44100,20338,22050,4
/home/adam/driveBig/Music/My Playlist/She’s Got Issues - The Offspring - Americana.flac,GRADUAL_ROLLOFF,"rolloff at ~19676Hz but gentle (4.2dB/kHz) - could be an old master/analog source, not necessarily transcoded",44100,19676,22050,4.2
/home/adam/driveBig/Music/My Playlist/Shiny Happy People - R.E.M. - Out of Time (25th Anniversary Edition).flac,GRADUAL_ROLLOFF,"rolloff at ~17776Hz but gentle (0.2dB/kHz) - could be an old master/analog source, not necessarily transcoded",44100,17776,22050,0.2
/home/adam/driveBig/Music/My Playlist/Shit Blvd - Måneskin - Il Ballo Della Vita.flac,GRADUAL_ROLLOFF,"rolloff at ~15698Hz but gentle (1.4dB/kHz) - could be an old master/analog source, not necessarily transcoded",44100,15698,22050,1.4
/home/adam/driveBig/Music/My Playlist/Shoka - Ado.flac,GRADUAL_ROLLOFF,"rolloff at ~17620Hz but gentle (2.9dB/kHz) - could be an old master/analog source, not necessarily transcoded",44100,17620,22050,2.9
/home/adam/driveBig/Music/My Playlist/Shiver - Coldplay - Parachutes.flac,GRADUAL_ROLLOFF,"rolloff at ~20322Hz but gentle (3.4dB/kHz) - could be an old master/analog source, not necessarily transcoded",44100,20322,22050,3.4
/home/adam/driveBig/Music/My Playlist/Should I Stay or Should I Go - The Clash - Combat Rock (Remastered).flac,GRADUAL_ROLLOFF,"rolloff at ~20833Hz but gentle (1.6dB/kHz) - could be an old master/analog source, not necessarily transcoded",44100,20833,22050,1.6
/home/adam/driveBig/Music/My Playlist/Short Circuit - Daft Punk - Discovery.flac,GRADUAL_ROLLOFF,"rolloff at ~20435Hz but gentle (5.9dB/kHz) - could be an old master/analog source, not necessarily transcoded",44100,20435,22050,5.9
/home/adam/driveBig/Music/My Playlist/Should've When You Could've - Skillet - Awake.flac,GRADUAL_ROLLOFF,"rolloff at ~16914Hz but gentle (1.5dB/kHz) - could be an old master/analog source, not necessarily transcoded",44100,16914,22050,1.5
/home/adam/driveBig/Music/My Playlist/Shout - Joan Jett - Bad Reputation.flac,GRADUAL_ROLLOFF,"rolloff at ~20198Hz but gentle (8.5dB/kHz) - could be an old master/analog source, not necessarily transcoded",44100,20198,22050,8.5
/home/adam/driveBig/Music/My Playlist/Shovels & Dirt - The Strumbellas - Hope.flac,GRADUAL_ROLLOFF,"rolloff at ~20634Hz but gentle (10.6dB/kHz) - could be an old master/analog source, not necessarily transcoded",44100,20634,22050,10.6
/home/adam/driveBig/Music/My Playlist/Shout It Out Loud - Kiss - The Very Best of KISS.flac,GRADUAL_ROLLOFF,"rolloff at ~16990Hz but gentle (3.8dB/kHz) - could be an old master/analog source, not necessarily transcoded",44100,16990,22050,3.8
/home/adam/driveBig/Music/My Playlist/Shut up. - Tai Verdes - HDTV.flac,GRADUAL_ROLLOFF,"rolloff at ~20715Hz but gentle (3.5dB/kHz) - could be an old master/analog source, not necessarily transcoded",44100,20715,22050,3.5
/home/adam/driveBig/Music/My Playlist/Sidelines - Wallows - Nothing Happens.flac,GRADUAL_ROLLOFF,"rolloff at ~20521Hz but gentle (5.7dB/kHz) - could be an old master/analog source, not necessarily transcoded",44100,20521,22050,5.7
/home/adam/driveBig/Music/My Playlist/Sick of Myself - Damiano David - FUNNY little FEARS.flac,GRADUAL_ROLLOFF,"rolloff at ~20284Hz but gentle (4.7dB/kHz) - could be an old master/analog source, not necessarily transcoded",44100,20284,22050,4.7
/home/adam/driveBig/Music/My Playlist/Sick Love - Red Hot Chili Peppers - The Getaway.flac,GRADUAL_ROLLOFF,"rolloff at ~20618Hz but gentle (7.9dB/kHz) - could be an old master/analog source, not necessarily transcoded",44100,20618,22050,7.9
/home/adam/driveBig/Music/My Playlist/Sick of U - BoyWithUke; Oliver Tree.flac,GRADUAL_ROLLOFF,"rolloff at ~19191Hz but gentle (3.1dB/kHz) - could be an old master/analog source, not necessarily transcoded",44100,19191,22050,3.1
/home/adam/driveBig/Music/My Playlist/Signs - Creed - Weathered.flac,GRADUAL_ROLLOFF,"rolloff at ~18282Hz but gentle (2.9dB/kHz) - could be an old master/analog source, not necessarily transcoded",44100,18282,22050,2.9
/home/adam/driveBig/Music/My Playlist/Sigh No More - Mumford & Sons.flac,GRADUAL_ROLLOFF,"rolloff at ~18901Hz but gentle (4.1dB/kHz) - could be an old master/analog source, not necessarily transcoded",44100,18901,22050,4.1
/home/adam/driveBig/Music/My Playlist/Silhouette Man - Joji - Piss in the Wind.flac,GRADUAL_ROLLOFF,"rolloff at ~19531Hz but gentle (5.3dB/kHz) - could be an old master/analog source, not necessarily transcoded",44100,19531,22050,5.3
"/home/adam/driveBig/Music/My Playlist/Silence Kit - Pavement - Crooked Rain, Crooked Rain.flac",GRADUAL_ROLLOFF,"rolloff at ~19951Hz but gentle (7.0dB/kHz) - could be an old master/analog source, not necessarily transcoded",44100,19951,22050,7
/home/adam/driveBig/Music/My Playlist/Silk - Giselle - Silk (Favored Nations Remix).flac,GRADUAL_ROLLOFF,"rolloff at ~18556Hz but gentle (11.3dB/kHz) - could be an old master/analog source, not necessarily transcoded",44100,18556,22050,11.3
/home/adam/driveBig/Music/My Playlist/Silent Picture - Cage The Elephant - Neon Pill.flac,GRADUAL_ROLLOFF,"rolloff at ~16866Hz but gentle (3.1dB/kHz) - could be an old master/analog source, not necessarily transcoded",44100,16866,22050,3.1
/home/adam/driveBig/Music/My Playlist/Silverfuck - Smashing Pumpkins - Siamese Dream.flac,GRADUAL_ROLLOFF,"rolloff at ~12699Hz but gentle (1.8dB/kHz) - could be an old master/analog source, not necessarily transcoded",44100,12699,22050,1.8
/home/adam/driveBig/Music/My Playlist/Silverlines - prod. Labrinth - Damiano David - FUNNY little FEARS.flac,GRADUAL_ROLLOFF,"rolloff at ~19918Hz but gentle (4.5dB/kHz) - could be an old master/analog source, not necessarily transcoded",44100,19918,22050,4.5
/home/adam/driveBig/Music/My Playlist/Simple - Collective Soul - Collective Soul.flac,GRADUAL_ROLLOFF,"rolloff at ~20876Hz but gentle (6.9dB/kHz) - could be an old master/analog source, not necessarily transcoded",44100,20876,22050,6.9
/home/adam/driveBig/Music/My Playlist/Since I Dont Have You - Guns N' Roses - Greatest Hits.flac,GRADUAL_ROLLOFF,"rolloff at ~20930Hz but gentle (9.6dB/kHz) - could be an old master/analog source, not necessarily transcoded",44100,20930,22050,9.6
/home/adam/driveBig/Music/My Playlist/Since You Been Gone - Rainbow - Down to Earth.flac,GRADUAL_ROLLOFF,"rolloff at ~18944Hz but gentle (2.7dB/kHz) - could be an old master/analog source, not necessarily transcoded",44100,18944,22050,2.7
/home/adam/driveBig/Music/My Playlist/Six Blade Knife - Dire Straits - Dire Straits.flac,GRADUAL_ROLLOFF,"rolloff at ~14976Hz but gentle (2.3dB/kHz) - could be an old master/analog source, not necessarily transcoded",44100,14976,22050,2.3
/home/adam/driveBig/Music/My Playlist/Sinners - Barns Courtney.flac,GRADUAL_ROLLOFF,"rolloff at ~19859Hz but gentle (4.9dB/kHz) - could be an old master/analog source, not necessarily transcoded",44100,19859,22050,4.9
/home/adam/driveBig/Music/My Playlist/Six Shooter - Queens Of The Stone Age - Songs For The Deaf.flac,GRADUAL_ROLLOFF,"rolloff at ~15913Hz but gentle (2.6dB/kHz) - could be an old master/analog source, not necessarily transcoded",44100,15913,22050,2.6
/home/adam/driveBig/Music/My Playlist/Skateaway - Dire Straits - Making Movies.flac,GRADUAL_ROLLOFF,"rolloff at ~14944Hz but gentle (2.2dB/kHz) - could be an old master/analog source, not necessarily transcoded",44100,14944,22050,2.2
/home/adam/driveBig/Music/My Playlist/Six Weeks - Of Monsters and Men - My Head is an Animal.flac,GRADUAL_ROLLOFF,"rolloff at ~21022Hz but gentle (9.0dB/kHz) - could be an old master/analog source, not necessarily transcoded",44100,21022,22050,9
/home/adam/driveBig/Music/My Playlist/Skin and Bones - Cage The Elephant - Social Cues.flac,GRADUAL_ROLLOFF,"rolloff at ~16274Hz but gentle (2.2dB/kHz) - could be an old master/analog source, not necessarily transcoded",44100,16274,22050,2.2
/home/adam/driveBig/Music/My Playlist/Skinny Love - Birdy - Birdy.flac,GRADUAL_ROLLOFF,"rolloff at ~19681Hz but gentle (7.9dB/kHz) - could be an old master/analog source, not necessarily transcoded",44100,19681,22050,7.9
/home/adam/driveBig/Music/My Playlist/Skype Call - Balu Brigada - Almost Feel Good Mixtape.flac,GRADUAL_ROLLOFF,"rolloff at ~18718Hz but gentle (3.7dB/kHz) - could be an old master/analog source, not necessarily transcoded",44100,18718,22050,3.7
/home/adam/driveBig/Music/My Playlist/Sleep - My Chemical Romance - The Black Parade.flac,GRADUAL_ROLLOFF,"rolloff at ~15622Hz but gentle (1.3dB/kHz) - could be an old master/analog source, not necessarily transcoded",44100,15622,22050,1.3
/home/adam/driveBig/Music/My Playlist/Sleep Now In the Fire - Rage Against the Machine - The Battle Of Los Angeles.flac,GRADUAL_ROLLOFF,"rolloff at ~20930Hz but gentle (8.8dB/kHz) - could be an old master/analog source, not necessarily transcoded",44100,20930,22050,8.8
/home/adam/driveBig/Music/My Playlist/Sleeping Lessons - The Shins - Wincing the Night Away.flac,GRADUAL_ROLLOFF,"rolloff at ~13022Hz but gentle (1.8dB/kHz) - could be an old master/analog source, not necessarily transcoded",44100,13022,22050,1.8
/home/adam/driveBig/Music/My Playlist/Sleep on the Floor - The Lumineers - Cleopatra.flac,GRADUAL_ROLLOFF,"rolloff at ~10917Hz but gentle (2.5dB/kHz) - could be an old master/analog source, not necessarily transcoded",44100,10917,22050,2.5
/home/adam/driveBig/Music/My Playlist/Sleeping With Ghosts - Placebo.flac,GRADUAL_ROLLOFF,"rolloff at ~18653Hz but gentle (0.9dB/kHz) - could be an old master/analog source, not necessarily transcoded",44100,18653,22050,0.9
/home/adam/driveBig/Music/My Playlist/Sleepwalker - Of Monsters and Men - Fever Dream.flac,GRADUAL_ROLLOFF,"rolloff at ~11757Hz but gentle (1.4dB/kHz) - could be an old master/analog source, not necessarily transcoded",44100,11757,22050,1.4
/home/adam/driveBig/Music/My Playlist/slip & let go - ivri - the theory of you.flac,GRADUAL_ROLLOFF,"rolloff at ~19628Hz but gentle (1.1dB/kHz) - could be an old master/analog source, not necessarily transcoded",44100,19628,22050,1.1
/home/adam/driveBig/Music/My Playlist/Slippy - Goodshirt - Good.flac,GRADUAL_ROLLOFF,"rolloff at ~18411Hz but gentle (1.7dB/kHz) - could be an old master/analog source, not necessarily transcoded",44100,18411,22050,1.7
/home/adam/driveBig/Music/My Playlist/Slipping Away - Sum 41 - Chuck.flac,GRADUAL_ROLLOFF,"rolloff at ~17350Hz but gentle (2.1dB/kHz) - could be an old master/analog source, not necessarily transcoded",44100,17350,22050,2.1
/home/adam/driveBig/Music/My Playlist/Slow and Steady - Of Monsters and Men - My Head is an Animal.flac,GRADUAL_ROLLOFF,"rolloff at ~18745Hz but gentle (1.8dB/kHz) - could be an old master/analog source, not necessarily transcoded",44100,18745,22050,1.8
/home/adam/driveBig/Music/My Playlist/Slow Cheetah - Red Hot Chili Peppers - Stadium Arcadium.flac,GRADUAL_ROLLOFF,"rolloff at ~20537Hz but gentle (4.5dB/kHz) - could be an old master/analog source, not necessarily transcoded",44100,20537,22050,4.5
/home/adam/driveBig/Music/My Playlist/Slow Dive - Balu Brigada - Almost Feel Good Mixtape.flac,GRADUAL_ROLLOFF,"rolloff at ~17760Hz but gentle (2.7dB/kHz) - could be an old master/analog source, not necessarily transcoded",44100,17760,22050,2.7
/home/adam/driveBig/Music/My Playlist/Slow Down Turbo - Rich Brian - The Sailor.flac,GRADUAL_ROLLOFF,"rolloff at ~20850Hz but gentle (9.4dB/kHz) - could be an old master/analog source, not necessarily transcoded",44100,20850,22050,9.4
/home/adam/driveBig/Music/My Playlist/Slow It Down - The Lumineers - The Lumineers.flac,GRADUAL_ROLLOFF,"rolloff at ~20182Hz but gentle (10.3dB/kHz) - could be an old master/analog source, not necessarily transcoded",44100,20182,22050,10.3
/home/adam/driveBig/Music/My Playlist/Slow It Down (live) - The Lumineers - The Lumineers.flac,GRADUAL_ROLLOFF,"rolloff at ~16161Hz but gentle (2.9dB/kHz) - could be an old master/analog source, not necessarily transcoded",44100,16161,22050,2.9
/home/adam/driveBig/Music/My Playlist/Slow Life - Of Monsters and Men - Beneath The Skin (Deluxe).flac,GRADUAL_ROLLOFF,"rolloff at ~14788Hz but gentle (2.5dB/kHz) - could be an old master/analog source, not necessarily transcoded",44100,14788,22050,2.5
/home/adam/driveBig/Music/My Playlist/Small World - Huey Lewis and the News; Stan Getz - Greatest Hits.flac,GRADUAL_ROLLOFF,"rolloff at ~20645Hz but gentle (8.5dB/kHz) - could be an old master/analog source, not necessarily transcoded",44100,20645,22050,8.5
/home/adam/driveBig/Music/My Playlist/Slush Puppy - King Krule - The Ooz.flac,GRADUAL_ROLLOFF,"rolloff at ~20478Hz but gentle (4.4dB/kHz) - could be an old master/analog source, not necessarily transcoded",44100,20478,22050,4.4
/home/adam/driveBig/Music/My Playlist/Smashing Young Man - Collective Soul - Collective Soul.flac,GRADUAL_ROLLOFF,"rolloff at ~21022Hz but gentle (11.4dB/kHz) - could be an old master/analog source, not necessarily transcoded",44100,21022,22050,11.4
/home/adam/driveBig/Music/My Playlist/Smells Like Teen Spirit - Nirvana - Nevermind.flac,GRADUAL_ROLLOFF,"rolloff at ~18341Hz but gentle (3.2dB/kHz) - could be an old master/analog source, not necessarily transcoded",44100,18341,22050,3.2
/home/adam/driveBig/Music/My Playlist/Smells Like Nirvana - 'Weird Al' Yankovic - Off the Deep End.flac,GRADUAL_ROLLOFF,"rolloff at ~18982Hz but gentle (2.3dB/kHz) - could be an old master/analog source, not necessarily transcoded",44100,18982,22050,2.3
/home/adam/driveBig/Music/My Playlist/Smile Like You Mean It - The Killers - Hot Fuss.flac,GRADUAL_ROLLOFF,"rolloff at ~20214Hz but gentle (3.7dB/kHz) - could be an old master/analog source, not necessarily transcoded",44100,20214,22050,3.7
/home/adam/driveBig/Music/My Playlist/Smooth Operator - Marcin - Dragon in Harmony.flac,GRADUAL_ROLLOFF,"rolloff at ~20284Hz but gentle (5.3dB/kHz) - could be an old master/analog source, not necessarily transcoded",44100,20284,22050,5.3
/home/adam/driveBig/Music/My Playlist/Snow (Hey Oh) - Red Hot Chili Peppers - Stadium Arcadium.flac,GRADUAL_ROLLOFF,"rolloff at ~19611Hz but gentle (2.4dB/kHz) - could be an old master/analog source, not necessarily transcoded",44100,19611,22050,2.4
/home/adam/driveBig/Music/My Playlist/So Long - James Marriott - Are We There Yet.flac,GRADUAL_ROLLOFF,"rolloff at ~19859Hz but gentle (4.6dB/kHz) - could be an old master/analog source, not necessarily transcoded",44100,19859,22050,4.6
/home/adam/driveBig/Music/My Playlist/So I Need You - 3 Doors Down - The Better Life.flac,GRADUAL_ROLLOFF,"rolloff at ~20726Hz but gentle (10.9dB/kHz) - could be an old master/analog source, not necessarily transcoded",44100,20726,22050,10.9
/home/adam/driveBig/Music/My Playlist/So Much I - Red Hot Chili Peppers - Stadium Arcadium.flac,GRADUAL_ROLLOFF,"rolloff at ~18567Hz but gentle (3.0dB/kHz) - could be an old master/analog source, not necessarily transcoded",44100,18567,22050,3
/home/adam/driveBig/Music/My Playlist/Sober to Death - Car Seat Headrest - Twin Fantasy.flac,GRADUAL_ROLLOFF,"rolloff at ~20898Hz but gentle (9.2dB/kHz) - could be an old master/analog source, not necessarily transcoded",44100,20898,22050,9.2
/home/adam/driveBig/Music/My Playlist/So Mystifying - The Kinks - Kinks.flac,GRADUAL_ROLLOFF,"rolloff at ~17695Hz but gentle (2.3dB/kHz) - could be an old master/analog source, not necessarily transcoded",44100,17695,22050,2.3
/home/adam/driveBig/Music/My Playlist/So Young - Portugal. The Man - Woodstock.flac,GRADUAL_ROLLOFF,"rolloff at ~20666Hz but gentle (7.4dB/kHz) - could be an old master/analog source, not necessarily transcoded",44100,20666,22050,7.4
/home/adam/driveBig/Music/My Playlist/Sober to Death - Car Seat Headrest - Twin Fantasy (Mirror To Mirror).flac,GRADUAL_ROLLOFF,"rolloff at ~15402Hz but gentle (3.7dB/kHz) - could be an old master/analog source, not necessarily transcoded",44100,15402,22050,3.7
/home/adam/driveBig/Music/My Playlist/Social Cues - Cage The Elephant.flac,GRADUAL_ROLLOFF,"rolloff at ~14196Hz but gentle (2.9dB/kHz) - could be an old master/analog source, not necessarily transcoded",44100,14196,22050,2.9
/home/adam/driveBig/Music/My Playlist/Sober Up - AJR; Rivers Cuomo - The Click (Deluxe Edition).flac,GRADUAL_ROLLOFF,"rolloff at ~15418Hz but gentle (2.1dB/kHz) - could be an old master/analog source, not necessarily transcoded",44100,15418,22050,2.1
/home/adam/driveBig/Music/My Playlist/Soil To The Sun - Cage The Elephant - Cage The Elephant.flac,GRADUAL_ROLLOFF,"rolloff at ~20575Hz but gentle (5.4dB/kHz) - could be an old master/analog source, not necessarily transcoded",44100,20575,22050,5.4
/home/adam/driveBig/Music/My Playlist/Solid Rock - Dire Straits - Making Movies.flac,GRADUAL_ROLLOFF,"rolloff at ~14702Hz but gentle (1.5dB/kHz) - could be an old master/analog source, not necessarily transcoded",44100,14702,22050,1.5
/home/adam/driveBig/Music/My Playlist/Sojourn - Joji - Piss in the Wind.flac,GRADUAL_ROLLOFF,"rolloff at ~20150Hz but gentle (6.8dB/kHz) - could be an old master/analog source, not necessarily transcoded",44100,20150,22050,6.8
/home/adam/driveBig/Music/My Playlist/Soldier’s Poem - Muse - Black Holes and Revelations.flac,GRADUAL_ROLLOFF,"rolloff at ~20613Hz but gentle (6.6dB/kHz) - could be an old master/analog source, not necessarily transcoded",44100,20613,22050,6.6
/home/adam/driveBig/Music/My Playlist/Solamente - Tai Verdes - TV.flac,GRADUAL_ROLLOFF,"rolloff at ~17953Hz but gentle (3.1dB/kHz) - could be an old master/analog source, not necessarily transcoded",44100,17953,22050,3.1
/home/adam/driveBig/Music/My Playlist/Solitude (No One Understands Me) - Damiano David - FUNNY little FEARS.flac,GRADUAL_ROLLOFF,"rolloff at ~18282Hz but gentle (3.1dB/kHz) - could be an old master/analog source, not necessarily transcoded",44100,18282,22050,3.1
/home/adam/driveBig/Music/My Playlist/Soma - Smashing Pumpkins - Siamese Dream.flac,GRADUAL_ROLLOFF,"rolloff at ~20559Hz but gentle (1.8dB/kHz) - could be an old master/analog source, not necessarily transcoded",44100,20559,22050,1.8
"/home/adam/driveBig/Music/My Playlist/Something in the Way - Endless, Nameless - Nirvana - Nevermind.flac",GRADUAL_ROLLOFF,"rolloff at ~6218Hz but gentle (2.7dB/kHz) - could be an old master/analog source, not necessarily transcoded",44100,6218,22050,2.7
/home/adam/driveBig/Music/My Playlist/Someday - The Strokes - Is This It.flac,GRADUAL_ROLLOFF,"rolloff at ~19558Hz but gentle (3.0dB/kHz) - could be an old master/analog source, not necessarily transcoded",44100,19558,22050,3
/home/adam/driveBig/Music/My Playlist/Something Just Like This - The Chainsmokers; Coldplay.flac,GRADUAL_ROLLOFF,"rolloff at ~17103Hz but gentle (3.0dB/kHz) - could be an old master/analog source, not necessarily transcoded",44100,17103,22050,3
/home/adam/driveBig/Music/My Playlist/Soma - The Strokes - Is This It.flac,GRADUAL_ROLLOFF,"rolloff at ~20064Hz but gentle (4.4dB/kHz) - could be an old master/analog source, not necessarily transcoded",44100,20064,22050,4.4
/home/adam/driveBig/Music/My Playlist/Something About Us - Daft Punk - Discovery.flac,GRADUAL_ROLLOFF,"rolloff at ~18406Hz but gentle (2.1dB/kHz) - could be an old master/analog source, not necessarily transcoded",44100,18406,22050,2.1
/home/adam/driveBig/Music/My Playlist/Something Rotten - Placebo - Sleeping With Ghosts.flac,GRADUAL_ROLLOFF,"rolloff at ~18158Hz but gentle (2.2dB/kHz) - could be an old master/analog source, not necessarily transcoded",44100,18158,22050,2.2
/home/adam/driveBig/Music/My Playlist/Someone That You're With - Nickelback - All The Right Reasons.flac,GRADUAL_ROLLOFF,"rolloff at ~16828Hz but gentle (3.8dB/kHz) - could be an old master/analog source, not necessarily transcoded",44100,16828,22050,3.8
/home/adam/driveBig/Music/My Playlist/Something To Cry About - Tai Verdes - TV.flac,GRADUAL_ROLLOFF,"rolloff at ~19897Hz but gentle (8.7dB/kHz) - could be an old master/analog source, not necessarily transcoded",44100,19897,22050,8.7
/home/adam/driveBig/Music/My Playlist/Souvlaki Space Station - Slowdive - Souvlaki.flac,GRADUAL_ROLLOFF,"rolloff at ~20462Hz but gentle (10.2dB/kHz) - could be an old master/analog source, not necessarily transcoded",44100,20462,22050,10.2
/home/adam/driveBig/Music/My Playlist/Spaceboy - Smashing Pumpkins - Siamese Dream.flac,GRADUAL_ROLLOFF,"rolloff at ~16231Hz but gentle (1.2dB/kHz) - could be an old master/analog source, not necessarily transcoded",44100,16231,22050,1.2
/home/adam/driveBig/Music/My Playlist/Space Oddity - David Bowie - David Bowie (2015 Remaster).flac,GRADUAL_ROLLOFF,"rolloff at ~14917Hz but gentle (2.1dB/kHz) - could be an old master/analog source, not necessarily transcoded",44100,14917,22050,2.1
/home/adam/driveBig/Music/My Playlist/Special Needs - Placebo - Sleeping With Ghosts.flac,GRADUAL_ROLLOFF,"rolloff at ~15633Hz but gentle (-1.5dB/kHz) - could be an old master/analog source, not necessarily transcoded",44100,15633,22050,-1.5
/home/adam/driveBig/Music/My Playlist/Sparks - Coldplay - Parachutes.flac,GRADUAL_ROLLOFF,"rolloff at ~20365Hz but gentle (4.1dB/kHz) - could be an old master/analog source, not necessarily transcoded",44100,20365,22050,4.1
/home/adam/driveBig/Music/My Playlist/Speed Heart - Bikini Kill - Pussy Whipped.flac,GRADUAL_ROLLOFF,"rolloff at ~16317Hz but gentle (1.9dB/kHz) - could be an old master/analog source, not necessarily transcoded",44100,16317,22050,1.9
/home/adam/driveBig/Music/My Playlist/Spider - MOMMA - Household Name.flac,GRADUAL_ROLLOFF,"rolloff at ~20510Hz but gentle (6.8dB/kHz) - could be an old master/analog source, not necessarily transcoded",44100,20510,22050,6.8
/home/adam/driveBig/Music/My Playlist/Speeding 72 - MOMMA - Household Name.flac,GRADUAL_ROLLOFF,"rolloff at ~20327Hz but gentle (7.3dB/kHz) - could be an old master/analog source, not necessarily transcoded",44100,20327,22050,7.3
/home/adam/driveBig/Music/My Playlist/Spiderman - Em Beihold - Egg in the Backseat.flac,GRADUAL_ROLLOFF,"rolloff at ~20850Hz but gentle (9.2dB/kHz) - could be an old master/analog source, not necessarily transcoded",44100,20850,22050,9.2
/home/adam/driveBig/Music/My Playlist/Spies - Coldplay - Parachutes.flac,GRADUAL_ROLLOFF,"rolloff at ~20376Hz but gentle (4.4dB/kHz) - could be an old master/analog source, not necessarily transcoded",44100,20376,22050,4.4
/home/adam/driveBig/Music/My Playlist/Spinning In Daffodils - Them Crooked Vultures - Them Crooked Vultures.flac,GRADUAL_ROLLOFF,"rolloff at ~17318Hz but gentle (1.9dB/kHz) - could be an old master/analog source, not necessarily transcoded",44100,17318,22050,1.9
/home/adam/driveBig/Music/My Playlist/Spirits - The Strumbellas - Hope.flac,GRADUAL_ROLLOFF,"rolloff at ~17711Hz but gentle (2.8dB/kHz) - could be an old master/analog source, not necessarily transcoded",44100,17711,22050,2.8
/home/adam/driveBig/Music/My Playlist/Split Screen - Kings of Leon - Can We Please Have Fun.flac,GRADUAL_ROLLOFF,"rolloff at ~17964Hz but gentle (0.5dB/kHz) - could be an old master/analog source, not necessarily transcoded",44100,17964,22050,0.5
/home/adam/driveBig/Music/My Playlist/Spoonman - Soundgarden - Superunknown (Deluxe Edition).flac,GRADUAL_ROLLOFF,"rolloff at ~20785Hz but gentle (11.0dB/kHz) - could be an old master/analog source, not necessarily transcoded",44100,20785,22050,11
/home/adam/driveBig/Music/My Playlist/Spunky - Eels - Beautiful Freak.flac,GRADUAL_ROLLOFF,"rolloff at ~19961Hz but gentle (0.1dB/kHz) - could be an old master/analog source, not necessarily transcoded",44100,19961,22050,0.1
/home/adam/driveBig/Music/My Playlist/Stab My Back - The All-American Rejects - Move Along.flac,GRADUAL_ROLLOFF,"rolloff at ~20360Hz but gentle (5.8dB/kHz) - could be an old master/analog source, not necessarily transcoded",44100,20360,22050,5.8
/home/adam/driveBig/Music/My Playlist/Spread Your Wings - Queen - News Of The World  (Deluxe Edition 2011 Remaster).flac,GRADUAL_ROLLOFF,"rolloff at ~16489Hz but gentle (1.6dB/kHz) - could be an old master/analog source, not necessarily transcoded",44100,16489,22050,1.6
/home/adam/driveBig/Music/My Playlist/St. Jimmy (live from VH1 Storytellers) - Green Day - American Idiot.flac,GRADUAL_ROLLOFF,"rolloff at ~20957Hz but gentle (10.5dB/kHz) - could be an old master/analog source, not necessarily transcoded",44100,20957,22050,10.5
/home/adam/driveBig/Music/My Playlist/Stand Here With Me - Creed - Weathered.flac,GRADUAL_ROLLOFF,"rolloff at ~17657Hz but gentle (1.7dB/kHz) - could be an old master/analog source, not necessarily transcoded",44100,17657,22050,1.7
/home/adam/driveBig/Music/My Playlist/Standin' in the Rain - Electric Light Orchestra - Out of the Blue.flac,GRADUAL_ROLLOFF,"rolloff at ~20505Hz but gentle (5.6dB/kHz) - could be an old master/analog source, not necessarily transcoded",44100,20505,22050,5.6
/home/adam/driveBig/Music/My Playlist/Stairway To Heaven - Led Zeppelin - Led Zeppelin IV.flac,GRADUAL_ROLLOFF,"rolloff at ~11714Hz but gentle (1.7dB/kHz) - could be an old master/analog source, not necessarily transcoded",44100,11714,22050,1.7
/home/adam/driveBig/Music/My Playlist/Stadium Arcadium - Red Hot Chili Peppers.flac,GRADUAL_ROLLOFF,"rolloff at ~19671Hz but gentle (2.7dB/kHz) - could be an old master/analog source, not necessarily transcoded",44100,19671,22050,2.7
/home/adam/driveBig/Music/My Playlist/Star - David Bowie - The Rise and Fall of Ziggy Stardust and the Spiders From Mars.flac,GRADUAL_ROLLOFF,"rolloff at ~17178Hz but gentle (3.1dB/kHz) - could be an old master/analog source, not necessarily transcoded",44100,17178,22050,3.1
/home/adam/driveBig/Music/My Playlist/Star Fish - Bikini Kill - Pussy Whipped.flac,GRADUAL_ROLLOFF,"rolloff at ~15558Hz but gentle (3.5dB/kHz) - could be an old master/analog source, not necessarily transcoded",44100,15558,22050,3.5
/home/adam/driveBig/Music/My Playlist/Stairway to Heaven - Led Zeppelin - Led Zeppelin IV (Remaster).flac,GRADUAL_ROLLOFF,"rolloff at ~12968Hz but gentle (1.5dB/kHz) - could be an old master/analog source, not necessarily transcoded",44100,12968,22050,1.5
/home/adam/driveBig/Music/My Playlist/Star Crossed Lover - Hannah Grae.flac,GRADUAL_ROLLOFF,"rolloff at ~20532Hz but gentle (6.6dB/kHz) - could be an old master/analog source, not necessarily transcoded",44100,20532,22050,6.6
/home/adam/driveBig/Music/My Playlist/Star Bellied Boy - Bikini Kill - Pussy Whipped.flac,GRADUAL_ROLLOFF,"rolloff at ~15730Hz but gentle (2.7dB/kHz) - could be an old master/analog source, not necessarily transcoded",44100,15730,22050,2.7
/home/adam/driveBig/Music/My Playlist/Staring at the Stars - Passenger - All the Little Lights.flac,GRADUAL_ROLLOFF,"rolloff at ~18400Hz but gentle (1.6dB/kHz) - could be an old master/analog source, not necessarily transcoded",44100,18400,22050,1.6
/home/adam/driveBig/Music/My Playlist/Starlight - Electric Light Orchestra - Out of the Blue.flac,GRADUAL_ROLLOFF,"rolloff at ~20602Hz but gentle (8.3dB/kHz) - could be an old master/analog source, not necessarily transcoded",44100,20602,22050,8.3
/home/adam/driveBig/Music/My Playlist/Staring at the Sun - The Offspring - Americana.flac,GRADUAL_ROLLOFF,"rolloff at ~18718Hz but gentle (3.3dB/kHz) - could be an old master/analog source, not necessarily transcoded",44100,18718,22050,3.3
/home/adam/driveBig/Music/My Playlist/Stay Away - Nirvana - Nevermind.flac,GRADUAL_ROLLOFF,"rolloff at ~18368Hz but gentle (3.4dB/kHz) - could be an old master/analog source, not necessarily transcoded",44100,18368,22050,3.4
"/home/adam/driveBig/Music/My Playlist/Statues - Foo Fighters - Echoes, Silence, Patience & Grace.flac",GRADUAL_ROLLOFF,"rolloff at ~15735Hz but gentle (2.4dB/kHz) - could be an old master/analog source, not necessarily transcoded",44100,15735,22050,2.4
/home/adam/driveBig/Music/My Playlist/Starlight - Muse - Black Holes and Revelations.flac,GRADUAL_ROLLOFF,"rolloff at ~19784Hz but gentle (1.9dB/kHz) - could be an old master/analog source, not necessarily transcoded",44100,19784,22050,1.9
/home/adam/driveBig/Music/My Playlist/Starman - David Bowie - The Rise and Fall of Ziggy Stardust and the Spiders From Mars.flac,GRADUAL_ROLLOFF,"rolloff at ~17221Hz but gentle (4.2dB/kHz) - could be an old master/analog source, not necessarily transcoded",44100,17221,22050,4.2
/home/adam/driveBig/Music/My Playlist/Start Again - ONE OK ROCK - Ambitions.flac,GRADUAL_ROLLOFF,"rolloff at ~20941Hz but gentle (10.4dB/kHz) - could be an old master/analog source, not necessarily transcoded",44100,20941,22050,10.4
/home/adam/driveBig/Music/My Playlist/STAY ONE - THE ORAL CIGARETTES - FIXION.flac,GRADUAL_ROLLOFF,"rolloff at ~17991Hz but gentle (-0.0dB/kHz) - could be an old master/analog source, not necessarily transcoded",44100,17991,22050,0
/home/adam/driveBig/Music/My Playlist/Shelter - Birdy - Birdy.flac,GRADUAL_ROLLOFF,"rolloff at ~19208Hz but gentle (2.5dB/kHz) - could be an old master/analog source, not necessarily transcoded",44100,19208,22050,2.5
/home/adam/driveBig/Music/My Playlist/Side of a Bullet - Nickelback - All The Right Reasons.flac,GRADUAL_ROLLOFF,"rolloff at ~17544Hz but gentle (3.3dB/kHz) - could be an old master/analog source, not necessarily transcoded",44100,17544,22050,3.3
/home/adam/driveBig/Music/My Playlist/Sloom - Of Monsters and Men - My Head is an Animal.flac,GRADUAL_ROLLOFF,"rolloff at ~20812Hz but gentle (5.7dB/kHz) - could be an old master/analog source, not necessarily transcoded",44100,20812,22050,5.7
/home/adam/driveBig/Music/My Playlist/Smoke on the Water - Deep Purple - Machine Head.flac,GRADUAL_ROLLOFF,"rolloff at ~19299Hz but gentle (5.1dB/kHz) - could be an old master/analog source, not necessarily transcoded",44100,19299,22050,5.1
/home/adam/driveBig/Music/My Playlist/Somebody Told Me - The Killers - Hot Fuss.flac,GRADUAL_ROLLOFF,"rolloff at ~16295Hz but gentle (2.0dB/kHz) - could be an old master/analog source, not necessarily transcoded",44100,16295,22050,2
/home/adam/driveBig/Music/My Playlist/Spilt Needles - The Shins - Wincing the Night Away.flac,GRADUAL_ROLLOFF,"rolloff at ~17453Hz but gentle (-1.6dB/kHz) - could be an old master/analog source, not necessarily transcoded",44100,17453,22050,-1.6
/home/adam/driveBig/Music/My Playlist/Stellar - Incubus - Make Yourself.flac,GRADUAL_ROLLOFF,"rolloff at ~20914Hz but gentle (9.3dB/kHz) - could be an old master/analog source, not necessarily transcoded",44100,20914,22050,9.3
/home/adam/driveBig/Music/My Playlist/Sometimes - Skillet - Awake.flac,GRADUAL_ROLLOFF,"rolloff at ~19213Hz but gentle (3.6dB/kHz) - could be an old master/analog source, not necessarily transcoded",44100,19213,22050,3.6
/home/adam/driveBig/Music/My Playlist/Souvenir - Deftones - Private Music.flac,GRADUAL_ROLLOFF,"rolloff at ~15638Hz but gentle (0.4dB/kHz) - could be an old master/analog source, not necessarily transcoded",44100,15638,22050,0.4
/home/adam/driveBig/Music/My Playlist/Steppin' Out - Electric Light Orchestra - Out of the Blue.flac,GRADUAL_ROLLOFF,"rolloff at ~20171Hz but gentle (4.6dB/kHz) - could be an old master/analog source, not necessarily transcoded",44100,20171,22050,4.6
/home/adam/driveBig/Music/My Playlist/Still Breathing - Green Day - Greatest Hits - God's Favorite Band.flac,GRADUAL_ROLLOFF,"rolloff at ~18169Hz but gentle (1.9dB/kHz) - could be an old master/analog source, not necessarily transcoded",44100,18169,22050,1.9
"/home/adam/driveBig/Music/My Playlist/Still Can’t… - The Cranberries - Everybody Else Is Doing It, So Why Can’t We.flac",GRADUAL_ROLLOFF,"rolloff at ~18104Hz but gentle (2.0dB/kHz) - could be an old master/analog source, not necessarily transcoded",44100,18104,22050,2
/home/adam/driveBig/Music/My Playlist/Still Into You - Paramore - Paramore.flac,GRADUAL_ROLLOFF,"rolloff at ~19832Hz but gentle (4.3dB/kHz) - could be an old master/analog source, not necessarily transcoded",44100,19832,22050,4.3
/home/adam/driveBig/Music/My Playlist/Stone Cold Bush - Red Hot Chili Peppers - Mother's Milk.flac,GRADUAL_ROLLOFF,"rolloff at ~18755Hz but gentle (2.6dB/kHz) - could be an old master/analog source, not necessarily transcoded",44100,18755,22050,2.6
/home/adam/driveBig/Music/My Playlist/Stockholm Syndrome - Blink-182 - Blink-182.flac,GRADUAL_ROLLOFF,"rolloff at ~14949Hz but gentle (0.9dB/kHz) - could be an old master/analog source, not necessarily transcoded",44100,14949,22050,0.9
"/home/adam/driveBig/Music/My Playlist/Stop Breathin - Pavement - Crooked Rain, Crooked Rain.flac",GRADUAL_ROLLOFF,"rolloff at ~19638Hz but gentle (4.9dB/kHz) - could be an old master/analog source, not necessarily transcoded",44100,19638,22050,4.9
/home/adam/driveBig/Music/My Playlist/Stop Smoking (We Love You) - Car Seat Headrest - Twin Fantasy.flac,GRADUAL_ROLLOFF,"rolloff at ~19078Hz but gentle (2.8dB/kHz) - could be an old master/analog source, not necessarily transcoded",44100,19078,22050,2.8
/home/adam/driveBig/Music/My Playlist/Stone Cold Crazy - Queen - Sheer Heart Attack (Deluxe Edition 2011 Remaster).flac,GRADUAL_ROLLOFF,"rolloff at ~17178Hz but gentle (0.0dB/kHz) - could be an old master/analog source, not necessarily transcoded",44100,17178,22050,0
/home/adam/driveBig/Music/My Playlist/Stop Your Sobbing - The Kinks - Kinks.flac,GRADUAL_ROLLOFF,"rolloff at ~18562Hz but gentle (4.3dB/kHz) - could be an old master/analog source, not necessarily transcoded",44100,18562,22050,4.3
/home/adam/driveBig/Music/My Playlist/Strange Home - Joji - Piss in the Wind.flac,GRADUAL_ROLLOFF,"rolloff at ~18659Hz but gentle (2.8dB/kHz) - could be an old master/analog source, not necessarily transcoded",44100,18659,22050,2.8
/home/adam/driveBig/Music/My Playlist/Storm in a Teacup - Red Hot Chili Peppers - Stadium Arcadium.flac,GRADUAL_ROLLOFF,"rolloff at ~20333Hz but gentle (2.9dB/kHz) - could be an old master/analog source, not necessarily transcoded",44100,20333,22050,2.9
/home/adam/driveBig/Music/My Playlist/Strange Days - The Struts.flac,GRADUAL_ROLLOFF,"rolloff at ~18998Hz but gentle (2.1dB/kHz) - could be an old master/analog source, not necessarily transcoded",44100,18998,22050,2.1
/home/adam/driveBig/Music/My Playlist/Strange Days Are Here to Stay - Green Day - Saviors.flac,GRADUAL_ROLLOFF,"rolloff at ~18088Hz but gentle (2.7dB/kHz) - could be an old master/analog source, not necessarily transcoded",44100,18088,22050,2.7
/home/adam/driveBig/Music/My Playlist/Straitjacket Feeling - The All-American Rejects - Move Along.flac,GRADUAL_ROLLOFF,"rolloff at ~20424Hz but gentle (5.0dB/kHz) - could be an old master/analog source, not necessarily transcoded",44100,20424,22050,5
"/home/adam/driveBig/Music/My Playlist/Stranger Things Have Happened - Foo Fighters - Echoes, Silence, Patience & Grace.flac",GRADUAL_ROLLOFF,"rolloff at ~11574Hz but gentle (0.2dB/kHz) - could be an old master/analog source, not necessarily transcoded",44100,11574,22050,0.2
/home/adam/driveBig/Music/My Playlist/Stranger - BoyWithUke - Burnout.flac,GRADUAL_ROLLOFF,"rolloff at ~20763Hz but gentle (7.7dB/kHz) - could be an old master/analog source, not necessarily transcoded",44100,20763,22050,7.7
/home/adam/driveBig/Music/My Playlist/Strawberry Privilege - Yves Tumor - Heaven to a Tortured Mind.flac,GRADUAL_ROLLOFF,"rolloff at ~19326Hz but gentle (5.4dB/kHz) - could be an old master/analog source, not necessarily transcoded",44100,19326,22050,5.4
/home/adam/driveBig/Music/My Playlist/Strawberry Julius - Bikini Kill - The Singles.flac,GRADUAL_ROLLOFF,"rolloff at ~17803Hz but gentle (3.0dB/kHz) - could be an old master/analog source, not necessarily transcoded",44100,17803,22050,3
/home/adam/driveBig/Music/My Playlist/Strings Of Nashville - Pavement - Gold Soundz EP.flac,GRADUAL_ROLLOFF,"rolloff at ~9701Hz but gentle (1.7dB/kHz) - could be an old master/analog source, not necessarily transcoded",44100,9701,22050,1.7
/home/adam/driveBig/Music/My Playlist/Street Carp - Deftones - White Pony.flac,GRADUAL_ROLLOFF,"rolloff at ~20053Hz but gentle (4.6dB/kHz) - could be an old master/analog source, not necessarily transcoded",44100,20053,22050,4.6
/home/adam/driveBig/Music/My Playlist/Strip My Mind - Red Hot Chili Peppers - Stadium Arcadium.flac,GRADUAL_ROLLOFF,"rolloff at ~20995Hz but gentle (9.3dB/kHz) - could be an old master/analog source, not necessarily transcoded",44100,20995,22050,9.3
/home/adam/driveBig/Music/My Playlist/Strutter - Kiss - The Very Best of KISS.flac,GRADUAL_ROLLOFF,"rolloff at ~19283Hz but gentle (3.8dB/kHz) - could be an old master/analog source, not necessarily transcoded",44100,19283,22050,3.8
/home/adam/driveBig/Music/My Playlist/Styrofoam Cathedral - Of Monsters and Men - All is Love and Pain in the Mouse Parade.flac,GRADUAL_ROLLOFF,"rolloff at ~19746Hz but gentle (4.0dB/kHz) - could be an old master/analog source, not necessarily transcoded",44100,19746,22050,4
/home/adam/driveBig/Music/My Playlist/Stuck In The Middle - Tai Verdes - TV.flac,GRADUAL_ROLLOFF,"rolloff at ~19224Hz but gentle (1.2dB/kHz) - could be an old master/analog source, not necessarily transcoded",44100,19224,22050,1.2
/home/adam/driveBig/Music/My Playlist/Stuck in Gravity - Of Monsters and Men - Fever Dream.flac,GRADUAL_ROLLOFF,"rolloff at ~12522Hz but gentle (1.7dB/kHz) - could be an old master/analog source, not necessarily transcoded",44100,12522,22050,1.7
/home/adam/driveBig/Music/My Playlist/Stuck With You - Huey Lewis & The News - Greatest Hits.flac,GRADUAL_ROLLOFF,"rolloff at ~20510Hz but gentle (7.7dB/kHz) - could be an old master/analog source, not necessarily transcoded",44100,20510,22050,7.7
"/home/adam/driveBig/Music/My Playlist/Stuff Is Messed Up - The Offspring - Rise and Fall, Rage and Grace.flac",GRADUAL_ROLLOFF,"rolloff at ~18303Hz but gentle (1.0dB/kHz) - could be an old master/analog source, not necessarily transcoded",44100,18303,22050,1
/home/adam/driveBig/Music/My Playlist/Sublunary - King Krule - The Ooz.flac,GRADUAL_ROLLOFF,"rolloff at ~13668Hz but gentle (1.3dB/kHz) - could be an old master/analog source, not necessarily transcoded",44100,13668,22050,1.3
/home/adam/driveBig/Music/My Playlist/Subterranean Homesick Alien - Radiohead - OK Computer.flac,GRADUAL_ROLLOFF,"rolloff at ~20661Hz but gentle (5.9dB/kHz) - could be an old master/analog source, not necessarily transcoded",44100,20661,22050,5.9
/home/adam/driveBig/Music/My Playlist/Subway To Venus - Red Hot Chili Peppers - Mother's Milk.flac,GRADUAL_ROLLOFF,"rolloff at ~18971Hz but gentle (3.9dB/kHz) - could be an old master/analog source, not necessarily transcoded",44100,18971,22050,3.9
/home/adam/driveBig/Music/My Playlist/Suffragette City - David Bowie - The Rise and Fall of Ziggy Stardust and the Spiders From Mars.flac,GRADUAL_ROLLOFF,"rolloff at ~17404Hz but gentle (2.8dB/kHz) - could be an old master/analog source, not necessarily transcoded",44100,17404,22050,2.8
/home/adam/driveBig/Music/My Playlist/Sugar - Bikini Kill - Pussy Whipped.flac,GRADUAL_ROLLOFF,"rolloff at ~16505Hz but gentle (2.2dB/kHz) - could be an old master/analog source, not necessarily transcoded",44100,16505,22050,2.2
/home/adam/driveBig/Music/My Playlist/Sultans of Swing - Dire Straits - Dire Straits.flac,GRADUAL_ROLLOFF,"rolloff at ~17883Hz but gentle (3.4dB/kHz) - could be an old master/analog source, not necessarily transcoded",44100,17883,22050,3.4
"/home/adam/driveBig/Music/My Playlist/Summer's End - Foo Fighters - Echoes, Silence, Patience & Grace.flac",GRADUAL_ROLLOFF,"rolloff at ~11956Hz but gentle (1.3dB/kHz) - could be an old master/analog source, not necessarily transcoded",44100,11956,22050,1.3
/home/adam/driveBig/Music/My Playlist/Summer and Lightning - Electric Light Orchestra - Out of the Blue.flac,GRADUAL_ROLLOFF,"rolloff at ~20715Hz but gentle (10.2dB/kHz) - could be an old master/analog source, not necessarily transcoded",44100,20715,22050,10.2
/home/adam/driveBig/Music/My Playlist/Summer's Gone - Placebo - Without You I'm Nothing.flac,GRADUAL_ROLLOFF,"rolloff at ~12796Hz but gentle (2.4dB/kHz) - could be an old master/analog source, not necessarily transcoded",44100,12796,22050,2.4
/home/adam/driveBig/Music/My Playlist/Summer's Gone - Feeder - Comfort in Sound.flac,GRADUAL_ROLLOFF,"rolloff at ~20650Hz but gentle (9.7dB/kHz) - could be an old master/analog source, not necessarily transcoded",44100,20650,22050,9.7
/home/adam/driveBig/Music/My Playlist/Summer - Sum 41 - All Killer No Filler.flac,GRADUAL_ROLLOFF,"rolloff at ~20984Hz but gentle (10.4dB/kHz) - could be an old master/analog source, not necessarily transcoded",44100,20984,22050,10.4
"/home/adam/driveBig/Music/My Playlist/Sunday - The Cranberries - Everybody Else Is Doing It, So Why Can’t We.flac",GRADUAL_ROLLOFF,"rolloff at ~15714Hz but gentle (0.9dB/kHz) - could be an old master/analog source, not necessarily transcoded",44100,15714,22050,0.9
/home/adam/driveBig/Music/My Playlist/Sunny Afternoon - The Kinks - Face to Face.flac,GRADUAL_ROLLOFF,"rolloff at ~14944Hz but gentle (1.9dB/kHz) - could be an old master/analog source, not necessarily transcoded",44100,14944,22050,1.9
/home/adam/driveBig/Music/My Playlist/Sunday Girl - Blondie - The Best of Blondie.flac,GRADUAL_ROLLOFF,"rolloff at ~17620Hz but gentle (0.9dB/kHz) - could be an old master/analog source, not necessarily transcoded",44100,17620,22050,0.9
/home/adam/driveBig/Music/My Playlist/Superheroes - Daft Punk - Discovery.flac,GRADUAL_ROLLOFF,"rolloff at ~19455Hz but gentle (1.8dB/kHz) - could be an old master/analog source, not necessarily transcoded",44100,19455,22050,1.8
/home/adam/driveBig/Music/My Playlist/Supermassive Black Hole - Muse - Black Holes and Revelations.flac,GRADUAL_ROLLOFF,"rolloff at ~20123Hz but gentle (9.2dB/kHz) - could be an old master/analog source, not necessarily transcoded",44100,20123,22050,9.2
/home/adam/driveBig/Music/My Playlist/Supermodel - Måneskin - Rush!.flac,GRADUAL_ROLLOFF,"rolloff at ~18545Hz but gentle (1.8dB/kHz) - could be an old master/analog source, not necessarily transcoded",44100,18545,22050,1.8
/home/adam/driveBig/Music/My Playlist/Superunknown - Soundgarden - Superunknown (Deluxe Edition).flac,GRADUAL_ROLLOFF,"rolloff at ~17243Hz but gentle (2.4dB/kHz) - could be an old master/analog source, not necessarily transcoded",44100,17243,22050,2.4
/home/adam/driveBig/Music/My Playlist/superpowers - Tai Verdes - HDTV.flac,GRADUAL_ROLLOFF,"rolloff at ~20666Hz but gentle (4.1dB/kHz) - could be an old master/analog source, not necessarily transcoded",44100,20666,22050,4.1
/home/adam/driveBig/Music/My Playlist/Supernatural (Acoustic) - Barns Courtney.flac,GRADUAL_ROLLOFF,"rolloff at ~19025Hz but gentle (3.8dB/kHz) - could be an old master/analog source, not necessarily transcoded",44100,19025,22050,3.8
/home/adam/driveBig/Music/My Playlist/Supersoaker - Kings of Leon - Mechanical Bull.flac,GRADUAL_ROLLOFF,"rolloff at ~16145Hz but gentle (1.7dB/kHz) - could be an old master/analog source, not necessarily transcoded",44100,16145,22050,1.7
/home/adam/driveBig/Music/My Playlist/Susie Q - Creedence Clearwater Revival - Platinum.flac,GRADUAL_ROLLOFF,"rolloff at ~13345Hz but gentle (2.5dB/kHz) - could be an old master/analog source, not necessarily transcoded",44100,13345,22050,2.5
/home/adam/driveBig/Music/My Playlist/Suspicion - R.E.M. - Up (25th Anniversary Edition).flac,GRADUAL_ROLLOFF,"rolloff at ~20839Hz but gentle (7.3dB/kHz) - could be an old master/analog source, not necessarily transcoded",44100,20839,22050,7.3
/home/adam/driveBig/Music/My Playlist/Suzie Chapstick - Green Day - Saviors.flac,GRADUAL_ROLLOFF,"rolloff at ~15628Hz but gentle (2.4dB/kHz) - could be an old master/analog source, not necessarily transcoded",44100,15628,22050,2.4
/home/adam/driveBig/Music/My Playlist/Sweet Dreams (Are Made of This) - Eurythmics.flac,GRADUAL_ROLLOFF,"rolloff at ~15714Hz but gentle (2.9dB/kHz) - could be an old master/analog source, not necessarily transcoded",44100,15714,22050,2.9
/home/adam/driveBig/Music/My Playlist/Sweet Sweet - Smashing Pumpkins - Siamese Dream.flac,GRADUAL_ROLLOFF,"rolloff at ~15251Hz but gentle (2.8dB/kHz) - could be an old master/analog source, not necessarily transcoded",44100,15251,22050,2.8
/home/adam/driveBig/Music/My Playlist/Sympathy For The Devil - The Rolling Stones - Beggars Banquet.flac,GRADUAL_ROLLOFF,"rolloff at ~20187Hz but gentle (6.5dB/kHz) - could be an old master/analog source, not necessarily transcoded",44100,20187,22050,6.5
/home/adam/driveBig/Music/My Playlist/Sweet Talkin' Woman - Electric Light Orchestra - Out of the Blue.flac,GRADUAL_ROLLOFF,"rolloff at ~17754Hz but gentle (1.6dB/kHz) - could be an old master/analog source, not necessarily transcoded",44100,17754,22050,1.6
/home/adam/driveBig/Music/My Playlist/Sweet Is the Night - Electric Light Orchestra - Out of the Blue.flac,GRADUAL_ROLLOFF,"rolloff at ~20801Hz but gentle (11.5dB/kHz) - could be an old master/analog source, not necessarily transcoded",44100,20801,22050,11.5
/home/adam/driveBig/Music/My Playlist/Synchronicity I - The Police - Synchronicity (2003 Remaster).flac,GRADUAL_ROLLOFF,"rolloff at ~20823Hz but gentle (11.1dB/kHz) - could be an old master/analog source, not necessarily transcoded",44100,20823,22050,11.1
/home/adam/driveBig/Music/My Playlist/Synchronicity II - The Police - Synchronicity (2003 Remaster).flac,GRADUAL_ROLLOFF,"rolloff at ~20914Hz but gentle (9.9dB/kHz) - could be an old master/analog source, not necessarily transcoded",44100,20914,22050,9.9
/home/adam/driveBig/Music/My Playlist/Sweet Surrender - Bread - Guitar Man.flac,GRADUAL_ROLLOFF,"rolloff at ~14589Hz but gentle (1.5dB/kHz) - could be an old master/analog source, not necessarily transcoded",44100,14589,22050,1.5
/home/adam/driveBig/Music/My Playlist/Sweet Home Alabama - Lynyrd Skynyrd - Second Helping (Expanded Edition).flac,GRADUAL_ROLLOFF,"rolloff at ~16468Hz but gentle (1.8dB/kHz) - could be an old master/analog source, not necessarily transcoded",44100,16468,22050,1.8
/home/adam/driveBig/Music/My Playlist/T.L.C. (TURNSTILE LOVE CONNECTION) - Turnstile - GLOW ON.flac,GRADUAL_ROLLOFF,"rolloff at ~19294Hz but gentle (2.4dB/kHz) - could be an old master/analog source, not necessarily transcoded",44100,19294,22050,2.4
/home/adam/driveBig/Music/My Playlist/Take a Look Around - Limp Bizkit - Chocolate Starfish and the Hot Dog Flavored Water.flac,GRADUAL_ROLLOFF,"rolloff at ~12295Hz but gentle (0.7dB/kHz) - could be an old master/analog source, not necessarily transcoded",44100,12295,22050,0.7
/home/adam/driveBig/Music/My Playlist/Take It Easy - Eagles - Eagles.flac,GRADUAL_ROLLOFF,"rolloff at ~20483Hz but gentle (4.4dB/kHz) - could be an old master/analog source, not necessarily transcoded",44100,20483,22050,4.4
/home/adam/driveBig/Music/My Playlist/Take Me In - Blink-182 - One More Time... Part-2.flac,GRADUAL_ROLLOFF,"rolloff at ~17829Hz but gentle (2.9dB/kHz) - could be an old master/analog source, not necessarily transcoded",44100,17829,22050,2.9
/home/adam/driveBig/Music/My Playlist/Take Me Out - Franz Ferdinand - Franz Ferdinand.flac,GRADUAL_ROLLOFF,"rolloff at ~18863Hz but gentle (1.5dB/kHz) - could be an old master/analog source, not necessarily transcoded",44100,18863,22050,1.5
/home/adam/driveBig/Music/My Playlist/Take Me Back - Kongos - Lunatic.flac,GRADUAL_ROLLOFF,"rolloff at ~15434Hz but gentle (2.0dB/kHz) - could be an old master/analog source, not necessarily transcoded",44100,15434,22050,2
/home/adam/driveBig/Music/My Playlist/Take the Devil - Eagles - Eagles.flac,GRADUAL_ROLLOFF,"rolloff at ~19407Hz but gentle (3.1dB/kHz) - could be an old master/analog source, not necessarily transcoded",44100,19407,22050,3.1
/home/adam/driveBig/Music/My Playlist/Take Me to the Beach - Imagine Dragons; Ado.flac,GRADUAL_ROLLOFF,"rolloff at ~15127Hz but gentle (1.4dB/kHz) - could be an old master/analog source, not necessarily transcoded",44100,15127,22050,1.4
/home/adam/driveBig/Music/My Playlist/Take It or Leave It - The Strokes - Is This It.flac,GRADUAL_ROLLOFF,"rolloff at ~19552Hz but gentle (1.8dB/kHz) - could be an old master/analog source, not necessarily transcoded",44100,19552,22050,1.8
/home/adam/driveBig/Music/My Playlist/Take the Long Way Home - Supertramp - Breakfast in America.flac,GRADUAL_ROLLOFF,"rolloff at ~19305Hz but gentle (2.7dB/kHz) - could be an old master/analog source, not necessarily transcoded",44100,19305,22050,2.7
/home/adam/driveBig/Music/My Playlist/Take What You Want (feat. 5 Seconds of Summer) - ONE OK ROCK - Ambitions.flac,GRADUAL_ROLLOFF,"rolloff at ~20823Hz but gentle (10.0dB/kHz) - could be an old master/analog source, not necessarily transcoded",44100,20823,22050,10
/home/adam/driveBig/Music/My Playlist/Take the Power Back - Rage Against the Machine - Rage Against the Machine.flac,GRADUAL_ROLLOFF,"rolloff at ~19154Hz but gentle (6.1dB/kHz) - could be an old master/analog source, not necessarily transcoded",44100,19154,22050,6.1
"/home/adam/driveBig/Music/My Playlist/Takes Me Nowhere - The Offspring - Rise and Fall, Rage and Grace.flac",GRADUAL_ROLLOFF,"rolloff at ~17980Hz but gentle (2.2dB/kHz) - could be an old master/analog source, not necessarily transcoded",44100,17980,22050,2.2
/home/adam/driveBig/Music/My Playlist/Talent - Pixies - Head Carrier.flac,GRADUAL_ROLLOFF,"rolloff at ~20134Hz but gentle (8.2dB/kHz) - could be an old master/analog source, not necessarily transcoded",44100,20134,22050,8.2
/home/adam/driveBig/Music/My Playlist/Tangelo - Red Hot Chili Peppers - Unlimited Love.flac,GRADUAL_ROLLOFF,"rolloff at ~21006Hz but gentle (10.3dB/kHz) - could be an old master/analog source, not necessarily transcoded",44100,21006,22050,10.3
/home/adam/driveBig/Music/My Playlist/Tall Home - MOMMA - Household Name.flac,GRADUAL_ROLLOFF,"rolloff at ~20274Hz but gentle (6.5dB/kHz) - could be an old master/analog source, not necessarily transcoded",44100,20274,22050,6.5
/home/adam/driveBig/Music/My Playlist/Tangerine - Damiano David - FUNNY little FEARS.flac,GRADUAL_ROLLOFF,"rolloff at ~15746Hz but gentle (3.3dB/kHz) - could be an old master/analog source, not necessarily transcoded",44100,15746,22050,3.3
/home/adam/driveBig/Music/My Playlist/Tango - Damiano David - FUNNY little FEARS.flac,GRADUAL_ROLLOFF,"rolloff at ~19897Hz but gentle (3.7dB/kHz) - could be an old master/analog source, not necessarily transcoded",44100,19897,22050,3.7
/home/adam/driveBig/Music/My Playlist/Tally - Twenty One Pilots - Breach.flac,GRADUAL_ROLLOFF,"rolloff at ~18341Hz but gentle (2.3dB/kHz) - could be an old master/analog source, not necessarily transcoded",44100,18341,22050,2.3
/home/adam/driveBig/Music/My Playlist/Taro - alt-J - An Awesome Wave.flac,GRADUAL_ROLLOFF,"rolloff at ~20198Hz but gentle (6.0dB/kHz) - could be an old master/analog source, not necessarily transcoded",44100,20198,22050,6
/home/adam/driveBig/Music/My Playlist/Tarmac - Joji - Piss in the Wind.flac,GRADUAL_ROLLOFF,"rolloff at ~15127Hz but gentle (1.0dB/kHz) - could be an old master/analog source, not necessarily transcoded",44100,15127,22050,1
/home/adam/driveBig/Music/My Playlist/Taste The Pain - Red Hot Chili Peppers - Mother's Milk.flac,GRADUAL_ROLLOFF,"rolloff at ~17033Hz but gentle (2.5dB/kHz) - could be an old master/analog source, not necessarily transcoded",44100,17033,22050,2.5
/home/adam/driveBig/Music/My Playlist/Taxi - Balu Brigada - Almost Feel Good Mixtape.flac,GRADUAL_ROLLOFF,"rolloff at ~19692Hz but gentle (1.8dB/kHz) - could be an old master/analog source, not necessarily transcoded",44100,19692,22050,1.8
/home/adam/driveBig/Music/My Playlist/Tear - Red Hot Chili Peppers - By the Way.flac,GRADUAL_ROLLOFF,"rolloff at ~21070Hz but gentle (10.6dB/kHz) - could be an old master/analog source, not necessarily transcoded",44100,21070,22050,10.6
/home/adam/driveBig/Music/My Playlist/Tecolote - Bread - Guitar Man.flac,GRADUAL_ROLLOFF,"rolloff at ~16371Hz but gentle (1.8dB/kHz) - could be an old master/analog source, not necessarily transcoded",44100,16371,22050,1.8
/home/adam/driveBig/Music/My Playlist/Teenagers - My Chemical Romance - The Black Parade.flac,GRADUAL_ROLLOFF,"rolloff at ~16123Hz but gentle (3.7dB/kHz) - could be an old master/analog source, not necessarily transcoded",44100,16123,22050,3.7
/home/adam/driveBig/Music/My Playlist/Telephone - Red Vox - What Could Go Wrong.flac,GRADUAL_ROLLOFF,"rolloff at ~19714Hz but gentle (3.5dB/kHz) - could be an old master/analog source, not necessarily transcoded",44100,19714,22050,3.5
/home/adam/driveBig/Music/My Playlist/Teddy picker - Arctic Monkeys - Favourite Worst Nightmare.flac,GRADUAL_ROLLOFF,"rolloff at ~18965Hz but gentle (1.1dB/kHz) - could be an old master/analog source, not necessarily transcoded",44100,18965,22050,1.1
/home/adam/driveBig/Music/My Playlist/Teenager - Deftones - White Pony.flac,GRADUAL_ROLLOFF,"rolloff at ~18266Hz but gentle (2.5dB/kHz) - could be an old master/analog source, not necessarily transcoded",44100,18266,22050,2.5
/home/adam/driveBig/Music/My Playlist/Television Love - Of Monsters and Men - All is Love and Pain in the Mouse Parade.flac,GRADUAL_ROLLOFF,"rolloff at ~17480Hz but gentle (4.3dB/kHz) - could be an old master/analog source, not necessarily transcoded",44100,17480,22050,4.3
/home/adam/driveBig/Music/My Playlist/Tell Me - Red Vox - Another Light.flac,GRADUAL_ROLLOFF,"rolloff at ~15493Hz but gentle (1.7dB/kHz) - could be an old master/analog source, not necessarily transcoded",44100,15493,22050,1.7
/home/adam/driveBig/Music/My Playlist/Television Love - Of Monsters and Men.flac,GRADUAL_ROLLOFF,"rolloff at ~17097Hz but gentle (5.0dB/kHz) - could be an old master/analog source, not necessarily transcoded",44100,17097,22050,5
/home/adam/driveBig/Music/My Playlist/Tell The Truth - Derek and the Dominos - Layla & Other Assorted Love Songs.flac,GRADUAL_ROLLOFF,"rolloff at ~15084Hz but gentle (2.2dB/kHz) - could be an old master/analog source, not necessarily transcoded",44100,15084,22050,2.2
/home/adam/driveBig/Music/My Playlist/Tell Me So - Bikini Kill - Pussy Whipped.flac,GRADUAL_ROLLOFF,"rolloff at ~13399Hz but gentle (2.8dB/kHz) - could be an old master/analog source, not necessarily transcoded",44100,13399,22050,2.8
/home/adam/driveBig/Music/My Playlist/Tell Her Tonight - Franz Ferdinand - Franz Ferdinand.flac,GRADUAL_ROLLOFF,"rolloff at ~15229Hz but gentle (6.0dB/kHz) - could be an old master/analog source, not necessarily transcoded",44100,15229,22050,6
/home/adam/driveBig/Music/My Playlist/Tell Me Baby - Red Hot Chili Peppers - Stadium Arcadium.flac,GRADUAL_ROLLOFF,"rolloff at ~20742Hz but gentle (7.0dB/kHz) - could be an old master/analog source, not necessarily transcoded",44100,20742,22050,7
/home/adam/driveBig/Music/My Playlist/Ten Tonne Skeleton - Royal Blood - Royal Blood.flac,GRADUAL_ROLLOFF,"rolloff at ~20306Hz but gentle (11.4dB/kHz) - could be an old master/analog source, not necessarily transcoded",44100,20306,22050,11.4
/home/adam/driveBig/Music/My Playlist/Tenement Song - Pixies - Head Carrier.flac,GRADUAL_ROLLOFF,"rolloff at ~20387Hz but gentle (10.2dB/kHz) - could be an old master/analog source, not necessarily transcoded",44100,20387,22050,10.2
/home/adam/driveBig/Music/My Playlist/Stop Smoking - Car Seat Headrest - Twin Fantasy (Mirror To Mirror).flac,GRADUAL_ROLLOFF,"rolloff at ~12888Hz but gentle (4.6dB/kHz) - could be an old master/analog source, not necessarily transcoded",44100,12888,22050,4.6
/home/adam/driveBig/Music/My Playlist/Suffice - NF - Hope.flac,GRADUAL_ROLLOFF,"rolloff at ~20893Hz but gentle (11.1dB/kHz) - could be an old master/analog source, not necessarily transcoded",44100,20893,22050,11.1
/home/adam/driveBig/Music/My Playlist/Stubborn Love - The Lumineers - The Lumineers.flac,GRADUAL_ROLLOFF,"rolloff at ~20306Hz but gentle (11.7dB/kHz) - could be an old master/analog source, not necessarily transcoded",44100,20306,22050,11.7
/home/adam/driveBig/Music/My Playlist/Tender - Blur - The Best Of.flac,GRADUAL_ROLLOFF,"rolloff at ~19240Hz but gentle (0.3dB/kHz) - could be an old master/analog source, not necessarily transcoded",44100,19240,22050,0.3
/home/adam/driveBig/Music/My Playlist/Tension - BoyWithUke - BoyWithUke - B Sides.flac,GRADUAL_ROLLOFF,"rolloff at ~19396Hz but gentle (3.4dB/kHz) - could be an old master/analog source, not necessarily transcoded",44100,19396,22050,3.4
/home/adam/driveBig/Music/My Playlist/Super Stars - Yves Tumor - Heaven to a Tortured Mind.flac,GRADUAL_ROLLOFF,"rolloff at ~19052Hz but gentle (3.5dB/kHz) - could be an old master/analog source, not necessarily transcoded",44100,19052,22050,3.5
/home/adam/driveBig/Music/My Playlist/Susan's House - Eels - Beautiful Freak.flac,GRADUAL_ROLLOFF,"rolloff at ~19154Hz but gentle (0.9dB/kHz) - could be an old master/analog source, not necessarily transcoded",44100,19154,22050,0.9
/home/adam/driveBig/Music/My Playlist/Stayin Alive - Bee Gees - The Ultimate Bee Gees.flac,GRADUAL_ROLLOFF,"rolloff at ~20607Hz but gentle (6.5dB/kHz) - could be an old master/analog source, not necessarily transcoded",44100,20607,22050,6.5
/home/adam/driveBig/Music/My Playlist/Sweetness - Jimmy Eat World - Bleed American.flac,GRADUAL_ROLLOFF,"rolloff at ~20850Hz but gentle (11.2dB/kHz) - could be an old master/analog source, not necessarily transcoded",44100,20850,22050,11.2
/home/adam/driveBig/Music/My Playlist/Terrible Love - Birdy - Birdy.flac,GRADUAL_ROLLOFF,"rolloff at ~19116Hz but gentle (0.4dB/kHz) - could be an old master/analog source, not necessarily transcoded",44100,19116,22050,0.4
/home/adam/driveBig/Music/My Playlist/Take It or Leave It - Jet - Get Born.flac,GRADUAL_ROLLOFF,"rolloff at ~21065Hz but gentle (11.2dB/kHz) - could be an old master/analog source, not necessarily transcoded",44100,21065,22050,11.2
/home/adam/driveBig/Music/My Playlist/Terrified - Blink-182 - One More Time....flac,GRADUAL_ROLLOFF,"rolloff at ~19902Hz but gentle (3.7dB/kHz) - could be an old master/analog source, not necessarily transcoded",44100,19902,22050,3.7
/home/adam/driveBig/Music/My Playlist/Teenage Dirtbag - Wheatus - Wheatus.flac,GRADUAL_ROLLOFF,"rolloff at ~14847Hz but gentle (1.6dB/kHz) - could be an old master/analog source, not necessarily transcoded",44100,14847,22050,1.6
/home/adam/driveBig/Music/My Playlist/Terrified - Blink-182 - One More Time... Part-2.flac,GRADUAL_ROLLOFF,"rolloff at ~17819Hz but gentle (2.5dB/kHz) - could be an old master/analog source, not necessarily transcoded",44100,17819,22050,2.5
/home/adam/driveBig/Music/My Playlist/Terrified - BoyWithUke - BoyWithUke - B Sides.flac,GRADUAL_ROLLOFF,"rolloff at ~19891Hz but gentle (5.6dB/kHz) - could be an old master/analog source, not necessarily transcoded",44100,19891,22050,5.6
/home/adam/driveBig/Music/My Playlist/Texas Reznikoff - Mitski - bury me at makeout creek.flac,GRADUAL_ROLLOFF,"rolloff at ~19003Hz but gentle (2.3dB/kHz) - could be an old master/analog source, not necessarily transcoded",44100,19003,22050,2.3
/home/adam/driveBig/Music/My Playlist/Territorial Pissings - Nirvana - Nevermind.flac,GRADUAL_ROLLOFF,"rolloff at ~17286Hz but gentle (2.6dB/kHz) - could be an old master/analog source, not necessarily transcoded",44100,17286,22050,2.6
/home/adam/driveBig/Music/My Playlist/Testify - Rage Against the Machine - The Battle Of Los Angeles.flac,GRADUAL_ROLLOFF,"rolloff at ~21097Hz but gentle (10.8dB/kHz) - could be an old master/analog source, not necessarily transcoded",44100,21097,22050,10.8
/home/adam/driveBig/Music/My Playlist/That's Not Really Funny - Eels - Meet the Eels - Essential Eels.flac,GRADUAL_ROLLOFF,"rolloff at ~20936Hz but gentle (8.7dB/kHz) - could be an old master/analog source, not necessarily transcoded",44100,20936,22050,8.7
/home/adam/driveBig/Music/My Playlist/That's Alright Mama (live) - Jet - Get Born.flac,GRADUAL_ROLLOFF,"rolloff at ~18788Hz but gentle (4.5dB/kHz) - could be an old master/analog source, not necessarily transcoded",44100,18788,22050,4.5
/home/adam/driveBig/Music/My Playlist/The Adults Are Talking - The Strokes - The New Abnormal.flac,GRADUAL_ROLLOFF,"rolloff at ~18486Hz but gentle (1.2dB/kHz) - could be an old master/analog source, not necessarily transcoded",44100,18486,22050,1.2
"/home/adam/driveBig/Music/My Playlist/THAT'S WHY - Quadeca - Vanisher, Horizon Scraper.flac",GRADUAL_ROLLOFF,"rolloff at ~17690Hz but gentle (3.2dB/kHz) - could be an old master/analog source, not necessarily transcoded",44100,17690,22050,3.2
/home/adam/driveBig/Music/My Playlist/The Actor - Of Monsters and Men - All is Love and Pain in the Mouse Parade.flac,GRADUAL_ROLLOFF,"rolloff at ~19455Hz but gentle (4.9dB/kHz) - could be an old master/analog source, not necessarily transcoded",44100,19455,22050,4.9
/home/adam/driveBig/Music/My Playlist/That's What You Get - Paramore - RIOT!.flac,GRADUAL_ROLLOFF,"rolloff at ~16037Hz but gentle (0.8dB/kHz) - could be an old master/analog source, not necessarily transcoded",44100,16037,22050,0.8
/home/adam/driveBig/Music/My Playlist/The Age Of The Understatement - The Last Shadow Puppets.flac,GRADUAL_ROLLOFF,"rolloff at ~19595Hz but gentle (2.6dB/kHz) - could be an old master/analog source, not necessarily transcoded",44100,19595,22050,2.6
/home/adam/driveBig/Music/My Playlist/The Air That I Breathe - The Hollies.flac,GRADUAL_ROLLOFF,"rolloff at ~20101Hz but gentle (8.6dB/kHz) - could be an old master/analog source, not necessarily transcoded",44100,20101,22050,8.6
/home/adam/driveBig/Music/My Playlist/The Air Near My Fingers - The White Stripes - Elephant.flac,GRADUAL_ROLLOFF,"rolloff at ~16613Hz but gentle (4.9dB/kHz) - could be an old master/analog source, not necessarily transcoded",44100,16613,22050,4.9
/home/adam/driveBig/Music/My Playlist/The Anthem - Good Charlotte - The Young and the Hopeless.flac,GRADUAL_ROLLOFF,"rolloff at ~16338Hz but gentle (3.5dB/kHz) - could be an old master/analog source, not necessarily transcoded",44100,16338,22050,3.5
/home/adam/driveBig/Music/My Playlist/The American Dream Is Killing Me - Green Day.flac,GRADUAL_ROLLOFF,"rolloff at ~17625Hz but gentle (1.4dB/kHz) - could be an old master/analog source, not necessarily transcoded",44100,17625,22050,1.4
/home/adam/driveBig/Music/My Playlist/The Apologist - R.E.M. - Up (25th Anniversary Edition).flac,GRADUAL_ROLLOFF,"rolloff at ~20144Hz but gentle (2.9dB/kHz) - could be an old master/analog source, not necessarily transcoded",44100,20144,22050,2.9
/home/adam/driveBig/Music/My Playlist/The American Dream Is Killing Me - Green Day - Saviors.flac,GRADUAL_ROLLOFF,"rolloff at ~17625Hz but gentle (1.4dB/kHz) - could be an old master/analog source, not necessarily transcoded",44100,17625,22050,1.4
/home/adam/driveBig/Music/My Playlist/The Attractions of Youth - Barns Courtney.flac,GRADUAL_ROLLOFF,"rolloff at ~19439Hz but gentle (3.2dB/kHz) - could be an old master/analog source, not necessarily transcoded",44100,19439,22050,3.2
/home/adam/driveBig/Music/My Playlist/The Bad Thing - Arctic Monkeys - Favourite Worst Nightmare.flac,GRADUAL_ROLLOFF,"rolloff at ~17776Hz but gentle (2.1dB/kHz) - could be an old master/analog source, not necessarily transcoded",44100,17776,22050,2.1
/home/adam/driveBig/Music/My Playlist/The Ballad of G and X -- Interlude - grandson - Death of an Optimist.flac,GRADUAL_ROLLOFF,"rolloff at ~19805Hz but gentle (1.8dB/kHz) - could be an old master/analog source, not necessarily transcoded",44100,19805,22050,1.8
/home/adam/driveBig/Music/My Playlist/The Battle Of Evermore - Led Zeppelin - Led Zeppelin IV.flac,GRADUAL_ROLLOFF,"rolloff at ~13674Hz but gentle (2.2dB/kHz) - could be an old master/analog source, not necessarily transcoded",44100,13674,22050,2.2
/home/adam/driveBig/Music/My Playlist/The Ballad Of The Costa Concordia - Car Seat Headrest - Teens Of Denial.flac,GRADUAL_ROLLOFF,"rolloff at ~15504Hz but gentle (1.7dB/kHz) - could be an old master/analog source, not necessarily transcoded",44100,15504,22050,1.7
/home/adam/driveBig/Music/My Playlist/The Bitter End - Placebo - Sleeping With Ghosts.flac,GRADUAL_ROLLOFF,"rolloff at ~19633Hz but gentle (3.8dB/kHz) - could be an old master/analog source, not necessarily transcoded",44100,19633,22050,3.8
/home/adam/driveBig/Music/My Playlist/The Block - Of Monsters and Men - All is Love and Pain in the Mouse Parade.flac,GRADUAL_ROLLOFF,"rolloff at ~20640Hz but gentle (7.6dB/kHz) - could be an old master/analog source, not necessarily transcoded",44100,20640,22050,7.6
/home/adam/driveBig/Music/My Playlist/The Bitter End - Sum 41 - Chuck.flac,GRADUAL_ROLLOFF,"rolloff at ~20064Hz but gentle (-1.2dB/kHz) - could be an old master/analog source, not necessarily transcoded",44100,20064,22050,-1.2
/home/adam/driveBig/Music/My Playlist/The Contract - Twenty One Pilots - Breach.flac,GRADUAL_ROLLOFF,"rolloff at ~18842Hz but gentle (0.9dB/kHz) - could be an old master/analog source, not necessarily transcoded",44100,18842,22050,0.9
/home/adam/driveBig/Music/My Playlist/The Crawl - Placebo - Without You I'm Nothing.flac,GRADUAL_ROLLOFF,"rolloff at ~15638Hz but gentle (1.7dB/kHz) - could be an old master/analog source, not necessarily transcoded",44100,15638,22050,1.7
/home/adam/driveBig/Music/My Playlist/The Distance - CAKE - Fashion Nugget.flac,GRADUAL_ROLLOFF,"rolloff at ~20747Hz but gentle (11.2dB/kHz) - could be an old master/analog source, not necessarily transcoded",44100,20747,22050,11.2
/home/adam/driveBig/Music/My Playlist/The Court of the Crimson King (including The Return of the Fire Witch and The Dance of the Puppets) - King Crimson - In the Court of the Crimson King.flac,GRADUAL_ROLLOFF,"rolloff at ~19482Hz but gentle (0.8dB/kHz) - could be an old master/analog source, not necessarily transcoded",44100,19482,22050,0.8
/home/adam/driveBig/Music/My Playlist/The Dark Of The Matinée - Franz Ferdinand - Franz Ferdinand.flac,GRADUAL_ROLLOFF,"rolloff at ~17205Hz but gentle (2.7dB/kHz) - could be an old master/analog source, not necessarily transcoded",44100,17205,22050,2.7
/home/adam/driveBig/Music/My Playlist/The Day I Tried To Live - Soundgarden - Superunknown (Deluxe Edition).flac,GRADUAL_ROLLOFF,"rolloff at ~15757Hz but gentle (1.0dB/kHz) - could be an old master/analog source, not necessarily transcoded",44100,15757,22050,1
/home/adam/driveBig/Music/My Playlist/The Day That I Die - Good Charlotte - The Young and the Hopeless.flac,GRADUAL_ROLLOFF,"rolloff at ~6105Hz but gentle (2.8dB/kHz) - could be an old master/analog source, not necessarily transcoded",44100,6105,22050,2.8
/home/adam/driveBig/Music/My Playlist/The End - Of Monsters and Men - All is Love and Pain in the Mouse Parade.flac,GRADUAL_ROLLOFF,"rolloff at ~19278Hz but gentle (4.4dB/kHz) - could be an old master/analog source, not necessarily transcoded",44100,19278,22050,4.4
/home/adam/driveBig/Music/My Playlist/The End Has No End - The Strokes - Room on Fire.flac,GRADUAL_ROLLOFF,"rolloff at ~17943Hz but gentle (2.4dB/kHz) - could be an old master/analog source, not necessarily transcoded",44100,17943,22050,2.4
/home/adam/driveBig/Music/My Playlist/The End. - My Chemical Romance - The Black Parade.flac,GRADUAL_ROLLOFF,"rolloff at ~16968Hz but gentle (2.8dB/kHz) - could be an old master/analog source, not necessarily transcoded",44100,16968,22050,2.8
/home/adam/driveBig/Music/My Playlist/The Driver - Måneskin - Rush! (Are U Coming).flac,GRADUAL_ROLLOFF,"rolloff at ~19832Hz but gentle (8.2dB/kHz) - could be an old master/analog source, not necessarily transcoded",44100,19832,22050,8.2
/home/adam/driveBig/Music/My Playlist/The District Sleeps Alone Tonight - Birdy - Birdy.flac,GRADUAL_ROLLOFF,"rolloff at ~20780Hz but gentle (6.5dB/kHz) - could be an old master/analog source, not necessarily transcoded",44100,20780,22050,6.5
/home/adam/driveBig/Music/My Playlist/The Entertainment's Here - AJR - Neotheater.flac,GRADUAL_ROLLOFF,"rolloff at ~20839Hz but gentle (9.2dB/kHz) - could be an old master/analog source, not necessarily transcoded",44100,20839,22050,9.2
/home/adam/driveBig/Music/My Playlist/The Fallen Interlude - Blink-182 - Blink-182.flac,GRADUAL_ROLLOFF,"rolloff at ~15509Hz but gentle (0.4dB/kHz) - could be an old master/analog source, not necessarily transcoded",44100,15509,22050,0.4
/home/adam/driveBig/Music/My Playlist/The Game of Love - Daft Punk - Random Access Memories.flac,GRADUAL_ROLLOFF,"rolloff at ~7402Hz but gentle (1.4dB/kHz) - could be an old master/analog source, not necessarily transcoded",44100,7402,22050,1.4
/home/adam/driveBig/Music/My Playlist/The Gambler - Kenny Rogers.flac,GRADUAL_ROLLOFF,"rolloff at ~15811Hz but gentle (2.4dB/kHz) - could be an old master/analog source, not necessarily transcoded",44100,15811,22050,2.4
/home/adam/driveBig/Music/My Playlist/The Getaway - Red Hot Chili Peppers.flac,GRADUAL_ROLLOFF,"rolloff at ~20483Hz but gentle (5.4dB/kHz) - could be an old master/analog source, not necessarily transcoded",44100,20483,22050,5.4
/home/adam/driveBig/Music/My Playlist/The First Time - Damiano David - FUNNY little FEARS.flac,GRADUAL_ROLLOFF,"rolloff at ~19654Hz but gentle (4.2dB/kHz) - could be an old master/analog source, not necessarily transcoded",44100,19654,22050,4.2
/home/adam/driveBig/Music/My Playlist/The Golden Ratio - Tigercub - Abstract Figures in the Dark.flac,GRADUAL_ROLLOFF,"rolloff at ~15978Hz but gentle (3.0dB/kHz) - could be an old master/analog source, not necessarily transcoded",44100,15978,22050,3
"/home/adam/driveBig/Music/My Playlist/The Good, the Bad and the Dirty - Panic! At The Disco - Death of a Bachelor.flac",GRADUAL_ROLLOFF,"rolloff at ~19245Hz but gentle (2.1dB/kHz) - could be an old master/analog source, not necessarily transcoded",44100,19245,22050,2.1
/home/adam/driveBig/Music/My Playlist/The Good Part - AJR - The Click (Deluxe Edition).flac,GRADUAL_ROLLOFF,"rolloff at ~15100Hz but gentle (1.5dB/kHz) - could be an old master/analog source, not necessarily transcoded",44100,15100,22050,1.5
"/home/adam/driveBig/Music/My Playlist/THE GREAT BAKUNAWA - Quadeca; Danny Brown - Vanisher, Horizon Scraper.flac",GRADUAL_ROLLOFF,"rolloff at ~10395Hz but gentle (1.4dB/kHz) - could be an old master/analog source, not necessarily transcoded",44100,10395,22050,1.4
/home/adam/driveBig/Music/My Playlist/The Great Ones Remember - Men Without Hats - Rhythm Of Youth (Expanded Edition).flac,GRADUAL_ROLLOFF,"rolloff at ~21011Hz but gentle (4.9dB/kHz) - could be an old master/analog source, not necessarily transcoded",44100,21011,22050,4.9
/home/adam/driveBig/Music/My Playlist/The Heart Of Rock And Roll - Huey Lewis & The News - Sports (30th Anniversary Edition).flac,GRADUAL_ROLLOFF,"rolloff at ~20925Hz but gentle (6.9dB/kHz) - could be an old master/analog source, not necessarily transcoded",44100,20925,22050,6.9
/home/adam/driveBig/Music/My Playlist/The Guitar Man - Bread - Guitar Man.flac,GRADUAL_ROLLOFF,"rolloff at ~11972Hz but gentle (2.4dB/kHz) - could be an old master/analog source, not necessarily transcoded",44100,11972,22050,2.4
/home/adam/driveBig/Music/My Playlist/The Hardest Button to Button - The White Stripes - Elephant.flac,GRADUAL_ROLLOFF,"rolloff at ~16204Hz but gentle (2.9dB/kHz) - could be an old master/analog source, not necessarily transcoded",44100,16204,22050,2.9
/home/adam/driveBig/Music/My Playlist/The Hired Band - The Strumbellas - Hope.flac,GRADUAL_ROLLOFF,"rolloff at ~18427Hz but gentle (2.4dB/kHz) - could be an old master/analog source, not necessarily transcoded",44100,18427,22050,2.4
/home/adam/driveBig/Music/My Playlist/The Hunter - Red Hot Chili Peppers - The Getaway.flac,GRADUAL_ROLLOFF,"rolloff at ~20688Hz but gentle (5.0dB/kHz) - could be an old master/analog source, not necessarily transcoded",44100,20688,22050,5
/home/adam/driveBig/Music/My Playlist/The Kids Aren’t Alright - The Offspring - Americana.flac,GRADUAL_ROLLOFF,"rolloff at ~16866Hz but gentle (2.6dB/kHz) - could be an old master/analog source, not necessarily transcoded",44100,16866,22050,2.6
/home/adam/driveBig/Music/My Playlist/The Icicle Melts - The Cranberries - No Need to Argue.flac,GRADUAL_ROLLOFF,"rolloff at ~14314Hz but gentle (0.8dB/kHz) - could be an old master/analog source, not necessarily transcoded",44100,14314,22050,0.8
/home/adam/driveBig/Music/My Playlist/The Krockadile - King Krule - 6 Feet Beneath the Moon.flac,GRADUAL_ROLLOFF,"rolloff at ~19913Hz but gentle (1.9dB/kHz) - could be an old master/analog source, not necessarily transcoded",44100,19913,22050,1.9
/home/adam/driveBig/Music/My Playlist/The Kids Are Alright - Barns Courtney - 404.flac,GRADUAL_ROLLOFF,"rolloff at ~20284Hz but gentle (9.5dB/kHz) - could be an old master/analog source, not necessarily transcoded",44100,20284,22050,9.5
/home/adam/driveBig/Music/My Playlist/The Last Resort - Eagles - Hotel California.flac,GRADUAL_ROLLOFF,"rolloff at ~20338Hz but gentle (10.7dB/kHz) - could be an old master/analog source, not necessarily transcoded",44100,20338,22050,10.7
/home/adam/driveBig/Music/My Playlist/The Last Night - Skillet - Comatose.flac,GRADUAL_ROLLOFF,"rolloff at ~17943Hz but gentle (2.7dB/kHz) - could be an old master/analog source, not necessarily transcoded",44100,17943,22050,2.7
/home/adam/driveBig/Music/My Playlist/The Last Remaining Light - Audioslave - Audioslave.flac,GRADUAL_ROLLOFF,"rolloff at ~20645Hz but gentle (7.0dB/kHz) - could be an old master/analog source, not necessarily transcoded",44100,20645,22050,7
/home/adam/driveBig/Music/My Playlist/The Locomotive - King Krule - The Ooz.flac,GRADUAL_ROLLOFF,"rolloff at ~20166Hz but gentle (2.6dB/kHz) - could be an old master/analog source, not necessarily transcoded",44100,20166,22050,2.6
/home/adam/driveBig/Music/My Playlist/The Less I Know the Better - Tame Impala - Currents.flac,GRADUAL_ROLLOFF,"rolloff at ~20182Hz but gentle (4.1dB/kHz) - could be an old master/analog source, not necessarily transcoded",44100,20182,22050,4.1
/home/adam/driveBig/Music/My Playlist/The Loneliest - Måneskin - Rush!.flac,GRADUAL_ROLLOFF,"rolloff at ~17969Hz but gentle (2.7dB/kHz) - could be an old master/analog source, not necessarily transcoded",44100,17969,22050,2.7
/home/adam/driveBig/Music/My Playlist/The Logical Song - Supertramp - Breakfast in America.flac,GRADUAL_ROLLOFF,"rolloff at ~18734Hz but gentle (3.9dB/kHz) - could be an old master/analog source, not necessarily transcoded",44100,18734,22050,3.9
/home/adam/driveBig/Music/My Playlist/The Longest Wave - Red Hot Chili Peppers - The Getaway.flac,GRADUAL_ROLLOFF,"rolloff at ~19498Hz but gentle (3.9dB/kHz) - could be an old master/analog source, not necessarily transcoded",44100,19498,22050,3.9
/home/adam/driveBig/Music/My Playlist/The Midnight Special - Creedence Clearwater Revival - Platinum.flac,GRADUAL_ROLLOFF,"rolloff at ~20532Hz but gentle (3.8dB/kHz) - could be an old master/analog source, not necessarily transcoded",44100,20532,22050,3.8
/home/adam/driveBig/Music/My Playlist/The Man Who Sold The World - Live - Nirvana - MTV Unplugged In New York.flac,GRADUAL_ROLLOFF,"rolloff at ~15741Hz but gentle (1.9dB/kHz) - could be an old master/analog source, not necessarily transcoded",44100,15741,22050,1.9
/home/adam/driveBig/Music/My Playlist/The Night Time Is the Right Time - Creedence Clearwater Revival - Platinum.flac,GRADUAL_ROLLOFF,"rolloff at ~20769Hz but gentle (6.3dB/kHz) - could be an old master/analog source, not necessarily transcoded",44100,20769,22050,6.3
/home/adam/driveBig/Music/My Playlist/The Moment - Tame Impala - Currents.flac,GRADUAL_ROLLOFF,"rolloff at ~20850Hz but gentle (9.5dB/kHz) - could be an old master/analog source, not necessarily transcoded",44100,20850,22050,9.5
/home/adam/driveBig/Music/My Playlist/The Night They Drove Old Dixie Down - The Band - The Band.flac,GRADUAL_ROLLOFF,"rolloff at ~16435Hz but gentle (3.2dB/kHz) - could be an old master/analog source, not necessarily transcoded",44100,16435,22050,3.2
/home/adam/driveBig/Music/My Playlist/The Modern Age - The Strokes - Is This It.flac,GRADUAL_ROLLOFF,"rolloff at ~19735Hz but gentle (2.7dB/kHz) - could be an old master/analog source, not necessarily transcoded",44100,19735,22050,2.7
/home/adam/driveBig/Music/My Playlist/The Night Will Save Us - The Strumbellas - Hope.flac,GRADUAL_ROLLOFF,"rolloff at ~17646Hz but gentle (1.7dB/kHz) - could be an old master/analog source, not necessarily transcoded",44100,17646,22050,1.7
/home/adam/driveBig/Music/My Playlist/The Number of the Beast - Iron Maiden - The Number of the Beast  (2015 Remaster).flac,GRADUAL_ROLLOFF,"rolloff at ~16322Hz but gentle (3.3dB/kHz) - could be an old master/analog source, not necessarily transcoded",44100,16322,22050,3.3
/home/adam/driveBig/Music/My Playlist/The Older I Get - Skillet - Comatose.flac,GRADUAL_ROLLOFF,"rolloff at ~20220Hz but gentle (1.6dB/kHz) - could be an old master/analog source, not necessarily transcoded",44100,20220,22050,1.6
/home/adam/driveBig/Music/My Playlist/The One - Limp Bizkit - Chocolate Starfish and the Hot Dog Flavored Water.flac,GRADUAL_ROLLOFF,"rolloff at ~20516Hz but gentle (4.2dB/kHz) - could be an old master/analog source, not necessarily transcoded",44100,20516,22050,4.2
/home/adam/driveBig/Music/My Playlist/The Ol’ Switcheroo - The Struts - Everybody Wants.flac,GRADUAL_ROLLOFF,"rolloff at ~20952Hz but gentle (10.9dB/kHz) - could be an old master/analog source, not necessarily transcoded",44100,20952,22050,10.9
/home/adam/driveBig/Music/My Playlist/The Party Troll - D1ofAquavibe.flac,GRADUAL_ROLLOFF,"rolloff at ~20710Hz but gentle (10.7dB/kHz) - could be an old master/analog source, not necessarily transcoded",44100,20710,22050,10.7
/home/adam/driveBig/Music/My Playlist/The Ooz - King Krule.flac,GRADUAL_ROLLOFF,"rolloff at ~19213Hz but gentle (1.8dB/kHz) - could be an old master/analog source, not necessarily transcoded",44100,19213,22050,1.8
/home/adam/driveBig/Music/My Playlist/The Only Exception - Paramore - Brand New Eyes.flac,GRADUAL_ROLLOFF,"rolloff at ~11063Hz but gentle (1.6dB/kHz) - could be an old master/analog source, not necessarily transcoded",44100,11063,22050,1.6
/home/adam/driveBig/Music/My Playlist/The Other Side - James Marriott - Are We There Yet.flac,GRADUAL_ROLLOFF,"rolloff at ~20042Hz but gentle (4.8dB/kHz) - could be an old master/analog source, not necessarily transcoded",44100,20042,22050,4.8
/home/adam/driveBig/Music/My Playlist/The Only Thing They Fear Is You - Mick Gordon - DOOM Eternal (Original Game Soundtrack).flac,GRADUAL_ROLLOFF,"rolloff at ~18158Hz but gentle (1.9dB/kHz) - could be an old master/analog source, not necessarily transcoded",44100,18158,22050,1.9
"/home/adam/driveBig/Music/My Playlist/The Past and Pending - The Shins - Oh, Inverted World.flac",GRADUAL_ROLLOFF,"rolloff at ~19466Hz but gentle (0.7dB/kHz) - could be an old master/analog source, not necessarily transcoded",44100,19466,22050,0.7
"/home/adam/driveBig/Music/My Playlist/The Pretender - Foo Fighters - Echoes, Silence, Patience & Grace.flac",GRADUAL_ROLLOFF,"rolloff at ~17625Hz but gentle (3.0dB/kHz) - could be an old master/analog source, not necessarily transcoded",44100,17625,22050,3
/home/adam/driveBig/Music/My Playlist/The Prisoner - Iron Maiden - The Number of the Beast  (2015 Remaster).flac,GRADUAL_ROLLOFF,"rolloff at ~15687Hz but gentle (2.9dB/kHz) - could be an old master/analog source, not necessarily transcoded",44100,15687,22050,2.9
/home/adam/driveBig/Music/My Playlist/The Question - Balu Brigada - Sideways.flac,GRADUAL_ROLLOFF,"rolloff at ~20882Hz but gentle (11.2dB/kHz) - could be an old master/analog source, not necessarily transcoded",44100,20882,22050,11.2
/home/adam/driveBig/Music/My Playlist/The Question - Balu Brigada - What Do We Ever Really Know.flac,GRADUAL_ROLLOFF,"rolloff at ~20882Hz but gentle (11.2dB/kHz) - could be an old master/analog source, not necessarily transcoded",44100,20882,22050,11.2
/home/adam/driveBig/Music/My Playlist/The Search - NF.flac,GRADUAL_ROLLOFF,"rolloff at ~10933Hz but gentle (0.2dB/kHz) - could be an old master/analog source, not necessarily transcoded",44100,10933,22050,0.2
/home/adam/driveBig/Music/My Playlist/The Runner - Kings of Leon - Because of the Times.flac,GRADUAL_ROLLOFF,"rolloff at ~12360Hz but gentle (1.4dB/kHz) - could be an old master/analog source, not necessarily transcoded",44100,12360,22050,1.4
/home/adam/driveBig/Music/My Playlist/The Reflex - Duran Duran - Greatest.flac,GRADUAL_ROLLOFF,"rolloff at ~18406Hz but gentle (4.3dB/kHz) - could be an old master/analog source, not necessarily transcoded",44100,18406,22050,4.3
/home/adam/driveBig/Music/My Playlist/The Road I'm On - 3 Doors Down - Away From the Sun.flac,GRADUAL_ROLLOFF,"rolloff at ~20360Hz but gentle (3.1dB/kHz) - could be an old master/analog source, not necessarily transcoded",44100,20360,22050,3.1
/home/adam/driveBig/Music/My Playlist/The Same Boy You've Always Known - The White Stripes - White Blood Cells.flac,GRADUAL_ROLLOFF,"rolloff at ~15385Hz but gentle (2.1dB/kHz) - could be an old master/analog source, not necessarily transcoded",44100,15385,22050,2.1
/home/adam/driveBig/Music/My Playlist/The Smell Saved My Life - Surf Curse - Buds.flac,GRADUAL_ROLLOFF,"rolloff at ~19154Hz but gentle (3.7dB/kHz) - could be an old master/analog source, not necessarily transcoded",44100,19154,22050,3.7
/home/adam/driveBig/Music/My Playlist/The Sharpest Lives - My Chemical Romance - The Black Parade.flac,GRADUAL_ROLLOFF,"rolloff at ~17253Hz but gentle (2.5dB/kHz) - could be an old master/analog source, not necessarily transcoded",44100,17253,22050,2.5
/home/adam/driveBig/Music/My Playlist/The Sky Is Fallin' - Queens Of The Stone Age - Songs For The Deaf.flac,GRADUAL_ROLLOFF,"rolloff at ~17167Hz but gentle (3.3dB/kHz) - could be an old master/analog source, not necessarily transcoded",44100,17167,22050,3.3
/home/adam/driveBig/Music/My Playlist/The Song Is Over - The Who - Who’s Next.flac,GRADUAL_ROLLOFF,"rolloff at ~13894Hz but gentle (2.1dB/kHz) - could be an old master/analog source, not necessarily transcoded",44100,13894,22050,2.1
/home/adam/driveBig/Music/My Playlist/The Show Must Go On - Queen - Innuendo (Deluxe Edition 2011 Remaster).flac,GRADUAL_ROLLOFF,"rolloff at ~20467Hz but gentle (5.5dB/kHz) - could be an old master/analog source, not necessarily transcoded",44100,20467,22050,5.5
/home/adam/driveBig/Music/My Playlist/The Tide Is High - Blondie - The Best of Blondie.flac,GRADUAL_ROLLOFF,"rolloff at ~15520Hz but gentle (2.5dB/kHz) - could be an old master/analog source, not necessarily transcoded",44100,15520,22050,2.5
/home/adam/driveBig/Music/My Playlist/The Spectre - Alan Walker.flac,GRADUAL_ROLLOFF,"rolloff at ~20274Hz but gentle (7.8dB/kHz) - could be an old master/analog source, not necessarily transcoded",44100,20274,22050,7.8
/home/adam/driveBig/Music/My Playlist/The Sun Always Shines On T.V. - A-Ha - Hunting High And Low.flac,GRADUAL_ROLLOFF,"rolloff at ~18874Hz but gentle (1.7dB/kHz) - could be an old master/analog source, not necessarily transcoded",44100,18874,22050,1.7
/home/adam/driveBig/Music/My Playlist/The Tourist - Radiohead - OK Computer.flac,GRADUAL_ROLLOFF,"rolloff at ~19584Hz but gentle (2.3dB/kHz) - could be an old master/analog source, not necessarily transcoded",44100,19584,22050,2.3
/home/adam/driveBig/Music/My Playlist/The Sound Of Silence - Simon & Garfunkel - Greatest Hits.flac,GRADUAL_ROLLOFF,"rolloff at ~20241Hz but gentle (3.7dB/kHz) - could be an old master/analog source, not necessarily transcoded",44100,20241,22050,3.7
/home/adam/driveBig/Music/My Playlist/The Story of My Old Man - Good Charlotte - The Young and the Hopeless.flac,GRADUAL_ROLLOFF,"rolloff at ~10013Hz but gentle (1.9dB/kHz) - could be an old master/analog source, not necessarily transcoded",44100,10013,22050,1.9
/home/adam/driveBig/Music/My Playlist/The Towering Skyscraper at the End of the Road - Of Monsters and Men - All is Love and Pain in the Mouse Parade.flac,GRADUAL_ROLLOFF,"rolloff at ~19940Hz but gentle (4.4dB/kHz) - could be an old master/analog source, not necessarily transcoded",44100,19940,22050,4.4
/home/adam/driveBig/Music/My Playlist/The Unfaithful Servant - The Band - The Band.flac,GRADUAL_ROLLOFF,"rolloff at ~15752Hz but gentle (2.3dB/kHz) - could be an old master/analog source, not necessarily transcoded",44100,15752,22050,2.3
/home/adam/driveBig/Music/My Playlist/The Universal - Blur - The Best Of.flac,GRADUAL_ROLLOFF,"rolloff at ~16225Hz but gentle (4.0dB/kHz) - could be an old master/analog source, not necessarily transcoded",44100,16225,22050,4
/home/adam/driveBig/Music/My Playlist/The Towering Skyscraper at the End of the Road - Of Monsters and Men - Dream Team.flac,GRADUAL_ROLLOFF,"rolloff at ~19256Hz but gentle (6.6dB/kHz) - could be an old master/analog source, not necessarily transcoded",44100,19256,22050,6.6
/home/adam/driveBig/Music/My Playlist/The Union Forever - The White Stripes - White Blood Cells.flac,GRADUAL_ROLLOFF,"rolloff at ~16311Hz but gentle (2.6dB/kHz) - could be an old master/analog source, not necessarily transcoded",44100,16311,22050,2.6
/home/adam/driveBig/Music/My Playlist/The Vapor - Barns Courtney - Supernatural.flac,GRADUAL_ROLLOFF,"rolloff at ~18955Hz but gentle (3.8dB/kHz) - could be an old master/analog source, not necessarily transcoded",44100,18955,22050,3.8
/home/adam/driveBig/Music/My Playlist/The War Is Over - Cage The Elephant - Social Cues.flac,GRADUAL_ROLLOFF,"rolloff at ~16952Hz but gentle (0.7dB/kHz) - could be an old master/analog source, not necessarily transcoded",44100,16952,22050,0.7
/home/adam/driveBig/Music/My Playlist/The Walker - Fitz and the Tantrums - More Than Just a Dream.flac,GRADUAL_ROLLOFF,"rolloff at ~20408Hz but gentle (10.5dB/kHz) - could be an old master/analog source, not necessarily transcoded",44100,20408,22050,10.5
/home/adam/driveBig/Music/My Playlist/The Warmth - Incubus - Make Yourself.flac,GRADUAL_ROLLOFF,"rolloff at ~20855Hz but gentle (7.7dB/kHz) - could be an old master/analog source, not necessarily transcoded",44100,20855,22050,7.7
/home/adam/driveBig/Music/My Playlist/The Way It Is - The Strokes - Room on Fire.flac,GRADUAL_ROLLOFF,"rolloff at ~16607Hz but gentle (4.2dB/kHz) - could be an old master/analog source, not necessarily transcoded",44100,16607,22050,4.2
/home/adam/driveBig/Music/My Playlist/The Wild Boys - Duran Duran - Greatest.flac,GRADUAL_ROLLOFF,"rolloff at ~20553Hz but gentle (10.9dB/kHz) - could be an old master/analog source, not necessarily transcoded",44100,20553,22050,10.9
/home/adam/driveBig/Music/My Playlist/The Working Man - Creedence Clearwater Revival - Platinum.flac,GRADUAL_ROLLOFF,"rolloff at ~20042Hz but gentle (3.2dB/kHz) - could be an old master/analog source, not necessarily transcoded",44100,20042,22050,3.2
/home/adam/driveBig/Music/My Playlist/The Weekend Whip - The Fold - Ninjago Music for the Spinners.flac,GRADUAL_ROLLOFF,"rolloff at ~19068Hz but gentle (4.5dB/kHz) - could be an old master/analog source, not necessarily transcoded",44100,19068,22050,4.5
/home/adam/driveBig/Music/My Playlist/The 7 Seas - F-777 - Pirate Dance Machine.flac,GRADUAL_ROLLOFF,"rolloff at ~13873Hz but gentle (2.7dB/kHz) - could be an old master/analog source, not necessarily transcoded",44100,13873,22050,2.7
/home/adam/driveBig/Music/My Playlist/The Coast of New South Wales - Daniel Champagne - Fault Lines.flac,GRADUAL_ROLLOFF,"rolloff at ~15805Hz but gentle (2.5dB/kHz) - could be an old master/analog source, not necessarily transcoded",44100,15805,22050,2.5
/home/adam/driveBig/Music/My Playlist/The Authority Song - Jimmy Eat World - Bleed American.flac,GRADUAL_ROLLOFF,"rolloff at ~20349Hz but gentle (3.9dB/kHz) - could be an old master/analog source, not necessarily transcoded",44100,20349,22050,3.9
/home/adam/driveBig/Music/My Playlist/The End of the Line - The Offspring - Americana.flac,GRADUAL_ROLLOFF,"rolloff at ~19552Hz but gentle (2.1dB/kHz) - could be an old master/analog source, not necessarily transcoded",44100,19552,22050,2.1
/home/adam/driveBig/Music/My Playlist/The Great Dividing Range - Daniel Champagne - Trying To Hold The Setting Sun.flac,GRADUAL_ROLLOFF,"rolloff at ~20753Hz but gentle (8.7dB/kHz) - could be an old master/analog source, not necessarily transcoded",44100,20753,22050,8.7
/home/adam/driveBig/Music/My Playlist/The Young & the Hopeless - Good Charlotte - The Young and the Hopeless.flac,GRADUAL_ROLLOFF,"rolloff at ~6261Hz but gentle (3.4dB/kHz) - could be an old master/analog source, not necessarily transcoded",44100,6261,22050,3.4
/home/adam/driveBig/Music/My Playlist/The Wrong Direction - Passenger - All the Little Lights.flac,GRADUAL_ROLLOFF,"rolloff at ~20602Hz but gentle (3.8dB/kHz) - could be an old master/analog source, not necessarily transcoded",44100,20602,22050,3.8
/home/adam/driveBig/Music/My Playlist/The Wrong Side of History - Red Vox - What Could Go Wrong.flac,GRADUAL_ROLLOFF,"rolloff at ~20952Hz but gentle (7.9dB/kHz) - could be an old master/analog source, not necessarily transcoded",44100,20952,22050,7.9
/home/adam/driveBig/Music/My Playlist/There She Goes - Red Vox - What Could Go Wrong.flac,GRADUAL_ROLLOFF,"rolloff at ~20026Hz but gentle (3.4dB/kHz) - could be an old master/analog source, not necessarily transcoded",44100,20026,22050,3.4
/home/adam/driveBig/Music/My Playlist/There's No Other Way - Blur - The Best Of.flac,GRADUAL_ROLLOFF,"rolloff at ~19482Hz but gentle (1.2dB/kHz) - could be an old master/analog source, not necessarily transcoded",44100,19482,22050,1.2
/home/adam/driveBig/Music/My Playlist/There’s No Home for You Here - The White Stripes - Elephant.flac,GRADUAL_ROLLOFF,"rolloff at ~16618Hz but gentle (2.4dB/kHz) - could be an old master/analog source, not necessarily transcoded",44100,16618,22050,2.4
/home/adam/driveBig/Music/My Playlist/There's No Solution - Sum 41 - Chuck.flac,GRADUAL_ROLLOFF,"rolloff at ~17620Hz but gentle (2.1dB/kHz) - could be an old master/analog source, not necessarily transcoded",44100,17620,22050,2.1
/home/adam/driveBig/Music/My Playlist/They're Red Hot - Red Hot Chili Peppers - Blood Sugar Sex Magik.flac,GRADUAL_ROLLOFF,"rolloff at ~18825Hz but gentle (2.5dB/kHz) - could be an old master/analog source, not necessarily transcoded",44100,18825,22050,2.5
/home/adam/driveBig/Music/My Playlist/Things in My Life - Men Without Hats - Rhythm Of Youth (Expanded Edition).flac,GRADUAL_ROLLOFF,"rolloff at ~20968Hz but gentle (7.7dB/kHz) - could be an old master/analog source, not necessarily transcoded",44100,20968,22050,7.7
/home/adam/driveBig/Music/My Playlist/These Times Are Changing - The Struts - Everybody Wants.flac,GRADUAL_ROLLOFF,"rolloff at ~20946Hz but gentle (11.6dB/kHz) - could be an old master/analog source, not necessarily transcoded",44100,20946,22050,11.6
/home/adam/driveBig/Music/My Playlist/Things That Stop You Dreaming - Passenger - All the Little Lights.flac,GRADUAL_ROLLOFF,"rolloff at ~19493Hz but gentle (1.9dB/kHz) - could be an old master/analog source, not necessarily transcoded",44100,19493,22050,1.9
/home/adam/driveBig/Music/My Playlist/Thinking - NF - The Search.flac,GRADUAL_ROLLOFF,"rolloff at ~14395Hz but gentle (3.9dB/kHz) - could be an old master/analog source, not necessarily transcoded",44100,14395,22050,3.9
/home/adam/driveBig/Music/My Playlist/Things We Never Say - Bad Bad Hats - Psychic Reader.flac,GRADUAL_ROLLOFF,"rolloff at ~20376Hz but gentle (2.4dB/kHz) - could be an old master/analog source, not necessarily transcoded",44100,20376,22050,2.4
"/home/adam/driveBig/Music/My Playlist/This Ain't A Scene, It's An Arms Race - Fall Out Boy - Infinity On High.flac",GRADUAL_ROLLOFF,"rolloff at ~14395Hz but gentle (1.4dB/kHz) - could be an old master/analog source, not necessarily transcoded",44100,14395,22050,1.4
/home/adam/driveBig/Music/My Playlist/This Fffire - Franz Ferdinand - Franz Ferdinand.flac,GRADUAL_ROLLOFF,"rolloff at ~18287Hz but gentle (1.3dB/kHz) - could be an old master/analog source, not necessarily transcoded",44100,18287,22050,1.3
/home/adam/driveBig/Music/My Playlist/This Fire - Franz Ferdinand - Franz Ferdinand.flac,GRADUAL_ROLLOFF,"rolloff at ~15132Hz but gentle (2.6dB/kHz) - could be an old master/analog source, not necessarily transcoded",44100,15132,22050,2.6
/home/adam/driveBig/Music/My Playlist/This Is How I Disappear - My Chemical Romance - The Black Parade.flac,GRADUAL_ROLLOFF,"rolloff at ~18169Hz but gentle (1.0dB/kHz) - could be an old master/analog source, not necessarily transcoded",44100,18169,22050,1
/home/adam/driveBig/Music/My Playlist/This House Is A Circus - Arctic Monkeys - Favourite Worst Nightmare.flac,GRADUAL_ROLLOFF,"rolloff at ~17797Hz but gentle (1.4dB/kHz) - could be an old master/analog source, not necessarily transcoded",44100,17797,22050,1.4
/home/adam/driveBig/Music/My Playlist/This is the Place - Red Hot Chili Peppers - By the Way.flac,GRADUAL_ROLLOFF,"rolloff at ~20747Hz but gentle (7.3dB/kHz) - could be an old master/analog source, not necessarily transcoded",44100,20747,22050,7.3
/home/adam/driveBig/Music/My Playlist/This Picture - Placebo - Sleeping With Ghosts.flac,GRADUAL_ROLLOFF,"rolloff at ~19466Hz but gentle (0.6dB/kHz) - could be an old master/analog source, not necessarily transcoded",44100,19466,22050,0.6
/home/adam/driveBig/Music/My Playlist/This Must Be the Place (Naïve Melody) - The Lumineers - The Lumineers.flac,GRADUAL_ROLLOFF,"rolloff at ~17297Hz but gentle (1.3dB/kHz) - could be an old master/analog source, not necessarily transcoded",44100,17297,22050,1.3
/home/adam/driveBig/Music/My Playlist/This Ticonderoga - Red Hot Chili Peppers - The Getaway.flac,GRADUAL_ROLLOFF,"rolloff at ~20543Hz but gentle (5.9dB/kHz) - could be an old master/analog source, not necessarily transcoded",44100,20543,22050,5.9
/home/adam/driveBig/Music/My Playlist/This Protector - The White Stripes - White Blood Cells.flac,GRADUAL_ROLLOFF,"rolloff at ~12403Hz but gentle (0.6dB/kHz) - could be an old master/analog source, not necessarily transcoded",44100,12403,22050,0.6
/home/adam/driveBig/Music/My Playlist/This Place Is Death - Deftones - Diamond Eyes.flac,GRADUAL_ROLLOFF,"rolloff at ~17991Hz but gentle (3.2dB/kHz) - could be an old master/analog source, not necessarily transcoded",44100,17991,22050,3.2
/home/adam/driveBig/Music/My Playlist/This Time I'm in It for Love - Player - The Best of Player.flac,GRADUAL_ROLLOFF,"rolloff at ~19622Hz but gentle (7.8dB/kHz) - could be an old master/analog source, not necessarily transcoded",44100,19622,22050,7.8
/home/adam/driveBig/Music/My Playlist/This Time - 3 Doors Down - Away From the Sun.flac,GRADUAL_ROLLOFF,"rolloff at ~21027Hz but gentle (9.4dB/kHz) - could be an old master/analog source, not necessarily transcoded",44100,21027,22050,9.4
/home/adam/driveBig/Music/My Playlist/Three-Thirty - AJR - The Click (Deluxe Edition).flac,GRADUAL_ROLLOFF,"rolloff at ~15353Hz but gentle (3.8dB/kHz) - could be an old master/analog source, not necessarily transcoded",44100,15353,22050,3.8
/home/adam/driveBig/Music/My Playlist/Thistle & Weeds - Mumford & Sons - Sigh No More.flac,GRADUAL_ROLLOFF,"rolloff at ~17447Hz but gentle (2.1dB/kHz) - could be an old master/analog source, not necessarily transcoded",44100,17447,22050,2.1
/home/adam/driveBig/Music/My Playlist/This Velvet Glove - Red Hot Chili Peppers - Californication.flac,GRADUAL_ROLLOFF,"rolloff at ~15547Hz but gentle (2.8dB/kHz) - could be an old master/analog source, not necessarily transcoded",44100,15547,22050,2.8
/home/adam/driveBig/Music/My Playlist/Thousand Eyes - Of Monsters and Men - Beneath The Skin (Deluxe).flac,GRADUAL_ROLLOFF,"rolloff at ~13695Hz but gentle (2.6dB/kHz) - could be an old master/analog source, not necessarily transcoded",44100,13695,22050,2.6
/home/adam/driveBig/Music/My Playlist/Those Nights - Skillet - Comatose.flac,GRADUAL_ROLLOFF,"rolloff at ~19811Hz but gentle (1.9dB/kHz) - could be an old master/analog source, not necessarily transcoded",44100,19811,22050,1.9
/home/adam/driveBig/Music/My Playlist/Thug - ZZ Top - Eliminator.flac,GRADUAL_ROLLOFF,"rolloff at ~20085Hz but gentle (1.7dB/kHz) - could be an old master/analog source, not necessarily transcoded",44100,20085,22050,1.7
"/home/adam/driveBig/Music/My Playlist/THUNDRRR - Quadeca - Vanisher, Horizon Scraper.flac",GRADUAL_ROLLOFF,"rolloff at ~19800Hz but gentle (3.4dB/kHz) - could be an old master/analog source, not necessarily transcoded",44100,19800,22050,3.4
/home/adam/driveBig/Music/My Playlist/Till the Sun Comes Up Again - America - Homecoming.flac,GRADUAL_ROLLOFF,"rolloff at ~15579Hz but gentle (3.6dB/kHz) - could be an old master/analog source, not necessarily transcoded",44100,15579,22050,3.6
/home/adam/driveBig/Music/My Playlist/Tie Your Mother Down - Queen - A Day At The Races (Deluxe Edition 2011 Remaster).flac,GRADUAL_ROLLOFF,"rolloff at ~15477Hz but gentle (1.7dB/kHz) - could be an old master/analog source, not necessarily transcoded",44100,15477,22050,1.7
/home/adam/driveBig/Music/My Playlist/Time in Disguise - Kings of Leon - When You See Yourself.flac,GRADUAL_ROLLOFF,"rolloff at ~20887Hz but gentle (10.7dB/kHz) - could be an old master/analog source, not necessarily transcoded",44100,20887,22050,10.7
/home/adam/driveBig/Music/My Playlist/Time Has Come Again - The Last Shadow Puppets - The Age Of The Understatement.flac,GRADUAL_ROLLOFF,"rolloff at ~18228Hz but gentle (1.7dB/kHz) - could be an old master/analog source, not necessarily transcoded",44100,18228,22050,1.7
/home/adam/driveBig/Music/My Playlist/Tidal Wave - Portugal. The Man - Woodstock.flac,GRADUAL_ROLLOFF,"rolloff at ~17582Hz but gentle (2.1dB/kHz) - could be an old master/analog source, not necessarily transcoded",44100,17582,22050,2.1
/home/adam/driveBig/Music/My Playlist/Time To Cry - Roy Orbison - The Very Best Of.flac,GRADUAL_ROLLOFF,"rolloff at ~16774Hz but gentle (3.3dB/kHz) - could be an old master/analog source, not necessarily transcoded",44100,16774,22050,3.3
/home/adam/driveBig/Music/My Playlist/Timothy - Jet - Get Born.flac,GRADUAL_ROLLOFF,"rolloff at ~21081Hz but gentle (10.9dB/kHz) - could be an old master/analog source, not necessarily transcoded",44100,21081,22050,10.9
/home/adam/driveBig/Music/My Playlist/Timezone - Måneskin - Rush!.flac,GRADUAL_ROLLOFF,"rolloff at ~18815Hz but gentle (4.0dB/kHz) - could be an old master/analog source, not necessarily transcoded",44100,18815,22050,4
/home/adam/driveBig/Music/My Playlist/Timshel - Mumford & Sons - Sigh No More.flac,GRADUAL_ROLLOFF,"rolloff at ~17636Hz but gentle (2.3dB/kHz) - could be an old master/analog source, not necessarily transcoded",44100,17636,22050,2.3
/home/adam/driveBig/Music/My Playlist/To Each His Own - America - Homecoming.flac,GRADUAL_ROLLOFF,"rolloff at ~14982Hz but gentle (2.6dB/kHz) - could be an old master/analog source, not necessarily transcoded",44100,14982,22050,2.6
/home/adam/driveBig/Music/My Playlist/Tiny Little Robots - Cage The Elephant - Cage The Elephant.flac,GRADUAL_ROLLOFF,"rolloff at ~20726Hz but gentle (7.8dB/kHz) - could be an old master/analog source, not necessarily transcoded",44100,20726,22050,7.8
/home/adam/driveBig/Music/My Playlist/To Here Knows When - My Bloody Valentine - Loveless.flac,GRADUAL_ROLLOFF,"rolloff at ~19488Hz but gentle (5.1dB/kHz) - could be an old master/analog source, not necessarily transcoded",44100,19488,22050,5.1
/home/adam/driveBig/Music/My Playlist/To the End - Blur - The Best Of.flac,GRADUAL_ROLLOFF,"rolloff at ~18648Hz but gentle (-0.7dB/kHz) - could be an old master/analog source, not necessarily transcoded",44100,18648,22050,-0.7
/home/adam/driveBig/Music/My Playlist/Today - Jefferson Airplane - Surrealistic Pillow.flac,GRADUAL_ROLLOFF,"rolloff at ~13738Hz but gentle (6.3dB/kHz) - could be an old master/analog source, not necessarily transcoded",44100,13738,22050,6.3
/home/adam/driveBig/Music/My Playlist/Tokyo Smoke - Cage The Elephant - Social Cues.flac,GRADUAL_ROLLOFF,"rolloff at ~16634Hz but gentle (3.7dB/kHz) - could be an old master/analog source, not necessarily transcoded",44100,16634,22050,3.7
/home/adam/driveBig/Music/My Playlist/Too Late To Say Goodbye - Cage The Elephant - Tell Me I'm Pretty.flac,GRADUAL_ROLLOFF,"rolloff at ~20747Hz but gentle (10.7dB/kHz) - could be an old master/analog source, not necessarily transcoded",44100,20747,22050,10.7
/home/adam/driveBig/Music/My Playlist/Today - Smashing Pumpkins - Siamese Dream.flac,GRADUAL_ROLLOFF,"rolloff at ~17517Hz but gentle (1.8dB/kHz) - could be an old master/analog source, not necessarily transcoded",44100,17517,22050,1.8
/home/adam/driveBig/Music/My Playlist/Too Long - Daft Punk - Discovery.flac,GRADUAL_ROLLOFF,"rolloff at ~7752Hz but gentle (3.1dB/kHz) - could be an old master/analog source, not necessarily transcoded",44100,7752,22050,3.1
/home/adam/driveBig/Music/My Playlist/Too Much Monkey Business - The Kinks - Kinks.flac,GRADUAL_ROLLOFF,"rolloff at ~18917Hz but gentle (3.0dB/kHz) - could be an old master/analog source, not necessarily transcoded",44100,18917,22050,3
/home/adam/driveBig/Music/My Playlist/Too Much of Anything - The Who - Who’s Next.flac,GRADUAL_ROLLOFF,"rolloff at ~16538Hz but gentle (4.3dB/kHz) - could be an old master/analog source, not necessarily transcoded",44100,16538,22050,4.3
/home/adam/driveBig/Music/My Playlist/Too Young to Die - Barns Courtney - Supernatural.flac,GRADUAL_ROLLOFF,"rolloff at ~18669Hz but gentle (2.3dB/kHz) - could be an old master/analog source, not necessarily transcoded",44100,18669,22050,2.3
/home/adam/driveBig/Music/My Playlist/Too Sweet - Hozier - Unheard.flac,GRADUAL_ROLLOFF,"rolloff at ~20381Hz but gentle (4.8dB/kHz) - could be an old master/analog source, not necessarily transcoded",44100,20381,22050,4.8
/home/adam/driveBig/Music/My Playlist/Top of the World - The All-American Rejects - Move Along.flac,GRADUAL_ROLLOFF,"rolloff at ~20387Hz but gentle (5.3dB/kHz) - could be an old master/analog source, not necessarily transcoded",44100,20387,22050,5.3
/home/adam/driveBig/Music/My Playlist/Torna A Casa - Måneskin - Il Ballo Della Vita.flac,GRADUAL_ROLLOFF,"rolloff at ~18357Hz but gentle (3.4dB/kHz) - could be an old master/analog source, not necessarily transcoded",44100,18357,22050,3.4
/home/adam/driveBig/Music/My Playlist/Toorisugita Kisetsu No Sora De - THE ORAL CIGARETTES - FIXION.flac,GRADUAL_ROLLOFF,"rolloff at ~18750Hz but gentle (2.7dB/kHz) - could be an old master/analog source, not necessarily transcoded",44100,18750,22050,2.7
/home/adam/driveBig/Music/My Playlist/Torture Me - Red Hot Chili Peppers - Stadium Arcadium.flac,GRADUAL_ROLLOFF,"rolloff at ~18061Hz but gentle (1.9dB/kHz) - could be an old master/analog source, not necessarily transcoded",44100,18061,22050,1.9
/home/adam/driveBig/Music/My Playlist/Touch - Daft Punk - Random Access Memories.flac,GRADUAL_ROLLOFF,"rolloff at ~15213Hz but gentle (0.7dB/kHz) - could be an old master/analog source, not necessarily transcoded",44100,15213,22050,0.7
/home/adam/driveBig/Music/My Playlist/Touch Me - The Doors - Greatest Hits.flac,GRADUAL_ROLLOFF,"rolloff at ~14540Hz but gentle (2.3dB/kHz) - could be an old master/analog source, not necessarily transcoded",44100,14540,22050,2.3
/home/adam/driveBig/Music/My Playlist/Tot Musica - Ado - Uta's Songs One Piece Film Red.flac,GRADUAL_ROLLOFF,"rolloff at ~16570Hz but gentle (2.4dB/kHz) - could be an old master/analog source, not necessarily transcoded",44100,16570,22050,2.4
/home/adam/driveBig/Music/My Playlist/Touched - My Bloody Valentine - Loveless.flac,GRADUAL_ROLLOFF,"rolloff at ~18524Hz but gentle (1.1dB/kHz) - could be an old master/analog source, not necessarily transcoded",44100,18524,22050,1.1
/home/adam/driveBig/Music/My Playlist/Touching The Untouchables - Men at Work - Business As Usual.flac,GRADUAL_ROLLOFF,"rolloff at ~17038Hz but gentle (3.0dB/kHz) - could be an old master/analog source, not necessarily transcoded",44100,17038,22050,3
/home/adam/driveBig/Music/My Playlist/tourette's - Nirvana - In Utero.flac,GRADUAL_ROLLOFF,"rolloff at ~16279Hz but gentle (2.6dB/kHz) - could be an old master/analog source, not necessarily transcoded",44100,16279,22050,2.6
/home/adam/driveBig/Music/My Playlist/tower of memories - ivri - the theory of you.flac,GRADUAL_ROLLOFF,"rolloff at ~18158Hz but gentle (2.0dB/kHz) - could be an old master/analog source, not necessarily transcoded",44100,18158,22050,2
/home/adam/driveBig/Music/My Playlist/Township Rebellion - Rage Against the Machine - Rage Against the Machine.flac,GRADUAL_ROLLOFF,"rolloff at ~18104Hz but gentle (-0.4dB/kHz) - could be an old master/analog source, not necessarily transcoded",44100,18104,22050,-0.4
/home/adam/driveBig/Music/My Playlist/Toxic - BoyWithUke.flac,GRADUAL_ROLLOFF,"rolloff at ~19143Hz but gentle (2.9dB/kHz) - could be an old master/analog source, not necessarily transcoded",44100,19143,22050,2.9
/home/adam/driveBig/Music/My Playlist/Townie - Mitski - bury me at makeout creek.flac,GRADUAL_ROLLOFF,"rolloff at ~12958Hz but gentle (4.2dB/kHz) - could be an old master/analog source, not necessarily transcoded",44100,12958,22050,4.2
/home/adam/driveBig/Music/My Playlist/Train Leaves Here This Morning - Eagles - Eagles.flac,GRADUAL_ROLLOFF,"rolloff at ~18212Hz but gentle (3.2dB/kHz) - could be an old master/analog source, not necessarily transcoded",44100,18212,22050,3.2
/home/adam/driveBig/Music/My Playlist/Trampoline - Shaed.flac,GRADUAL_ROLLOFF,"rolloff at ~20580Hz but gentle (7.0dB/kHz) - could be an old master/analog source, not necessarily transcoded",44100,20580,22050,7
/home/adam/driveBig/Music/My Playlist/Trastevere - Måneskin - Rush! (Are U Coming).flac,GRADUAL_ROLLOFF,"rolloff at ~19401Hz but gentle (8.4dB/kHz) - could be an old master/analog source, not necessarily transcoded",44100,19401,22050,8.4
/home/adam/driveBig/Music/My Playlist/Transparent Soul - Willow; Travis Barker - Singles.flac,GRADUAL_ROLLOFF,"rolloff at ~19482Hz but gentle (5.7dB/kHz) - could be an old master/analog source, not necessarily transcoded",44100,19482,22050,5.7
/home/adam/driveBig/Music/My Playlist/Trauma - BoyWithUke.flac,GRADUAL_ROLLOFF,"rolloff at ~16904Hz but gentle (2.7dB/kHz) - could be an old master/analog source, not necessarily transcoded",44100,16904,22050,2.7
/home/adam/driveBig/Music/My Playlist/Trauma - NF - The Search.flac,GRADUAL_ROLLOFF,"rolloff at ~7047Hz but gentle (3.4dB/kHz) - could be an old master/analog source, not necessarily transcoded",44100,7047,22050,3.4
/home/adam/driveBig/Music/My Playlist/Travelin’ Band - Creedence Clearwater Revival - Platinum.flac,GRADUAL_ROLLOFF,"rolloff at ~20693Hz but gentle (7.2dB/kHz) - could be an old master/analog source, not necessarily transcoded",44100,20693,22050,7.2
/home/adam/driveBig/Music/My Playlist/Traveling On - Kongos - Lunatic.flac,GRADUAL_ROLLOFF,"rolloff at ~13507Hz but gentle (-0.1dB/kHz) - could be an old master/analog source, not necessarily transcoded",44100,13507,22050,-0.1
/home/adam/driveBig/Music/My Playlist/Treacherous Doctor - Wallows - Nothing Happens.flac,GRADUAL_ROLLOFF,"rolloff at ~20666Hz but gentle (8.7dB/kHz) - could be an old master/analog source, not necessarily transcoded",44100,20666,22050,8.7
/home/adam/driveBig/Music/My Playlist/Triad - Tool - Lateralus.flac,GRADUAL_ROLLOFF,"rolloff at ~20543Hz but gentle (10.2dB/kHz) - could be an old master/analog source, not necessarily transcoded",44100,20543,22050,10.2
/home/adam/driveBig/Music/My Playlist/Treat Me (Interlude) - Balu Brigada - Almost Feel Good Mixtape.flac,GRADUAL_ROLLOFF,"rolloff at ~20193Hz but gentle (4.9dB/kHz) - could be an old master/analog source, not necessarily transcoded",44100,20193,22050,4.9
/home/adam/driveBig/Music/My Playlist/Trespass - Rich Brian - Amen.flac,GRADUAL_ROLLOFF,"rolloff at ~20230Hz but gentle (7.6dB/kHz) - could be an old master/analog source, not necessarily transcoded",44100,20230,22050,7.6
/home/adam/driveBig/Music/My Playlist/Turn This Off! - Blink-182 - One More Time....flac,GRADUAL_ROLLOFF,"rolloff at ~18836Hz but gentle (3.2dB/kHz) - could be an old master/analog source, not necessarily transcoded",44100,18836,22050,3.2
/home/adam/driveBig/Music/My Playlist/Turn This Off! - Blink-182 - One More Time... Part-2.flac,GRADUAL_ROLLOFF,"rolloff at ~18836Hz but gentle (3.3dB/kHz) - could be an old master/analog source, not necessarily transcoded",44100,18836,22050,3.3
/home/adam/driveBig/Music/My Playlist/Trix in the Bag - Tai Verdes - HDTV.flac,GRADUAL_ROLLOFF,"rolloff at ~18136Hz but gentle (5.8dB/kHz) - could be an old master/analog source, not necessarily transcoded",44100,18136,22050,5.8
/home/adam/driveBig/Music/My Playlist/Turn Away - Beck - Morning Phase.flac,GRADUAL_ROLLOFF,"rolloff at ~16085Hz but gentle (10.3dB/kHz) - could be an old master/analog source, not necessarily transcoded",44100,16085,22050,10.3
/home/adam/driveBig/Music/My Playlist/Tunnel Of Love - Dire Straits - Making Movies.flac,GRADUAL_ROLLOFF,"rolloff at ~14212Hz but gentle (1.1dB/kHz) - could be an old master/analog source, not necessarily transcoded",44100,14212,22050,1.1
/home/adam/driveBig/Music/My Playlist/Trouble - Coldplay - Parachutes.flac,GRADUAL_ROLLOFF,"rolloff at ~20381Hz but gentle (2.8dB/kHz) - could be an old master/analog source, not necessarily transcoded",44100,20381,22050,2.8
/home/adam/driveBig/Music/My Playlist/Turn My Back - NF - Hope.flac,GRADUAL_ROLLOFF,"rolloff at ~16575Hz but gentle (5.2dB/kHz) - could be an old master/analog source, not necessarily transcoded",44100,16575,22050,5.2
/home/adam/driveBig/Music/My Playlist/Turn It Again - Red Hot Chili Peppers - Stadium Arcadium.flac,GRADUAL_ROLLOFF,"rolloff at ~19816Hz but gentle (1.8dB/kHz) - could be an old master/analog source, not necessarily transcoded",44100,19816,22050,1.8
/home/adam/driveBig/Music/My Playlist/Turn It Off - Paramore - Brand New Eyes.flac,GRADUAL_ROLLOFF,"rolloff at ~16489Hz but gentle (2.7dB/kHz) - could be an old master/analog source, not necessarily transcoded",44100,16489,22050,2.7
/home/adam/driveBig/Music/My Playlist/Turn on Me - The Shins - Wincing the Night Away.flac,GRADUAL_ROLLOFF,"rolloff at ~16021Hz but gentle (1.7dB/kHz) - could be an old master/analog source, not necessarily transcoded",44100,16021,22050,1.7
/home/adam/driveBig/Music/My Playlist/Turn To Stone - Electric Light Orchestra - Out of the Blue.flac,GRADUAL_ROLLOFF,"rolloff at ~20656Hz but gentle (9.0dB/kHz) - could be an old master/analog source, not necessarily transcoded",44100,20656,22050,9
/home/adam/driveBig/Music/My Playlist/Turning Out Pt. ii - AJR - Neotheater.flac,GRADUAL_ROLLOFF,"rolloff at ~19827Hz but gentle (5.7dB/kHz) - could be an old master/analog source, not necessarily transcoded",44100,19827,22050,5.7
/home/adam/driveBig/Music/My Playlist/Turning Out - AJR - The Click (Deluxe Edition).flac,GRADUAL_ROLLOFF,"rolloff at ~20570Hz but gentle (4.1dB/kHz) - could be an old master/analog source, not necessarily transcoded",44100,20570,22050,4.1
/home/adam/driveBig/Music/My Playlist/Turpentine - Blink-182 - One More Time... Part-2.flac,GRADUAL_ROLLOFF,"rolloff at ~17437Hz but gentle (2.4dB/kHz) - could be an old master/analog source, not necessarily transcoded",44100,17437,22050,2.4
/home/adam/driveBig/Music/My Playlist/Tush - ZZ Top - Dazed and Confused.flac,GRADUAL_ROLLOFF,"rolloff at ~20257Hz but gentle (11.3dB/kHz) - could be an old master/analog source, not necessarily transcoded",44100,20257,22050,11.3
/home/adam/driveBig/Music/My Playlist/Turning Out Pt. iii - AJR - The Maybe Man.flac,GRADUAL_ROLLOFF,"rolloff at ~20268Hz but gentle (9.7dB/kHz) - could be an old master/analog source, not necessarily transcoded",44100,20268,22050,9.7
/home/adam/driveBig/Music/My Playlist/This Time I Won’t Forget - Kongos - Lunatic.flac,GRADUAL_ROLLOFF,"rolloff at ~9243Hz but gentle (1.7dB/kHz) - could be an old master/analog source, not necessarily transcoded",44100,9243,22050,1.7
/home/adam/driveBig/Music/My Playlist/This Is a Low - Blur - The Best Of.flac,GRADUAL_ROLLOFF,"rolloff at ~15622Hz but gentle (2.2dB/kHz) - could be an old master/analog source, not necessarily transcoded",44100,15622,22050,2.2
/home/adam/driveBig/Music/My Playlist/These Are the Days of Our Lives - Queen - Innuendo (Deluxe Edition 2011 Remaster).flac,GRADUAL_ROLLOFF,"rolloff at ~17194Hz but gentle (3.3dB/kHz) - could be an old master/analog source, not necessarily transcoded",44100,17194,22050,3.3
/home/adam/driveBig/Music/My Playlist/Time - NF - The Search.flac,GRADUAL_ROLLOFF,"rolloff at ~14653Hz but gentle (0.9dB/kHz) - could be an old master/analog source, not necessarily transcoded",44100,14653,22050,0.9
/home/adam/driveBig/Music/My Playlist/The World I Know - Collective Soul - Collective Soul.flac,GRADUAL_ROLLOFF,"rolloff at ~20241Hz but gentle (1.5dB/kHz) - could be an old master/analog source, not necessarily transcoded",44100,20241,22050,1.5
/home/adam/driveBig/Music/My Playlist/Tuna in a Can - Of Monsters and Men - All is Love and Pain in the Mouse Parade.flac,GRADUAL_ROLLOFF,"rolloff at ~18330Hz but gentle (2.4dB/kHz) - could be an old master/analog source, not necessarily transcoded",44100,18330,22050,2.4
/home/adam/driveBig/Music/My Playlist/Twenty One - The Cranberries - No Need to Argue.flac,GRADUAL_ROLLOFF,"rolloff at ~17189Hz but gentle (3.8dB/kHz) - could be an old master/analog source, not necessarily transcoded",44100,17189,22050,3.8
/home/adam/driveBig/Music/My Playlist/Trauma - BoyWithUke - Lucid Dreams.flac,GRADUAL_ROLLOFF,"rolloff at ~16904Hz but gentle (2.7dB/kHz) - could be an old master/analog source, not necessarily transcoded",44100,16904,22050,2.7
/home/adam/driveBig/Music/My Playlist/Twin Fantasy (Those Boys) - Car Seat Headrest - Twin Fantasy.flac,GRADUAL_ROLLOFF,"rolloff at ~20909Hz but gentle (10.0dB/kHz) - could be an old master/analog source, not necessarily transcoded",44100,20909,22050,10
/home/adam/driveBig/Music/My Playlist/Twin Fantasy (Those Boys) - Car Seat Headrest - Twin Fantasy (Mirror To Mirror).flac,GRADUAL_ROLLOFF,"rolloff at ~13604Hz but gentle (3.1dB/kHz) - could be an old master/analog source, not necessarily transcoded",44100,13604,22050,3.1
/home/adam/driveBig/Music/My Playlist/Twentythree - Yellowcard - Ocean Avenue.flac,GRADUAL_ROLLOFF,"rolloff at ~20537Hz but gentle (5.7dB/kHz) - could be an old master/analog source, not necessarily transcoded",44100,20537,22050,5.7
/home/adam/driveBig/Music/My Playlist/Two Moons - BoyWithUke - Fever Dreams.flac,GRADUAL_ROLLOFF,"rolloff at ~20220Hz but gentle (8.6dB/kHz) - could be an old master/analog source, not necessarily transcoded",44100,20220,22050,8.6
/home/adam/driveBig/Music/My Playlist/TWO SUGARS - Tai Verdes - HDTV.flac,GRADUAL_ROLLOFF,"rolloff at ~20360Hz but gentle (7.6dB/kHz) - could be an old master/analog source, not necessarily transcoded",44100,20360,22050,7.6
/home/adam/driveBig/Music/My Playlist/u mad! - bbno$ - eat ya veggies.flac,GRADUAL_ROLLOFF,"rolloff at ~16112Hz but gentle (3.7dB/kHz) - could be an old master/analog source, not necessarily transcoded",44100,16112,22050,3.7
/home/adam/driveBig/Music/My Playlist/Under a Dome - Of Monsters and Men - Fever Dream.flac,GRADUAL_ROLLOFF,"rolloff at ~15466Hz but gentle (0.1dB/kHz) - could be an old master/analog source, not necessarily transcoded",44100,15466,22050,0.1
/home/adam/driveBig/Music/My Playlist/Under Control - The Strokes - Room on Fire.flac,GRADUAL_ROLLOFF,"rolloff at ~21027Hz but gentle (11.1dB/kHz) - could be an old master/analog source, not necessarily transcoded",44100,21027,22050,11.1
/home/adam/driveBig/Music/My Playlist/Um Chagga Lagga - Pixies - Head Carrier.flac,GRADUAL_ROLLOFF,"rolloff at ~18976Hz but gentle (1.8dB/kHz) - could be an old master/analog source, not necessarily transcoded",44100,18976,22050,1.8
/home/adam/driveBig/Music/My Playlist/Under My Thumb - The Rolling Stones - Aftermath.flac,GRADUAL_ROLLOFF,"rolloff at ~15665Hz but gentle (0.8dB/kHz) - could be an old master/analog source, not necessarily transcoded",44100,15665,22050,0.8
/home/adam/driveBig/Music/My Playlist/Under Pressure - David Bowie - Hot Space (Remastered 2011).flac,GRADUAL_ROLLOFF,"rolloff at ~16742Hz but gentle (2.5dB/kHz) - could be an old master/analog source, not necessarily transcoded",44100,16742,22050,2.5
/home/adam/driveBig/Music/My Playlist/Under the Bridge - Red Hot Chili Peppers - Blood Sugar Sex Magik.flac,GRADUAL_ROLLOFF,"rolloff at ~20736Hz but gentle (6.2dB/kHz) - could be an old master/analog source, not necessarily transcoded",44100,20736,22050,6.2
"/home/adam/driveBig/Music/My Playlist/Unfair - Pavement - Crooked Rain, Crooked Rain.flac",GRADUAL_ROLLOFF,"rolloff at ~18685Hz but gentle (3.9dB/kHz) - could be an old master/analog source, not necessarily transcoded",44100,18685,22050,3.9
/home/adam/driveBig/Music/My Playlist/Unforgiving Girl (She's Not An) - Car Seat Headrest - Teens Of Denial.flac,GRADUAL_ROLLOFF,"rolloff at ~20279Hz but gentle (3.3dB/kHz) - could be an old master/analog source, not necessarily transcoded",44100,20279,22050,3.3
/home/adam/driveBig/Music/My Playlist/Unforgiven - Beck - Morning Phase.flac,GRADUAL_ROLLOFF,"rolloff at ~14966Hz but gentle (1.8dB/kHz) - could be an old master/analog source, not necessarily transcoded",44100,14966,22050,1.8
/home/adam/driveBig/Music/My Playlist/Understand - BoyWithUke - Serotonin Dreams.flac,GRADUAL_ROLLOFF,"rolloff at ~21070Hz but gentle (11.6dB/kHz) - could be an old master/analog source, not necessarily transcoded",44100,21070,22050,11.6
/home/adam/driveBig/Music/My Playlist/UNDERWATER BOI - Turnstile - GLOW ON.flac,GRADUAL_ROLLOFF,"rolloff at ~19326Hz but gentle (1.6dB/kHz) - could be an old master/analog source, not necessarily transcoded",44100,19326,22050,1.6
/home/adam/driveBig/Music/My Playlist/Union City Blue - Blondie - The Best of Blondie.flac,GRADUAL_ROLLOFF,"rolloff at ~16634Hz but gentle (2.7dB/kHz) - could be an old master/analog source, not necessarily transcoded",44100,16634,22050,2.7
/home/adam/driveBig/Music/My Playlist/Universally Speaking - Red Hot Chili Peppers - By the Way.flac,GRADUAL_ROLLOFF,"rolloff at ~17253Hz but gentle (4.1dB/kHz) - could be an old master/analog source, not necessarily transcoded",44100,17253,22050,4.1
/home/adam/driveBig/Music/My Playlist/Untitled - Collective Soul - Collective Soul.flac,GRADUAL_ROLLOFF,"rolloff at ~20473Hz but gentle (3.7dB/kHz) - could be an old master/analog source, not necessarily transcoded",44100,20473,22050,3.7
/home/adam/driveBig/Music/My Playlist/Union of the Snake - Duran Duran - Greatest.flac,GRADUAL_ROLLOFF,"rolloff at ~18217Hz but gentle (2.4dB/kHz) - could be an old master/analog source, not necessarily transcoded",44100,18217,22050,2.4
/home/adam/driveBig/Music/My Playlist/Up on Cripple Creek - The Band - The Band.flac,GRADUAL_ROLLOFF,"rolloff at ~16726Hz but gentle (2.2dB/kHz) - could be an old master/analog source, not necessarily transcoded",44100,16726,22050,2.2
/home/adam/driveBig/Music/My Playlist/Up in Smoke - Tigercub - Abstract Figures in the Dark.flac,GRADUAL_ROLLOFF,"rolloff at ~18702Hz but gentle (2.6dB/kHz) - could be an old master/analog source, not necessarily transcoded",44100,18702,22050,2.6
/home/adam/driveBig/Music/My Playlist/Up So Close - CAKE - Motorcade of Generosity.flac,GRADUAL_ROLLOFF,"rolloff at ~17253Hz but gentle (1.6dB/kHz) - could be an old master/analog source, not necessarily transcoded",44100,17253,22050,1.6
/home/adam/driveBig/Music/My Playlist/Use Somebody - Kings of Leon - Only by the Night.flac,GRADUAL_ROLLOFF,"rolloff at ~20327Hz but gentle (3.8dB/kHz) - could be an old master/analog source, not necessarily transcoded",44100,20327,22050,3.8
/home/adam/driveBig/Music/My Playlist/Valentine - Måneskin - Rush! (Are U Coming).flac,GRADUAL_ROLLOFF,"rolloff at ~19342Hz but gentle (7.0dB/kHz) - could be an old master/analog source, not necessarily transcoded",44100,19342,22050,7
/home/adam/driveBig/Music/My Playlist/Usseewa - Ado - Kyougen.flac,GRADUAL_ROLLOFF,"rolloff at ~16715Hz but gentle (3.0dB/kHz) - could be an old master/analog source, not necessarily transcoded",44100,16715,22050,3
/home/adam/driveBig/Music/My Playlist/Uptown - Roy Orbison - The Very Best Of.flac,GRADUAL_ROLLOFF,"rolloff at ~20230Hz but gentle (9.3dB/kHz) - could be an old master/analog source, not necessarily transcoded",44100,20230,22050,9.3
/home/adam/driveBig/Music/My Playlist/Vengo dalla luna - Måneskin - Chosen.flac,GRADUAL_ROLLOFF,"rolloff at ~14713Hz but gentle (-0.1dB/kHz) - could be an old master/analog source, not necessarily transcoded",44100,14713,22050,-0.1
/home/adam/driveBig/Music/My Playlist/Venice Queen - Red Hot Chili Peppers - By the Way.flac,GRADUAL_ROLLOFF,"rolloff at ~20952Hz but gentle (8.9dB/kHz) - could be an old master/analog source, not necessarily transcoded",44100,20952,22050,8.9
/home/adam/driveBig/Music/My Playlist/Ventura Highway - America - Homecoming.flac,GRADUAL_ROLLOFF,"rolloff at ~16764Hz but gentle (3.5dB/kHz) - could be an old master/analog source, not necessarily transcoded",44100,16764,22050,3.5
/home/adam/driveBig/Music/My Playlist/Veridis Quo - Daft Punk - Discovery.flac,GRADUAL_ROLLOFF,"rolloff at ~16005Hz but gentle (1.4dB/kHz) - could be an old master/analog source, not necessarily transcoded",44100,16005,22050,1.4
/home/adam/driveBig/Music/My Playlist/Very Ape - Nirvana - In Utero.flac,GRADUAL_ROLLOFF,"rolloff at ~17194Hz but gentle (3.1dB/kHz) - could be an old master/analog source, not necessarily transcoded",44100,17194,22050,3.1
/home/adam/driveBig/Music/My Playlist/Vent'anni - Måneskin - Teatro D'ira - Vol. I.flac,GRADUAL_ROLLOFF,"rolloff at ~17264Hz but gentle (4.1dB/kHz) - could be an old master/analog source, not necessarily transcoded",44100,17264,22050,4.1
/home/adam/driveBig/Music/My Playlist/Victim Of Circumstance - Joan Jett and the Blackhearts - Fit to Be Tied - Great Hits by Joan Jett and the Blackhearts.flac,GRADUAL_ROLLOFF,"rolloff at ~18427Hz but gentle (2.9dB/kHz) - could be an old master/analog source, not necessarily transcoded",44100,18427,22050,2.9
/home/adam/driveBig/Music/My Playlist/Value - Ado - Ado's Best Adobum.flac,GRADUAL_ROLLOFF,"rolloff at ~19261Hz but gentle (3.7dB/kHz) - could be an old master/analog source, not necessarily transcoded",44100,19261,22050,3.7
/home/adam/driveBig/Music/My Playlist/Victorious - Panic! At The Disco - Death of a Bachelor.flac,GRADUAL_ROLLOFF,"rolloff at ~19881Hz but gentle (3.8dB/kHz) - could be an old master/analog source, not necessarily transcoded",44100,19881,22050,3.8
/home/adam/driveBig/Music/My Playlist/Vienna - The Fray - How to Save a Life.flac,GRADUAL_ROLLOFF,"rolloff at ~19622Hz but gentle (3.4dB/kHz) - could be an old master/analog source, not necessarily transcoded",44100,19622,22050,3.4
/home/adam/driveBig/Music/My Playlist/Vidual - King Krule - The Ooz.flac,GRADUAL_ROLLOFF,"rolloff at ~18729Hz but gentle (1.8dB/kHz) - could be an old master/analog source, not necessarily transcoded",44100,18729,22050,1.8
/home/adam/driveBig/Music/My Playlist/Video Killed The Radio Star - The Presidents Of The United States Of America - Pure Frosting.flac,GRADUAL_ROLLOFF,"rolloff at ~19681Hz but gentle (2.4dB/kHz) - could be an old master/analog source, not necessarily transcoded",44100,19681,22050,2.4
/home/adam/driveBig/Music/My Playlist/Videotape - Radiohead - In Rainbows.flac,GRADUAL_ROLLOFF,"rolloff at ~20623Hz but gentle (9.1dB/kHz) - could be an old master/analog source, not necessarily transcoded",44100,20623,22050,9.1
/home/adam/driveBig/Music/My Playlist/View From Heaven - Yellowcard - Ocean Avenue.flac,GRADUAL_ROLLOFF,"rolloff at ~19886Hz but gentle (2.0dB/kHz) - could be an old master/analog source, not necessarily transcoded",44100,19886,22050,2
/home/adam/driveBig/Music/My Playlist/Violence - Blink-182 - Blink-182.flac,GRADUAL_ROLLOFF,"rolloff at ~20494Hz but gentle (5.2dB/kHz) - could be an old master/analog source, not necessarily transcoded",44100,20494,22050,5.2
/home/adam/driveBig/Music/My Playlist/Villain - Ado - Ado's Utattemita Album.flac,GRADUAL_ROLLOFF,"rolloff at ~16645Hz but gentle (5.3dB/kHz) - could be an old master/analog source, not necessarily transcoded",44100,16645,22050,5.3
/home/adam/driveBig/Music/My Playlist/Violet's Tale - Ren.flac,GRADUAL_ROLLOFF,"rolloff at ~20311Hz but gentle (5.8dB/kHz) - could be an old master/analog source, not necessarily transcoded",44100,20311,22050,5.8
/home/adam/driveBig/Music/My Playlist/Vincent - Car Seat Headrest - Teens Of Denial.flac,GRADUAL_ROLLOFF,"rolloff at ~20263Hz but gentle (2.9dB/kHz) - could be an old master/analog source, not necessarily transcoded",44100,20263,22050,2.9
/home/adam/driveBig/Music/My Playlist/Viva La Vida - Intergalactic Fool.flac,GRADUAL_ROLLOFF,"rolloff at ~19929Hz but gentle (9.4dB/kHz) - could be an old master/analog source, not necessarily transcoded",44100,19929,22050,9.4
/home/adam/driveBig/Music/My Playlist/Voodoo Child (Slight Return) - The Jimi Hendrix Experience - Electric Ladyland.flac,GRADUAL_ROLLOFF,"rolloff at ~16828Hz but gentle (5.6dB/kHz) - could be an old master/analog source, not necessarily transcoded",44100,16828,22050,5.6
/home/adam/driveBig/Music/My Playlist/Vor í Vaglaskógi - KALEO - A-B.flac,GRADUAL_ROLLOFF,"rolloff at ~18626Hz but gentle (2.1dB/kHz) - could be an old master/analog source, not necessarily transcoded",44100,18626,22050,2.1
/home/adam/driveBig/Music/My Playlist/Voyager - Daft Punk - Discovery.flac,GRADUAL_ROLLOFF,"rolloff at ~16258Hz but gentle (2.2dB/kHz) - could be an old master/analog source, not necessarily transcoded",44100,16258,22050,2.2
"/home/adam/driveBig/Music/My Playlist/WAGING WAR - Quadeca; Oleka - Vanisher, Horizon Scraper.flac",GRADUAL_ROLLOFF,"rolloff at ~15708Hz but gentle (3.1dB/kHz) - could be an old master/analog source, not necessarily transcoded",44100,15708,22050,3.1
"/home/adam/driveBig/Music/My Playlist/Vulture, Vulture - Of Monsters and Men - Fever Dream.flac",GRADUAL_ROLLOFF,"rolloff at ~16198Hz but gentle (4.5dB/kHz) - could be an old master/analog source, not necessarily transcoded",44100,16198,22050,4.5
/home/adam/driveBig/Music/My Playlist/Wait for Me - Daryl Hall & John Oates - The Very Best of Daryl Hall & John Oates.flac,GRADUAL_ROLLOFF,"rolloff at ~20688Hz but gentle (7.3dB/kHz) - could be an old master/analog source, not necessarily transcoded",44100,20688,22050,7.3
/home/adam/driveBig/Music/My Playlist/Wait a Minute! - Willow - Ardipithecus.flac,GRADUAL_ROLLOFF,"rolloff at ~19348Hz but gentle (3.7dB/kHz) - could be an old master/analog source, not necessarily transcoded",44100,19348,22050,3.7
/home/adam/driveBig/Music/My Playlist/Wait Until Tomorrow - Player - The Best of Player.flac,GRADUAL_ROLLOFF,"rolloff at ~20166Hz but gentle (10.4dB/kHz) - could be an old master/analog source, not necessarily transcoded",44100,20166,22050,10.4
/home/adam/driveBig/Music/My Playlist/Waiting for the Snow - Of Monsters and Men - Fever Dream.flac,GRADUAL_ROLLOFF,"rolloff at ~15321Hz but gentle (4.7dB/kHz) - could be an old master/analog source, not necessarily transcoded",44100,15321,22050,4.7
/home/adam/driveBig/Music/My Playlist/Waiting on a War - Foo Fighters - Medicine at Midnight.flac,GRADUAL_ROLLOFF,"rolloff at ~19003Hz but gentle (3.3dB/kHz) - could be an old master/analog source, not necessarily transcoded",44100,19003,22050,3.3
/home/adam/driveBig/Music/My Playlist/Walk On - Roy Orbison - The Very Best Of.flac,GRADUAL_ROLLOFF,"rolloff at ~16554Hz but gentle (2.0dB/kHz) - could be an old master/analog source, not necessarily transcoded",44100,16554,22050,2
/home/adam/driveBig/Music/My Playlist/Wake Me up When September Ends - Green Day - Greatest Hits - God's Favorite Band.flac,GRADUAL_ROLLOFF,"rolloff at ~14207Hz but gentle (3.3dB/kHz) - could be an old master/analog source, not necessarily transcoded",44100,14207,22050,3.3
/home/adam/driveBig/Music/My Playlist/Waking Light - Beck - Morning Phase.flac,GRADUAL_ROLLOFF,"rolloff at ~16462Hz but gentle (1.2dB/kHz) - could be an old master/analog source, not necessarily transcoded",44100,16462,22050,1.2
/home/adam/driveBig/Music/My Playlist/Wake Me Up When September Ends - Green Day - American Idiot.flac,GRADUAL_ROLLOFF,"rolloff at ~20710Hz but gentle (7.8dB/kHz) - could be an old master/analog source, not necessarily transcoded",44100,20710,22050,7.8
/home/adam/driveBig/Music/My Playlist/Walking After You - Foo Fighters - The Colour And The Shape.flac,GRADUAL_ROLLOFF,"rolloff at ~20796Hz but gentle (11.6dB/kHz) - could be an old master/analog source, not necessarily transcoded",44100,20796,22050,11.6
/home/adam/driveBig/Music/My Playlist/Walk on the Water - Creedence Clearwater Revival - Platinum.flac,GRADUAL_ROLLOFF,"rolloff at ~20403Hz but gentle (4.5dB/kHz) - could be an old master/analog source, not necessarily transcoded",44100,20403,22050,4.5
/home/adam/driveBig/Music/My Playlist/Walkin' the Dog - Aerosmith - Aerosmith.flac,GRADUAL_ROLLOFF,"rolloff at ~16451Hz but gentle (2.8dB/kHz) - could be an old master/analog source, not necessarily transcoded",44100,16451,22050,2.8
/home/adam/driveBig/Music/My Playlist/Walk This Way - Aerosmith - Toys in the Attic.flac,GRADUAL_ROLLOFF,"rolloff at ~16941Hz but gentle (4.3dB/kHz) - could be an old master/analog source, not necessarily transcoded",44100,16941,22050,4.3
/home/adam/driveBig/Music/My Playlist/Walk Unafraid - R.E.M. - Up (25th Anniversary Edition).flac,GRADUAL_ROLLOFF,"rolloff at ~20376Hz but gentle (3.9dB/kHz) - could be an old master/analog source, not necessarily transcoded",44100,20376,22050,3.9
/home/adam/driveBig/Music/My Playlist/Walking In Your Footsteps - The Police - Synchronicity (2003 Remaster).flac,GRADUAL_ROLLOFF,"rolloff at ~19563Hz but gentle (1.9dB/kHz) - could be an old master/analog source, not necessarily transcoded",44100,19563,22050,1.9
/home/adam/driveBig/Music/My Playlist/Walkman - Bad Bad Hats.flac,GRADUAL_ROLLOFF,"rolloff at ~15865Hz but gentle (2.4dB/kHz) - could be an old master/analog source, not necessarily transcoded",44100,15865,22050,2.4
"/home/adam/driveBig/Music/My Playlist/Waltzing Back - The Cranberries - Everybody Else Is Doing It, So Why Can’t We.flac",GRADUAL_ROLLOFF,"rolloff at ~15622Hz but gentle (-0.8dB/kHz) - could be an old master/analog source, not necessarily transcoded",44100,15622,22050,-0.8
/home/adam/driveBig/Music/My Playlist/Wandering Eye - Fat Freddy's Drop.flac,GRADUAL_ROLLOFF,"rolloff at ~15235Hz but gentle (1.1dB/kHz) - could be an old master/analog source, not necessarily transcoded",44100,15235,22050,1.1
/home/adam/driveBig/Music/My Playlist/Walla Walla - The Offspring - Americana.flac,GRADUAL_ROLLOFF,"rolloff at ~19697Hz but gentle (3.0dB/kHz) - could be an old master/analog source, not necessarily transcoded",44100,19697,22050,3
/home/adam/driveBig/Music/My Playlist/Wanted Dead Or Alive - Bon Jovi - Slippery When Wet.flac,GRADUAL_ROLLOFF,"rolloff at ~18045Hz but gentle (3.1dB/kHz) - could be an old master/analog source, not necessarily transcoded",44100,18045,22050,3.1
/home/adam/driveBig/Music/My Playlist/War Pigs - Luke's Wall - Black Sabbath - Paranoid (2012 Remaster).flac,GRADUAL_ROLLOFF,"rolloff at ~16360Hz but gentle (2.6dB/kHz) - could be an old master/analog source, not necessarily transcoded",44100,16360,22050,2.6
/home/adam/driveBig/Music/My Playlist/War Pigs - Black Sabbath - Paranoid (2012 Remaster).flac,GRADUAL_ROLLOFF,"rolloff at ~17044Hz but gentle (3.5dB/kHz) - could be an old master/analog source, not necessarily transcoded",44100,17044,22050,3.5
/home/adam/driveBig/Music/My Playlist/War Within a Breath - Rage Against the Machine - The Battle Of Los Angeles.flac,GRADUAL_ROLLOFF,"rolloff at ~20984Hz but gentle (10.7dB/kHz) - could be an old master/analog source, not necessarily transcoded",44100,20984,22050,10.7
/home/adam/driveBig/Music/My Playlist/Warning - Incubus - Morning View.flac,GRADUAL_ROLLOFF,"rolloff at ~19380Hz but gentle (2.4dB/kHz) - could be an old master/analog source, not necessarily transcoded",44100,19380,22050,2.4
/home/adam/driveBig/Music/My Playlist/Warlocks - Red Hot Chili Peppers - Stadium Arcadium.flac,GRADUAL_ROLLOFF,"rolloff at ~19310Hz but gentle (2.8dB/kHz) - could be an old master/analog source, not necessarily transcoded",44100,19310,22050,2.8
/home/adam/driveBig/Music/My Playlist/Warning - Green Day - Greatest Hits - God's Favorite Band.flac,GRADUAL_ROLLOFF,"rolloff at ~20349Hz but gentle (2.8dB/kHz) - could be an old master/analog source, not necessarily transcoded",44100,20349,22050,2.8
/home/adam/driveBig/Music/My Playlist/Wars - Of Monsters and Men - Fever Dream.flac,GRADUAL_ROLLOFF,"rolloff at ~14858Hz but gentle (2.3dB/kHz) - could be an old master/analog source, not necessarily transcoded",44100,14858,22050,2.3
/home/adam/driveBig/Music/My Playlist/Wars - The Strumbellas - Hope.flac,GRADUAL_ROLLOFF,"rolloff at ~18545Hz but gentle (2.4dB/kHz) - could be an old master/analog source, not necessarily transcoded",44100,18545,22050,2.4
/home/adam/driveBig/Music/My Playlist/Warsaw Or The First Breath You Take After You Give Up - Them Crooked Vultures - Them Crooked Vultures.flac,GRADUAL_ROLLOFF,"rolloff at ~18895Hz but gentle (2.5dB/kHz) - could be an old master/analog source, not necessarily transcoded",44100,18895,22050,2.5
/home/adam/driveBig/Music/My Playlist/Wasted Time - Eagles - Hotel California.flac,GRADUAL_ROLLOFF,"rolloff at ~20225Hz but gentle (9.9dB/kHz) - could be an old master/analog source, not necessarily transcoded",44100,20225,22050,9.9
/home/adam/driveBig/Music/My Playlist/Wasted Love - JJ.flac,GRADUAL_ROLLOFF,"rolloff at ~20720Hz but gentle (11.1dB/kHz) - could be an old master/analog source, not necessarily transcoded",44100,20720,22050,11.1
/home/adam/driveBig/Music/My Playlist/Water - The Who - Who’s Next.flac,GRADUAL_ROLLOFF,"rolloff at ~20963Hz but gentle (9.3dB/kHz) - could be an old master/analog source, not necessarily transcoded",44100,20963,22050,9.3
/home/adam/driveBig/Music/My Playlist/Wasted Time (Reprise) - Eagles - Hotel California.flac,GRADUAL_ROLLOFF,"rolloff at ~20220Hz but gentle (6.3dB/kHz) - could be an old master/analog source, not necessarily transcoded",44100,20220,22050,6.3
/home/adam/driveBig/Music/My Playlist/Water of Love - Dire Straits - Dire Straits.flac,GRADUAL_ROLLOFF,"rolloff at ~16801Hz but gentle (2.1dB/kHz) - could be an old master/analog source, not necessarily transcoded",44100,16801,22050,2.1
/home/adam/driveBig/Music/My Playlist/Water Fountain - Alec Benjamin - Narrated for You.flac,GRADUAL_ROLLOFF,"rolloff at ~20085Hz but gentle (2.1dB/kHz) - could be an old master/analog source, not necessarily transcoded",44100,20085,22050,2.1
/home/adam/driveBig/Music/My Playlist/Way Away - Yellowcard - Ocean Avenue.flac,GRADUAL_ROLLOFF,"rolloff at ~18798Hz but gentle (1.8dB/kHz) - could be an old master/analog source, not necessarily transcoded",44100,18798,22050,1.8
/home/adam/driveBig/Music/My Playlist/We Are - ONE OK ROCK - Ambitions.flac,GRADUAL_ROLLOFF,"rolloff at ~20828Hz but gentle (8.6dB/kHz) - could be an old master/analog source, not necessarily transcoded",44100,20828,22050,8.6
/home/adam/driveBig/Music/My Playlist/Wave - Beck - Morning Phase.flac,GRADUAL_ROLLOFF,"rolloff at ~16564Hz but gentle (2.1dB/kHz) - could be an old master/analog source, not necessarily transcoded",44100,16564,22050,2.1
/home/adam/driveBig/Music/My Playlist/Way Down We Go - KALEO.flac,GRADUAL_ROLLOFF,"rolloff at ~19256Hz but gentle (2.5dB/kHz) - could be an old master/analog source, not necessarily transcoded",44100,19256,22050,2.5
/home/adam/driveBig/Music/My Playlist/Way Less Sad - AJR - Way Less Sad (Cash Cash Remix).flac,GRADUAL_ROLLOFF,"rolloff at ~19692Hz but gentle (7.8dB/kHz) - could be an old master/analog source, not necessarily transcoded",44100,19692,22050,7.8
/home/adam/driveBig/Music/My Playlist/Way Less Sad - AJR - OK Orchestra.flac,GRADUAL_ROLLOFF,"rolloff at ~19692Hz but gentle (7.8dB/kHz) - could be an old master/analog source, not necessarily transcoded",44100,19692,22050,7.8
/home/adam/driveBig/Music/My Playlist/We Are Broken - Paramore - RIOT!.flac,GRADUAL_ROLLOFF,"rolloff at ~20010Hz but gentle (1.8dB/kHz) - could be an old master/analog source, not necessarily transcoded",44100,20010,22050,1.8
/home/adam/driveBig/Music/My Playlist/We Believe - Red Hot Chili Peppers - Stadium Arcadium.flac,GRADUAL_ROLLOFF,"rolloff at ~20812Hz but gentle (7.2dB/kHz) - could be an old master/analog source, not necessarily transcoded",44100,20812,22050,7.2
/home/adam/driveBig/Music/My Playlist/We Don't Believe What's On TV - Twenty One Pilots - Blurryface.flac,GRADUAL_ROLLOFF,"rolloff at ~20952Hz but gentle (11.2dB/kHz) - could be an old master/analog source, not necessarily transcoded",44100,20952,22050,11.2
/home/adam/driveBig/Music/My Playlist/We Did It!!! - grandson - Death of an Optimist.flac,GRADUAL_ROLLOFF,"rolloff at ~20392Hz but gentle (5.8dB/kHz) - could be an old master/analog source, not necessarily transcoded",44100,20392,22050,5.8
/home/adam/driveBig/Music/My Playlist/We Are The Champions - Queen - News Of The World  (Deluxe Edition 2011 Remaster).flac,GRADUAL_ROLLOFF,"rolloff at ~15547Hz but gentle (1.4dB/kHz) - could be an old master/analog source, not necessarily transcoded",44100,15547,22050,1.4
/home/adam/driveBig/Music/My Playlist/We Sink - Of Monsters and Men - Beneath The Skin (Deluxe).flac,GRADUAL_ROLLOFF,"rolloff at ~15289Hz but gentle (3.8dB/kHz) - could be an old master/analog source, not necessarily transcoded",44100,15289,22050,3.8
/home/adam/driveBig/Music/My Playlist/We Don't Know - The Strumbellas - Hope.flac,GRADUAL_ROLLOFF,"rolloff at ~19805Hz but gentle (0.9dB/kHz) - could be an old master/analog source, not necessarily transcoded",44100,19805,22050,0.9
/home/adam/driveBig/Music/My Playlist/We Turn Red - Red Hot Chili Peppers - The Getaway.flac,GRADUAL_ROLLOFF,"rolloff at ~20467Hz but gentle (7.5dB/kHz) - could be an old master/analog source, not necessarily transcoded",44100,20467,22050,7.5
/home/adam/driveBig/Music/My Playlist/We Will Rock You - Queen - News Of The World  (Deluxe Edition 2011 Remaster).flac,GRADUAL_ROLLOFF,"rolloff at ~15708Hz but gentle (3.3dB/kHz) - could be an old master/analog source, not necessarily transcoded",44100,15708,22050,3.3
/home/adam/driveBig/Music/My Playlist/We Never Change - Coldplay - Parachutes.flac,GRADUAL_ROLLOFF,"rolloff at ~20354Hz but gentle (3.0dB/kHz) - could be an old master/analog source, not necessarily transcoded",44100,20354,22050,3
/home/adam/driveBig/Music/My Playlist/We Will Fall - The Stooges - The Stooges.flac,GRADUAL_ROLLOFF,"rolloff at ~15935Hz but gentle (0.8dB/kHz) - could be an old master/analog source, not necessarily transcoded",44100,15935,22050,0.8
/home/adam/driveBig/Music/My Playlist/We Had a Little Talk - Red Vox - What Could Go Wrong.flac,GRADUAL_ROLLOFF,"rolloff at ~19235Hz but gentle (1.5dB/kHz) - could be an old master/analog source, not necessarily transcoded",44100,19235,22050,1.5
/home/adam/driveBig/Music/My Playlist/We're Going to Be Friends - The White Stripes - White Blood Cells.flac,GRADUAL_ROLLOFF,"rolloff at ~16828Hz but gentle (3.4dB/kHz) - could be an old master/analog source, not necessarily transcoded",44100,16828,22050,3.4
/home/adam/driveBig/Music/My Playlist/We're All to Blame - Sum 41 - Chuck.flac,GRADUAL_ROLLOFF,"rolloff at ~20413Hz but gentle (2.8dB/kHz) - could be an old master/analog source, not necessarily transcoded",44100,20413,22050,2.8
/home/adam/driveBig/Music/My Playlist/Weathered - Creed.flac,GRADUAL_ROLLOFF,"rolloff at ~15649Hz but gentle (2.8dB/kHz) - could be an old master/analog source, not necessarily transcoded",44100,15649,22050,2.8
/home/adam/driveBig/Music/My Playlist/We Would Have Some Cute Kids. - Tai Verdes - TV.flac,GRADUAL_ROLLOFF,"rolloff at ~20489Hz but gentle (4.7dB/kHz) - could be an old master/analog source, not necessarily transcoded",44100,20489,22050,4.7
/home/adam/driveBig/Music/My Playlist/Welcome To Paradise - Green Day - Greatest Hits - God's Favorite Band.flac,GRADUAL_ROLLOFF,"rolloff at ~20074Hz but gentle (3.4dB/kHz) - could be an old master/analog source, not necessarily transcoded",44100,20074,22050,3.4
/home/adam/driveBig/Music/My Playlist/Welcome to Hell - Sum 41 - Chuck.flac,GRADUAL_ROLLOFF,"rolloff at ~16952Hz but gentle (1.3dB/kHz) - could be an old master/analog source, not necessarily transcoded",44100,16952,22050,1.3
"/home/adam/driveBig/Music/My Playlist/Weird Divide - The Shins - Oh, Inverted World.flac",GRADUAL_ROLLOFF,"rolloff at ~20957Hz but gentle (5.9dB/kHz) - could be an old master/analog source, not necessarily transcoded",44100,20957,22050,5.9
/home/adam/driveBig/Music/My Playlist/Weird Fishes-Arpeggi - Radiohead - In Rainbows.flac,GRADUAL_ROLLOFF,"rolloff at ~18163Hz but gentle (2.1dB/kHz) - could be an old master/analog source, not necessarily transcoded",44100,18163,22050,2.1
/home/adam/driveBig/Music/My Playlist/Welcome to the Black Parade - My Chemical Romance - The Black Parade.flac,GRADUAL_ROLLOFF,"rolloff at ~15628Hz but gentle (0.7dB/kHz) - could be an old master/analog source, not necessarily transcoded",44100,15628,22050,0.7
/home/adam/driveBig/Music/My Playlist/Welcome to Paradise -- Outro - grandson - Death of an Optimist.flac,GRADUAL_ROLLOFF,"rolloff at ~20882Hz but gentle (7.6dB/kHz) - could be an old master/analog source, not necessarily transcoded",44100,20882,22050,7.6
/home/adam/driveBig/Music/My Playlist/Welcome to the Internet - Bo Burnham - Inside.flac,GRADUAL_ROLLOFF,"rolloff at ~16252Hz but gentle (5.3dB/kHz) - could be an old master/analog source, not necessarily transcoded",44100,16252,22050,5.3
/home/adam/driveBig/Music/My Playlist/Well It’s True That We Love One Another - The White Stripes - Elephant.flac,GRADUAL_ROLLOFF,"rolloff at ~15752Hz but gentle (4.1dB/kHz) - could be an old master/analog source, not necessarily transcoded",44100,15752,22050,4.1
/home/adam/driveBig/Music/My Playlist/Welcome to the Music - Bread - Guitar Man.flac,GRADUAL_ROLLOFF,"rolloff at ~14605Hz but gentle (1.1dB/kHz) - could be an old master/analog source, not necessarily transcoded",44100,14605,22050,1.1
/home/adam/driveBig/Music/My Playlist/Wet Sand - Red Hot Chili Peppers - Stadium Arcadium.flac,GRADUAL_ROLLOFF,"rolloff at ~20790Hz but gentle (6.4dB/kHz) - could be an old master/analog source, not necessarily transcoded",44100,20790,22050,6.4
/home/adam/driveBig/Music/My Playlist/West Coast Dream - Daniel Champagne - Trying To Hold The Setting Sun.flac,GRADUAL_ROLLOFF,"rolloff at ~20597Hz but gentle (10.4dB/kHz) - could be an old master/analog source, not necessarily transcoded",44100,20597,22050,10.4
/home/adam/driveBig/Music/My Playlist/What Do We Ever Really Know - Balu Brigada.flac,GRADUAL_ROLLOFF,"rolloff at ~18831Hz but gentle (2.0dB/kHz) - could be an old master/analog source, not necessarily transcoded",44100,18831,22050,2
/home/adam/driveBig/Music/My Playlist/What Do We Ever Really Know - Balu Brigada - Sideways.flac,GRADUAL_ROLLOFF,"rolloff at ~18831Hz but gentle (2.0dB/kHz) - could be an old master/analog source, not necessarily transcoded",44100,18831,22050,2
/home/adam/driveBig/Music/My Playlist/What I've Done - Linkin Park - Minutes To Midnight.flac,GRADUAL_ROLLOFF,"rolloff at ~16365Hz but gentle (1.4dB/kHz) - could be an old master/analog source, not necessarily transcoded",44100,16365,22050,1.4
/home/adam/driveBig/Music/My Playlist/What Ever Happened - The Strokes - Room on Fire.flac,GRADUAL_ROLLOFF,"rolloff at ~19988Hz but gentle (2.6dB/kHz) - could be an old master/analog source, not necessarily transcoded",44100,19988,22050,2.6
/home/adam/driveBig/Music/My Playlist/What You Are - Audioslave - Audioslave.flac,GRADUAL_ROLLOFF,"rolloff at ~20543Hz but gentle (7.7dB/kHz) - could be an old master/analog source, not necessarily transcoded",44100,20543,22050,7.7
/home/adam/driveBig/Music/My Playlist/What's Love Got to Do with It - Kygo.flac,GRADUAL_ROLLOFF,"rolloff at ~15951Hz but gentle (3.3dB/kHz) - could be an old master/analog source, not necessarily transcoded",44100,15951,22050,3.3
/home/adam/driveBig/Music/My Playlist/What's On My Mind - The Cranberries - Bury The Hatchet.flac,GRADUAL_ROLLOFF,"rolloff at ~20920Hz but gentle (9.3dB/kHz) - could be an old master/analog source, not necessarily transcoded",44100,20920,22050,9.3
/home/adam/driveBig/Music/My Playlist/When I Come Around - Green Day - Greatest Hits - God's Favorite Band.flac,GRADUAL_ROLLOFF,"rolloff at ~19741Hz but gentle (1.6dB/kHz) - could be an old master/analog source, not necessarily transcoded",44100,19741,22050,1.6
/home/adam/driveBig/Music/My Playlist/When I Come Around - Green Day - Dookie.flac,GRADUAL_ROLLOFF,"rolloff at ~18755Hz but gentle (1.4dB/kHz) - could be an old master/analog source, not necessarily transcoded",44100,18755,22050,1.4
/home/adam/driveBig/Music/My Playlist/When I'm Gone - 3 Doors Down - Away From the Sun.flac,GRADUAL_ROLLOFF,"rolloff at ~21086Hz but gentle (10.7dB/kHz) - could be an old master/analog source, not necessarily transcoded",44100,21086,22050,10.7
/home/adam/driveBig/Music/My Playlist/When It Comes - Incubus - Make Yourself.flac,GRADUAL_ROLLOFF,"rolloff at ~20914Hz but gentle (8.7dB/kHz) - could be an old master/analog source, not necessarily transcoded",44100,20914,22050,8.7
/home/adam/driveBig/Music/My Playlist/When It Rains - Paramore - RIOT!.flac,GRADUAL_ROLLOFF,"rolloff at ~18239Hz but gentle (1.9dB/kHz) - could be an old master/analog source, not necessarily transcoded",44100,18239,22050,1.9
/home/adam/driveBig/Music/My Playlist/When The Levee Breaks - Led Zeppelin - Led Zeppelin IV.flac,GRADUAL_ROLLOFF,"rolloff at ~15859Hz but gentle (3.3dB/kHz) - could be an old master/analog source, not necessarily transcoded",44100,15859,22050,3.3
/home/adam/driveBig/Music/My Playlist/When the Water Falls - Collective Soul - Collective Soul.flac,GRADUAL_ROLLOFF,"rolloff at ~18325Hz but gentle (-0.5dB/kHz) - could be an old master/analog source, not necessarily transcoded",44100,18325,22050,-0.5
/home/adam/driveBig/Music/My Playlist/When the Light Goes - Marcin; Portugal. The Man - Dragon in Harmony.flac,GRADUAL_ROLLOFF,"rolloff at ~19407Hz but gentle (4.2dB/kHz) - could be an old master/analog source, not necessarily transcoded",44100,19407,22050,4.2
/home/adam/driveBig/Music/My Playlist/When We Were Young - Blink-182 - One More Time... Part-2.flac,GRADUAL_ROLLOFF,"rolloff at ~18416Hz but gentle (3.6dB/kHz) - could be an old master/analog source, not necessarily transcoded",44100,18416,22050,3.6
/home/adam/driveBig/Music/My Playlist/When We Were Young - Blink-182 - One More Time....flac,GRADUAL_ROLLOFF,"rolloff at ~18411Hz but gentle (3.8dB/kHz) - could be an old master/analog source, not necessarily transcoded",44100,18411,22050,3.8
/home/adam/driveBig/Music/My Playlist/unravel - Ado - Ado's Utattemita Album.flac,GRADUAL_ROLLOFF,"rolloff at ~20548Hz but gentle (8.7dB/kHz) - could be an old master/analog source, not necessarily transcoded",44100,20548,22050,8.7
/home/adam/driveBig/Music/My Playlist/Visitor - Of Monsters and Men - Tíu.flac,GRADUAL_ROLLOFF,"rolloff at ~21000Hz but gentle (11.2dB/kHz) - could be an old master/analog source, not necessarily transcoded",44100,21000,22050,11.2
"/home/adam/driveBig/Music/My Playlist/Wanted - The Cranberries - Everybody Else Is Doing It, So Why Can’t We.flac",GRADUAL_ROLLOFF,"rolloff at ~15612Hz but gentle (1.0dB/kHz) - could be an old master/analog source, not necessarily transcoded",44100,15612,22050,1
/home/adam/driveBig/Music/My Playlist/Wake Up - Rage Against the Machine - Rage Against the Machine.flac,GRADUAL_ROLLOFF,"rolloff at ~18772Hz but gentle (3.4dB/kHz) - could be an old master/analog source, not necessarily transcoded",44100,18772,22050,3.4
/home/adam/driveBig/Music/My Playlist/We Didn't Start the Fire - Billy Joel - Storm Front.flac,GRADUAL_ROLLOFF,"rolloff at ~18475Hz but gentle (2.9dB/kHz) - could be an old master/analog source, not necessarily transcoded",44100,18475,22050,2.9
/home/adam/driveBig/Music/My Playlist/What I'm Becoming - Cage The Elephant - Social Cues.flac,GRADUAL_ROLLOFF,"rolloff at ~12769Hz but gentle (2.8dB/kHz) - could be an old master/analog source, not necessarily transcoded",44100,12769,22050,2.8
/home/adam/driveBig/Music/My Playlist/Welcome to Paradise - Green Day - Dookie.flac,GRADUAL_ROLLOFF,"rolloff at ~19041Hz but gentle (3.2dB/kHz) - could be an old master/analog source, not necessarily transcoded",44100,19041,22050,3.2
/home/adam/driveBig/Music/My Playlist/Whispering Pines - The Band - The Band.flac,GRADUAL_ROLLOFF,"rolloff at ~16834Hz but gentle (1.6dB/kHz) - could be an old master/analog source, not necessarily transcoded",44100,16834,22050,1.6
/home/adam/driveBig/Music/My Playlist/When You Awake - The Band - The Band.flac,GRADUAL_ROLLOFF,"rolloff at ~14427Hz but gentle (1.7dB/kHz) - could be an old master/analog source, not necessarily transcoded",44100,14427,22050,1.7
/home/adam/driveBig/Music/My Playlist/Whim - Hayley Williams - Ego Death at a Bachelorette Party.flac,GRADUAL_ROLLOFF,"rolloff at ~21070Hz but gentle (9.9dB/kHz) - could be an old master/analog source, not necessarily transcoded",44100,21070,22050,9.9
/home/adam/driveBig/Music/My Playlist/Whispers in the Dark - Mumford & Sons - Babel.flac,GRADUAL_ROLLOFF,"rolloff at ~14928Hz but gentle (2.1dB/kHz) - could be an old master/analog source, not necessarily transcoded",44100,14928,22050,2.1
/home/adam/driveBig/Music/My Playlist/White Blank Page - Mumford & Sons - Sigh No More.flac,GRADUAL_ROLLOFF,"rolloff at ~18007Hz but gentle (3.1dB/kHz) - could be an old master/analog source, not necessarily transcoded",44100,18007,22050,3.1
/home/adam/driveBig/Music/My Playlist/Whispers in the Dark - Skillet - Comatose.flac,GRADUAL_ROLLOFF,"rolloff at ~20704Hz but gentle (6.6dB/kHz) - could be an old master/analog source, not necessarily transcoded",44100,20704,22050,6.6
/home/adam/driveBig/Music/My Playlist/White Rabbit - Jefferson Airplane - Surrealistic Pillow.flac,GRADUAL_ROLLOFF,"rolloff at ~13044Hz but gentle (3.5dB/kHz) - could be an old master/analog source, not necessarily transcoded",44100,13044,22050,3.5
/home/adam/driveBig/Music/My Playlist/White Noise - James Marriott - Are We There Yet.flac,GRADUAL_ROLLOFF,"rolloff at ~20257Hz but gentle (8.2dB/kHz) - could be an old master/analog source, not necessarily transcoded",44100,20257,22050,8.2
/home/adam/driveBig/Music/My Playlist/White Winter Hymnal - Birdy - Birdy.flac,GRADUAL_ROLLOFF,"rolloff at ~20876Hz but gentle (7.7dB/kHz) - could be an old master/analog source, not necessarily transcoded",44100,20876,22050,7.7
/home/adam/driveBig/Music/My Playlist/Who’s Got My Back - Creed - Weathered.flac,GRADUAL_ROLLOFF,"rolloff at ~12554Hz but gentle (2.3dB/kHz) - could be an old master/analog source, not necessarily transcoded",44100,12554,22050,2.3
/home/adam/driveBig/Music/My Playlist/Who Do You Think You Are - Player - The Best of Player.flac,GRADUAL_ROLLOFF,"rolloff at ~20494Hz but gentle (9.7dB/kHz) - could be an old master/analog source, not necessarily transcoded",44100,20494,22050,9.7
/home/adam/driveBig/Music/My Playlist/Who Wants To Live Forever - Queen - A Kind Of Magic (Deluxe Edition 2011 Remaster).flac,GRADUAL_ROLLOFF,"rolloff at ~18201Hz but gentle (0.7dB/kHz) - could be an old master/analog source, not necessarily transcoded",44100,18201,22050,0.7
/home/adam/driveBig/Music/My Playlist/Why - NF - The Search.flac,GRADUAL_ROLLOFF,"rolloff at ~12516Hz but gentle (1.7dB/kHz) - could be an old master/analog source, not necessarily transcoded",44100,12516,22050,1.7
/home/adam/driveBig/Music/My Playlist/Who’s to Say - The White Stripes - Elephant.flac,GRADUAL_ROLLOFF,"rolloff at ~16435Hz but gentle (4.2dB/kHz) - could be an old master/analog source, not necessarily transcoded",44100,16435,22050,4.2
/home/adam/driveBig/Music/My Playlist/Why Can't This Be Easy - Red Vox - Realign.flac,GRADUAL_ROLLOFF,"rolloff at ~19358Hz but gentle (2.3dB/kHz) - could be an old master/analog source, not necessarily transcoded",44100,19358,22050,2.3
/home/adam/driveBig/Music/My Playlist/Why Does Love Do This To Me - The Exponents - Something Beginning With C (Deluxe).flac,GRADUAL_ROLLOFF,"rolloff at ~20446Hz but gentle (10.9dB/kHz) - could be an old master/analog source, not necessarily transcoded",44100,20446,22050,10.9
/home/adam/driveBig/Music/My Playlist/Why Are Sundays So Depressing - The Strokes - The New Abnormal.flac,GRADUAL_ROLLOFF,"rolloff at ~17334Hz but gentle (3.1dB/kHz) - could be an old master/analog source, not necessarily transcoded",44100,17334,22050,3.1
/home/adam/driveBig/Music/My Playlist/Why Don’t You Get a Job - The Offspring - Americana.flac,GRADUAL_ROLLOFF,"rolloff at ~17070Hz but gentle (2.8dB/kHz) - could be an old master/analog source, not necessarily transcoded",44100,17070,22050,2.8
/home/adam/driveBig/Music/My Playlist/Why Does Love Got To Be So Sad - Derek and the Dominos - Layla & Other Assorted Love Songs.flac,GRADUAL_ROLLOFF,"rolloff at ~15870Hz but gentle (1.7dB/kHz) - could be an old master/analog source, not necessarily transcoded",44100,15870,22050,1.7
/home/adam/driveBig/Music/My Playlist/Why Go - Pearl Jam - Ten.flac,GRADUAL_ROLLOFF,"rolloff at ~19208Hz but gentle (3.6dB/kHz) - could be an old master/analog source, not necessarily transcoded",44100,19208,22050,3.6
/home/adam/driveBig/Music/My Playlist/Wild Child - The Struts - Strange Days.flac,GRADUAL_ROLLOFF,"rolloff at ~20247Hz but gentle (5.6dB/kHz) - could be an old master/analog source, not necessarily transcoded",44100,20247,22050,5.6
/home/adam/driveBig/Music/My Playlist/Wild Child - The Struts; Tom Morrelo - Strange Days.flac,GRADUAL_ROLLOFF,"rolloff at ~20247Hz but gentle (5.6dB/kHz) - could be an old master/analog source, not necessarily transcoded",44100,20247,22050,5.6
/home/adam/driveBig/Music/My Playlist/Wild Horses - The Rolling Stones - Stripped.flac,GRADUAL_ROLLOFF,"rolloff at ~16941Hz but gentle (1.1dB/kHz) - could be an old master/analog source, not necessarily transcoded",44100,16941,22050,1.1
/home/adam/driveBig/Music/My Playlist/Wild Roses - Of Monsters and Men - Fever Dream.flac,GRADUAL_ROLLOFF,"rolloff at ~15816Hz but gentle (2.7dB/kHz) - could be an old master/analog source, not necessarily transcoded",44100,15816,22050,2.7
/home/adam/driveBig/Music/My Playlist/Wild West End - Dire Straits - Dire Straits.flac,GRADUAL_ROLLOFF,"rolloff at ~17323Hz but gentle (3.3dB/kHz) - could be an old master/analog source, not necessarily transcoded",44100,17323,22050,3.3
/home/adam/driveBig/Music/My Playlist/Wild West Hero - Electric Light Orchestra - Out of the Blue.flac,GRADUAL_ROLLOFF,"rolloff at ~17786Hz but gentle (1.9dB/kHz) - could be an old master/analog source, not necessarily transcoded",44100,17786,22050,1.9
/home/adam/driveBig/Music/My Playlist/WILD WRLD - Turnstile - GLOW ON.flac,GRADUAL_ROLLOFF,"rolloff at ~20042Hz but gentle (5.7dB/kHz) - could be an old master/analog source, not necessarily transcoded",44100,20042,22050,5.7
/home/adam/driveBig/Music/My Playlist/Wild Sun - The Strumbellas - Hope.flac,GRADUAL_ROLLOFF,"rolloff at ~18244Hz but gentle (2.1dB/kHz) - could be an old master/analog source, not necessarily transcoded",44100,18244,22050,2.1
/home/adam/driveBig/Music/My Playlist/Will He (Medasin remix) - Joji - In Tongues (Deluxe).flac,GRADUAL_ROLLOFF,"rolloff at ~15531Hz but gentle (3.4dB/kHz) - could be an old master/analog source, not necessarily transcoded",44100,15531,22050,3.4
/home/adam/driveBig/Music/My Playlist/Will He (Ryan Hemsworth remix) - Joji - In Tongues (Deluxe).flac,GRADUAL_ROLLOFF,"rolloff at ~16710Hz but gentle (3.2dB/kHz) - could be an old master/analog source, not necessarily transcoded",44100,16710,22050,3.2
/home/adam/driveBig/Music/My Playlist/Will He - Joji - In Tongues (Deluxe).flac,GRADUAL_ROLLOFF,"rolloff at ~15165Hz but gentle (7.3dB/kHz) - could be an old master/analog source, not necessarily transcoded",44100,15165,22050,7.3
/home/adam/driveBig/Music/My Playlist/Will I Come - King Krule - 6 Feet Beneath the Moon.flac,GRADUAL_ROLLOFF,"rolloff at ~18766Hz but gentle (0.3dB/kHz) - could be an old master/analog source, not necessarily transcoded",44100,18766,22050,0.3
/home/adam/driveBig/Music/My Playlist/Winter Song - The Head and the Heart - The Head and the Heart.flac,GRADUAL_ROLLOFF,"rolloff at ~15741Hz but gentle (4.1dB/kHz) - could be an old master/analog source, not necessarily transcoded",44100,15741,22050,4.1
/home/adam/driveBig/Music/My Playlist/Window - Joji - In Tongues (Deluxe).flac,GRADUAL_ROLLOFF,"rolloff at ~20349Hz but gentle (9.4dB/kHz) - could be an old master/analog source, not necessarily transcoded",44100,20349,22050,9.4
/home/adam/driveBig/Music/My Playlist/Winter Sound (Bonus Track) - Of Monsters and Men - Beneath The Skin (Deluxe).flac,GRADUAL_ROLLOFF,"rolloff at ~16085Hz but gentle (3.8dB/kHz) - could be an old master/analog source, not necessarily transcoded",44100,16085,22050,3.8
/home/adam/driveBig/Music/My Playlist/Winter Winds - Mumford & Sons - Sigh No More.flac,GRADUAL_ROLLOFF,"rolloff at ~18949Hz but gentle (4.2dB/kHz) - could be an old master/analog source, not necessarily transcoded",44100,18949,22050,4.2
/home/adam/driveBig/Music/My Playlist/Wish You Were Here - Incubus - Morning View.flac,GRADUAL_ROLLOFF,"rolloff at ~19089Hz but gentle (2.0dB/kHz) - could be an old master/analog source, not necessarily transcoded",44100,19089,22050,2
/home/adam/driveBig/Music/My Playlist/wit that confidence - Tai Verdes - HDTV.flac,GRADUAL_ROLLOFF,"rolloff at ~17797Hz but gentle (4.3dB/kHz) - could be an old master/analog source, not necessarily transcoded",44100,17797,22050,4.3
/home/adam/driveBig/Music/My Playlist/Witchy Woman - Eagles - Eagles.flac,GRADUAL_ROLLOFF,"rolloff at ~18632Hz but gentle (2.5dB/kHz) - could be an old master/analog source, not necessarily transcoded",44100,18632,22050,2.5
/home/adam/driveBig/Music/My Playlist/Without Love - Bon Jovi - Slippery When Wet.flac,GRADUAL_ROLLOFF,"rolloff at ~18023Hz but gentle (3.2dB/kHz) - could be an old master/analog source, not necessarily transcoded",44100,18023,22050,3.2
/home/adam/driveBig/Music/My Playlist/With You - Linkin Park - Hybrid Theory.flac,GRADUAL_ROLLOFF,"rolloff at ~20623Hz but gentle (4.4dB/kHz) - could be an old master/analog source, not necessarily transcoded",44100,20623,22050,4.4
/home/adam/driveBig/Music/My Playlist/Within - Daft Punk - Random Access Memories.flac,GRADUAL_ROLLOFF,"rolloff at ~10912Hz but gentle (1.1dB/kHz) - could be an old master/analog source, not necessarily transcoded",44100,10912,22050,1.1
/home/adam/driveBig/Music/My Playlist/Without You I'm Nothing - Placebo.flac,GRADUAL_ROLLOFF,"rolloff at ~11294Hz but gentle (3.2dB/kHz) - could be an old master/analog source, not necessarily transcoded",44100,11294,22050,3.2
/home/adam/driveBig/Music/My Playlist/Wolves Without Teeth - Of Monsters and Men - Beneath The Skin (Deluxe).flac,GRADUAL_ROLLOFF,"rolloff at ~14519Hz but gentle (3.6dB/kHz) - could be an old master/analog source, not necessarily transcoded",44100,14519,22050,3.6
/home/adam/driveBig/Music/My Playlist/Wonderwall - Oasis - (What's The Story) Morning Glory.flac,GRADUAL_ROLLOFF,"rolloff at ~14626Hz but gentle (2.0dB/kHz) - could be an old master/analog source, not necessarily transcoded",44100,14626,22050,2
/home/adam/driveBig/Music/My Playlist/Wondering - Good Charlotte - The Young and the Hopeless.flac,GRADUAL_ROLLOFF,"rolloff at ~12306Hz but gentle (2.3dB/kHz) - could be an old master/analog source, not necessarily transcoded",44100,12306,22050,2.3
/home/adam/driveBig/Music/My Playlist/Won’t Get Fooled Again - The Who - Who’s Next.flac,GRADUAL_ROLLOFF,"rolloff at ~15111Hz but gentle (1.5dB/kHz) - could be an old master/analog source, not necessarily transcoded",44100,15111,22050,1.5
/home/adam/driveBig/Music/My Playlist/wussup - bbno$; Yung Gravy - eat ya veggies.flac,GRADUAL_ROLLOFF,"rolloff at ~18352Hz but gentle (5.0dB/kHz) - could be an old master/analog source, not necessarily transcoded",44100,18352,22050,5
/home/adam/driveBig/Music/My Playlist/WWIII - grandson - Death of an Optimist.flac,GRADUAL_ROLLOFF,"rolloff at ~18486Hz but gentle (3.5dB/kHz) - could be an old master/analog source, not necessarily transcoded",44100,18486,22050,3.5
/home/adam/driveBig/Music/My Playlist/YEAH RIGHT - Joji - Ballads 1.flac,GRADUAL_ROLLOFF,"rolloff at ~14562Hz but gentle (3.4dB/kHz) - could be an old master/analog source, not necessarily transcoded",44100,14562,22050,3.4
/home/adam/driveBig/Music/My Playlist/Write Me a Letter - Aerosmith - Aerosmith.flac,GRADUAL_ROLLOFF,"rolloff at ~18454Hz but gentle (5.5dB/kHz) - could be an old master/analog source, not necessarily transcoded",44100,18454,22050,5.5
/home/adam/driveBig/Music/My Playlist/XNXX - Joji - Ballads 1.flac,GRADUAL_ROLLOFF,"rolloff at ~13081Hz but gentle (4.3dB/kHz) - could be an old master/analog source, not necessarily transcoded",44100,13081,22050,4.3
/home/adam/driveBig/Music/My Playlist/Year of the Crab - Bad Bad Hats - Walkman.flac,GRADUAL_ROLLOFF,"rolloff at ~16252Hz but gentle (2.8dB/kHz) - could be an old master/analog source, not necessarily transcoded",44100,16252,22050,2.8
/home/adam/driveBig/Music/My Playlist/Yeat’s Grave - The Cranberries - No Need to Argue.flac,GRADUAL_ROLLOFF,"rolloff at ~17286Hz but gentle (0.2dB/kHz) - could be an old master/analog source, not necessarily transcoded",44100,17286,22050,0.2
/home/adam/driveBig/Music/My Playlist/Yellow - Coldplay - Parachutes.flac,GRADUAL_ROLLOFF,"rolloff at ~20349Hz but gentle (4.1dB/kHz) - could be an old master/analog source, not necessarily transcoded",44100,20349,22050,4.1
/home/adam/driveBig/Music/My Playlist/Yellow Light - Of Monsters and Men - My Head is an Animal.flac,GRADUAL_ROLLOFF,"rolloff at ~21000Hz but gentle (9.8dB/kHz) - could be an old master/analog source, not necessarily transcoded",44100,21000,22050,9.8
/home/adam/driveBig/Music/My Playlist/Yes I’m Changing - Tame Impala - Currents.flac,GRADUAL_ROLLOFF,"rolloff at ~20774Hz but gentle (6.4dB/kHz) - could be an old master/analog source, not necessarily transcoded",44100,20774,22050,6.4
/home/adam/driveBig/Music/My Playlist/Yesterdays - Guns N' Roses - Greatest Hits.flac,GRADUAL_ROLLOFF,"rolloff at ~18303Hz but gentle (2.9dB/kHz) - could be an old master/analog source, not necessarily transcoded",44100,18303,22050,2.9
/home/adam/driveBig/Music/My Playlist/yoga - bbno$; Rebecca Black - eat ya veggies.flac,GRADUAL_ROLLOFF,"rolloff at ~19283Hz but gentle (2.1dB/kHz) - could be an old master/analog source, not necessarily transcoded",44100,19283,22050,2.1
/home/adam/driveBig/Music/My Playlist/You Can Be So Cruel - Royal Blood - Royal Blood.flac,GRADUAL_ROLLOFF,"rolloff at ~20274Hz but gentle (8.5dB/kHz) - could be an old master/analog source, not necessarily transcoded",44100,20274,22050,8.5
/home/adam/driveBig/Music/My Playlist/You Are Here - James Marriott - Are We There Yet.flac,GRADUAL_ROLLOFF,"rolloff at ~19235Hz but gentle (4.2dB/kHz) - could be an old master/analog source, not necessarily transcoded",44100,19235,22050,4.2
/home/adam/driveBig/Music/My Playlist/You Can Call Me Al - Paul Simon - Graceland (25th Anniversary Deluxe Edition).flac,GRADUAL_ROLLOFF,"rolloff at ~19767Hz but gentle (3.2dB/kHz) - could be an old master/analog source, not necessarily transcoded",44100,19767,22050,3.2
/home/adam/driveBig/Music/My Playlist/You Can't Always Get What You Want - The Rolling Stones - Let It Bleed.flac,GRADUAL_ROLLOFF,"rolloff at ~12963Hz but gentle (1.9dB/kHz) - could be an old master/analog source, not necessarily transcoded",44100,12963,22050,1.9
/home/adam/driveBig/Music/My Playlist/You Could Be Mine - Guns N' Roses - Greatest Hits.flac,GRADUAL_ROLLOFF,"rolloff at ~17528Hz but gentle (1.9dB/kHz) - could be an old master/analog source, not necessarily transcoded",44100,17528,22050,1.9
/home/adam/driveBig/Music/My Playlist/You Don't Care About Us - Placebo - Without You I'm Nothing.flac,GRADUAL_ROLLOFF,"rolloff at ~15945Hz but gentle (4.2dB/kHz) - could be an old master/analog source, not necessarily transcoded",44100,15945,22050,4.2
/home/adam/driveBig/Music/My Playlist/You Don't Look the Same (demo) - Jet - Get Born.flac,GRADUAL_ROLLOFF,"rolloff at ~20505Hz but gentle (5.0dB/kHz) - could be an old master/analog source, not necessarily transcoded",44100,20505,22050,5
/home/adam/driveBig/Music/My Playlist/You Don't Know What You've Got - Blink-182 - One More Time....flac,GRADUAL_ROLLOFF,"rolloff at ~20483Hz but gentle (9.2dB/kHz) - could be an old master/analog source, not necessarily transcoded",44100,20483,22050,9.2
/home/adam/driveBig/Music/My Playlist/You Don't Own Me - Joan Jett - Bad Reputation.flac,GRADUAL_ROLLOFF,"rolloff at ~20376Hz but gentle (10.1dB/kHz) - could be an old master/analog source, not necessarily transcoded",44100,20376,22050,10.1
/home/adam/driveBig/Music/My Playlist/You Got It - Roy Orbison - The Essential Roy Orbison.flac,GRADUAL_ROLLOFF,"rolloff at ~20559Hz but gentle (3.9dB/kHz) - could be an old master/analog source, not necessarily transcoded",44100,20559,22050,3.9
/home/adam/driveBig/Music/My Playlist/You Got The Silver - The Rolling Stones - Let It Bleed.flac,GRADUAL_ROLLOFF,"rolloff at ~9507Hz but gentle (1.4dB/kHz) - could be an old master/analog source, not necessarily transcoded",44100,9507,22050,1.4
/home/adam/driveBig/Music/My Playlist/You Make My Dreams - Daryl Hall & John Oates - The Very Best of Daryl Hall & John Oates.flac,GRADUAL_ROLLOFF,"rolloff at ~19907Hz but gentle (3.1dB/kHz) - could be an old master/analog source, not necessarily transcoded",44100,19907,22050,3.1
/home/adam/driveBig/Music/My Playlist/You Don't Know What You've Got - Blink-182 - One More Time... Part-2.flac,GRADUAL_ROLLOFF,"rolloff at ~20300Hz but gentle (5.3dB/kHz) - could be an old master/analog source, not necessarily transcoded",44100,20300,22050,5.3
"/home/adam/driveBig/Music/My Playlist/You Need Me, I Don't Need You - Måneskin - Chosen.flac",GRADUAL_ROLLOFF,"rolloff at ~17948Hz but gentle (1.7dB/kHz) - could be an old master/analog source, not necessarily transcoded",44100,17948,22050,1.7
/home/adam/driveBig/Music/My Playlist/You Never Can Tell - Chuck Berry - Pulp Fiction.flac,GRADUAL_ROLLOFF,"rolloff at ~20365Hz but gentle (9.6dB/kHz) - could be an old master/analog source, not necessarily transcoded",44100,20365,22050,9.6
/home/adam/driveBig/Music/My Playlist/You Part the Waters - CAKE - Motorcade of Generosity.flac,GRADUAL_ROLLOFF,"rolloff at ~16699Hz but gentle (1.3dB/kHz) - could be an old master/analog source, not necessarily transcoded",44100,16699,22050,1.3
/home/adam/driveBig/Music/My Playlist/You Really Got Me - The Kinks - Kinks (Deluxe).flac,GRADUAL_ROLLOFF,"rolloff at ~17964Hz but gentle (2.4dB/kHz) - could be an old master/analog source, not necessarily transcoded",44100,17964,22050,2.4
/home/adam/driveBig/Music/My Playlist/You Really Got Me - The Kinks - Kinks.flac,GRADUAL_ROLLOFF,"rolloff at ~18362Hz but gentle (3.4dB/kHz) - could be an old master/analog source, not necessarily transcoded",44100,18362,22050,3.4
/home/adam/driveBig/Music/My Playlist/You Talk Way Too Much - The Strokes - Room on Fire.flac,GRADUAL_ROLLOFF,"rolloff at ~18249Hz but gentle (1.7dB/kHz) - could be an old master/analog source, not necessarily transcoded",44100,18249,22050,1.7
"/home/adam/driveBig/Music/My Playlist/You Think I Ain't Worth A Dollar, But I Feel Like A Millionaire - Queens Of The Stone Age - Songs For The Deaf.flac",GRADUAL_ROLLOFF,"rolloff at ~19778Hz but gentle (1.6dB/kHz) - could be an old master/analog source, not necessarily transcoded",44100,19778,22050,1.6
"/home/adam/driveBig/Music/My Playlist/You Shook Me All Night Long - AC,DC - Back in Black.flac",GRADUAL_ROLLOFF,"rolloff at ~16419Hz but gentle (1.7dB/kHz) - could be an old master/analog source, not necessarily transcoded",44100,16419,22050,1.7
/home/adam/driveBig/Music/My Playlist/You're In The Air - R.E.M. - Up (25th Anniversary Edition).flac,GRADUAL_ROLLOFF,"rolloff at ~20570Hz but gentle (5.6dB/kHz) - could be an old master/analog source, not necessarily transcoded",44100,20570,22050,5.6
/home/adam/driveBig/Music/My Playlist/You're My Best Friend - Queen - A Night At The Opera (Deluxe Edition 2011 Remaster).flac,GRADUAL_ROLLOFF,"rolloff at ~15482Hz but gentle (3.6dB/kHz) - could be an old master/analog source, not necessarily transcoded",44100,15482,22050,3.6
/home/adam/driveBig/Music/My Playlist/Young Blood - Birdy - Birdy.flac,GRADUAL_ROLLOFF,"rolloff at ~17932Hz but gentle (3.8dB/kHz) - could be an old master/analog source, not necessarily transcoded",44100,17932,22050,3.8
/home/adam/driveBig/Music/My Playlist/Young & Wild - The Strumbellas - Hope.flac,GRADUAL_ROLLOFF,"rolloff at ~19584Hz but gentle (1.9dB/kHz) - could be an old master/analog source, not necessarily transcoded",44100,19584,22050,1.9
/home/adam/driveBig/Music/My Playlist/You've Seen the Butcher - Deftones - Diamond Eyes.flac,GRADUAL_ROLLOFF,"rolloff at ~18099Hz but gentle (1.8dB/kHz) - could be an old master/analog source, not necessarily transcoded",44100,18099,22050,1.8
/home/adam/driveBig/Music/My Playlist/Young in America - Barns Courtney - Supernatural.flac,GRADUAL_ROLLOFF,"rolloff at ~15897Hz but gentle (3.2dB/kHz) - could be an old master/analog source, not necessarily transcoded",44100,15897,22050,3.2
/home/adam/driveBig/Music/My Playlist/Young In America - Barns Courtney.flac,GRADUAL_ROLLOFF,"rolloff at ~15897Hz but gentle (3.2dB/kHz) - could be an old master/analog source, not necessarily transcoded",44100,15897,22050,3.2
/home/adam/driveBig/Music/My Playlist/Your Bones - Of Monsters and Men - My Head is an Animal.flac,GRADUAL_ROLLOFF,"rolloff at ~21103Hz but gentle (11.1dB/kHz) - could be an old master/analog source, not necessarily transcoded",44100,21103,22050,11.1
/home/adam/driveBig/Music/My Playlist/Your Lucky Day in Hell - Eels - Beautiful Freak.flac,GRADUAL_ROLLOFF,"rolloff at ~20370Hz but gentle (6.5dB/kHz) - could be an old master/analog source, not necessarily transcoded",44100,20370,22050,6.5
/home/adam/driveBig/Music/My Playlist/Yours for Life - Bread - Guitar Man.flac,GRADUAL_ROLLOFF,"rolloff at ~19159Hz but gentle (1.2dB/kHz) - could be an old master/analog source, not necessarily transcoded",44100,19159,22050,1.2
/home/adam/driveBig/Music/My Playlist/(Piano) - alt-J - An Awesome Wave.flac,GRADUAL_ROLLOFF,"rolloff at ~20478Hz but gentle (7.4dB/kHz) - could be an old master/analog source, not necessarily transcoded",44100,20478,22050,7.4
/home/adam/driveBig/Music/My Playlist/Yours to Hold - Skillet - Comatose.flac,GRADUAL_ROLLOFF,"rolloff at ~19703Hz but gentle (2.6dB/kHz) - could be an old master/analog source, not necessarily transcoded",44100,19703,22050,2.6
/home/adam/driveBig/Music/My Playlist/(Untitled) - Oasis - (What's The Story) Morning Glory.flac,GRADUAL_ROLLOFF,"rolloff at ~20123Hz but gentle (2.4dB/kHz) - could be an old master/analog source, not necessarily transcoded",44100,20123,22050,2.4
/home/adam/driveBig/Music/My Playlist/(The Ripe & Ruin) - alt-J - An Awesome Wave.flac,GRADUAL_ROLLOFF,"rolloff at ~20155Hz but gentle (7.4dB/kHz) - could be an old master/analog source, not necessarily transcoded",44100,20155,22050,7.4
/home/adam/driveBig/Music/My Playlist/(No) I'll Never Get Over You - Roy Orbison - The Very Best Of.flac,GRADUAL_ROLLOFF,"rolloff at ~15429Hz but gentle (2.1dB/kHz) - could be an old master/analog source, not necessarily transcoded",44100,15429,22050,2.1
/home/adam/driveBig/Music/My Playlist/(One Of Those) Crazy Girls - Paramore - Paramore.flac,GRADUAL_ROLLOFF,"rolloff at ~19945Hz but gentle (4.0dB/kHz) - could be an old master/analog source, not necessarily transcoded",44100,19945,22050,4
/home/adam/driveBig/Music/My Playlist/(Wish I Could) Hideaway - Creedence Clearwater Revival - Platinum.flac,GRADUAL_ROLLOFF,"rolloff at ~20053Hz but gentle (2.1dB/kHz) - could be an old master/analog source, not necessarily transcoded",44100,20053,22050,2.1
/home/adam/driveBig/Music/My Playlist/I've Been Thinking - Player - The Best of Player.flac,GRADUAL_ROLLOFF,"rolloff at ~19245Hz but gentle (6.6dB/kHz) - could be an old master/analog source, not necessarily transcoded",44100,19245,22050,6.6
/home/adam/driveBig/Music/My Playlist/Ice Cold Pool - Wallows - Nothing Happens.flac,GRADUAL_ROLLOFF,"rolloff at ~18750Hz but gentle (2.7dB/kHz) - could be an old master/analog source, not necessarily transcoded",44100,18750,22050,2.7
/home/adam/driveBig/Music/My Playlist/Ideas for Walls - Men Without Hats - Rhythm Of Youth (Expanded Edition).flac,GRADUAL_ROLLOFF,"rolloff at ~20096Hz but gentle (3.1dB/kHz) - could be an old master/analog source, not necessarily transcoded",44100,20096,22050,3.1
/home/adam/driveBig/Music/My Playlist/Identity Trade - Yves Tumor - Heaven to a Tortured Mind.flac,GRADUAL_ROLLOFF,"rolloff at ~19095Hz but gentle (2.6dB/kHz) - could be an old master/analog source, not necessarily transcoded",44100,19095,22050,2.6
/home/adam/driveBig/Music/My Playlist/IDGAF - BoyWithUke; blackbear - Serotonin Dreams.flac,GRADUAL_ROLLOFF,"rolloff at ~19444Hz but gentle (2.5dB/kHz) - could be an old master/analog source, not necessarily transcoded",44100,19444,22050,2.5
/home/adam/driveBig/Music/My Playlist/If - Red Hot Chili Peppers - Stadium Arcadium.flac,GRADUAL_ROLLOFF,"rolloff at ~16979Hz but gentle (1.7dB/kHz) - could be an old master/analog source, not necessarily transcoded",44100,16979,22050,1.7
/home/adam/driveBig/Music/My Playlist/If It Only Gets Better - Joji - Piss in the Wind.flac,GRADUAL_ROLLOFF,"rolloff at ~15719Hz but gentle (2.3dB/kHz) - could be an old master/analog source, not necessarily transcoded",44100,15719,22050,2.3
/home/adam/driveBig/Music/My Playlist/If I Killed Someone for You - Alec Benjamin - Narrated for You.flac,GRADUAL_ROLLOFF,"rolloff at ~18061Hz but gentle (-0.8dB/kHz) - could be an old master/analog source, not necessarily transcoded",44100,18061,22050,-0.8
/home/adam/driveBig/Music/My Playlist/If Everyone Cared - Nickelback - All The Right Reasons.flac,GRADUAL_ROLLOFF,"rolloff at ~16182Hz but gentle (2.3dB/kHz) - could be an old master/analog source, not necessarily transcoded",44100,16182,22050,2.3
/home/adam/driveBig/Music/My Playlist/A Song For The Deaf - Queens Of The Stone Age - Songs For The Deaf.flac,GRADUAL_ROLLOFF,"rolloff at ~12484Hz but gentle (1.9dB/kHz) - could be an old master/analog source, not necessarily transcoded",44100,12484,22050,1.9
/home/adam/driveBig/Music/My Playlist/A Song For The Dead - Queens Of The Stone Age - Songs For The Deaf.flac,GRADUAL_ROLLOFF,"rolloff at ~18535Hz but gentle (2.5dB/kHz) - could be an old master/analog source, not necessarily transcoded",44100,18535,22050,2.5
/home/adam/driveBig/Music/My Playlist/A Symptom of Being Human - Shinedown - Planet Zero.flac,GRADUAL_ROLLOFF,"rolloff at ~18901Hz but gentle (2.8dB/kHz) - could be an old master/analog source, not necessarily transcoded",44100,18901,22050,2.8
/home/adam/driveBig/Music/My Playlist/ABC - The Jackson 5.flac,GRADUAL_ROLLOFF,"rolloff at ~18804Hz but gentle (2.8dB/kHz) - could be an old master/analog source, not necessarily transcoded",44100,18804,22050,2.8
/home/adam/driveBig/Music/My Playlist/Abstract Figures in the Dark - Tigercub.flac,GRADUAL_ROLLOFF,"rolloff at ~16177Hz but gentle (1.8dB/kHz) - could be an old master/analog source, not necessarily transcoded",44100,16177,22050,1.8
/home/adam/driveBig/Music/My Playlist/Omen - Tigercub - Abstract Figures in the Dark.flac,GRADUAL_ROLLOFF,"rolloff at ~19757Hz but gentle (1.7dB/kHz) - could be an old master/analog source, not necessarily transcoded",44100,19757,22050,1.7
/home/adam/driveBig/Music/My Playlist/Old Yellow Bricks - Arctic Monkeys - Favourite Worst Nightmare.flac,GRADUAL_ROLLOFF,"rolloff at ~17722Hz but gentle (1.6dB/kHz) - could be an old master/analog source, not necessarily transcoded",44100,17722,22050,1.6
/home/adam/driveBig/Music/My Playlist/On a Plain - Nirvana - Nevermind.flac,GRADUAL_ROLLOFF,"rolloff at ~17700Hz but gentle (3.5dB/kHz) - could be an old master/analog source, not necessarily transcoded",44100,17700,22050,3.5
/home/adam/driveBig/Music/My Playlist/On Call - Kings of Leon - Because of the Times.flac,GRADUAL_ROLLOFF,"rolloff at ~15735Hz but gentle (3.4dB/kHz) - could be an old master/analog source, not necessarily transcoded",44100,15735,22050,3.4
/home/adam/driveBig/Music/My Playlist/On Top - The Killers - Hot Fuss.flac,GRADUAL_ROLLOFF,"rolloff at ~20559Hz but gentle (8.1dB/kHz) - could be an old master/analog source, not necessarily transcoded",44100,20559,22050,8.1
/home/adam/driveBig/Music/My Playlist/On The Shore Of Eternity - Tom Morello; Sama' Abdulhadi - The Atlas Underground Fire.flac,GRADUAL_ROLLOFF,"rolloff at ~17070Hz but gentle (4.9dB/kHz) - could be an old master/analog source, not necessarily transcoded",44100,17070,22050,4.9
/home/adam/driveBig/Music/My Playlist/On U - Tai Verdes - HDTV.flac,GRADUAL_ROLLOFF,"rolloff at ~19315Hz but gentle (3.2dB/kHz) - could be an old master/analog source, not necessarily transcoded",44100,19315,22050,3.2
/home/adam/driveBig/Music/My Playlist/Planet Caravan - Black Sabbath - Paranoid (2012 Remaster).flac,GRADUAL_ROLLOFF,"rolloff at ~6740Hz but gentle (1.4dB/kHz) - could be an old master/analog source, not necessarily transcoded",44100,6740,22050,1.4
/home/adam/driveBig/Music/My Playlist/PIXELATED KISSES - Joji - Piss in the Wind.flac,GRADUAL_ROLLOFF,"rolloff at ~21006Hz but gentle (9.8dB/kHz) - could be an old master/analog source, not necessarily transcoded",44100,21006,22050,9.8
/home/adam/driveBig/Music/My Playlist/On Your Own - Blur - The Best Of.flac,GRADUAL_ROLLOFF,"rolloff at ~16435Hz but gentle (1.9dB/kHz) - could be an old master/analog source, not necessarily transcoded",44100,16435,22050,1.9
/home/adam/driveBig/Music/My Playlist/Planet Earth - Duran Duran - Greatest.flac,GRADUAL_ROLLOFF,"rolloff at ~14966Hz but gentle (1.8dB/kHz) - could be an old master/analog source, not necessarily transcoded",44100,14966,22050,1.8
/home/adam/driveBig/Music/My Playlist/Place to Be - Goodshirt - Good.flac,GRADUAL_ROLLOFF,"rolloff at ~20753Hz but gentle (10.5dB/kHz) - could be an old master/analog source, not necessarily transcoded",44100,20753,22050,10.5
/home/adam/driveBig/Music/My Playlist/Planet Telex - Radiohead - The Bends.flac,GRADUAL_ROLLOFF,"rolloff at ~20989Hz but gentle (11.2dB/kHz) - could be an old master/analog source, not necessarily transcoded",44100,20989,22050,11.2
/home/adam/driveBig/Music/My Playlist/Plastic Fantastic Lover - Jefferson Airplane - Surrealistic Pillow.flac,GRADUAL_ROLLOFF,"rolloff at ~14255Hz but gentle (3.5dB/kHz) - could be an old master/analog source, not necessarily transcoded",44100,14255,22050,3.5
/home/adam/driveBig/Music/My Playlist/Plastic Taste - Joji - In Tongues (Deluxe).flac,GRADUAL_ROLLOFF,"rolloff at ~18373Hz but gentle (7.2dB/kHz) - could be an old master/analog source, not necessarily transcoded",44100,18373,22050,7.2
/home/adam/driveBig/Music/My Playlist/Plaster of Paris - Pixies - Head Carrier.flac,GRADUAL_ROLLOFF,"rolloff at ~20080Hz but gentle (7.4dB/kHz) - could be an old master/analog source, not necessarily transcoded",44100,20080,22050,7.4
/home/adam/driveBig/Music/My Playlist/Pleasant Valley Sunday - The Monkees - Greatest Hits.flac,GRADUAL_ROLLOFF,"rolloff at ~20823Hz but gentle (10.9dB/kHz) - could be an old master/analog source, not necessarily transcoded",44100,20823,22050,10.9
/home/adam/driveBig/Music/My Playlist/Playing God - Paramore - Brand New Eyes.flac,GRADUAL_ROLLOFF,"rolloff at ~15622Hz but gentle (1.3dB/kHz) - could be an old master/analog source, not necessarily transcoded",44100,15622,22050,1.3
/home/adam/driveBig/Music/My Playlist/Play The Game - Queen - The Game (Deluxe Edition 2011 Remaster).flac,GRADUAL_ROLLOFF,"rolloff at ~16419Hz but gentle (2.3dB/kHz) - could be an old master/analog source, not necessarily transcoded",44100,16419,22050,2.3
/home/adam/driveBig/Music/My Playlist/Plasticine - Placebo - Sleeping With Ghosts.flac,GRADUAL_ROLLOFF,"rolloff at ~17506Hz but gentle (2.1dB/kHz) - could be an old master/analog source, not necessarily transcoded",44100,17506,22050,2.1
/home/adam/driveBig/Music/My Playlist/Despicable - grandson - a modern tragedy vol. 1.flac,GRADUAL_ROLLOFF,"rolloff at ~18255Hz but gentle (1.5dB/kHz) - could be an old master/analog source, not necessarily transcoded",44100,18255,22050,1.5
/home/adam/driveBig/Music/My Playlist/Politix - Balu Brigada - Sideways.flac,GRADUAL_ROLLOFF,"rolloff at ~18152Hz but gentle (2.3dB/kHz) - could be an old master/analog source, not necessarily transcoded",44100,18152,22050,2.3
/home/adam/driveBig/Music/My Playlist/Polly - Nirvana - Nevermind.flac,GRADUAL_ROLLOFF,"rolloff at ~16516Hz but gentle (4.8dB/kHz) - could be an old master/analog source, not necessarily transcoded",44100,16516,22050,4.8
/home/adam/driveBig/Music/My Playlist/Destiny - NF - Perception.flac,GRADUAL_ROLLOFF,"rolloff at ~18685Hz but gentle (1.5dB/kHz) - could be an old master/analog source, not necessarily transcoded",44100,18685,22050,1.5
/home/adam/driveBig/Music/My Playlist/Destroyed By Hippie Powers - Car Seat Headrest - Teens Of Denial.flac,GRADUAL_ROLLOFF,"rolloff at ~18319Hz but gentle (0.7dB/kHz) - could be an old master/analog source, not necessarily transcoded",44100,18319,22050,0.7
/home/adam/driveBig/Music/My Playlist/Detroit Basketball - Bad Bad Hats - Walkman.flac,GRADUAL_ROLLOFF,"rolloff at ~16807Hz but gentle (3.7dB/kHz) - could be an old master/analog source, not necessarily transcoded",44100,16807,22050,3.7
/home/adam/driveBig/Music/My Playlist/Detroit - Red Hot Chili Peppers - The Getaway.flac,GRADUAL_ROLLOFF,"rolloff at ~20634Hz but gentle (6.7dB/kHz) - could be an old master/analog source, not necessarily transcoded",44100,20634,22050,6.7
/home/adam/driveBig/Music/My Playlist/Devil Moon - Car Seat Headrest - Starving While Living.flac,GRADUAL_ROLLOFF,"rolloff at ~12112Hz but gentle (-0.4dB/kHz) - could be an old master/analog source, not necessarily transcoded",44100,12112,22050,-0.4
/home/adam/driveBig/Music/My Playlist/Detroit Rock City - Kiss - The Very Best of KISS.flac,GRADUAL_ROLLOFF,"rolloff at ~15752Hz but gentle (2.1dB/kHz) - could be an old master/analog source, not necessarily transcoded",44100,15752,22050,2.1
/home/adam/driveBig/Music/My Playlist/Didn't Even Know Her Name - Bread - Guitar Man.flac,GRADUAL_ROLLOFF,"rolloff at ~19170Hz but gentle (0.5dB/kHz) - could be an old master/analog source, not necessarily transcoded",44100,19170,22050,0.5
/home/adam/driveBig/Music/My Playlist/Did It in a Minute - Daryl Hall & John Oates - The Very Best of Daryl Hall & John Oates.flac,GRADUAL_ROLLOFF,"rolloff at ~20769Hz but gentle (6.7dB/kHz) - could be an old master/analog source, not necessarily transcoded",44100,20769,22050,6.7
/home/adam/driveBig/Music/My Playlist/Diamond Eyes - Deftones.flac,GRADUAL_ROLLOFF,"rolloff at ~19337Hz but gentle (2.5dB/kHz) - could be an old master/analog source, not necessarily transcoded",44100,19337,22050,2.5
/home/adam/driveBig/Music/My Playlist/Digital Love - Daft Punk - Discovery.flac,GRADUAL_ROLLOFF,"rolloff at ~11246Hz but gentle (-0.5dB/kHz) - could be an old master/analog source, not necessarily transcoded",44100,11246,22050,-0.5
/home/adam/driveBig/Music/My Playlist/Didn't Even Know Her Name - Bread - The Studio Album Collection.flac,GRADUAL_ROLLOFF,"rolloff at ~19687Hz but gentle (3.1dB/kHz) - could be an old master/analog source, not necessarily transcoded",44100,19687,22050,3.1
/home/adam/driveBig/Music/My Playlist/Digital Bath - Deftones - White Pony.flac,GRADUAL_ROLLOFF,"rolloff at ~18061Hz but gentle (0.8dB/kHz) - could be an old master/analog source, not necessarily transcoded",44100,18061,22050,0.8
/home/adam/driveBig/Music/My Playlist/Doing It All for My Baby - Huey Lewis & The News - Greatest Hits.flac,GRADUAL_ROLLOFF,"rolloff at ~20736Hz but gentle (8.3dB/kHz) - could be an old master/analog source, not necessarily transcoded",44100,20736,22050,8.3
/home/adam/driveBig/Music/My Playlist/Doll - Foo Fighters - The Colour And The Shape.flac,GRADUAL_ROLLOFF,"rolloff at ~20726Hz but gentle (11.0dB/kHz) - could be an old master/analog source, not necessarily transcoded",44100,20726,22050,11
/home/adam/driveBig/Music/My Playlist/Don't Forget Me - Red Hot Chili Peppers - By the Way.flac,GRADUAL_ROLLOFF,"rolloff at ~21070Hz but gentle (10.9dB/kHz) - could be an old master/analog source, not necessarily transcoded",44100,21070,22050,10.9
/home/adam/driveBig/Music/My Playlist/Don't Blame Me - James Marriott - Are We There Yet.flac,GRADUAL_ROLLOFF,"rolloff at ~20392Hz but gentle (4.0dB/kHz) - could be an old master/analog source, not necessarily transcoded",44100,20392,22050,4
/home/adam/driveBig/Music/My Playlist/Don't Look Back In Anger - Oasis - (What's The Story) Morning Glory.flac,GRADUAL_ROLLOFF,"rolloff at ~15741Hz but gentle (1.7dB/kHz) - could be an old master/analog source, not necessarily transcoded",44100,15741,22050,1.7
/home/adam/driveBig/Music/My Playlist/Don't Let It Go - Beck - Morning Phase.flac,GRADUAL_ROLLOFF,"rolloff at ~16225Hz but gentle (4.7dB/kHz) - could be an old master/analog source, not necessarily transcoded",44100,16225,22050,4.7
/home/adam/driveBig/Music/My Playlist/I Was Made for Lovin’ You - Kiss - The Very Best of KISS.flac,GRADUAL_ROLLOFF,"rolloff at ~13824Hz but gentle (0.9dB/kHz) - could be an old master/analog source, not necessarily transcoded",44100,13824,22050,0.9
/home/adam/driveBig/Music/My Playlist/I Will - Mitski - bury me at makeout creek.flac,GRADUAL_ROLLOFF,"rolloff at ~11483Hz but gentle (2.1dB/kHz) - could be an old master/analog source, not necessarily transcoded",44100,11483,22050,2.1
/home/adam/driveBig/Music/My Playlist/DIGNITY - Ado - Ado's Best Adobum.flac,GRADUAL_ROLLOFF,"rolloff at ~19864Hz but gentle (3.4dB/kHz) - could be an old master/analog source, not necessarily transcoded",44100,19864,22050,3.4
"/home/adam/driveBig/Music/My Playlist/I Will Always - The Cranberries - Everybody Else Is Doing It, So Why Can’t We.flac",GRADUAL_ROLLOFF,"rolloff at ~15628Hz but gentle (0.8dB/kHz) - could be an old master/analog source, not necessarily transcoded",44100,15628,22050,0.8
/home/adam/driveBig/Music/My Playlist/I Will Wait - Mumford & Sons - Babel.flac,GRADUAL_ROLLOFF,"rolloff at ~16462Hz but gentle (1.6dB/kHz) - could be an old master/analog source, not necessarily transcoded",44100,16462,22050,1.6
/home/adam/driveBig/Music/My Playlist/I Won’t Quit on You - Hayley Williams - Ego Death at a Bachelorette Party.flac,GRADUAL_ROLLOFF,"rolloff at ~19482Hz but gentle (3.2dB/kHz) - could be an old master/analog source, not necessarily transcoded",44100,19482,22050,3.2
/home/adam/driveBig/Music/My Playlist/I Write Sins Not Tragedies - Panic! At The Disco - A Fever You Can’t Sweat Out.flac,GRADUAL_ROLLOFF,"rolloff at ~15655Hz but gentle (1.7dB/kHz) - could be an old master/analog source, not necessarily transcoded",44100,15655,22050,1.7
/home/adam/driveBig/Music/My Playlist/I Won't - AJR.flac,GRADUAL_ROLLOFF,"rolloff at ~20699Hz but gentle (8.6dB/kHz) - could be an old master/analog source, not necessarily transcoded",44100,20699,22050,8.6
/home/adam/driveBig/Music/My Playlist/Lovesong - The Cure - Disintegration.flac,GRADUAL_ROLLOFF,"rolloff at ~20117Hz but gentle (4.8dB/kHz) - could be an old master/analog source, not necessarily transcoded",44100,20117,22050,4.8
/home/adam/driveBig/Music/My Playlist/Lucky - MOMMA - Household Name.flac,GRADUAL_ROLLOFF,"rolloff at ~20790Hz but gentle (9.9dB/kHz) - could be an old master/analog source, not necessarily transcoded",44100,20790,22050,9.9
/home/adam/driveBig/Music/My Playlist/Lucky Bruto - Ado - Kyougen.flac,GRADUAL_ROLLOFF,"rolloff at ~18357Hz but gentle (2.4dB/kHz) - could be an old master/analog source, not necessarily transcoded",44100,18357,22050,2.4
/home/adam/driveBig/Music/My Playlist/Lucy - Skillet - Awake.flac,GRADUAL_ROLLOFF,"rolloff at ~17167Hz but gentle (2.4dB/kHz) - could be an old master/analog source, not necessarily transcoded",44100,17167,22050,2.4
/home/adam/driveBig/Music/My Playlist/Lucy - Goodshirt - Fiji Baby.flac,GRADUAL_ROLLOFF,"rolloff at ~16096Hz but gentle (2.8dB/kHz) - could be an old master/analog source, not necessarily transcoded",44100,16096,22050,2.8
/home/adam/driveBig/Music/My Playlist/Lullaby - Creed - Weathered.flac,GRADUAL_ROLLOFF,"rolloff at ~13437Hz but gentle (2.2dB/kHz) - could be an old master/analog source, not necessarily transcoded",44100,13437,22050,2.2
/home/adam/driveBig/Music/My Playlist/Lullaby - The Cure - Disintegration.flac,GRADUAL_ROLLOFF,"rolloff at ~20117Hz but gentle (5.8dB/kHz) - could be an old master/analog source, not necessarily transcoded",44100,20117,22050,5.8
/home/adam/driveBig/Music/My Playlist/You’re Special - NF - Perception.flac,GRADUAL_ROLLOFF,"rolloff at ~20080Hz but gentle (2.3dB/kHz) - could be an old master/analog source, not necessarily transcoded",44100,20080,22050,2.3
/home/adam/driveBig/Music/My Playlist/Luna - Smashing Pumpkins - Siamese Dream.flac,GRADUAL_ROLLOFF,"rolloff at ~20580Hz but gentle (2.2dB/kHz) - could be an old master/analog source, not necessarily transcoded",44100,20580,22050,2.2
/home/adam/driveBig/Music/My Playlist/Lying From You - Linkin Park - Meteora.flac,GRADUAL_ROLLOFF,"rolloff at ~15805Hz but gentle (1.7dB/kHz) - could be an old master/analog source, not necessarily transcoded",44100,15805,22050,1.7
/home/adam/driveBig/Music/My Playlist/You’ve Got Her in Your Pocket - The White Stripes - Elephant.flac,GRADUAL_ROLLOFF,"rolloff at ~15407Hz but gentle (2.5dB/kHz) - could be an old master/analog source, not necessarily transcoded",44100,15407,22050,2.5
/home/adam/driveBig/Music/My Playlist/You’ve Lost That Lovin’ Feeling - Daryl Hall & John Oates - The Very Best of Daryl Hall & John Oates.flac,GRADUAL_ROLLOFF,"rolloff at ~21119Hz but gentle (11.9dB/kHz) - could be an old master/analog source, not necessarily transcoded",44100,21119,22050,11.9
/home/adam/driveBig/Music/My Playlist/Zissou - Hayley Williams - Ego Death at a Bachelorette Party.flac,GRADUAL_ROLLOFF,"rolloff at ~19827Hz but gentle (2.9dB/kHz) - could be an old master/analog source, not necessarily transcoded",44100,19827,22050,2.9
/home/adam/driveBig/Music/My Playlist/Zitti E Buoni - Måneskin - Teatro D'ira - Vol. I.flac,GRADUAL_ROLLOFF,"rolloff at ~19208Hz but gentle (4.4dB/kHz) - could be an old master/analog source, not necessarily transcoded",44100,19208,22050,4.4
/home/adam/driveBig/Music/My Playlist/Ziggy Stardust - David Bowie - The Rise and Fall of Ziggy Stardust and the Spiders From Mars.flac,GRADUAL_ROLLOFF,"rolloff at ~15461Hz but gentle (5.4dB/kHz) - could be an old master/analog source, not necessarily transcoded",44100,15461,22050,5.4
/home/adam/driveBig/Music/My Playlist/Zombie - The Cranberries - No Need to Argue.flac,GRADUAL_ROLLOFF,"rolloff at ~13055Hz but gentle (2.6dB/kHz) - could be an old master/analog source, not necessarily transcoded",44100,13055,22050,2.6
/home/adam/driveBig/Music/My Playlist/不可幸力 - Vaundy - strobo.flac,GRADUAL_ROLLOFF,"rolloff at ~19401Hz but gentle (3.9dB/kHz) - could be an old master/analog source, not necessarily transcoded",44100,19401,22050,3.9
/home/adam/driveBig/Music/My Playlist/僕は今日も - Vaundy - strobo.flac,GRADUAL_ROLLOFF,"rolloff at ~19870Hz but gentle (3.7dB/kHz) - could be an old master/analog source, not necessarily transcoded",44100,19870,22050,3.7
/home/adam/driveBig/Music/My Playlist/Zombie Lady - Damiano David - FUNNY little FEARS.flac,GRADUAL_ROLLOFF,"rolloff at ~20182Hz but gentle (5.4dB/kHz) - could be an old master/analog source, not necessarily transcoded",44100,20182,22050,5.4
/home/adam/driveBig/Music/My Playlist/True Believer - Hayley Williams - Ego Death at a Bachelorette Party.flac,GRADUAL_ROLLOFF,"rolloff at ~20570Hz but gentle (6.0dB/kHz) - could be an old master/analog source, not necessarily transcoded",44100,20570,22050,6
/home/adam/driveBig/Music/My Playlist/怪獣の花唄 - Vaundy - strobo.flac,GRADUAL_ROLLOFF,"rolloff at ~19951Hz but gentle (4.9dB/kHz) - could be an old master/analog source, not necessarily transcoded",44100,19951,22050,4.9
/home/adam/driveBig/Music/My Playlist/東京フラッシュ - Vaundy - strobo.flac,GRADUAL_ROLLOFF,"rolloff at ~20317Hz but gentle (4.0dB/kHz) - could be an old master/analog source, not necessarily transcoded",44100,20317,22050,4
/home/adam/driveBig/Music/My Playlist/灯火 - Vaundy - strobo.flac,GRADUAL_ROLLOFF,"rolloff at ~20521Hz but gentle (7.0dB/kHz) - could be an old master/analog source, not necessarily transcoded",44100,20521,22050,7
/home/adam/driveBig/Music/My Playlist/Truce - Twenty One Pilots - Vessel.flac,GRADUAL_ROLLOFF,"rolloff at ~18368Hz but gentle (3.0dB/kHz) - could be an old master/analog source, not necessarily transcoded",44100,18368,22050,3
/home/adam/driveBig/Music/My Playlist/狂乱 Hey Kids!! - THE ORAL CIGARETTES - FIXION.flac,GRADUAL_ROLLOFF,"rolloff at ~20322Hz but gentle (10.4dB/kHz) - could be an old master/analog source, not necessarily transcoded",44100,20322,22050,10.4
/home/adam/driveBig/Music/My Playlist/Trouble With Dreams - Eels - Meet the Eels - Essential Eels.flac,GRADUAL_ROLLOFF,"rolloff at ~20860Hz but gentle (7.5dB/kHz) - could be an old master/analog source, not necessarily transcoded",44100,20860,22050,7.5
/home/adam/driveBig/Music/My Playlist/True Love Way - Kings of Leon - Because of the Times.flac,GRADUAL_ROLLOFF,"rolloff at ~15472Hz but gentle (2.2dB/kHz) - could be an old master/analog source, not necessarily transcoded",44100,15472,22050,2.2
"/home/adam/driveBig/Music/My Playlist/Trust in You - The Offspring - Rise and Fall, Rage and Grace.flac",GRADUAL_ROLLOFF,"rolloff at ~17808Hz but gentle (5.2dB/kHz) - could be an old master/analog source, not necessarily transcoded",44100,17808,22050,5.2
/home/adam/driveBig/Music/My Playlist/Trunk - Kings of Leon - Because of the Times.flac,GRADUAL_ROLLOFF,"rolloff at ~13297Hz but gentle (0.9dB/kHz) - could be an old master/analog source, not necessarily transcoded",44100,13297,22050,0.9
/home/adam/driveBig/Music/My Playlist/Trying to Hold the Setting Sun - Daniel Champagne.flac,GRADUAL_ROLLOFF,"rolloff at ~20898Hz but gentle (9.7dB/kHz) - could be an old master/analog source, not necessarily transcoded",44100,20898,22050,9.7
/home/adam/driveBig/Music/My Playlist/Tryin' - Eagles - Eagles.flac,GRADUAL_ROLLOFF,"rolloff at ~19369Hz but gentle (2.4dB/kHz) - could be an old master/analog source, not necessarily transcoded",44100,19369,22050,2.4
/home/adam/driveBig/Music/My Playlist/Trust Me - The Fray - How to Save a Life.flac,GRADUAL_ROLLOFF,"rolloff at ~20397Hz but gentle (6.1dB/kHz) - could be an old master/analog source, not necessarily transcoded",44100,20397,22050,6.1
/home/adam/driveBig/Music/My Playlist/In the End - Linkin Park - Hybrid Theory.flac,GRADUAL_ROLLOFF,"rolloff at ~20688Hz but gentle (5.5dB/kHz) - could be an old master/analog source, not necessarily transcoded",44100,20688,22050,5.5
"/home/adam/driveBig/Music/My Playlist/In the Cold, Cold Night - The White Stripes - Elephant.flac",GRADUAL_ROLLOFF,"rolloff at ~13561Hz but gentle (1.7dB/kHz) - could be an old master/analog source, not necessarily transcoded",44100,13561,22050,1.7
/home/adam/driveBig/Music/My Playlist/Trying Your Luck - The Strokes - Is This It.flac,GRADUAL_ROLLOFF,"rolloff at ~20139Hz but gentle (4.4dB/kHz) - could be an old master/analog source, not necessarily transcoded",44100,20139,22050,4.4
/home/adam/driveBig/Music/My Playlist/In the Flesh - Blondie - The Best of Blondie.flac,GRADUAL_ROLLOFF,"rolloff at ~17216Hz but gentle (3.0dB/kHz) - could be an old master/analog source, not necessarily transcoded",44100,17216,22050,3
/home/adam/driveBig/Music/My Playlist/In the Gallery - Dire Straits - Dire Straits.flac,GRADUAL_ROLLOFF,"rolloff at ~18605Hz but gentle (2.5dB/kHz) - could be an old master/analog source, not necessarily transcoded",44100,18605,22050,2.5
/home/adam/driveBig/Music/My Playlist/In the End - Green Day - Dookie.flac,GRADUAL_ROLLOFF,"rolloff at ~18093Hz but gentle (2.1dB/kHz) - could be an old master/analog source, not necessarily transcoded",44100,18093,22050,2.1
/home/adam/driveBig/Music/My Playlist/In the Light - The Lumineers - Cleopatra.flac,GRADUAL_ROLLOFF,"rolloff at ~13453Hz but gentle (1.0dB/kHz) - could be an old master/analog source, not necessarily transcoded",44100,13453,22050,1
/home/adam/driveBig/Music/My Playlist/In the Garden - Red Vox - Another Light.flac,GRADUAL_ROLLOFF,"rolloff at ~20047Hz but gentle (2.9dB/kHz) - could be an old master/analog source, not necessarily transcoded",44100,20047,22050,2.9
/home/adam/driveBig/Music/My Playlist/in this movie - Tai Verdes - HDTV.flac,GRADUAL_ROLLOFF,"rolloff at ~20080Hz but gentle (4.2dB/kHz) - could be an old master/analog source, not necessarily transcoded",44100,20080,22050,4.2
/home/adam/driveBig/Music/My Playlist/In Too Deep - Sum 41 - All Killer No Filler.flac,GRADUAL_ROLLOFF,"rolloff at ~21108Hz but gentle (10.8dB/kHz) - could be an old master/analog source, not necessarily transcoded",44100,21108,22050,10.8
/home/adam/driveBig/Music/My Playlist/In The Summertime - Mungo Jerry.flac,GRADUAL_ROLLOFF,"rolloff at ~18863Hz but gentle (1.5dB/kHz) - could be an old master/analog source, not necessarily transcoded",44100,18863,22050,1.5
/home/adam/driveBig/Music/My Playlist/Inertia (Acoustic) - AJR.flac,GRADUAL_ROLLOFF,"rolloff at ~20607Hz but gentle (9.6dB/kHz) - could be an old master/analog source, not necessarily transcoded",44100,20607,22050,9.6
/home/adam/driveBig/Music/My Playlist/At Doom's Gate (Doom E1M1) - John B.flac,GRADUAL_ROLLOFF,"rolloff at ~20042Hz but gentle (4.1dB/kHz) - could be an old master/analog source, not necessarily transcoded",44100,20042,22050,4.1
/home/adam/driveBig/Music/My Playlist/Audio 001 - Vaundy - strobo.flac,GRADUAL_ROLLOFF,"rolloff at ~20096Hz but gentle (4.8dB/kHz) - could be an old master/analog source, not necessarily transcoded",44100,20096,22050,4.8
/home/adam/driveBig/Music/My Playlist/At the Door - The Strokes - The New Abnormal.flac,GRADUAL_ROLLOFF,"rolloff at ~14863Hz but gentle (2.7dB/kHz) - could be an old master/analog source, not necessarily transcoded",44100,14863,22050,2.7
/home/adam/driveBig/Music/My Playlist/At My Most Beautiful - R.E.M. - Up (25th Anniversary Edition).flac,GRADUAL_ROLLOFF,"rolloff at ~13124Hz but gentle (3.3dB/kHz) - could be an old master/analog source, not necessarily transcoded",44100,13124,22050,3.3
/home/adam/driveBig/Music/My Playlist/Atom Bomb - Red Vox - What Could Go Wrong.flac,GRADUAL_ROLLOFF,"rolloff at ~20042Hz but gentle (3.7dB/kHz) - could be an old master/analog source, not necessarily transcoded",44100,20042,22050,3.7
/home/adam/driveBig/Music/My Playlist/Atomic - Blondie - The Best of Blondie.flac,GRADUAL_ROLLOFF,"rolloff at ~17490Hz but gentle (2.4dB/kHz) - could be an old master/analog source, not necessarily transcoded",44100,17490,22050,2.4
/home/adam/driveBig/Music/My Playlist/At the Scene - The Dave Clark Five - American Tour (2019 - Remaster).flac,GRADUAL_ROLLOFF,"rolloff at ~20672Hz but gentle (11.5dB/kHz) - could be an old master/analog source, not necessarily transcoded",44100,20672,22050,11.5
/home/adam/driveBig/Music/My Playlist/Attention - Rich Brian; Offset - Amen.flac,GRADUAL_ROLLOFF,"rolloff at ~19008Hz but gentle (0.5dB/kHz) - could be an old master/analog source, not necessarily transcoded",44100,19008,22050,0.5
/home/adam/driveBig/Music/My Playlist/Aubrey - Bread - Guitar Man.flac,GRADUAL_ROLLOFF,"rolloff at ~19208Hz but gentle (-0.8dB/kHz) - could be an old master/analog source, not necessarily transcoded",44100,19208,22050,-0.8
/home/adam/driveBig/Music/My Playlist/Aubrey - Bread - The Studio Album Collection.flac,GRADUAL_ROLLOFF,"rolloff at ~19380Hz but gentle (2.4dB/kHz) - could be an old master/analog source, not necessarily transcoded",44100,19380,22050,2.4
"/home/adam/driveBig/Music/My Playlist/FORGONE - Quadeca - Vanisher, Horizon Scraper.flac",GRADUAL_ROLLOFF,"rolloff at ~17000Hz but gentle (1.2dB/kHz) - could be an old master/analog source, not necessarily transcoded",44100,17000,22050,1.2
/home/adam/driveBig/Music/My Playlist/Aurora - Foo Fighters - There Is Nothing Left To Lose.flac,GRADUAL_ROLLOFF,"rolloff at ~20327Hz but gentle (5.6dB/kHz) - could be an old master/analog source, not necessarily transcoded",44100,20327,22050,5.6
/home/adam/driveBig/Music/My Playlist/Auf Achse - Franz Ferdinand - Franz Ferdinand.flac,GRADUAL_ROLLOFF,"rolloff at ~16699Hz but gentle (2.0dB/kHz) - could be an old master/analog source, not necessarily transcoded",44100,16699,22050,2
/home/adam/driveBig/Music/My Playlist/Fortunate Son - Creedence Clearwater Revival - Willy And The Poor Boys (Expanded Edition).flac,GRADUAL_ROLLOFF,"rolloff at ~19918Hz but gentle (3.9dB/kHz) - could be an old master/analog source, not necessarily transcoded",44100,19918,22050,3.9
/home/adam/driveBig/Music/My Playlist/Four Sticks - Led Zeppelin - Led Zeppelin IV.flac,GRADUAL_ROLLOFF,"rolloff at ~15859Hz but gentle (2.5dB/kHz) - could be an old master/analog source, not necessarily transcoded",44100,15859,22050,2.5
/home/adam/driveBig/Music/My Playlist/Fox on the Run - The Sweet - Dazed and Confused.flac,GRADUAL_ROLLOFF,"rolloff at ~20187Hz but gentle (7.7dB/kHz) - could be an old master/analog source, not necessarily transcoded",44100,20187,22050,7.7
/home/adam/driveBig/Music/My Playlist/Fragments of Time - Daft Punk - Random Access Memories.flac,GRADUAL_ROLLOFF,"rolloff at ~17447Hz but gentle (3.6dB/kHz) - could be an old master/analog source, not necessarily transcoded",44100,17447,22050,3.6
/home/adam/driveBig/Music/My Playlist/Fragments - Joji; Don Toliver - Piss in the Wind.flac,GRADUAL_ROLLOFF,"rolloff at ~20236Hz but gentle (7.2dB/kHz) - could be an old master/analog source, not necessarily transcoded",44100,20236,22050,7.2
/home/adam/driveBig/Music/My Playlist/Francis Forever - Mitski - bury me at makeout creek.flac,GRADUAL_ROLLOFF,"rolloff at ~15757Hz but gentle (2.5dB/kHz) - could be an old master/analog source, not necessarily transcoded",44100,15757,22050,2.5
/home/adam/driveBig/Music/My Playlist/Frances Farmer Will Have Her Revenge on Seattle - Nirvana - In Utero.flac,GRADUAL_ROLLOFF,"rolloff at ~17151Hz but gentle (2.1dB/kHz) - could be an old master/analog source, not necessarily transcoded",44100,17151,22050,2.1
/home/adam/driveBig/Music/My Playlist/Frank Sinatra - CAKE - Fashion Nugget.flac,GRADUAL_ROLLOFF,"rolloff at ~19208Hz but gentle (1.2dB/kHz) - could be an old master/analog source, not necessarily transcoded",44100,19208,22050,1.2
/home/adam/driveBig/Music/My Playlist/Free Bird - Lynyrd Skynyrd - Pronounced' Leh-'Nerd 'Skin-'Nerd.flac,GRADUAL_ROLLOFF,"rolloff at ~16177Hz but gentle (4.3dB/kHz) - could be an old master/analog source, not necessarily transcoded",44100,16177,22050,4.3
/home/adam/driveBig/Music/My Playlist/Freaks - Surf Curse - Buds.flac,GRADUAL_ROLLOFF,"rolloff at ~19870Hz but gentle (3.6dB/kHz) - could be an old master/analog source, not necessarily transcoded",44100,19870,22050,3.6
/home/adam/driveBig/Music/My Playlist/Fraternity (Bonus Track) - Foo Fighters - There Is Nothing Left To Lose.flac,GRADUAL_ROLLOFF,"rolloff at ~20532Hz but gentle (8.2dB/kHz) - could be an old master/analog source, not necessarily transcoded",44100,20532,22050,8.2
/home/adam/driveBig/Music/My Playlist/Going Mobile - The Who - Who’s Next.flac,GRADUAL_ROLLOFF,"rolloff at ~20801Hz but gentle (8.6dB/kHz) - could be an old master/analog source, not necessarily transcoded",44100,20801,22050,8.6
/home/adam/driveBig/Music/My Playlist/Gold - James Marriott - Bitter Tongues.flac,GRADUAL_ROLLOFF,"rolloff at ~20736Hz but gentle (11.5dB/kHz) - could be an old master/analog source, not necessarily transcoded",44100,20736,22050,11.5
"/home/adam/driveBig/Music/My Playlist/Gold Soundz - Pavement - Crooked Rain, Crooked Rain.flac",GRADUAL_ROLLOFF,"rolloff at ~19089Hz but gentle (2.3dB/kHz) - could be an old master/analog source, not necessarily transcoded",44100,19089,22050,2.3
/home/adam/driveBig/Music/My Playlist/Going To California - Led Zeppelin - Led Zeppelin IV.flac,GRADUAL_ROLLOFF,"rolloff at ~11558Hz but gentle (0.8dB/kHz) - could be an old master/analog source, not necessarily transcoded",44100,11558,22050,0.8
/home/adam/driveBig/Music/My Playlist/Gold Soundz - Pavement - Gold Soundz EP.flac,GRADUAL_ROLLOFF,"rolloff at ~20570Hz but gentle (4.9dB/kHz) - could be an old master/analog source, not necessarily transcoded",44100,20570,22050,4.9
/home/adam/driveBig/Music/My Playlist/Going Postal At The Party - James Marriott - Are We There Yet.flac,GRADUAL_ROLLOFF,"rolloff at ~20365Hz but gentle (7.2dB/kHz) - could be an old master/analog source, not necessarily transcoded",44100,20365,22050,7.2
/home/adam/driveBig/Music/My Playlist/Golden Dandelions - Barns Courtney - The Attractions of Youth.flac,GRADUAL_ROLLOFF,"rolloff at ~20150Hz but gentle (8.7dB/kHz) - could be an old master/analog source, not necessarily transcoded",44100,20150,22050,8.7
/home/adam/driveBig/Music/My Playlist/I Don't Smoke - Mitski - bury me at makeout creek.flac,GRADUAL_ROLLOFF,"rolloff at ~12780Hz but gentle (1.6dB/kHz) - could be an old master/analog source, not necessarily transcoded",44100,12780,22050,1.6
/home/adam/driveBig/Music/My Playlist/I Don't Wanna Waste My Time (SwuM remix) - Joji - In Tongues (Deluxe).flac,GRADUAL_ROLLOFF,"rolloff at ~13028Hz but gentle (4.4dB/kHz) - could be an old master/analog source, not necessarily transcoded",44100,13028,22050,4.4
/home/adam/driveBig/Music/My Playlist/I Don't Mean to Complain - Red Vox - Realign.flac,GRADUAL_ROLLOFF,"rolloff at ~16882Hz but gentle (2.2dB/kHz) - could be an old master/analog source, not necessarily transcoded",44100,16882,22050,2.2
/home/adam/driveBig/Music/My Playlist/I Don't Wanna Waste My Time - Joji - In Tongues (Deluxe).flac,GRADUAL_ROLLOFF,"rolloff at ~14556Hz but gentle (2.2dB/kHz) - could be an old master/analog source, not necessarily transcoded",44100,14556,22050,2.2
/home/adam/driveBig/Music/My Playlist/Golden Days - Panic! At The Disco - Death of a Bachelor.flac,GRADUAL_ROLLOFF,"rolloff at ~19762Hz but gentle (3.7dB/kHz) - could be an old master/analog source, not necessarily transcoded",44100,19762,22050,3.7
/home/adam/driveBig/Music/My Playlist/I Don't Want Your Love (Shep Pettibone Mix) - Duran Duran - Greatest.flac,GRADUAL_ROLLOFF,"rolloff at ~19633Hz but gentle (2.1dB/kHz) - could be an old master/analog source, not necessarily transcoded",44100,19633,22050,2.1
/home/adam/driveBig/Music/My Playlist/I Don't Write About Girls - Marcin; Ichika Nito - Dragon in Harmony.flac,GRADUAL_ROLLOFF,"rolloff at ~18174Hz but gentle (2.6dB/kHz) - could be an old master/analog source, not necessarily transcoded",44100,18174,22050,2.6
/home/adam/driveBig/Music/My Playlist/I Dream Myself Alive - A-Ha - Hunting High And Low.flac,GRADUAL_ROLLOFF,"rolloff at ~20354Hz but gentle (10.6dB/kHz) - could be an old master/analog source, not necessarily transcoded",44100,20354,22050,10.6
/home/adam/driveBig/Music/My Playlist/Intro - Sum 41 - Chuck.flac,GRADUAL_ROLLOFF,"rolloff at ~16920Hz but gentle (-0.1dB/kHz) - could be an old master/analog source, not necessarily transcoded",44100,16920,22050,-0.1
/home/adam/driveBig/Music/My Playlist/I Don’t Love You - My Chemical Romance - The Black Parade.flac,GRADUAL_ROLLOFF,"rolloff at ~15628Hz but gentle (2.0dB/kHz) - could be an old master/analog source, not necessarily transcoded",44100,15628,22050,2
/home/adam/driveBig/Music/My Playlist/I Don’t Even Know Myself - The Who - Who’s Next.flac,GRADUAL_ROLLOFF,"rolloff at ~16446Hz but gentle (4.2dB/kHz) - could be an old master/analog source, not necessarily transcoded",44100,16446,22050,4.2
"/home/adam/driveBig/Music/My Playlist/I DREAM ABOUT SINKING - Quadeca - Vanisher, Horizon Scraper.flac",GRADUAL_ROLLOFF,"rolloff at ~19191Hz but gentle (0.6dB/kHz) - could be an old master/analog source, not necessarily transcoded",44100,19191,22050,0.6
/home/adam/driveBig/Music/My Playlist/Intro - Limp Bizkit - Chocolate Starfish and the Hot Dog Flavored Water.flac,GRADUAL_ROLLOFF,"rolloff at ~21006Hz but gentle (8.0dB/kHz) - could be an old master/analog source, not necessarily transcoded",44100,21006,22050,8
/home/adam/driveBig/Music/My Playlist/Invaders - Iron Maiden - The Number of the Beast  (2015 Remaster).flac,GRADUAL_ROLLOFF,"rolloff at ~16521Hz but gentle (3.3dB/kHz) - could be an old master/analog source, not necessarily transcoded",44100,16521,22050,3.3
/home/adam/driveBig/Music/My Playlist/Introvert - Rich Brian; Joji - Amen.flac,GRADUAL_ROLLOFF,"rolloff at ~20365Hz but gentle (6.9dB/kHz) - could be an old master/analog source, not necessarily transcoded",44100,20365,22050,6.9
/home/adam/driveBig/Music/My Playlist/I Feel It Now - Barns Courtney - Supernatural.flac,GRADUAL_ROLLOFF,"rolloff at ~19956Hz but gentle (2.5dB/kHz) - could be an old master/analog source, not necessarily transcoded",44100,19956,22050,2.5
/home/adam/driveBig/Music/My Playlist/Invincible - Muse - Black Holes and Revelations.flac,GRADUAL_ROLLOFF,"rolloff at ~20666Hz but gentle (6.3dB/kHz) - could be an old master/analog source, not necessarily transcoded",44100,20666,22050,6.3
/home/adam/driveBig/Music/My Playlist/Is There Something I Should Know! - Duran Duran - Greatest.flac,GRADUAL_ROLLOFF,"rolloff at ~19579Hz but gentle (2.6dB/kHz) - could be an old master/analog source, not necessarily transcoded",44100,19579,22050,2.6
/home/adam/driveBig/Music/My Playlist/Iron Man - Black Sabbath - Paranoid (2012 Remaster).flac,GRADUAL_ROLLOFF,"rolloff at ~16295Hz but gentle (0.9dB/kHz) - could be an old master/analog source, not necessarily transcoded",44100,16295,22050,0.9
/home/adam/driveBig/Music/My Playlist/Is This It - The Strokes.flac,GRADUAL_ROLLOFF,"rolloff at ~20844Hz but gentle (9.9dB/kHz) - could be an old master/analog source, not necessarily transcoded",44100,20844,22050,9.9
/home/adam/driveBig/Music/My Playlist/Is This Love - CAKE - Motorcade of Generosity.flac,GRADUAL_ROLLOFF,"rolloff at ~17996Hz but gentle (2.0dB/kHz) - could be an old master/analog source, not necessarily transcoded",44100,17996,22050,2
/home/adam/driveBig/Music/My Playlist/Island in the Sun - Weezer - Weezer (Green Album).flac,GRADUAL_ROLLOFF,"rolloff at ~20602Hz but gentle (6.6dB/kHz) - could be an old master/analog source, not necessarily transcoded",44100,20602,22050,6.6
/home/adam/driveBig/Music/My Playlist/It Ain’t Easy - David Bowie - The Rise and Fall of Ziggy Stardust and the Spiders From Mars.flac,GRADUAL_ROLLOFF,"rolloff at ~16774Hz but gentle (3.7dB/kHz) - could be an old master/analog source, not necessarily transcoded",44100,16774,22050,3.7
/home/adam/driveBig/Music/My Playlist/It's Over - Electric Light Orchestra - Out of the Blue.flac,GRADUAL_ROLLOFF,"rolloff at ~20656Hz but gentle (8.3dB/kHz) - could be an old master/analog source, not necessarily transcoded",44100,20656,22050,8.3
/home/adam/driveBig/Music/My Playlist/It's Not Me It's You - Skillet - Awake.flac,GRADUAL_ROLLOFF,"rolloff at ~18545Hz but gentle (3.3dB/kHz) - could be an old master/analog source, not necessarily transcoded",44100,18545,22050,3.3
/home/adam/driveBig/Music/My Playlist/Italian Leather Sofa - CAKE - Fashion Nugget.flac,GRADUAL_ROLLOFF,"rolloff at ~20457Hz but gentle (6.2dB/kHz) - could be an old master/analog source, not necessarily transcoded",44100,20457,22050,6.2
/home/adam/driveBig/Music/My Playlist/It’ll Be OK - Limp Bizkit - Chocolate Starfish and the Hot Dog Flavored Water.flac,GRADUAL_ROLLOFF,"rolloff at ~15633Hz but gentle (1.0dB/kHz) - could be an old master/analog source, not necessarily transcoded",44100,15633,22050,1
/home/adam/driveBig/Music/My Playlist/It's Too Late - Derek and the Dominos - Layla & Other Assorted Love Songs.flac,GRADUAL_ROLLOFF,"rolloff at ~14944Hz but gentle (2.1dB/kHz) - could be an old master/analog source, not necessarily transcoded",44100,14944,22050,2.1
/home/adam/driveBig/Music/My Playlist/It’s a Laugh - Daryl Hall & John Oates - The Very Best of Daryl Hall & John Oates.flac,GRADUAL_ROLLOFF,"rolloff at ~20817Hz but gentle (10.8dB/kHz) - could be an old master/analog source, not necessarily transcoded",44100,20817,22050,10.8
/home/adam/driveBig/Music/My Playlist/It’s a Good Life - Kongos - Lunatic.flac,GRADUAL_ROLLOFF,"rolloff at ~16624Hz but gentle (2.3dB/kHz) - could be an old master/analog source, not necessarily transcoded",44100,16624,22050,2.3
/home/adam/driveBig/Music/My Playlist/Last Chance - Jet - Get Born.flac,GRADUAL_ROLLOFF,"rolloff at ~21033Hz but gentle (11.1dB/kHz) - could be an old master/analog source, not necessarily transcoded",44100,21033,22050,11.1
/home/adam/driveBig/Music/My Playlist/It’s Not My Time - 3 Doors Down - The Greatest Hits.flac,GRADUAL_ROLLOFF,"rolloff at ~20257Hz but gentle (8.7dB/kHz) - could be an old master/analog source, not necessarily transcoded",44100,20257,22050,8.7
/home/adam/driveBig/Music/My Playlist/last day on earth - Tai Verdes - HDTV.flac,GRADUAL_ROLLOFF,"rolloff at ~19633Hz but gentle (2.3dB/kHz) - could be an old master/analog source, not necessarily transcoded",44100,19633,22050,2.3
/home/adam/driveBig/Music/My Playlist/Last Train To Clarksville - The Monkees - Greatest Hits.flac,GRADUAL_ROLLOFF,"rolloff at ~20941Hz but gentle (11.9dB/kHz) - could be an old master/analog source, not necessarily transcoded",44100,20941,22050,11.9
/home/adam/driveBig/Music/My Playlist/Last of a Dying Breed - Joji - Piss in the Wind.flac,GRADUAL_ROLLOFF,"rolloff at ~17313Hz but gentle (3.0dB/kHz) - could be an old master/analog source, not necessarily transcoded",44100,17313,22050,3
/home/adam/driveBig/Music/My Playlist/Last Nite - The Strokes - Is This It.flac,GRADUAL_ROLLOFF,"rolloff at ~20666Hz but gentle (8.6dB/kHz) - could be an old master/analog source, not necessarily transcoded",44100,20666,22050,8.6
/home/adam/driveBig/Music/My Playlist/Last Words of a Shooting Star - Mitski - bury me at makeout creek.flac,GRADUAL_ROLLOFF,"rolloff at ~14411Hz but gentle (1.5dB/kHz) - could be an old master/analog source, not necessarily transcoded",44100,14411,22050,1.5
/home/adam/driveBig/Music/My Playlist/lavish - bbno$.flac,GRADUAL_ROLLOFF,"rolloff at ~16979Hz but gentle (1.9dB/kHz) - could be an old master/analog source, not necessarily transcoded",44100,16979,22050,1.9
/home/adam/driveBig/Music/My Playlist/Morning - Beck - Morning Phase.flac,GRADUAL_ROLLOFF,"rolloff at ~16850Hz but gentle (2.9dB/kHz) - could be an old master/analog source, not necessarily transcoded",44100,16850,22050,2.9
/home/adam/driveBig/Music/My Playlist/Morirò Da Re - Måneskin - Il Ballo Della Vita.flac,GRADUAL_ROLLOFF,"rolloff at ~16354Hz but gentle (2.3dB/kHz) - could be an old master/analog source, not necessarily transcoded",44100,16354,22050,2.3
/home/adam/driveBig/Music/My Playlist/Morning Song - The Lumineers - The Lumineers.flac,GRADUAL_ROLLOFF,"rolloff at ~20413Hz but gentle (11.9dB/kHz) - could be an old master/analog source, not necessarily transcoded",44100,20413,22050,11.9
/home/adam/driveBig/Music/My Playlist/Morning Glory - Oasis - (What's The Story) Morning Glory.flac,GRADUAL_ROLLOFF,"rolloff at ~15628Hz but gentle (1.6dB/kHz) - could be an old master/analog source, not necessarily transcoded",44100,15628,22050,1.6
/home/adam/driveBig/Music/My Playlist/Mother - The Police - Synchronicity (2003 Remaster).flac,GRADUAL_ROLLOFF,"rolloff at ~20640Hz but gentle (8.5dB/kHz) - could be an old master/analog source, not necessarily transcoded",44100,20640,22050,8.5
/home/adam/driveBig/Music/My Playlist/morning time - Tai Verdes - HDTV.flac,GRADUAL_ROLLOFF,"rolloff at ~18438Hz but gentle (3.2dB/kHz) - could be an old master/analog source, not necessarily transcoded",44100,18438,22050,3.2
/home/adam/driveBig/Music/My Playlist/Mosquito Song (hidden track) - Queens Of The Stone Age - Songs For The Deaf.flac,GRADUAL_ROLLOFF,"rolloff at ~18502Hz but gentle (2.6dB/kHz) - could be an old master/analog source, not necessarily transcoded",44100,18502,22050,2.6
/home/adam/driveBig/Music/My Playlist/Most of Us Are Sad - Eagles - Eagles.flac,GRADUAL_ROLLOFF,"rolloff at ~18115Hz but gentle (3.1dB/kHz) - could be an old master/analog source, not necessarily transcoded",44100,18115,22050,3.1
/home/adam/driveBig/Music/My Playlist/Motherboard - Daft Punk - Random Access Memories.flac,GRADUAL_ROLLOFF,"rolloff at ~12812Hz but gentle (1.8dB/kHz) - could be an old master/analog source, not necessarily transcoded",44100,12812,22050,1.8
/home/adam/driveBig/Music/My Playlist/Naked - Damiano David - FUNNY little FEARS.flac,GRADUAL_ROLLOFF,"rolloff at ~20607Hz but gentle (3.6dB/kHz) - could be an old master/analog source, not necessarily transcoded",44100,20607,22050,3.6
/home/adam/driveBig/Music/My Playlist/MYSTERY - Turnstile - GLOW ON.flac,GRADUAL_ROLLOFF,"rolloff at ~19859Hz but gentle (3.5dB/kHz) - could be an old master/analog source, not necessarily transcoded",44100,19859,22050,3.5
/home/adam/driveBig/Music/My Playlist/Mother Teresa - Barns Courtney.flac,GRADUAL_ROLLOFF,"rolloff at ~18002Hz but gentle (1.5dB/kHz) - could be an old master/analog source, not necessarily transcoded",44100,18002,22050,1.5
/home/adam/driveBig/Music/My Playlist/Nangs - Tame Impala - Currents.flac,GRADUAL_ROLLOFF,"rolloff at ~20155Hz but gentle (4.0dB/kHz) - could be an old master/analog source, not necessarily transcoded",44100,20155,22050,4
/home/adam/driveBig/Music/My Playlist/Naked in the Rain - Red Hot Chili Peppers - Blood Sugar Sex Magik.flac,GRADUAL_ROLLOFF,"rolloff at ~20887Hz but gentle (10.4dB/kHz) - could be an old master/analog source, not necessarily transcoded",44100,20887,22050,10.4
/home/adam/driveBig/Music/My Playlist/Naked Eye - The Who - Who’s Next.flac,GRADUAL_ROLLOFF,"rolloff at ~20828Hz but gentle (8.3dB/kHz) - could be an old master/analog source, not necessarily transcoded",44100,20828,22050,8.3
/home/adam/driveBig/Music/My Playlist/napori - Vaundy - strobo.flac,GRADUAL_ROLLOFF,"rolloff at ~20823Hz but gentle (10.4dB/kHz) - could be an old master/analog source, not necessarily transcoded",44100,20823,22050,10.4
/home/adam/driveBig/Music/My Playlist/Nardis - Marcin - Dragon in Harmony.flac,GRADUAL_ROLLOFF,"rolloff at ~17087Hz but gentle (1.6dB/kHz) - could be an old master/analog source, not necessarily transcoded",44100,17087,22050,1.6
/home/adam/driveBig/Music/My Playlist/Naraka - Tom Morello; Mike Posner - The Atlas Underground Fire.flac,GRADUAL_ROLLOFF,"rolloff at ~20548Hz but gentle (7.9dB/kHz) - could be an old master/analog source, not necessarily transcoded",44100,20548,22050,7.9
/home/adam/driveBig/Music/My Playlist/Somewhere I Belong - Linkin Park - Meteora.flac,GRADUAL_ROLLOFF,"rolloff at ~16629Hz but gentle (2.2dB/kHz) - could be an old master/analog source, not necessarily transcoded",44100,16629,22050,2.2
"/home/adam/driveBig/Music/My Playlist/NATURAL CAUSES - Quadeca - Vanisher, Horizon Scraper.flac",GRADUAL_ROLLOFF,"rolloff at ~16952Hz but gentle (3.2dB/kHz) - could be an old master/analog source, not necessarily transcoded",44100,16952,22050,3.2
/home/adam/driveBig/Music/My Playlist/Negative Self Talk - Hayley Williams - Ego Death at a Bachelorette Party.flac,GRADUAL_ROLLOFF,"rolloff at ~21038Hz but gentle (8.0dB/kHz) - could be an old master/analog source, not necessarily transcoded",44100,21038,22050,8
/home/adam/driveBig/Music/My Playlist/Sometimes - The Dave Clark Five - American Tour (2019 - Remaster).flac,GRADUAL_ROLLOFF,"rolloff at ~18680Hz but gentle (1.4dB/kHz) - could be an old master/analog source, not necessarily transcoded",44100,18680,22050,1.4
/home/adam/driveBig/Music/My Playlist/Song 2 - Blur - The Best Of.flac,GRADUAL_ROLLOFF,"rolloff at ~16424Hz but gentle (3.6dB/kHz) - could be an old master/analog source, not necessarily transcoded",44100,16424,22050,3.6
/home/adam/driveBig/Music/My Playlist/Soothsayer - Of Monsters and Men - Fever Dream.flac,GRADUAL_ROLLOFF,"rolloff at ~15768Hz but gentle (2.9dB/kHz) - could be an old master/analog source, not necessarily transcoded",44100,15768,22050,2.9
/home/adam/driveBig/Music/My Playlist/Sophie - Goodshirt - Good.flac,GRADUAL_ROLLOFF,"rolloff at ~19983Hz but gentle (5.3dB/kHz) - could be an old master/analog source, not necessarily transcoded",44100,19983,22050,5.3
/home/adam/driveBig/Music/My Playlist/soramimi - Vaundy - strobo.flac,GRADUAL_ROLLOFF,"rolloff at ~19897Hz but gentle (2.5dB/kHz) - could be an old master/analog source, not necessarily transcoded",44100,19897,22050,2.5
/home/adam/driveBig/Music/My Playlist/Sorry For Party Rocking - LMFAO.flac,GRADUAL_ROLLOFF,"rolloff at ~14987Hz but gentle (2.4dB/kHz) - could be an old master/analog source, not necessarily transcoded",44100,14987,22050,2.4
/home/adam/driveBig/Music/My Playlist/Sounds Like Hallelujah - The Head and the Heart - The Head and the Heart.flac,GRADUAL_ROLLOFF,"rolloff at ~16101Hz but gentle (2.5dB/kHz) - could be an old master/analog source, not necessarily transcoded",44100,16101,22050,2.5
"/home/adam/driveBig/Music/My Playlist/Souljacker, Part I - Eels - Meet the Eels - Essential Eels.flac",GRADUAL_ROLLOFF,"rolloff at ~20995Hz but gentle (11.5dB/kHz) - could be an old master/analog source, not necessarily transcoded",44100,20995,22050,11.5
/home/adam/driveBig/Music/My Playlist/Soul Love - David Bowie - The Rise and Fall of Ziggy Stardust and the Spiders From Mars.flac,GRADUAL_ROLLOFF,"rolloff at ~15499Hz but gentle (3.6dB/kHz) - could be an old master/analog source, not necessarily transcoded",44100,15499,22050,3.6
/home/adam/driveBig/Music/My Playlist/Words - The Monkees - Greatest Hits.flac,GRADUAL_ROLLOFF,"rolloff at ~20850Hz but gentle (11.9dB/kHz) - could be an old master/analog source, not necessarily transcoded",44100,20850,22050,11.9
/home/adam/driveBig/Music/My Playlist/Southbound Again - Dire Straits - Dire Straits.flac,GRADUAL_ROLLOFF,"rolloff at ~16909Hz but gentle (2.4dB/kHz) - could be an old master/analog source, not necessarily transcoded",44100,16909,22050,2.4
/home/adam/driveBig/Music/My Playlist/Workin’ for a Livin’ - Huey Lewis & The News - Greatest Hits.flac,GRADUAL_ROLLOFF,"rolloff at ~20790Hz but gentle (10.6dB/kHz) - could be an old master/analog source, not necessarily transcoded",44100,20790,22050,10.6
/home/adam/driveBig/Music/My Playlist/Working For The Man - Roy Orbison - The Very Best Of.flac,GRADUAL_ROLLOFF,"rolloff at ~20306Hz but gentle (10.1dB/kHz) - could be an old master/analog source, not necessarily transcoded",44100,20306,22050,10.1
/home/adam/driveBig/Music/My Playlist/World Of Denial - Joan Jett and the Blackhearts - Fit to Be Tied - Great Hits by Joan Jett and the Blackhearts.flac,GRADUAL_ROLLOFF,"rolloff at ~15929Hz but gentle (2.5dB/kHz) - could be an old master/analog source, not necessarily transcoded",44100,15929,22050,2.5
/home/adam/driveBig/Music/My Playlist/Worlds Apart - Wallows - Nothing Happens.flac,GRADUAL_ROLLOFF,"rolloff at ~19811Hz but gentle (3.8dB/kHz) - could be an old master/analog source, not necessarily transcoded",44100,19811,22050,3.8
/home/adam/driveBig/Music/My Playlist/worldstar money (interlude) - Joji - In Tongues (Deluxe).flac,GRADUAL_ROLLOFF,"rolloff at ~15649Hz but gentle (2.0dB/kHz) - could be an old master/analog source, not necessarily transcoded",44100,15649,22050,2
/home/adam/driveBig/Music/My Playlist/Would It Matter (Bonus Track) - Skillet - Awake.flac,GRADUAL_ROLLOFF,"rolloff at ~17835Hz but gentle (1.7dB/kHz) - could be an old master/analog source, not necessarily transcoded",44100,17835,22050,1.7
/home/adam/driveBig/Music/My Playlist/WORTH NOTHING - Twisted; Fast & Furious - The Fast Saga; Oliver Tree - Fast & Furious - Drift Tape (Phonk Vol 1).flac,GRADUAL_ROLLOFF,"rolloff at ~18594Hz but gentle (6.0dB/kHz) - could be an old master/analog source, not necessarily transcoded",44100,18594,22050,6
/home/adam/driveBig/Music/My Playlist/Disappointment - The Cranberries - No Need to Argue.flac,GRADUAL_ROLLOFF,"rolloff at ~18788Hz but gentle (1.3dB/kHz) - could be an old master/analog source, not necessarily transcoded",44100,18788,22050,1.3
/home/adam/driveBig/Music/My Playlist/Disarm - Smashing Pumpkins - Siamese Dream.flac,GRADUAL_ROLLOFF,"rolloff at ~20580Hz but gentle (3.1dB/kHz) - could be an old master/analog source, not necessarily transcoded",44100,20580,22050,3.1
/home/adam/driveBig/Music/My Playlist/Disciples - Tame Impala - Currents.flac,GRADUAL_ROLLOFF,"rolloff at ~16457Hz but gentle (1.9dB/kHz) - could be an old master/analog source, not necessarily transcoded",44100,16457,22050,1.9
/home/adam/driveBig/Music/My Playlist/Discovery Channel - Hayley Williams - Ego Death at a Bachelorette Party.flac,GRADUAL_ROLLOFF,"rolloff at ~17087Hz but gentle (2.9dB/kHz) - could be an old master/analog source, not necessarily transcoded",44100,17087,22050,2.9
/home/adam/driveBig/Music/My Playlist/Disposition - Tool - Lateralus.flac,GRADUAL_ROLLOFF,"rolloff at ~20532Hz but gentle (6.8dB/kHz) - could be an old master/analog source, not necessarily transcoded",44100,20532,22050,6.8
/home/adam/driveBig/Music/My Playlist/Disenchanted - My Chemical Romance - The Black Parade.flac,GRADUAL_ROLLOFF,"rolloff at ~16328Hz but gentle (1.0dB/kHz) - could be an old master/analog source, not necessarily transcoded",44100,16328,22050,1
/home/adam/driveBig/Music/My Playlist/DMT - ivri - the theory of you.flac,GRADUAL_ROLLOFF,"rolloff at ~20274Hz but gentle (5.3dB/kHz) - could be an old master/analog source, not necessarily transcoded",44100,20274,22050,5.3
/home/adam/driveBig/Music/My Playlist/Do It Again - Queens Of The Stone Age - Songs For The Deaf.flac,GRADUAL_ROLLOFF,"rolloff at ~16731Hz but gentle (2.0dB/kHz) - could be an old master/analog source, not necessarily transcoded",44100,16731,22050,2
/home/adam/driveBig/Music/My Playlist/Faaip de Oiad - Tool - Lateralus.flac,GRADUAL_ROLLOFF,"rolloff at ~20430Hz but gentle (5.7dB/kHz) - could be an old master/analog source, not necessarily transcoded",44100,20430,22050,5.7
/home/adam/driveBig/Music/My Playlist/Face to Face - Daft Punk - Discovery.flac,GRADUAL_ROLLOFF,"rolloff at ~15698Hz but gentle (1.1dB/kHz) - could be an old master/analog source, not necessarily transcoded",44100,15698,22050,1.1
/home/adam/driveBig/Music/My Playlist/F.O.D. - Green Day - Dookie.flac,GRADUAL_ROLLOFF,"rolloff at ~19235Hz but gentle (1.9dB/kHz) - could be an old master/analog source, not necessarily transcoded",44100,19235,22050,1.9
/home/adam/driveBig/Music/My Playlist/Faint - Linkin Park - Meteora.flac,GRADUAL_ROLLOFF,"rolloff at ~18858Hz but gentle (2.5dB/kHz) - could be an old master/analog source, not necessarily transcoded",44100,18858,22050,2.5
/home/adam/driveBig/Music/My Playlist/Fade to Black - Joji; 4batz - Piss in the Wind.flac,GRADUAL_ROLLOFF,"rolloff at ~18868Hz but gentle (3.2dB/kHz) - could be an old master/analog source, not necessarily transcoded",44100,18868,22050,3.2
/home/adam/driveBig/Music/My Playlist/Fake Friends - Joan Jett and the Blackhearts - Fit to Be Tied - Great Hits by Joan Jett and the Blackhearts.flac,GRADUAL_ROLLOFF,"rolloff at ~19951Hz but gentle (3.0dB/kHz) - could be an old master/analog source, not necessarily transcoded",44100,19951,22050,3
/home/adam/driveBig/Music/My Playlist/Map of the Problematique - Muse - Black Holes and Revelations.flac,GRADUAL_ROLLOFF,"rolloff at ~18599Hz but gentle (0.6dB/kHz) - could be an old master/analog source, not necessarily transcoded",44100,18599,22050,0.6
/home/adam/driveBig/Music/My Playlist/Mark Chapman - Måneskin - Rush!.flac,GRADUAL_ROLLOFF,"rolloff at ~19224Hz but gentle (3.7dB/kHz) - could be an old master/analog source, not necessarily transcoded",44100,19224,22050,3.7
/home/adam/driveBig/Music/My Playlist/Maria - Rage Against the Machine - The Battle Of Los Angeles.flac,GRADUAL_ROLLOFF,"rolloff at ~21076Hz but gentle (11.2dB/kHz) - could be an old master/analog source, not necessarily transcoded",44100,21076,22050,11.2
/home/adam/driveBig/Music/My Playlist/Mars - Damiano David - FUNNY little FEARS.flac,GRADUAL_ROLLOFF,"rolloff at ~16419Hz but gentle (3.9dB/kHz) - could be an old master/analog source, not necessarily transcoded",44100,16419,22050,3.9
/home/adam/driveBig/Music/My Playlist/Master - Slave - Pearl Jam - Ten.flac,GRADUAL_ROLLOFF,"rolloff at ~19660Hz but gentle (4.5dB/kHz) - could be an old master/analog source, not necessarily transcoded",44100,19660,22050,4.5
"/home/adam/driveBig/Music/My Playlist/Rock and Roll, Hoochie Koo - Rick Derringer - Dazed and Confused.flac",GRADUAL_ROLLOFF,"rolloff at ~19579Hz but gentle (7.8dB/kHz) - could be an old master/analog source, not necessarily transcoded",44100,19579,22050,7.8
/home/adam/driveBig/Music/My Playlist/Rock and Roll All Nite (live) - Kiss - The Very Best of KISS.flac,GRADUAL_ROLLOFF,"rolloff at ~15730Hz but gentle (3.6dB/kHz) - could be an old master/analog source, not necessarily transcoded",44100,15730,22050,3.6
/home/adam/driveBig/Music/My Playlist/Rocket - Smashing Pumpkins - Siamese Dream.flac,GRADUAL_ROLLOFF,"rolloff at ~16957Hz but gentle (2.8dB/kHz) - could be an old master/analog source, not necessarily transcoded",44100,16957,22050,2.8
/home/adam/driveBig/Music/My Playlist/Rock ’n’ Roll Suicide - David Bowie - The Rise and Fall of Ziggy Stardust and the Spiders From Mars.flac,GRADUAL_ROLLOFF,"rolloff at ~15256Hz but gentle (3.1dB/kHz) - could be an old master/analog source, not necessarily transcoded",44100,15256,22050,3.1
/home/adam/driveBig/Music/My Playlist/Rockin’ Chair - The Band - The Band.flac,GRADUAL_ROLLOFF,"rolloff at ~14126Hz but gentle (2.1dB/kHz) - could be an old master/analog source, not necessarily transcoded",44100,14126,22050,2.1
/home/adam/driveBig/Music/My Playlist/Rocket Skates - Deftones - Diamond Eyes.flac,GRADUAL_ROLLOFF,"rolloff at ~19369Hz but gentle (3.9dB/kHz) - could be an old master/analog source, not necessarily transcoded",44100,19369,22050,3.9
/home/adam/driveBig/Music/My Playlist/The Boys Are Back In Town - Thin Lizzy - Jailbreak (Deluxe Edition).flac,GRADUAL_ROLLOFF,"rolloff at ~20871Hz but gentle (5.4dB/kHz) - could be an old master/analog source, not necessarily transcoded",44100,20871,22050,5.4
/home/adam/driveBig/Music/My Playlist/The Cadet Leaps - King Krule - The Ooz.flac,GRADUAL_ROLLOFF,"rolloff at ~17803Hz but gentle (1.0dB/kHz) - could be an old master/analog source, not necessarily transcoded",44100,17803,22050,1
/home/adam/driveBig/Music/My Playlist/The Bruise - Damiano David - FUNNY little FEARS.flac,GRADUAL_ROLLOFF,"rolloff at ~19014Hz but gentle (2.0dB/kHz) - could be an old master/analog source, not necessarily transcoded",44100,19014,22050,2
"/home/adam/driveBig/Music/My Playlist/The Celibate Life - The Shins - Oh, Inverted World.flac",GRADUAL_ROLLOFF,"rolloff at ~20785Hz but gentle (4.0dB/kHz) - could be an old master/analog source, not necessarily transcoded",44100,20785,22050,4
/home/adam/driveBig/Music/My Playlist/The Chamber - The Last Shadow Puppets - The Age Of The Understatement.flac,GRADUAL_ROLLOFF,"rolloff at ~9362Hz but gentle (2.0dB/kHz) - could be an old master/analog source, not necessarily transcoded",44100,9362,22050,2
/home/adam/driveBig/Music/My Playlist/The Chain - Fleetwood Mac - Rumours (Super Deluxe).flac,GRADUAL_ROLLOFF,"rolloff at ~18863Hz but gentle (6.6dB/kHz) - could be an old master/analog source, not necessarily transcoded",44100,18863,22050,6.6
/home/adam/driveBig/Music/My Playlist/Method of Modern Love - Daryl Hall & John Oates - The Very Best of Daryl Hall & John Oates.flac,GRADUAL_ROLLOFF,"rolloff at ~20989Hz but gentle (10.5dB/kHz) - could be an old master/analog source, not necessarily transcoded",44100,20989,22050,10.5
/home/adam/driveBig/Music/My Playlist/The Cave - Mumford & Sons - Sigh No More.flac,GRADUAL_ROLLOFF,"rolloff at ~17867Hz but gentle (2.3dB/kHz) - could be an old master/analog source, not necessarily transcoded",44100,17867,22050,2.3
/home/adam/driveBig/Music/My Playlist/Mexico - Incubus - Morning View.flac,GRADUAL_ROLLOFF,"rolloff at ~19590Hz but gentle (4.6dB/kHz) - could be an old master/analog source, not necessarily transcoded",44100,19590,22050,4.6
/home/adam/driveBig/Music/My Playlist/Mic Check - Rage Against the Machine - The Battle Of Los Angeles.flac,GRADUAL_ROLLOFF,"rolloff at ~20887Hz but gentle (9.7dB/kHz) - could be an old master/analog source, not necessarily transcoded",44100,20887,22050,9.7
/home/adam/driveBig/Music/My Playlist/Michael - Franz Ferdinand - Franz Ferdinand.flac,GRADUAL_ROLLOFF,"rolloff at ~19558Hz but gentle (1.9dB/kHz) - could be an old master/analog source, not necessarily transcoded",44100,19558,22050,1.9
/home/adam/driveBig/Music/My Playlist/Midnight - Red Hot Chili Peppers - By the Way.flac,GRADUAL_ROLLOFF,"rolloff at ~21038Hz but gentle (11.2dB/kHz) - could be an old master/analog source, not necessarily transcoded",44100,21038,22050,11.2
/home/adam/driveBig/Music/My Playlist/Midnight Rambler - The Rolling Stones - Let It Bleed.flac,GRADUAL_ROLLOFF,"rolloff at ~13146Hz but gentle (2.1dB/kHz) - could be an old master/analog source, not necessarily transcoded",44100,13146,22050,2.1
/home/adam/driveBig/Music/My Playlist/Midnight Show - The Killers - Hot Fuss.flac,GRADUAL_ROLLOFF,"rolloff at ~19052Hz but gentle (2.5dB/kHz) - could be an old master/analog source, not necessarily transcoded",44100,19052,22050,2.5
/home/adam/driveBig/Music/My Playlist/Midnight 01 (Deep Sea Diver) - King Krule - The Ooz.flac,GRADUAL_ROLLOFF,"rolloff at ~12225Hz but gentle (4.0dB/kHz) - could be an old master/analog source, not necessarily transcoded",44100,12225,22050,4
/home/adam/driveBig/Music/My Playlist/Might as Well Be Gone - Pixies - Head Carrier.flac,GRADUAL_ROLLOFF,"rolloff at ~20090Hz but gentle (7.5dB/kHz) - could be an old master/analog source, not necessarily transcoded",44100,20090,22050,7.5
/home/adam/driveBig/Music/My Playlist/Midway - Bad Bad Hats - Psychic Reader.flac,GRADUAL_ROLLOFF,"rolloff at ~20806Hz but gentle (5.1dB/kHz) - could be an old master/analog source, not necessarily transcoded",44100,20806,22050,5.1
/home/adam/driveBig/Music/My Playlist/Blue Moon - Beck - Morning Phase.flac,GRADUAL_ROLLOFF,"rolloff at ~16478Hz but gentle (1.5dB/kHz) - could be an old master/analog source, not necessarily transcoded",44100,16478,22050,1.5
/home/adam/driveBig/Music/My Playlist/Blurry Nights - BoyWithUke - Melatonin Dreams.flac,GRADUAL_ROLLOFF,"rolloff at ~18912Hz but gentle (7.2dB/kHz) - could be an old master/analog source, not necessarily transcoded",44100,18912,22050,7.2
/home/adam/driveBig/Music/My Playlist/Blue Monday - The Dave Clark Five - American Tour (2019 - Remaster).flac,GRADUAL_ROLLOFF,"rolloff at ~19385Hz but gentle (2.2dB/kHz) - could be an old master/analog source, not necessarily transcoded",44100,19385,22050,2.2
/home/adam/driveBig/Music/My Playlist/Blue Orchid  (Live) - The White Stripes - Under Great White Northern Lights.flac,GRADUAL_ROLLOFF,"rolloff at ~16882Hz but gentle (3.0dB/kHz) - could be an old master/analog source, not necessarily transcoded",44100,16882,22050,3
/home/adam/driveBig/Music/My Playlist/Bodys - Car Seat Headrest - Twin Fantasy (Mirror To Mirror).flac,GRADUAL_ROLLOFF,"rolloff at ~16414Hz but gentle (2.6dB/kHz) - could be an old master/analog source, not necessarily transcoded",44100,16414,22050,2.6
/home/adam/driveBig/Music/My Playlist/Bobby Sox - Green Day - Saviors.flac,GRADUAL_ROLLOFF,"rolloff at ~15698Hz but gentle (2.1dB/kHz) - could be an old master/analog source, not necessarily transcoded",44100,15698,22050,2.1
/home/adam/driveBig/Music/My Playlist/I’m So Sad - Red Vox - Another Light.flac,GRADUAL_ROLLOFF,"rolloff at ~17270Hz but gentle (4.2dB/kHz) - could be an old master/analog source, not necessarily transcoded",44100,17270,22050,4.2
/home/adam/driveBig/Music/My Playlist/I’ve Been Driving on Bald Mountain - The Kinks - Kinks.flac,GRADUAL_ROLLOFF,"rolloff at ~19245Hz but gentle (2.5dB/kHz) - could be an old master/analog source, not necessarily transcoded",44100,19245,22050,2.5
/home/adam/driveBig/Music/My Playlist/I’m Waiting - The All-American Rejects - Move Along.flac,GRADUAL_ROLLOFF,"rolloff at ~20134Hz but gentle (3.6dB/kHz) - could be an old master/analog source, not necessarily transcoded",44100,20134,22050,3.6
/home/adam/driveBig/Music/My Playlist/Jack the Stripper - Fairies Wear Boots - Black Sabbath - Paranoid (2012 Remaster).flac,GRADUAL_ROLLOFF,"rolloff at ~15746Hz but gentle (2.5dB/kHz) - could be an old master/analog source, not necessarily transcoded",44100,15746,22050,2.5
/home/adam/driveBig/Music/My Playlist/Jailhouse Rock - Elvis Presley - Elvis’ Golden Records.flac,GRADUAL_ROLLOFF,"rolloff at ~20957Hz but gentle (11.6dB/kHz) - could be an old master/analog source, not necessarily transcoded",44100,20957,22050,11.6
/home/adam/driveBig/Music/My Playlist/Jacob’s Ladder (single remix) - Huey Lewis & The News - Greatest Hits.flac,GRADUAL_ROLLOFF,"rolloff at ~20521Hz but gentle (7.7dB/kHz) - could be an old master/analog source, not necessarily transcoded",44100,20521,22050,7.7
/home/adam/driveBig/Music/My Playlist/Jacqueline - Franz Ferdinand - Franz Ferdinand.flac,GRADUAL_ROLLOFF,"rolloff at ~16150Hz but gentle (3.0dB/kHz) - could be an old master/analog source, not necessarily transcoded",44100,16150,22050,3
/home/adam/driveBig/Music/My Playlist/Lonely Blue - King Krule - The Ooz.flac,GRADUAL_ROLLOFF,"rolloff at ~19552Hz but gentle (1.7dB/kHz) - could be an old master/analog source, not necessarily transcoded",44100,19552,22050,1.7
/home/adam/driveBig/Music/My Playlist/LONELY DEZIRES - Turnstile - GLOW ON.flac,GRADUAL_ROLLOFF,"rolloff at ~18987Hz but gentle (2.8dB/kHz) - could be an old master/analog source, not necessarily transcoded",44100,18987,22050,2.8
/home/adam/driveBig/Music/My Playlist/Long Ago - The Dave Clark Five - American Tour (2019 - Remaster).flac,GRADUAL_ROLLOFF,"rolloff at ~17684Hz but gentle (1.8dB/kHz) - could be an old master/analog source, not necessarily transcoded",44100,17684,22050,1.8
/home/adam/driveBig/Music/My Playlist/Long Drives - BoyWithUke - Serotonin Dreams.flac,GRADUAL_ROLLOFF,"rolloff at ~19967Hz but gentle (4.1dB/kHz) - could be an old master/analog source, not necessarily transcoded",44100,19967,22050,4.1
/home/adam/driveBig/Music/My Playlist/Some Say - Sum 41 - Chuck.flac,GRADUAL_ROLLOFF,"rolloff at ~19423Hz but gentle (1.2dB/kHz) - could be an old master/analog source, not necessarily transcoded",44100,19423,22050,1.2
/home/adam/driveBig/Music/My Playlist/Long Day Last - Goodshirt - Good.flac,GRADUAL_ROLLOFF,"rolloff at ~17345Hz but gentle (1.6dB/kHz) - could be an old master/analog source, not necessarily transcoded",44100,17345,22050,1.6
/home/adam/driveBig/Music/My Playlist/Some Things Are Better Left Unsaid - Daryl Hall & John Oates - The Very Best of Daryl Hall & John Oates.flac,GRADUAL_ROLLOFF,"rolloff at ~20909Hz but gentle (10.3dB/kHz) - could be an old master/analog source, not necessarily transcoded",44100,20909,22050,10.3
/home/adam/driveBig/Music/My Playlist/Some Things Are Better Left Unsaid - Player - The Best of Player.flac,GRADUAL_ROLLOFF,"rolloff at ~20333Hz but gentle (8.6dB/kHz) - could be an old master/analog source, not necessarily transcoded",44100,20333,22050,8.6
/home/adam/driveBig/Music/My Playlist/Some Might Say - Oasis - (What's The Story) Morning Glory.flac,GRADUAL_ROLLOFF,"rolloff at ~15671Hz but gentle (3.7dB/kHz) - could be an old master/analog source, not necessarily transcoded",44100,15671,22050,3.7
/home/adam/driveBig/Music/My Playlist/Somebody - Aerosmith - Aerosmith.flac,GRADUAL_ROLLOFF,"rolloff at ~15978Hz but gentle (3.1dB/kHz) - could be an old master/analog source, not necessarily transcoded",44100,15978,22050,3.1
/home/adam/driveBig/Music/My Playlist/Somebody to Love - Jefferson Airplane - Surrealistic Pillow.flac,GRADUAL_ROLLOFF,"rolloff at ~13318Hz but gentle (2.9dB/kHz) - could be an old master/analog source, not necessarily transcoded",44100,13318,22050,2.9
/home/adam/driveBig/Music/My Playlist/Somebody Told Me - Måneskin - Chosen.flac,GRADUAL_ROLLOFF,"rolloff at ~18648Hz but gentle (2.3dB/kHz) - could be an old master/analog source, not necessarily transcoded",44100,18648,22050,2.3
/home/adam/driveBig/Music/My Playlist/Somebody To Love - Queen - A Day At The Races (Deluxe Edition 2011 Remaster).flac,GRADUAL_ROLLOFF,"rolloff at ~16193Hz but gentle (1.9dB/kHz) - could be an old master/analog source, not necessarily transcoded",44100,16193,22050,1.9
/home/adam/driveBig/Music/My Playlist/Whenever You're Around - The Dave Clark Five - American Tour (2019 - Remaster).flac,GRADUAL_ROLLOFF,"rolloff at ~19132Hz but gentle (2.4dB/kHz) - could be an old master/analog source, not necessarily transcoded",44100,19132,22050,2.4
/home/adam/driveBig/Music/My Playlist/Where Did She Go - The Struts - Everybody Wants.flac,GRADUAL_ROLLOFF,"rolloff at ~20171Hz but gentle (9.1dB/kHz) - could be an old master/analog source, not necessarily transcoded",44100,20171,22050,9.1
/home/adam/driveBig/Music/My Playlist/Where Do You Think You're Going! - Dire Straits - Communiqué.flac,GRADUAL_ROLLOFF,"rolloff at ~18938Hz but gentle (2.9dB/kHz) - could be an old master/analog source, not necessarily transcoded",44100,18938,22050,2.9
/home/adam/driveBig/Music/My Playlist/Where Is My Mind - Pixies - Death To The Pixies.flac,GRADUAL_ROLLOFF,"rolloff at ~20548Hz but gentle (10.1dB/kHz) - could be an old master/analog source, not necessarily transcoded",44100,20548,22050,10.1
/home/adam/driveBig/Music/My Playlist/Why - Bikini Kill - The First Two Records.flac,GRADUAL_ROLLOFF,"rolloff at ~15256Hz but gentle (3.5dB/kHz) - could be an old master/analog source, not necessarily transcoded",44100,15256,22050,3.5
/home/adam/driveBig/Music/My Playlist/Without a Word - Birdy - Birdy.flac,GRADUAL_ROLLOFF,"rolloff at ~16258Hz but gentle (2.9dB/kHz) - could be an old master/analog source, not necessarily transcoded",44100,16258,22050,2.9
/home/adam/driveBig/Music/My Playlist/Where the Lines Overlap - Paramore - Brand New Eyes.flac,GRADUAL_ROLLOFF,"rolloff at ~15951Hz but gentle (2.9dB/kHz) - could be an old master/analog source, not necessarily transcoded",44100,15951,22050,2.9
/home/adam/driveBig/Music/My Playlist/Wild In The Streets - Bon Jovi - Slippery When Wet.flac,GRADUAL_ROLLOFF,"rolloff at ~17899Hz but gentle (3.4dB/kHz) - could be an old master/analog source, not necessarily transcoded",44100,17899,22050,3.4
/home/adam/driveBig/Music/My Playlist/Would Look Perfect - Powfu - Letters You Never Received.flac,GRADUAL_ROLLOFF,"rolloff at ~18163Hz but gentle (2.8dB/kHz) - could be an old master/analog source, not necessarily transcoded",44100,18163,22050,2.8
/home/adam/driveBig/Music/My Playlist/You Give Love A Bad Name - Bon Jovi - Slippery When Wet.flac,GRADUAL_ROLLOFF,"rolloff at ~17813Hz but gentle (3.2dB/kHz) - could be an old master/analog source, not necessarily transcoded",44100,17813,22050,3.2
/home/adam/driveBig/Music/My Playlist/Yoru No Pierrot - Ado - Kyougen.flac,GRADUAL_ROLLOFF,"rolloff at ~18653Hz but gentle (4.0dB/kHz) - could be an old master/analog source, not necessarily transcoded",44100,18653,22050,4
/home/adam/driveBig/Music/My Playlist/You're The Voice - John Farnham - Whispering Jack - 20th Anniversary Edition.flac,GRADUAL_ROLLOFF,"rolloff at ~20677Hz but gentle (10.3dB/kHz) - could be an old master/analog source, not necessarily transcoded",44100,20677,22050,10.3
"/home/adam/driveBig/Music/My Playlist/You’re Gonna Go Far, Kid - The Offspring - Rise and Fall, Rage and Grace.flac",GRADUAL_ROLLOFF,"rolloff at ~20500Hz but gentle (1.2dB/kHz) - could be an old master/analog source, not necessarily transcoded",44100,20500,22050,1.2
/home/adam/driveBig/Music/My Playlist/(Druun) - DIIV - Oshin.flac,SUSPECT,"hard cutoff at ~16015Hz, steep 13.1dB/kHz -> likely transcoded from 128kbps MP3",44100,16015,22050,13.1
/home/adam/driveBig/Music/My Playlist/(I Just) Died in Your Arms (USA Mix) - Cutting Crew - Broadcast.flac,SUSPECT,"hard cutoff at ~20920Hz, steep 17.6dB/kHz -> likely transcoded from 320kbps (or near-transparent) MP3/lossy",44100,20920,22050,17.6
/home/adam/driveBig/Music/My Playlist/'99' - Barns Courtney - 404.flac,SUSPECT,"hard cutoff at ~20763Hz, steep 16.6dB/kHz -> likely transcoded from 256/224kbps MP3/AAC",44100,20763,22050,16.6
/home/adam/driveBig/Music/My Playlist/(Guitar) - alt-J - An Awesome Wave.flac,SUSPECT,"hard cutoff at ~21086Hz, steep 15.1dB/kHz -> likely transcoded from 320kbps (or near-transparent) MP3/lossy",44100,21086,22050,15.1
/home/adam/driveBig/Music/My Playlist/2000 Light Years Away - Green Day - Greatest Hits - God's Favorite Band.flac,SUSPECT,"hard cutoff at ~20925Hz, steep 12.7dB/kHz -> likely transcoded from 320kbps (or near-transparent) MP3/lossy",44100,20925,22050,12.7
/home/adam/driveBig/Music/My Playlist/3 O'Clock Things - AJR - OK Orchestra.flac,SUSPECT,"hard cutoff at ~20720Hz, steep 14.2dB/kHz -> likely transcoded from 256/224kbps MP3/AAC",44100,20720,22050,14.2
/home/adam/driveBig/Music/My Playlist/3WW - Alt-J; Ellie Rowsell - Relaxer.flac,SUSPECT,"hard cutoff at ~20726Hz, steep 15.5dB/kHz -> likely transcoded from 256/224kbps MP3/AAC",44100,20726,22050,15.5
/home/adam/driveBig/Music/My Playlist/A Horse With No Name - America - America.flac,SUSPECT,"hard cutoff at ~21124Hz, steep 12.3dB/kHz -> likely transcoded from 320kbps (or near-transparent) MP3/lossy",44100,21124,22050,12.3
/home/adam/driveBig/Music/My Playlist/A Kind Of Magic - Queen - A Kind Of Magic (Deluxe Edition 2011 Remaster).flac,SUSPECT,"hard cutoff at ~20613Hz, steep 17.1dB/kHz -> likely transcoded from 256/224kbps MP3/AAC",44100,20613,22050,17.1
/home/adam/driveBig/Music/My Playlist/Adam's Song - Blink-182 - Enema of the State.flac,SUSPECT,"hard cutoff at ~21065Hz, steep 15.8dB/kHz -> likely transcoded from 320kbps (or near-transparent) MP3/lossy",44100,21065,22050,15.8
/home/adam/driveBig/Music/My Playlist/Adeline - alt-J - Relaxer.flac,SUSPECT,"hard cutoff at ~20677Hz, steep 13.8dB/kHz -> likely transcoded from 256/224kbps MP3/AAC",44100,20677,22050,13.8
/home/adam/driveBig/Music/My Playlist/Africa - Toto - Toto IV.flac,SUSPECT,"hard cutoff at ~20376Hz, steep 21.3dB/kHz -> likely transcoded from 256/224kbps MP3/AAC",44100,20376,22050,21.3
/home/adam/driveBig/Music/My Playlist/Adventure Is Out There - AJR - OK Orchestra.flac,SUSPECT,"hard cutoff at ~20968Hz, steep 13.5dB/kHz -> likely transcoded from 320kbps (or near-transparent) MP3/lossy",44100,20968,22050,13.5
/home/adam/driveBig/Music/My Playlist/After Midnight - Eric Clapton - The Cream of Clapton.flac,SUSPECT,"hard cutoff at ~20952Hz, steep 21.5dB/kHz -> likely transcoded from 320kbps (or near-transparent) MP3/lossy",44100,20952,22050,21.5
/home/adam/driveBig/Music/My Playlist/Aliens Exist - Blink-182 - Enema of the State.flac,SUSPECT,"hard cutoff at ~21146Hz, steep 19.4dB/kHz -> likely transcoded from 320kbps (or near-transparent) MP3/lossy",44100,21146,22050,19.4
/home/adam/driveBig/Music/My Playlist/Airflow - Bernth.flac,SUSPECT,"hard cutoff at ~20080Hz, steep 17.1dB/kHz -> likely transcoded from 256/224kbps MP3/AAC",44100,20080,22050,17.1
/home/adam/driveBig/Music/My Playlist/2.9 Miles Away - BoyWithUke - Melatonin Dreams.flac,SUSPECT,"hard cutoff at ~16478Hz, steep 12.5dB/kHz -> likely transcoded from 128kbps MP3",44100,16478,22050,12.5
/home/adam/driveBig/Music/My Playlist/A Man Without Love - Engelbert Humperdinck.flac,SUSPECT,"hard cutoff at ~21006Hz, steep 19.3dB/kHz -> likely transcoded from 320kbps (or near-transparent) MP3/lossy",44100,21006,22050,19.3
/home/adam/driveBig/Music/My Playlist/Alive and Kicking (Simple Minds) - Simple Minds - Once Upon A Time.flac,SUSPECT,"hard cutoff at ~20769Hz, steep 22.5dB/kHz -> likely transcoded from 256/224kbps MP3/AAC",44100,20769,22050,22.5
/home/adam/driveBig/Music/My Playlist/American Girls - ONE OK ROCK - Ambitions.flac,SUSPECT,"hard cutoff at ~21016Hz, steep 20.4dB/kHz -> likely transcoded from 320kbps (or near-transparent) MP3/lossy",44100,21016,22050,20.4
/home/adam/driveBig/Music/My Playlist/All I Need - Radiohead - In Rainbows.flac,SUSPECT,"hard cutoff at ~20736Hz, steep 13.2dB/kHz -> likely transcoded from 256/224kbps MP3/AAC",44100,20736,22050,13.2
/home/adam/driveBig/Music/My Playlist/All the Small Things - Blink-182 - Enema of the State.flac,SUSPECT,"hard cutoff at ~20898Hz, steep 14.1dB/kHz -> likely transcoded from 320kbps (or near-transparent) MP3/lossy",44100,20898,22050,14.1
/home/adam/driveBig/Music/My Playlist/Always Look On The Bright Side Of Life - Monty Python - Monty Python Sings (Again).flac,SUSPECT,"hard cutoff at ~20650Hz, steep 15.1dB/kHz -> likely transcoded from 256/224kbps MP3/AAC",44100,20650,22050,15.1
/home/adam/driveBig/Music/My Playlist/And You Tell Me - A-Ha - Hunting High And Low.flac,SUSPECT,"hard cutoff at ~20510Hz, steep 17.1dB/kHz -> likely transcoded from 256/224kbps MP3/AAC",44100,20510,22050,17.1
/home/adam/driveBig/Music/My Playlist/Animal Instinct - The Cranberries - Bury The Hatchet.flac,SUSPECT,"hard cutoff at ~20920Hz, steep 15.2dB/kHz -> likely transcoded from 320kbps (or near-transparent) MP3/lossy",44100,20920,22050,15.2
/home/adam/driveBig/Music/My Playlist/Animal - Def Leppard - Hysteria.flac,SUSPECT,"hard cutoff at ~20973Hz, steep 21.9dB/kHz -> likely transcoded from 320kbps (or near-transparent) MP3/lossy",44100,20973,22050,21.9
/home/adam/driveBig/Music/My Playlist/Animal Flow - Ren - Sick Boi.flac,SUSPECT,"hard cutoff at ~17183Hz, steep 27.6dB/kHz -> likely transcoded from 160kbps MP3",44100,17183,22050,27.6
/home/adam/driveBig/Music/My Playlist/Another Hit Of Showmanship - The Struts - Strange Days.flac,SUSPECT,"hard cutoff at ~20968Hz, steep 12.8dB/kHz -> likely transcoded from 320kbps (or near-transparent) MP3/lossy",44100,20968,22050,12.8
/home/adam/driveBig/Music/My Playlist/Anthem - Blink-182 - Enema of the State.flac,SUSPECT,"hard cutoff at ~21033Hz, steep 16.3dB/kHz -> likely transcoded from 320kbps (or near-transparent) MP3/lossy",44100,21033,22050,16.3
/home/adam/driveBig/Music/My Playlist/Arco Arena - CAKE.flac,SUSPECT,"hard cutoff at ~20193Hz, steep 28.7dB/kHz -> likely transcoded from 256/224kbps MP3/AAC",44100,20193,22050,28.7
/home/adam/driveBig/Music/My Playlist/Arabella - Arctic Monkeys - AM.flac,SUSPECT,"hard cutoff at ~20989Hz, steep 15.1dB/kHz -> likely transcoded from 320kbps (or near-transparent) MP3/lossy",44100,20989,22050,15.1
/home/adam/driveBig/Music/My Playlist/Aquatic Mouth Dance - Red Hot Chili Peppers - Unlimited Love.flac,SUSPECT,"hard cutoff at ~21103Hz, steep 13.9dB/kHz -> likely transcoded from 320kbps (or near-transparent) MP3/lossy",44100,21103,22050,13.9
/home/adam/driveBig/Music/My Playlist/Are You Gonna Be My Girl - Jet - Get Born.flac,SUSPECT,"hard cutoff at ~20995Hz, steep 16.5dB/kHz -> likely transcoded from 320kbps (or near-transparent) MP3/lossy",44100,20995,22050,16.5
/home/adam/driveBig/Music/My Playlist/Are You Ready - AC-DC - The Razors Edge.flac,SUSPECT,"hard cutoff at ~20489Hz, steep 12.1dB/kHz -> likely transcoded from 256/224kbps MP3/AAC",44100,20489,22050,12.1
/home/adam/driveBig/Music/My Playlist/Arrival in Nara - alt-J - This Is All Yours.flac,SUSPECT,"hard cutoff at ~20467Hz, steep 14.2dB/kHz -> likely transcoded from 256/224kbps MP3/AAC",44100,20467,22050,14.2
/home/adam/driveBig/Music/My Playlist/Armageddon It - Def Leppard - Hysteria.flac,SUSPECT,"hard cutoff at ~20871Hz, steep 21.8dB/kHz -> likely transcoded from 320kbps (or near-transparent) MP3/lossy",44100,20871,22050,21.8
/home/adam/driveBig/Music/My Playlist/Ashes (Part 2) - The Struts - YOUNG&DANGEROUS.flac,SUSPECT,"hard cutoff at ~20871Hz, steep 17.5dB/kHz -> likely transcoded from 320kbps (or near-transparent) MP3/lossy",44100,20871,22050,17.5
/home/adam/driveBig/Music/My Playlist/Babe I'm Gonna Leave You - Led Zeppelin - Led Zeppelin I.flac,SUSPECT,"hard cutoff at ~20699Hz, steep 14.8dB/kHz -> likely transcoded from 256/224kbps MP3/AAC",44100,20699,22050,14.8
/home/adam/driveBig/Music/My Playlist/Baby Come Back - Player - The Best of Player.flac,SUSPECT,"hard cutoff at ~18982Hz, steep 12.3dB/kHz -> likely transcoded from 192kbps MP3",44100,18982,22050,12.3
/home/adam/driveBig/Music/My Playlist/Babydoll - BoyWithUke - Lucid Dreams.flac,SUSPECT,"hard cutoff at ~20704Hz, steep 19.8dB/kHz -> likely transcoded from 256/224kbps MP3/AAC",44100,20704,22050,19.8
/home/adam/driveBig/Music/My Playlist/Baby Drummer - Bad Nerves - Bad Nerves.flac,SUSPECT,"hard cutoff at ~20209Hz, steep 23.4dB/kHz -> likely transcoded from 256/224kbps MP3/AAC",44100,20209,22050,23.4
/home/adam/driveBig/Music/My Playlist/Bad Blood - BoyWithUke - Lucid Dreams.flac,SUSPECT,"hard cutoff at ~20736Hz, steep 16.6dB/kHz -> likely transcoded from 256/224kbps MP3/AAC",44100,20736,22050,16.6
/home/adam/driveBig/Music/My Playlist/Bad Things - BoyWithUke - Lucid Dreams.flac,SUSPECT,"hard cutoff at ~20763Hz, steep 22.4dB/kHz -> likely transcoded from 256/224kbps MP3/AAC",44100,20763,22050,22.4
/home/adam/driveBig/Music/My Playlist/Bad Reputation - Joan Jett.flac,SUSPECT,"hard cutoff at ~20693Hz, steep 15.9dB/kHz -> likely transcoded from 256/224kbps MP3/AAC",44100,20693,22050,15.9
/home/adam/driveBig/Music/My Playlist/Bad To The Bone - George Thorogood & The Destroyers.flac,SUSPECT,"hard cutoff at ~20365Hz, steep 19.0dB/kHz -> likely transcoded from 256/224kbps MP3/AAC",44100,20365,22050,19
/home/adam/driveBig/Music/My Playlist/Badge - Eric Clapton - The Cream of Clapton.flac,SUSPECT,"hard cutoff at ~20570Hz, steep 18.9dB/kHz -> likely transcoded from 256/224kbps MP3/AAC",44100,20570,22050,18.9
/home/adam/driveBig/Music/My Playlist/Bastards of Light - Red Hot Chili Peppers - Unlimited Love.flac,SUSPECT,"hard cutoff at ~21151Hz, steep 14.9dB/kHz -> likely transcoded from 320kbps (or near-transparent) MP3/lossy",44100,21151,22050,14.9
/home/adam/driveBig/Music/My Playlist/Be Good Johnny - Men at Work - Business As Usual.flac,SUSPECT,"hard cutoff at ~20494Hz, steep 14.8dB/kHz -> likely transcoded from 256/224kbps MP3/AAC",44100,20494,22050,14.8
/home/adam/driveBig/Music/My Playlist/Be Like That - 3 Doors Down - The Better Life.flac,SUSPECT,"hard cutoff at ~20914Hz, steep 14.1dB/kHz -> likely transcoded from 320kbps (or near-transparent) MP3/lossy",44100,20914,22050,14.1
/home/adam/driveBig/Music/My Playlist/Beating Around The Bush - AC-DC - Highway To Hell.flac,SUSPECT,"hard cutoff at ~20634Hz, steep 19.5dB/kHz -> likely transcoded from 256/224kbps MP3/AAC",44100,20634,22050,19.5
/home/adam/driveBig/Music/My Playlist/Because - The Dave Clark Five - American Tour.flac,SUSPECT,"hard cutoff at ~20774Hz, steep 13.9dB/kHz -> likely transcoded from 256/224kbps MP3/AAC",44100,20774,22050,13.9
/home/adam/driveBig/Music/My Playlist/Bedroom Warfare - ONE OK ROCK - Ambitions.flac,SUSPECT,"hard cutoff at ~20823Hz, steep 17.9dB/kHz -> likely transcoded from 320kbps (or near-transparent) MP3/lossy",44100,20823,22050,17.9
/home/adam/driveBig/Music/My Playlist/Before I Die - BoyWithUke - Lucid Dreams.flac,SUSPECT,"hard cutoff at ~20715Hz, steep 19.8dB/kHz -> likely transcoded from 256/224kbps MP3/AAC",44100,20715,22050,19.8
/home/adam/driveBig/Music/My Playlist/Beggin' - Måneskin - Live At Toyosu Pit.flac,SUSPECT,"hard cutoff at ~19687Hz, steep 13.7dB/kHz -> likely transcoded from 256/224kbps MP3/AAC",44100,19687,22050,13.7
/home/adam/driveBig/Music/My Playlist/Believe Me Now - Electric Light Orchestra - Out of the Blue.flac,SUSPECT,"hard cutoff at ~21124Hz, steep 17.9dB/kHz -> likely transcoded from 320kbps (or near-transparent) MP3/lossy",44100,21124,22050,17.9
/home/adam/driveBig/Music/My Playlist/Better Life - 3 Doors Down - The Better Life.flac,SUSPECT,"hard cutoff at ~20850Hz, steep 14.3dB/kHz -> likely transcoded from 320kbps (or near-transparent) MP3/lossy",44100,20850,22050,14.3
/home/adam/driveBig/Music/My Playlist/Betty - AJR.flac,SUSPECT,"hard cutoff at ~20688Hz, steep 18.6dB/kHz -> likely transcoded from 256/224kbps MP3/AAC",44100,20688,22050,18.6
/home/adam/driveBig/Music/My Playlist/Big Parade - The Lumineers - The Lumineers.flac,SUSPECT,"hard cutoff at ~20473Hz, steep 13.7dB/kHz -> likely transcoded from 256/224kbps MP3/AAC",44100,20473,22050,13.7
/home/adam/driveBig/Music/My Playlist/Bigmouth Strikes Again - The Smiths - The Queen Is Dead.flac,SUSPECT,"hard cutoff at ~20370Hz, steep 19.2dB/kHz -> likely transcoded from 256/224kbps MP3/AAC",44100,20370,22050,19.2
/home/adam/driveBig/Music/My Playlist/Birmingham Blues - Electric Light Orchestra - Out of the Blue.flac,SUSPECT,"hard cutoff at ~20887Hz, steep 13.0dB/kHz -> likely transcoded from 320kbps (or near-transparent) MP3/lossy",44100,20887,22050,13
/home/adam/driveBig/Music/My Playlist/Bitch - Hannah Grae.flac,SUSPECT,"hard cutoff at ~15800Hz, steep 17.7dB/kHz -> likely transcoded from 128kbps MP3",44100,15800,22050,17.7
/home/adam/driveBig/Music/My Playlist/Black Betty - Ram Jam - The Very Best Of Ram Jam.flac,SUSPECT,"hard cutoff at ~20656Hz, steep 15.9dB/kHz -> likely transcoded from 256/224kbps MP3/AAC",44100,20656,22050,15.9
/home/adam/driveBig/Music/My Playlist/Black Mountain Side - Led Zeppelin - Led Zeppelin I.flac,SUSPECT,"hard cutoff at ~20672Hz, steep 13.4dB/kHz -> likely transcoded from 256/224kbps MP3/AAC",44100,20672,22050,13.4
/home/adam/driveBig/Music/My Playlist/Black Rain - Blink-182 - NINE.flac,SUSPECT,"hard cutoff at ~20973Hz, steep 22.9dB/kHz -> likely transcoded from 320kbps (or near-transparent) MP3/lossy",44100,20973,22050,22.9
/home/adam/driveBig/Music/My Playlist/Black Swan - The Struts - Everybody Wants.flac,SUSPECT,"hard cutoff at ~21167Hz, steep 16.0dB/kHz -> likely transcoded from 320kbps (or near-transparent) MP3/lossy",44100,21167,22050,16
/home/adam/driveBig/Music/My Playlist/Black Summer - Red Hot Chili Peppers - Unlimited Love.flac,SUSPECT,"hard cutoff at ~21086Hz, steep 14.0dB/kHz -> likely transcoded from 320kbps (or near-transparent) MP3/lossy",44100,21086,22050,14
/home/adam/driveBig/Music/My Playlist/Black Widow - Cage The Elephant - Melophobia.flac,SUSPECT,"hard cutoff at ~21119Hz, steep 18.3dB/kHz -> likely transcoded from 320kbps (or near-transparent) MP3/lossy",44100,21119,22050,18.3
/home/adam/driveBig/Music/My Playlist/Around the Fur - Deftones.flac,SUSPECT,"hard cutoff at ~20866Hz, steep 13.5dB/kHz -> likely transcoded from 320kbps (or near-transparent) MP3/lossy",44100,20866,22050,13.5
/home/adam/driveBig/Music/My Playlist/Blame It On The Boogie - The Jackson 5 - Destiny - Original Album Classics (CD 3).flac,SUSPECT,"hard cutoff at ~20860Hz, steep 28.9dB/kHz -> likely transcoded from 320kbps (or near-transparent) MP3/lossy",44100,20860,22050,28.9
/home/adam/driveBig/Music/My Playlist/Blame It on My Youth - Blink-182 - NINE.flac,SUSPECT,"hard cutoff at ~21065Hz, steep 21.1dB/kHz -> likely transcoded from 320kbps (or near-transparent) MP3/lossy",44100,21065,22050,21.1
/home/adam/driveBig/Music/My Playlist/Bleed American - Jimmy Eat World.flac,SUSPECT,"hard cutoff at ~20973Hz, steep 17.5dB/kHz -> likely transcoded from 320kbps (or near-transparent) MP3/lossy",44100,20973,22050,17.5
/home/adam/driveBig/Music/My Playlist/Blister In The Sun - Violent Femmes - Violent Femmes.flac,SUSPECT,"hard cutoff at ~20532Hz, steep 17.2dB/kHz -> likely transcoded from 256/224kbps MP3/AAC",44100,20532,22050,17.2
/home/adam/driveBig/Music/My Playlist/Blood Sugar Sex Magik - Red Hot Chili Peppers.flac,SUSPECT,"hard cutoff at ~21129Hz, steep 12.5dB/kHz -> likely transcoded from 320kbps (or near-transparent) MP3/lossy",44100,21129,22050,12.5
/home/adam/driveBig/Music/My Playlist/Bloodflood - alt-J - An Awesome Wave.flac,SUSPECT,"hard cutoff at ~20839Hz, steep 12.4dB/kHz -> likely transcoded from 320kbps (or near-transparent) MP3/lossy",44100,20839,22050,12.4
"/home/adam/driveBig/Music/My Playlist/Bloodflood, Pt. II - alt-J - This Is All Yours.flac",SUSPECT,"hard cutoff at ~20290Hz, steep 12.6dB/kHz -> likely transcoded from 256/224kbps MP3/AAC",44100,20290,22050,12.6
/home/adam/driveBig/Music/My Playlist/Blowing Dirt - Goodshirt - Good.flac,SUSPECT,"hard cutoff at ~20607Hz, steep 12.5dB/kHz -> likely transcoded from 256/224kbps MP3/AAC",44100,20607,22050,12.5
/home/adam/driveBig/Music/My Playlist/Blown a Wish - My Bloody Valentine - Loveless.flac,SUSPECT,"hard cutoff at ~21049Hz, steep 24.8dB/kHz -> likely transcoded from 320kbps (or near-transparent) MP3/lossy",44100,21049,22050,24.8
/home/adam/driveBig/Music/My Playlist/Blue Angel - Roy Orbison - The Very Best Of.flac,SUSPECT,"hard cutoff at ~20435Hz, steep 13.1dB/kHz -> likely transcoded from 256/224kbps MP3/AAC",44100,20435,22050,13.1
/home/adam/driveBig/Music/My Playlist/Blue Bayou - Roy Orbison - The Essential Roy Orbison.flac,SUSPECT,"hard cutoff at ~21135Hz, steep 16.1dB/kHz -> likely transcoded from 320kbps (or near-transparent) MP3/lossy",44100,21135,22050,16.1
"/home/adam/driveBig/Music/My Playlist/Born In The U.S.A. - Bruce Springsteen - Born In The U.S.A. [2005, MHCP 728].flac",SUSPECT,"hard cutoff at ~20467Hz, steep 14.8dB/kHz -> likely transcoded from 256/224kbps MP3/AAC",44100,20467,22050,14.8
/home/adam/driveBig/Music/My Playlist/Bored of Babies - Bad Nerves - Bad Nerves.flac,SUSPECT,"hard cutoff at ~20209Hz, steep 23.6dB/kHz -> likely transcoded from 256/224kbps MP3/AAC",44100,20209,22050,23.6
/home/adam/driveBig/Music/My Playlist/Breakthru - Queen - The Miracle (Deluxe Edition 2011 Remaster).flac,SUSPECT,"hard cutoff at ~21167Hz, steep 15.5dB/kHz -> likely transcoded from 320kbps (or near-transparent) MP3/lossy",44100,21167,22050,15.5
/home/adam/driveBig/Music/My Playlist/Breezeblocks - alt-J - An Awesome Wave.flac,SUSPECT,"hard cutoff at ~21033Hz, steep 13.0dB/kHz -> likely transcoded from 320kbps (or near-transparent) MP3/lossy",44100,21033,22050,13
/home/adam/driveBig/Music/My Playlist/Broken Drum - Beck - Guero.flac,SUSPECT,"hard cutoff at ~16015Hz, steep 20.6dB/kHz -> likely transcoded from 128kbps MP3",44100,16015,22050,20.6
/home/adam/driveBig/Music/My Playlist/Bruises - Jet - Get Born.flac,SUSPECT,"hard cutoff at ~20683Hz, steep 21.1dB/kHz -> likely transcoded from 256/224kbps MP3/AAC",44100,20683,22050,21.1
/home/adam/driveBig/Music/My Playlist/Bulletproof Baby - The Struts - YOUNG&DANGEROUS.flac,SUSPECT,"hard cutoff at ~21033Hz, steep 20.7dB/kHz -> likely transcoded from 320kbps (or near-transparent) MP3/lossy",44100,21033,22050,20.7
/home/adam/driveBig/Music/My Playlist/Bummerland - AJR - OK Orchestra.flac,SUSPECT,"hard cutoff at ~20204Hz, steep 17.7dB/kHz -> likely transcoded from 256/224kbps MP3/AAC",44100,20204,22050,17.7
/home/adam/driveBig/Music/My Playlist/Burn - BoyWithUke - Burnout.flac,SUSPECT,"hard cutoff at ~21059Hz, steep 12.2dB/kHz -> likely transcoded from 320kbps (or near-transparent) MP3/lossy",44100,21059,22050,12.2
/home/adam/driveBig/Music/My Playlist/Butterflies - Jvke; Taehyun Of Tomorrow X Together; Kim Chaewon Of Le Sserafim.flac,SUSPECT,"hard cutoff at ~20354Hz, steep 15.8dB/kHz -> likely transcoded from 256/224kbps MP3/AAC",44100,20354,22050,15.8
/home/adam/driveBig/Music/My Playlist/California Dreamin' - The Mamas & The Papas - Rock Summer.flac,SUSPECT,"hard cutoff at ~20376Hz, steep 13.4dB/kHz -> likely transcoded from 256/224kbps MP3/AAC",44100,20376,22050,13.4
/home/adam/driveBig/Music/My Playlist/Call Me - The Last Dinner Party - Prelude to Ecstasy.flac,SUSPECT,"hard cutoff at ~15795Hz, steep 19.3dB/kHz -> likely transcoded from 128kbps MP3",44100,15795,22050,19.3
/home/adam/driveBig/Music/My Playlist/Camouflage - BoyWithUke - Lucid Dreams.flac,SUSPECT,"hard cutoff at ~20338Hz, steep 13.4dB/kHz -> likely transcoded from 256/224kbps MP3/AAC",44100,20338,22050,13.4
/home/adam/driveBig/Music/My Playlist/CAN'T GET OVER YOU - Joji - Ballads 1.flac,SUSPECT,"hard cutoff at ~21124Hz, steep 30.8dB/kHz -> likely transcoded from 320kbps (or near-transparent) MP3/lossy",44100,21124,22050,30.8
/home/adam/driveBig/Music/My Playlist/Car Lights - James Marriott - Bitter Tongues.flac,SUSPECT,"hard cutoff at ~20300Hz, steep 14.1dB/kHz -> likely transcoded from 256/224kbps MP3/AAC",44100,20300,22050,14.1
/home/adam/driveBig/Music/My Playlist/Can't Stop - Red Hot Chili Peppers - By the Way.flac,SUSPECT,"hard cutoff at ~21146Hz, steep 14.0dB/kHz -> likely transcoded from 320kbps (or near-transparent) MP3/lossy",44100,21146,22050,14
/home/adam/driveBig/Music/My Playlist/Car Radio - Twenty One Pilots - Vessel.flac,SUSPECT,"hard cutoff at ~21043Hz, steep 20.9dB/kHz -> likely transcoded from 320kbps (or near-transparent) MP3/lossy",44100,21043,22050,20.9
/home/adam/driveBig/Music/My Playlist/Carnival - Bikini Kill - The First Two Records.flac,SUSPECT,"hard cutoff at ~21011Hz, steep 16.6dB/kHz -> likely transcoded from 320kbps (or near-transparent) MP3/lossy",44100,21011,22050,16.6
/home/adam/driveBig/Music/My Playlist/Castaway - Barns Courtney - 404.flac,SUSPECT,"hard cutoff at ~20397Hz, steep 12.1dB/kHz -> likely transcoded from 256/224kbps MP3/AAC",44100,20397,22050,12.1
/home/adam/driveBig/Music/My Playlist/Cat's In The Cradle - Harry Chapin - Verities & Balderdash.flac,SUSPECT,"hard cutoff at ~21016Hz, steep 16.4dB/kHz -> likely transcoded from 320kbps (or near-transparent) MP3/lossy",44100,21016,22050,16.4
/home/adam/driveBig/Music/My Playlist/Cat Vibing To Ievan Polkka Swing - Composerily.flac,SUSPECT,"hard cutoff at ~20731Hz, steep 17.2dB/kHz -> likely transcoded from 256/224kbps MP3/AAC",44100,20731,22050,17.2
/home/adam/driveBig/Music/My Playlist/Catch This Light - Goodshirt - Good.flac,SUSPECT,"hard cutoff at ~20634Hz, steep 14.6dB/kHz -> likely transcoded from 256/224kbps MP3/AAC",44100,20634,22050,14.6
/home/adam/driveBig/Music/My Playlist/Cautioners - Jimmy Eat World - Bleed American.flac,SUSPECT,"hard cutoff at ~21027Hz, steep 14.8dB/kHz -> likely transcoded from 320kbps (or near-transparent) MP3/lossy",44100,21027,22050,14.8
/home/adam/driveBig/Music/My Playlist/Cecilia - Simon & Garfunkel - Bridge Over Troubled Water.flac,SUSPECT,"hard cutoff at ~21016Hz, steep 12.9dB/kHz -> likely transcoded from 320kbps (or near-transparent) MP3/lossy",44100,21016,22050,12.9
/home/adam/driveBig/Music/My Playlist/Center Mass - Twenty One Pilots - Breach.flac,SUSPECT,"hard cutoff at ~20483Hz, steep 12.6dB/kHz -> likely transcoded from 256/224kbps MP3/AAC",44100,20483,22050,12.6
/home/adam/driveBig/Music/My Playlist/Cemetry Gates - The Smiths - The Queen Is Dead.flac,SUSPECT,"hard cutoff at ~20365Hz, steep 18.4dB/kHz -> likely transcoded from 256/224kbps MP3/AAC",44100,20365,22050,18.4
/home/adam/driveBig/Music/My Playlist/Bustin' Surfboards - The Tornadoes - Pulp Fiction.flac,SUSPECT,"hard cutoff at ~20575Hz, steep 13.6dB/kHz -> likely transcoded from 256/224kbps MP3/AAC",44100,20575,22050,13.6
/home/adam/driveBig/Music/My Playlist/Can’t Be Mine - Bad Nerves - Bad Nerves.flac,SUSPECT,"hard cutoff at ~20171Hz, steep 21.1dB/kHz -> likely transcoded from 256/224kbps MP3/AAC",44100,20171,22050,21.1
/home/adam/driveBig/Music/My Playlist/Chaos - Rich Brian - Amen.flac,SUSPECT,"hard cutoff at ~20010Hz, steep 12.0dB/kHz -> likely transcoded from 256/224kbps MP3/AAC",44100,20010,22050,12
/home/adam/driveBig/Music/My Playlist/Cherry Bomb - The Runaways - Dazed and Confused.flac,SUSPECT,"hard cutoff at ~20489Hz, steep 19.7dB/kHz -> likely transcoded from 256/224kbps MP3/AAC",44100,20489,22050,19.7
/home/adam/driveBig/Music/My Playlist/Child in You - Feeder - Comfort in Sound.flac,SUSPECT,"hard cutoff at ~20747Hz, steep 12.2dB/kHz -> likely transcoded from 256/224kbps MP3/AAC",44100,20747,22050,12.2
/home/adam/driveBig/Music/My Playlist/chorus - Maple's Pet Dinosaur.flac,SUSPECT,"hard cutoff at ~16015Hz, steep 23.6dB/kHz -> likely transcoded from 128kbps MP3",44100,16015,22050,23.6
/home/adam/driveBig/Music/My Playlist/Cigarette Daydreams - Cage The Elephant - Melophobia.flac,SUSPECT,"hard cutoff at ~21119Hz, steep 18.6dB/kHz -> likely transcoded from 320kbps (or near-transparent) MP3/lossy",44100,21119,22050,18.6
/home/adam/driveBig/Music/My Playlist/Cigarettes and Cola (demo) - Jet - Get Born.flac,SUSPECT,"hard cutoff at ~20677Hz, steep 21.2dB/kHz -> likely transcoded from 256/224kbps MP3/AAC",44100,20677,22050,21.2
/home/adam/driveBig/Music/My Playlist/City of Angels (Neanderthal Remix) - Em Beihold.flac,SUSPECT,"hard cutoff at ~17038Hz, steep 24.7dB/kHz -> likely transcoded from 160kbps MP3",44100,17038,22050,24.7
/home/adam/driveBig/Music/My Playlist/Classy Girls - The Lumineers - The Lumineers.flac,SUSPECT,"hard cutoff at ~20656Hz, steep 15.1dB/kHz -> likely transcoded from 256/224kbps MP3/AAC",44100,20656,22050,15.1
/home/adam/driveBig/Music/My Playlist/Clean - Incubus - Make Yourself.flac,SUSPECT,"hard cutoff at ~21129Hz, steep 13.4dB/kHz -> likely transcoded from 320kbps (or near-transparent) MP3/lossy",44100,21129,22050,13.4
/home/adam/driveBig/Music/My Playlist/Close to Me - The Cure - The Head on the Door.flac,SUSPECT,"hard cutoff at ~20790Hz, steep 24.6dB/kHz -> likely transcoded from 256/224kbps MP3/AAC",44100,20790,22050,24.6
/home/adam/driveBig/Music/My Playlist/Cocaine - Eric Clapton - The Cream of Clapton.flac,SUSPECT,"hard cutoff at ~20516Hz, steep 18.1dB/kHz -> likely transcoded from 256/224kbps MP3/AAC",44100,20516,22050,18.1
/home/adam/driveBig/Music/My Playlist/Clouds - Bernth.flac,SUSPECT,"hard cutoff at ~17038Hz, steep 23.9dB/kHz -> likely transcoded from 160kbps MP3",44100,17038,22050,23.9
/home/adam/driveBig/Music/My Playlist/Cochise - Audioslave - Audioslave.flac,SUSPECT,"hard cutoff at ~21119Hz, steep 13.2dB/kHz -> likely transcoded from 320kbps (or near-transparent) MP3/lossy",44100,21119,22050,13.2
/home/adam/driveBig/Music/My Playlist/Coincidance - Handsome Dancer.flac,SUSPECT,"hard cutoff at ~20225Hz, steep 28.1dB/kHz -> likely transcoded from 256/224kbps MP3/AAC",44100,20225,22050,28.1
/home/adam/driveBig/Music/My Playlist/Cold Hard Bitch - Jet - Get Born.flac,SUSPECT,"hard cutoff at ~21103Hz, steep 12.3dB/kHz -> likely transcoded from 320kbps (or near-transparent) MP3/lossy",44100,21103,22050,12.3
/home/adam/driveBig/Music/My Playlist/Comanche - The Revels - Pulp Fiction.flac,SUSPECT,"hard cutoff at ~20591Hz, steep 12.8dB/kHz -> likely transcoded from 256/224kbps MP3/AAC",44100,20591,22050,12.8
/home/adam/driveBig/Music/My Playlist/Come A Little Closer - Cage The Elephant - Melophobia.flac,SUSPECT,"hard cutoff at ~21092Hz, steep 17.8dB/kHz -> likely transcoded from 320kbps (or near-transparent) MP3/lossy",44100,21092,22050,17.8
/home/adam/driveBig/Music/My Playlist/Come Around Again - Jet - Get Born.flac,SUSPECT,"hard cutoff at ~21140Hz, steep 13.8dB/kHz -> likely transcoded from 320kbps (or near-transparent) MP3/lossy",44100,21140,22050,13.8
/home/adam/driveBig/Music/My Playlist/Come in Alone - My Bloody Valentine - Loveless.flac,SUSPECT,"hard cutoff at ~20650Hz, steep 18.0dB/kHz -> likely transcoded from 256/224kbps MP3/AAC",44100,20650,22050,18
/home/adam/driveBig/Music/My Playlist/Come On Eileen - Dexys Midnight Runners.flac,SUSPECT,"hard cutoff at ~20322Hz, steep 17.2dB/kHz -> likely transcoded from 256/224kbps MP3/AAC",44100,20322,22050,17.2
/home/adam/driveBig/Music/My Playlist/COME THRU - Joji - Ballads 1.flac,SUSPECT,"hard cutoff at ~21006Hz, steep 14.4dB/kHz -> likely transcoded from 320kbps (or near-transparent) MP3/lossy",44100,21006,22050,14.4
/home/adam/driveBig/Music/My Playlist/Communication Breakdown - Led Zeppelin - Led Zeppelin I.flac,SUSPECT,"hard cutoff at ~20979Hz, steep 19.9dB/kHz -> likely transcoded from 320kbps (or near-transparent) MP3/lossy",44100,20979,22050,19.9
/home/adam/driveBig/Music/My Playlist/Confetti - Rich Brian - The Sailor.flac,SUSPECT,"hard cutoff at ~21027Hz, steep 18.3dB/kHz -> likely transcoded from 320kbps (or near-transparent) MP3/lossy",44100,21027,22050,18.3
/home/adam/driveBig/Music/My Playlist/Copycat - The Cranberries - Bury The Hatchet.flac,SUSPECT,"hard cutoff at ~20866Hz, steep 14.7dB/kHz -> likely transcoded from 320kbps (or near-transparent) MP3/lossy",44100,20866,22050,14.7
/home/adam/driveBig/Music/My Playlist/Coraline - Måneskin - Live At Toyosu Pit.flac,SUSPECT,"hard cutoff at ~19536Hz, steep 12.4dB/kHz -> likely transcoded from 256/224kbps MP3/AAC",44100,19536,22050,12.4
/home/adam/driveBig/Music/My Playlist/Cottonwood - Twenty One Pilots - Breach.flac,SUSPECT,"hard cutoff at ~20160Hz, steep 14.3dB/kHz -> likely transcoded from 256/224kbps MP3/AAC",44100,20160,22050,14.3
/home/adam/driveBig/Music/My Playlist/Couple Days Off - Huey Lewis & The News - Greatest Hits.flac,SUSPECT,"hard cutoff at ~21043Hz, steep 19.4dB/kHz -> likely transcoded from 320kbps (or near-transparent) MP3/lossy",44100,21043,22050,19.4
/home/adam/driveBig/Music/My Playlist/Crackity Jones - Pixies - Doolittle.flac,SUSPECT,"hard cutoff at ~21000Hz, steep 21.8dB/kHz -> likely transcoded from 320kbps (or near-transparent) MP3/lossy",44100,21000,22050,21.8
/home/adam/driveBig/Music/My Playlist/Crazy On You - Heart - Dreamboat Annie.flac,SUSPECT,"hard cutoff at ~20973Hz, steep 18.2dB/kHz -> likely transcoded from 320kbps (or near-transparent) MP3/lossy",44100,20973,22050,18.2
/home/adam/driveBig/Music/My Playlist/Cry Baby - Cage The Elephant - Tell Me I'm Pretty.flac,SUSPECT,"hard cutoff at ~20817Hz, steep 12.2dB/kHz -> likely transcoded from 320kbps (or near-transparent) MP3/lossy",44100,20817,22050,12.2
/home/adam/driveBig/Music/My Playlist/Crying - Roy Orbison - The Essential Roy Orbison.flac,SUSPECT,"hard cutoff at ~21146Hz, steep 17.4dB/kHz -> likely transcoded from 320kbps (or near-transparent) MP3/lossy",44100,21146,22050,17.4
/home/adam/driveBig/Music/My Playlist/Crying - Roy Orbison - The Very Best Of.flac,SUSPECT,"hard cutoff at ~20548Hz, steep 13.1dB/kHz -> likely transcoded from 256/224kbps MP3/AAC",44100,20548,22050,13.1
/home/adam/driveBig/Music/My Playlist/Curious - Rich Brian - The Sailor.flac,SUSPECT,"hard cutoff at ~20984Hz, steep 12.9dB/kHz -> likely transcoded from 320kbps (or near-transparent) MP3/lossy",44100,20984,22050,12.9
/home/adam/driveBig/Music/My Playlist/Cyberglass - Bernth.flac,SUSPECT,"hard cutoff at ~17065Hz, steep 29.1dB/kHz -> likely transcoded from 160kbps MP3",44100,17065,22050,29.1
/home/adam/driveBig/Music/My Playlist/D.W. Washburn - The Monkees - Greatest Hits.flac,SUSPECT,"hard cutoff at ~20941Hz, steep 13.2dB/kHz -> likely transcoded from 320kbps (or near-transparent) MP3/lossy",44100,20941,22050,13.2
/home/adam/driveBig/Music/My Playlist/Dagger - Slowdive - Souvlaki.flac,SUSPECT,"hard cutoff at ~20866Hz, steep 13.0dB/kHz -> likely transcoded from 320kbps (or near-transparent) MP3/lossy",44100,20866,22050,13
/home/adam/driveBig/Music/My Playlist/Crossroads - Eric Clapton - The Cream of Clapton.flac,SUSPECT,"hard cutoff at ~20726Hz, steep 23.5dB/kHz -> likely transcoded from 256/224kbps MP3/AAC",44100,20726,22050,23.5
/home/adam/driveBig/Music/My Playlist/Darkside - Blink-182 - NINE.flac,SUSPECT,"hard cutoff at ~21070Hz, steep 22.5dB/kHz -> likely transcoded from 320kbps (or near-transparent) MP3/lossy",44100,21070,22050,22.5
/home/adam/driveBig/Music/My Playlist/Days Lie Dormant - Twenty One Pilots - Breach.flac,SUSPECT,"hard cutoff at ~20645Hz, steep 17.2dB/kHz -> likely transcoded from 256/224kbps MP3/AAC",44100,20645,22050,17.2
/home/adam/driveBig/Music/My Playlist/Dazed and Confused - Led Zeppelin - Led Zeppelin I.flac,SUSPECT,"hard cutoff at ~20677Hz, steep 15.1dB/kHz -> likely transcoded from 256/224kbps MP3/AAC",44100,20677,22050,15.1
/home/adam/driveBig/Music/My Playlist/Dead Sea - The Lumineers - The Lumineers.flac,SUSPECT,"hard cutoff at ~20467Hz, steep 13.7dB/kHz -> likely transcoded from 256/224kbps MP3/AAC",44100,20467,22050,13.7
/home/adam/driveBig/Music/My Playlist/Debaser - Pixies - Doolittle.flac,SUSPECT,"hard cutoff at ~21097Hz, steep 21.0dB/kHz -> likely transcoded from 320kbps (or near-transparent) MP3/lossy",44100,21097,22050,21
/home/adam/driveBig/Music/My Playlist/December 1963 (Oh What a Night) - The Four Seasons - Who Loves You.flac,SUSPECT,"hard cutoff at ~21092Hz, steep 17.5dB/kHz -> likely transcoded from 320kbps (or near-transparent) MP3/lossy",44100,21092,22050,17.5
/home/adam/driveBig/Music/My Playlist/DemiRep - Bikini Kill - The Singles.flac,SUSPECT,"hard cutoff at ~20930Hz, steep 14.2dB/kHz -> likely transcoded from 320kbps (or near-transparent) MP3/lossy",44100,20930,22050,14.2
/home/adam/driveBig/Music/My Playlist/Desecration Smile - Red Hot Chili Peppers - Stadium Arcadium.flac,SUSPECT,"hard cutoff at ~21167Hz, steep 13.3dB/kHz -> likely transcoded from 320kbps (or near-transparent) MP3/lossy",44100,21167,22050,13.3
/home/adam/driveBig/Music/My Playlist/Designer - Balu Brigada - BALU.flac,SUSPECT,"hard cutoff at ~20467Hz, steep 16.4dB/kHz -> likely transcoded from 256/224kbps MP3/AAC",44100,20467,22050,16.4
/home/adam/driveBig/Music/My Playlist/Dirty Dog - ZZ Top - Eliminator.flac,SUSPECT,"hard cutoff at ~20871Hz, steep 12.6dB/kHz -> likely transcoded from 320kbps (or near-transparent) MP3/lossy",44100,20871,22050,12.6
/home/adam/driveBig/Music/My Playlist/Don't Stop - Bad Nerves - Still Nervous.flac,SUSPECT,"hard cutoff at ~20026Hz, steep 14.2dB/kHz -> likely transcoded from 256/224kbps MP3/AAC",44100,20026,22050,14.2
/home/adam/driveBig/Music/My Playlist/Don't You (Forget About Me) - Simple Minds - Once Upon A Time.flac,SUSPECT,"hard cutoff at ~20801Hz, steep 14.5dB/kHz -> likely transcoded from 320kbps (or near-transparent) MP3/lossy",44100,20801,22050,14.5
/home/adam/driveBig/Music/My Playlist/Don’t Shoot Shotgun - Def Leppard - Hysteria.flac,SUSPECT,"hard cutoff at ~21054Hz, steep 22.6dB/kHz -> likely transcoded from 320kbps (or near-transparent) MP3/lossy",44100,21054,22050,22.6
/home/adam/driveBig/Music/My Playlist/Double Dare Ya - Bikini Kill - The First Two Records.flac,SUSPECT,"hard cutoff at ~20946Hz, steep 16.3dB/kHz -> likely transcoded from 320kbps (or near-transparent) MP3/lossy",44100,20946,22050,16.3
/home/adam/driveBig/Music/My Playlist/Down By the Sea - Men at Work - Business As Usual.flac,SUSPECT,"hard cutoff at ~20462Hz, steep 14.0dB/kHz -> likely transcoded from 256/224kbps MP3/AAC",44100,20462,22050,14
/home/adam/driveBig/Music/My Playlist/Down Under - Men at Work - Business As Usual.flac,SUSPECT,"hard cutoff at ~20521Hz, steep 15.9dB/kHz -> likely transcoded from 256/224kbps MP3/AAC",44100,20521,22050,15.9
/home/adam/driveBig/Music/My Playlist/Down On The Beat - Ren - Sick Boi.flac,SUSPECT,"hard cutoff at ~17173Hz, steep 26.4dB/kHz -> likely transcoded from 160kbps MP3",44100,17173,22050,26.4
/home/adam/driveBig/Music/My Playlist/Drive - The Cars - The Cars Greatest Hits.flac,SUSPECT,"hard cutoff at ~20570Hz, steep 19.2dB/kHz -> likely transcoded from 256/224kbps MP3/AAC",44100,20570,22050,19.2
/home/adam/driveBig/Music/My Playlist/Driving to Texas - Tom Morello; Phantogram - The Atlas Underground Fire.flac,SUSPECT,"hard cutoff at ~20952Hz, steep 13.8dB/kHz -> likely transcoded from 320kbps (or near-transparent) MP3/lossy",44100,20952,22050,13.8
/home/adam/driveBig/Music/My Playlist/Drum Show - Twenty One Pilots - Breach.flac,SUSPECT,"hard cutoff at ~20279Hz, steep 19.1dB/kHz -> likely transcoded from 256/224kbps MP3/AAC",44100,20279,22050,19.1
/home/adam/driveBig/Music/My Playlist/Duck and Run - 3 Doors Down - The Better Life.flac,SUSPECT,"hard cutoff at ~20920Hz, steep 17.3dB/kHz -> likely transcoded from 320kbps (or near-transparent) MP3/lossy",44100,20920,22050,17.3
/home/adam/driveBig/Music/My Playlist/Dysentery Gary - Blink-182 - Enema of the State.flac,SUSPECT,"hard cutoff at ~21156Hz, steep 18.7dB/kHz -> likely transcoded from 320kbps (or near-transparent) MP3/lossy",44100,21156,22050,18.7
/home/adam/driveBig/Music/My Playlist/Dead - Pixies - Doolittle.flac,SUSPECT,"hard cutoff at ~20575Hz, steep 13.4dB/kHz -> likely transcoded from 256/224kbps MP3/AAC",44100,20575,22050,13.4
/home/adam/driveBig/Music/My Playlist/Don't Need You - Bikini Kill - The First Two Records.flac,SUSPECT,"hard cutoff at ~20618Hz, steep 12.0dB/kHz -> likely transcoded from 256/224kbps MP3/AAC",44100,20618,22050,12
/home/adam/driveBig/Music/My Playlist/Doing All Right With the Boys - Joan Jett - Bad Reputation.flac,SUSPECT,"hard cutoff at ~20564Hz, steep 13.5dB/kHz -> likely transcoded from 256/224kbps MP3/AAC",44100,20564,22050,13.5
/home/adam/driveBig/Music/My Playlist/Dreaming - Bad Nerves - Bad Nerves.flac,SUSPECT,"hard cutoff at ~20204Hz, steep 22.5dB/kHz -> likely transcoded from 256/224kbps MP3/AAC",44100,20204,22050,22.5
/home/adam/driveBig/Music/My Playlist/Egg in the Backseat - Em Beihold.flac,SUSPECT,"hard cutoff at ~20645Hz, steep 15.8dB/kHz -> likely transcoded from 256/224kbps MP3/AAC",44100,20645,22050,15.8
/home/adam/driveBig/Music/My Playlist/Drops of Jupiter (Tell Me) - Train - Drops of Jupiter (20th Anniversary Edition).flac,SUSPECT,"hard cutoff at ~20920Hz, steep 13.3dB/kHz -> likely transcoded from 320kbps (or near-transparent) MP3/lossy",44100,20920,22050,13.3
/home/adam/driveBig/Music/My Playlist/Eien No Akuruhi - Ado - Ado's Best Adobum.flac,SUSPECT,"hard cutoff at ~21151Hz, steep 15.2dB/kHz -> likely transcoded from 320kbps (or near-transparent) MP3/lossy",44100,21151,22050,15.2
/home/adam/driveBig/Music/My Playlist/Electric 88 - Bad Nerves - Bad Nerves.flac,SUSPECT,"hard cutoff at ~20214Hz, steep 23.1dB/kHz -> likely transcoded from 256/224kbps MP3/AAC",44100,20214,22050,23.1
/home/adam/driveBig/Music/My Playlist/Elephant In The Room - Confetti.flac,SUSPECT,"hard cutoff at ~19999Hz, steep 17.6dB/kHz -> likely transcoded from 256/224kbps MP3/AAC",44100,19999,22050,17.6
/home/adam/driveBig/Music/My Playlist/Enter Sandman - Metallica - Metallica.flac,SUSPECT,"hard cutoff at ~20387Hz, steep 14.3dB/kHz -> likely transcoded from 256/224kbps MP3/AAC",44100,20387,22050,14.3
/home/adam/driveBig/Music/My Playlist/Everlong - Foo Fighters - The Colour And The Shape.flac,SUSPECT,"hard cutoff at ~20973Hz, steep 13.8dB/kHz -> likely transcoded from 320kbps (or near-transparent) MP3/lossy",44100,20973,22050,13.8
/home/adam/driveBig/Music/My Playlist/Every Other Freckle - alt-J - This Is All Yours.flac,SUSPECT,"hard cutoff at ~20661Hz, steep 16.6dB/kHz -> likely transcoded from 256/224kbps MP3/AAC",44100,20661,22050,16.6
/home/adam/driveBig/Music/My Playlist/Everybody Knows - Balu Brigada - BALU.flac,SUSPECT,"hard cutoff at ~20338Hz, steep 14.6dB/kHz -> likely transcoded from 256/224kbps MP3/AAC",44100,20338,22050,14.6
/home/adam/driveBig/Music/My Playlist/Everybody Knows - Balu Brigada - I Should Be Home.flac,SUSPECT,"hard cutoff at ~20338Hz, steep 14.6dB/kHz -> likely transcoded from 256/224kbps MP3/AAC",44100,20338,22050,14.6
/home/adam/driveBig/Music/My Playlist/Excitable - Def Leppard - Hysteria.flac,SUSPECT,"hard cutoff at ~20871Hz, steep 21.2dB/kHz -> likely transcoded from 320kbps (or near-transparent) MP3/lossy",44100,20871,22050,21.2
/home/adam/driveBig/Music/My Playlist/Falling for You - BoyWithUke - Trouvaille.flac,SUSPECT,"hard cutoff at ~16742Hz, steep 28.6dB/kHz -> likely transcoded from 128kbps MP3",44100,16742,22050,28.6
/home/adam/driveBig/Music/My Playlist/Far Away - BoyWithUke - Serotonin Dreams.flac,SUSPECT,"hard cutoff at ~21167Hz, steep 15.3dB/kHz -> likely transcoded from 320kbps (or near-transparent) MP3/lossy",44100,21167,22050,15.3
/home/adam/driveBig/Music/My Playlist/Farewell Ride - Beck - Guero.flac,SUSPECT,"hard cutoff at ~16021Hz, steep 26.2dB/kHz -> likely transcoded from 128kbps MP3",44100,16021,22050,26.2
/home/adam/driveBig/Music/My Playlist/Favourite Ghost (Live) - Daniel Champagne; Kiah Gossner - Stardust Lullaby.flac,SUSPECT,"hard cutoff at ~20101Hz, steep 19.8dB/kHz -> likely transcoded from 256/224kbps MP3/AAC",44100,20101,22050,19.8
/home/adam/driveBig/Music/My Playlist/Favourite Clothes - Balu Brigada - I Should Be Home.flac,SUSPECT,"hard cutoff at ~19628Hz, steep 12.9dB/kHz -> likely transcoded from 256/224kbps MP3/AAC",44100,19628,22050,12.9
/home/adam/driveBig/Music/My Playlist/Fee Fi Fo - The Cranberries - Bury The Hatchet.flac,SUSPECT,"hard cutoff at ~20963Hz, steep 16.4dB/kHz -> likely transcoded from 320kbps (or near-transparent) MP3/lossy",44100,20963,22050,16.4
/home/adam/driveBig/Music/My Playlist/Feel It Still - Portugal. The Man - Woodstock.flac,SUSPECT,"hard cutoff at ~17824Hz, steep 12.7dB/kHz -> likely transcoded from 160kbps MP3",44100,17824,22050,12.7
/home/adam/driveBig/Music/My Playlist/Feels Blind - Bikini Kill - The First Two Records.flac,SUSPECT,"hard cutoff at ~20769Hz, steep 14.4dB/kHz -> likely transcoded from 256/224kbps MP3/AAC",44100,20769,22050,14.4
/home/adam/driveBig/Music/My Playlist/Fire (Part 1) - The Struts - YOUNG&DANGEROUS.flac,SUSPECT,"hard cutoff at ~21086Hz, steep 23.4dB/kHz -> likely transcoded from 320kbps (or near-transparent) MP3/lossy",44100,21086,22050,23.4
/home/adam/driveBig/Music/My Playlist/Fire Your Guns - AC-DC - The Razors Edge.flac,SUSPECT,"hard cutoff at ~20597Hz, steep 16.2dB/kHz -> likely transcoded from 256/224kbps MP3/AAC",44100,20597,22050,16.2
/home/adam/driveBig/Music/My Playlist/Fitzpleasure - alt-J - An Awesome Wave.flac,SUSPECT,"hard cutoff at ~20688Hz, steep 13.5dB/kHz -> likely transcoded from 256/224kbps MP3/AAC",44100,20688,22050,13.5
/home/adam/driveBig/Music/My Playlist/Flapper Girl - The Lumineers - The Lumineers.flac,SUSPECT,"hard cutoff at ~20559Hz, steep 13.0dB/kHz -> likely transcoded from 256/224kbps MP3/AAC",44100,20559,22050,13
/home/adam/driveBig/Music/My Playlist/Flow - Bernth;Syncatto.flac,SUSPECT,"hard cutoff at ~20150Hz, steep 21.6dB/kHz -> likely transcoded from 256/224kbps MP3/AAC",44100,20150,22050,21.6
/home/adam/driveBig/Music/My Playlist/Flowers in Your Hair - The Lumineers - The Lumineers.flac,SUSPECT,"hard cutoff at ~20672Hz, steep 15.7dB/kHz -> likely transcoded from 256/224kbps MP3/AAC",44100,20672,22050,15.7
/home/adam/driveBig/Music/My Playlist/Fly My Pretties - Fly My Pretties - Live at Bats.flac,SUSPECT,"hard cutoff at ~18023Hz, steep 17.8dB/kHz -> likely transcoded from 160kbps MP3",44100,18023,22050,17.8
/home/adam/driveBig/Music/My Playlist/Footprints in the Sand - Player - The Best of Player.flac,SUSPECT,"hard cutoff at ~20263Hz, steep 15.4dB/kHz -> likely transcoded from 256/224kbps MP3/AAC",44100,20263,22050,15.4
/home/adam/driveBig/Music/My Playlist/Forever - Kiss - The Very Best of KISS.flac,SUSPECT,"hard cutoff at ~20963Hz, steep 12.8dB/kHz -> likely transcoded from 320kbps (or near-transparent) MP3/lossy",44100,20963,22050,12.8
/home/adam/driveBig/Music/My Playlist/For Your Love - Måneskin - Live At Toyosu Pit.flac,SUSPECT,"hard cutoff at ~19579Hz, steep 13.7dB/kHz -> likely transcoded from 256/224kbps MP3/AAC",44100,19579,22050,13.7
/home/adam/driveBig/Music/My Playlist/Fake You Out - Twenty One Pilots - Vessel.flac,SUSPECT,"hard cutoff at ~21162Hz, steep 24.8dB/kHz -> likely transcoded from 320kbps (or near-transparent) MP3/lossy",44100,21162,22050,24.8
/home/adam/driveBig/Music/My Playlist/Fireside - Arctic Monkeys - AM.flac,SUSPECT,"hard cutoff at ~20995Hz, steep 14.8dB/kHz -> likely transcoded from 320kbps (or near-transparent) MP3/lossy",44100,20995,22050,14.8
/home/adam/driveBig/Music/My Playlist/Flowers on the Wall - The Statler Brothers - Pulp Fiction.flac,SUSPECT,"hard cutoff at ~20376Hz, steep 21.6dB/kHz -> likely transcoded from 256/224kbps MP3/AAC",44100,20376,22050,21.6
/home/adam/driveBig/Music/My Playlist/Centerfold - The J. Geils Band - Freeze Frame.flac,SUSPECT,"hard cutoff at ~20823Hz, steep 23.0dB/kHz -> likely transcoded from 320kbps (or near-transparent) MP3/lossy",44100,20823,22050,23
/home/adam/driveBig/Music/My Playlist/Lay Down Sally - Eric Clapton - The Cream of Clapton.flac,SUSPECT,"hard cutoff at ~20413Hz, steep 15.2dB/kHz -> likely transcoded from 256/224kbps MP3/AAC",44100,20413,22050,15.2
/home/adam/driveBig/Music/My Playlist/Sharp Dressed Man - ZZ Top - Eliminator.flac,SUSPECT,"hard cutoff at ~20903Hz, steep 13.3dB/kHz -> likely transcoded from 320kbps (or near-transparent) MP3/lossy",44100,20903,22050,13.3
/home/adam/driveBig/Music/My Playlist/Terminal Boy - Bad Nerves - Bad Nerves.flac,SUSPECT,"hard cutoff at ~20284Hz, steep 24.7dB/kHz -> likely transcoded from 256/224kbps MP3/AAC",44100,20284,22050,24.7
/home/adam/driveBig/Music/My Playlist/Under My Umbrella - Incubus - Morning View.flac,SUSPECT,"hard cutoff at ~20833Hz, steep 12.2dB/kHz -> likely transcoded from 320kbps (or near-transparent) MP3/lossy",44100,20833,22050,12.2
/home/adam/driveBig/Music/My Playlist/The Unforgiven - Metallica - Metallica.flac,SUSPECT,"hard cutoff at ~20844Hz, steep 17.8dB/kHz -> likely transcoded from 320kbps (or near-transparent) MP3/lossy",44100,20844,22050,17.8
/home/adam/driveBig/Music/My Playlist/Freeze-Frame - The J. Geils Band - Freeze Frame.flac,SUSPECT,"hard cutoff at ~20893Hz, steep 26.4dB/kHz -> likely transcoded from 320kbps (or near-transparent) MP3/lossy",44100,20893,22050,26.4
/home/adam/driveBig/Music/My Playlist/Fresh Feeling - Eels - Meet the Eels - Essential Eels.flac,SUSPECT,"hard cutoff at ~21092Hz, steep 13.5dB/kHz -> likely transcoded from 320kbps (or near-transparent) MP3/lossy",44100,21092,22050,13.5
/home/adam/driveBig/Music/My Playlist/Friday I'm In Love - The Cure - Wish.flac,SUSPECT,"hard cutoff at ~20995Hz, steep 18.7dB/kHz -> likely transcoded from 320kbps (or near-transparent) MP3/lossy",44100,20995,22050,18.7
/home/adam/driveBig/Music/My Playlist/Friends Will Be Friends - Queen - A Kind Of Magic (Deluxe Edition 2011 Remaster).flac,SUSPECT,"hard cutoff at ~20704Hz, steep 14.3dB/kHz -> likely transcoded from 256/224kbps MP3/AAC",44100,20704,22050,14.3
/home/adam/driveBig/Music/My Playlist/From Austin - Zach Bryan - American Heartbreak.flac,SUSPECT,"hard cutoff at ~21140Hz, steep 14.1dB/kHz -> likely transcoded from 320kbps (or near-transparent) MP3/lossy",44100,21140,22050,14.1
/home/adam/driveBig/Music/My Playlist/FUEGO - Bernth.flac,SUSPECT,"hard cutoff at ~17453Hz, steep 20.2dB/kHz -> likely transcoded from 160kbps MP3",44100,17453,22050,20.2
/home/adam/driveBig/Music/My Playlist/FUZZY - ivri - the theory of you.flac,SUSPECT,"hard cutoff at ~20968Hz, steep 14.2dB/kHz -> likely transcoded from 320kbps (or near-transparent) MP3/lossy",44100,20968,22050,14.2
/home/adam/driveBig/Music/My Playlist/Fun Never Ends - Barns Courtney - 404.flac,SUSPECT,"hard cutoff at ~20801Hz, steep 22.0dB/kHz -> likely transcoded from 320kbps (or near-transparent) MP3/lossy",44100,20801,22050,22
/home/adam/driveBig/Music/My Playlist/Galvanize - Bernth.flac,SUSPECT,"hard cutoff at ~17038Hz, steep 23.1dB/kHz -> likely transcoded from 160kbps MP3",44100,17038,22050,23.1
/home/adam/driveBig/Music/My Playlist/Garden of England (Interlude) - alt-J - This Is All Yours.flac,SUSPECT,"hard cutoff at ~20349Hz, steep 16.4dB/kHz -> likely transcoded from 256/224kbps MP3/AAC",44100,20349,22050,16.4
/home/adam/driveBig/Music/My Playlist/Generational Divide - Blink-182 - NINE.flac,SUSPECT,"hard cutoff at ~21076Hz, steep 22.4dB/kHz -> likely transcoded from 320kbps (or near-transparent) MP3/lossy",44100,21076,22050,22.4
/home/adam/driveBig/Music/My Playlist/Get It Hot - AC-DC - Highway To Hell.flac,SUSPECT,"hard cutoff at ~20629Hz, steep 18.3dB/kHz -> likely transcoded from 256/224kbps MP3/AAC",44100,20629,22050,18.3
/home/adam/driveBig/Music/My Playlist/Genesis - Ren - Sick Boi.flac,SUSPECT,"hard cutoff at ~17027Hz, steep 19.4dB/kHz -> likely transcoded from 160kbps MP3",44100,17027,22050,19.4
/home/adam/driveBig/Music/My Playlist/Get What You Need - Jet - Get Born.flac,SUSPECT,"hard cutoff at ~21049Hz, steep 12.5dB/kHz -> likely transcoded from 320kbps (or near-transparent) MP3/lossy",44100,21049,22050,12.5
/home/adam/driveBig/Music/My Playlist/Geyser - Mitski - Be the Cowboy.flac,SUSPECT,"hard cutoff at ~21054Hz, steep 20.2dB/kHz -> likely transcoded from 320kbps (or near-transparent) MP3/lossy",44100,21054,22050,20.2
/home/adam/driveBig/Music/My Playlist/Gimme All Your Lovin' - ZZ Top - Eliminator.flac,SUSPECT,"hard cutoff at ~20618Hz, steep 12.8dB/kHz -> likely transcoded from 256/224kbps MP3/AAC",44100,20618,22050,12.8
/home/adam/driveBig/Music/My Playlist/Ghost - Confetti - Elephant In The Room.flac,SUSPECT,"hard cutoff at ~20139Hz, steep 23.1dB/kHz -> likely transcoded from 256/224kbps MP3/AAC",44100,20139,22050,23.1
/home/adam/driveBig/Music/My Playlist/Gimme The Car - Violent Femmes - Violent Femmes.flac,SUSPECT,"hard cutoff at ~20882Hz, steep 12.9dB/kHz -> likely transcoded from 320kbps (or near-transparent) MP3/lossy",44100,20882,22050,12.9
/home/adam/driveBig/Music/My Playlist/Girl Soldier - Bikini Kill - The First Two Records.flac,SUSPECT,"hard cutoff at ~20645Hz, steep 16.6dB/kHz -> likely transcoded from 256/224kbps MP3/AAC",44100,20645,22050,16.6
/home/adam/driveBig/Music/My Playlist/Give it Away - Red Hot Chili Peppers - Blood Sugar Sex Magik.flac,SUSPECT,"hard cutoff at ~21033Hz, steep 12.2dB/kHz -> likely transcoded from 320kbps (or near-transparent) MP3/lossy",44100,21033,22050,12.2
/home/adam/driveBig/Music/My Playlist/Given the Dog a Bone - AC-DC - Back in Black.flac,SUSPECT,"hard cutoff at ~20806Hz, steep 22.8dB/kHz -> likely transcoded from 320kbps (or near-transparent) MP3/lossy",44100,20806,22050,22.8
"/home/adam/driveBig/Music/My Playlist/Go, Go, Go (Down The Line) - Roy Orbison - The Very Best Of.flac",SUSPECT,"hard cutoff at ~20661Hz, steep 16.0dB/kHz -> likely transcoded from 256/224kbps MP3/AAC",44100,20661,22050,16
/home/adam/driveBig/Music/My Playlist/GOD COMPLEX - Bernth.flac,SUSPECT,"hard cutoff at ~16494Hz, steep 18.9dB/kHz -> likely transcoded from 128kbps MP3",44100,16494,22050,18.9
/home/adam/driveBig/Music/My Playlist/Goin' Down - The Monkees - Greatest Hits.flac,SUSPECT,"hard cutoff at ~20941Hz, steep 13.1dB/kHz -> likely transcoded from 320kbps (or near-transparent) MP3/lossy",44100,20941,22050,13.1
/home/adam/driveBig/Music/My Playlist/Going Away To College - Blink-182 - Enema of the State.flac,SUSPECT,"hard cutoff at ~21108Hz, steep 17.7dB/kHz -> likely transcoded from 320kbps (or near-transparent) MP3/lossy",44100,21108,22050,17.7
/home/adam/driveBig/Music/My Playlist/Gods of War - Def Leppard - Hysteria.flac,SUSPECT,"hard cutoff at ~20763Hz, steep 22.7dB/kHz -> likely transcoded from 256/224kbps MP3/AAC",44100,20763,22050,22.7
/home/adam/driveBig/Music/My Playlist/Goo - Em Beihold - Egg in the Backseat.flac,SUSPECT,"hard cutoff at ~20623Hz, steep 15.1dB/kHz -> likely transcoded from 256/224kbps MP3/AAC",44100,20623,22050,15.1
/home/adam/driveBig/Music/My Playlist/Good Times Bad Times - Led Zeppelin - Led Zeppelin I.flac,SUSPECT,"hard cutoff at ~20812Hz, steep 17.7dB/kHz -> likely transcoded from 320kbps (or near-transparent) MP3/lossy",44100,20812,22050,17.7
/home/adam/driveBig/Music/My Playlist/Good Times Roll - The Cars - The Cars Greatest Hits.flac,SUSPECT,"hard cutoff at ~20823Hz, steep 24.4dB/kHz -> likely transcoded from 320kbps (or near-transparent) MP3/lossy",44100,20823,22050,24.4
/home/adam/driveBig/Music/My Playlist/Goodbye and Good Riddance to Bad Luck - AC-DC - The Razors Edge.flac,SUSPECT,"hard cutoff at ~20640Hz, steep 14.8dB/kHz -> likely transcoded from 256/224kbps MP3/AAC",44100,20640,22050,14.8
/home/adam/driveBig/Music/My Playlist/Got You by the Balls - AC-DC - The Razors Edge.flac,SUSPECT,"hard cutoff at ~20623Hz, steep 14.0dB/kHz -> likely transcoded from 256/224kbps MP3/AAC",44100,20623,22050,14
/home/adam/driveBig/Music/My Playlist/Gouge Away - Pixies - Doolittle.flac,SUSPECT,"hard cutoff at ~20871Hz, steep 19.8dB/kHz -> likely transcoded from 320kbps (or near-transparent) MP3/lossy",44100,20871,22050,19.8
/home/adam/driveBig/Music/My Playlist/Grapes - James Marriott - Bitter Tongues.flac,SUSPECT,"hard cutoff at ~20290Hz, steep 13.5dB/kHz -> likely transcoded from 256/224kbps MP3/AAC",44100,20290,22050,13.5
/home/adam/driveBig/Music/My Playlist/Green - BoyWithUke - BoyWithUke - B Sides.flac,SUSPECT,"hard cutoff at ~20715Hz, steep 15.7dB/kHz -> likely transcoded from 256/224kbps MP3/AAC",44100,20715,22050,15.7
/home/adam/driveBig/Music/My Playlist/Guerrilla Radio - Rage Against the Machine - The Battle Of Los Angeles.flac,SUSPECT,"hard cutoff at ~21146Hz, steep 14.0dB/kHz -> likely transcoded from 320kbps (or near-transparent) MP3/lossy",44100,21146,22050,14
/home/adam/driveBig/Music/My Playlist/Free Fallin' - Tom Petty - Full Moon Fever.flac,SUSPECT,"hard cutoff at ~20957Hz, steep 19.1dB/kHz -> likely transcoded from 320kbps (or near-transparent) MP3/lossy",44100,20957,22050,19.1
/home/adam/driveBig/Music/My Playlist/From Little Things Big Things Grow - Paul Kelly and The Messengers - Comedy.flac,SUSPECT,"hard cutoff at ~20823Hz, steep 18.0dB/kHz -> likely transcoded from 320kbps (or near-transparent) MP3/lossy",44100,20823,22050,18
/home/adam/driveBig/Music/My Playlist/Girls Got Rhythm - AC-DC - Highway To Hell.flac,SUSPECT,"hard cutoff at ~20952Hz, steep 27.2dB/kHz -> likely transcoded from 320kbps (or near-transparent) MP3/lossy",44100,20952,22050,27.2
/home/adam/driveBig/Music/My Playlist/Hands - Barns Courtney - The Attractions of Youth.flac,SUSPECT,"hard cutoff at ~20527Hz, steep 13.0dB/kHz -> likely transcoded from 256/224kbps MP3/AAC",44100,20527,22050,13
/home/adam/driveBig/Music/My Playlist/Hands - Barns Courtney - The Dull Drums EP.flac,SUSPECT,"hard cutoff at ~20527Hz, steep 13.3dB/kHz -> likely transcoded from 256/224kbps MP3/AAC",44100,20527,22050,13.3
/home/adam/driveBig/Music/My Playlist/Happy Days - Blink-182 - NINE.flac,SUSPECT,"hard cutoff at ~21027Hz, steep 19.4dB/kHz -> likely transcoded from 320kbps (or near-transparent) MP3/lossy",44100,21027,22050,19.4
/home/adam/driveBig/Music/My Playlist/Harlem Hellfighter - Tom Morello - The Atlas Underground Fire.flac,SUSPECT,"hard cutoff at ~17458Hz, steep 24.8dB/kHz -> likely transcoded from 160kbps MP3",44100,17458,22050,24.8
/home/adam/driveBig/Music/My Playlist/Have a Drink on Me - AC-DC - Back in Black.flac,SUSPECT,"hard cutoff at ~20753Hz, steep 22.4dB/kHz -> likely transcoded from 256/224kbps MP3/AAC",44100,20753,22050,22.4
/home/adam/driveBig/Music/My Playlist/Heart And Soul - The Monkees - Greatest Hits.flac,SUSPECT,"hard cutoff at ~21097Hz, steep 18.6dB/kHz -> likely transcoded from 320kbps (or near-transparent) MP3/lossy",44100,21097,22050,18.6
/home/adam/driveBig/Music/My Playlist/Heart Like This - Daniel Champagne - The Heartland Hurricanes.flac,SUSPECT,"hard cutoff at ~21059Hz, steep 12.2dB/kHz -> likely transcoded from 320kbps (or near-transparent) MP3/lossy",44100,21059,22050,12.2
/home/adam/driveBig/Music/My Playlist/Heartbeat City - The Cars - The Cars Greatest Hits.flac,SUSPECT,"hard cutoff at ~20623Hz, steep 19.9dB/kHz -> likely transcoded from 256/224kbps MP3/AAC",44100,20623,22050,19.9
/home/adam/driveBig/Music/My Playlist/Heartbreak Hallelujah - Barns Courtney - Supernatural.flac,SUSPECT,"hard cutoff at ~20855Hz, steep 17.2dB/kHz -> likely transcoded from 320kbps (or near-transparent) MP3/lossy",44100,20855,22050,17.2
/home/adam/driveBig/Music/My Playlist/Heathens - Twenty One Pilots.flac,SUSPECT,"hard cutoff at ~20995Hz, steep 20.0dB/kHz -> likely transcoded from 320kbps (or near-transparent) MP3/lossy",44100,20995,22050,20
/home/adam/driveBig/Music/My Playlist/Heaven - Blink-182 - NINE.flac,SUSPECT,"hard cutoff at ~21038Hz, steep 19.2dB/kHz -> likely transcoded from 320kbps (or near-transparent) MP3/lossy",44100,21038,22050,19.2
/home/adam/driveBig/Music/My Playlist/Helium - Feeder - Comfort in Sound.flac,SUSPECT,"hard cutoff at ~20731Hz, steep 12.6dB/kHz -> likely transcoded from 256/224kbps MP3/AAC",44100,20731,22050,12.6
/home/adam/driveBig/Music/My Playlist/Here Ever After - Red Hot Chili Peppers - Unlimited Love.flac,SUSPECT,"hard cutoff at ~21076Hz, steep 12.3dB/kHz -> likely transcoded from 320kbps (or near-transparent) MP3/lossy",44100,21076,22050,12.3
/home/adam/driveBig/Music/My Playlist/Helpless Automaton - Men at Work - Business As Usual.flac,SUSPECT,"hard cutoff at ~20570Hz, steep 18.0dB/kHz -> likely transcoded from 256/224kbps MP3/AAC",44100,20570,22050,18
/home/adam/driveBig/Music/My Playlist/Here Comes Your Man - Pixies - Doolittle.flac,SUSPECT,"hard cutoff at ~21140Hz, steep 21.7dB/kHz -> likely transcoded from 320kbps (or near-transparent) MP3/lossy",44100,21140,22050,21.7
/home/adam/driveBig/Music/My Playlist/Here I Go Again - Whitesnake - Live... in the Shadow of the Blues.flac,SUSPECT,"hard cutoff at ~20177Hz, steep 12.4dB/kHz -> likely transcoded from 256/224kbps MP3/AAC",44100,20177,22050,12.4
/home/adam/driveBig/Music/My Playlist/Here I Stand And Face The Rain - A-Ha - Hunting High And Low.flac,SUSPECT,"hard cutoff at ~20521Hz, steep 18.0dB/kHz -> likely transcoded from 256/224kbps MP3/AAC",44100,20521,22050,18
/home/adam/driveBig/Music/My Playlist/Hey - Pixies - Doolittle.flac,SUSPECT,"hard cutoff at ~20683Hz, steep 14.0dB/kHz -> likely transcoded from 256/224kbps MP3/AAC",44100,20683,22050,14
/home/adam/driveBig/Music/My Playlist/Hey There Delilah - Plain White T’s - All That We Needed.flac,SUSPECT,"hard cutoff at ~20306Hz, steep 15.4dB/kHz -> likely transcoded from 256/224kbps MP3/AAC",44100,20306,22050,15.4
/home/adam/driveBig/Music/My Playlist/Hey Man (Now You're Really Living) - Eels - Meet the Eels - Essential Eels.flac,SUSPECT,"hard cutoff at ~21054Hz, steep 18.0dB/kHz -> likely transcoded from 320kbps (or near-transparent) MP3/lossy",44100,21054,22050,18
"/home/adam/driveBig/Music/My Playlist/Hey, Johnny Park! - Foo Fighters - The Colour And The Shape.flac",SUSPECT,"hard cutoff at ~20893Hz, steep 13.6dB/kHz -> likely transcoded from 320kbps (or near-transparent) MP3/lossy",44100,20893,22050,13.6
/home/adam/driveBig/Music/My Playlist/High And Dry - Radiohead - The Bends.flac,SUSPECT,"hard cutoff at ~21103Hz, steep 13.6dB/kHz -> likely transcoded from 320kbps (or near-transparent) MP3/lossy",44100,21103,22050,13.6
/home/adam/driveBig/Music/My Playlist/Highway Star - Deep Purple - Dazed and Confused.flac,SUSPECT,"hard cutoff at ~20575Hz, steep 14.6dB/kHz -> likely transcoded from 256/224kbps MP3/AAC",44100,20575,22050,14.6
/home/adam/driveBig/Music/My Playlist/Highway to Hell - Tom Morello; Bruce Springsteen; Eddie Vedder - The Atlas Underground Fire.flac,SUSPECT,"hard cutoff at ~21076Hz, steep 22.8dB/kHz -> likely transcoded from 320kbps (or near-transparent) MP3/lossy",44100,21076,22050,22.8
/home/adam/driveBig/Music/My Playlist/Hit Me Like That Snare - alt-J - Relaxer.flac,SUSPECT,"hard cutoff at ~20661Hz, steep 12.4dB/kHz -> likely transcoded from 256/224kbps MP3/AAC",44100,20661,22050,12.4
/home/adam/driveBig/Music/My Playlist/Hobo Rocket - Barns Courtney - The Attractions of Youth.flac,SUSPECT,"hard cutoff at ~20532Hz, steep 14.6dB/kHz -> likely transcoded from 256/224kbps MP3/AAC",44100,20532,22050,14.6
/home/adam/driveBig/Music/My Playlist/Ho Hey - The Lumineers - The Lumineers.flac,SUSPECT,"hard cutoff at ~20586Hz, steep 15.3dB/kHz -> likely transcoded from 256/224kbps MP3/AAC",44100,20586,22050,15.3
/home/adam/driveBig/Music/My Playlist/Hold The Line - Tom Morello; Grandson - The Atlas Underground Fire.flac,SUSPECT,"hard cutoff at ~21033Hz, steep 19.2dB/kHz -> likely transcoded from 320kbps (or near-transparent) MP3/lossy",44100,21033,22050,19.2
/home/adam/driveBig/Music/My Playlist/Holding on to You - Twenty One Pilots - Vessel.flac,SUSPECT,"hard cutoff at ~20963Hz, steep 20.0dB/kHz -> likely transcoded from 320kbps (or near-transparent) MP3/lossy",44100,20963,22050,20
/home/adam/driveBig/Music/My Playlist/Hometown - Twenty One Pilots - Blurryface.flac,SUSPECT,"hard cutoff at ~20903Hz, steep 12.4dB/kHz -> likely transcoded from 320kbps (or near-transparent) MP3/lossy",44100,20903,22050,12.4
/home/adam/driveBig/Music/My Playlist/Hot - Confetti - Elephant In The Room.flac,SUSPECT,"hard cutoff at ~20123Hz, steep 18.6dB/kHz -> likely transcoded from 256/224kbps MP3/AAC",44100,20123,22050,18.6
/home/adam/driveBig/Music/My Playlist/Hotel California - Eagles.flac,SUSPECT,"hard cutoff at ~20392Hz, steep 20.6dB/kHz -> likely transcoded from 256/224kbps MP3/AAC",44100,20392,22050,20.6
/home/adam/driveBig/Music/My Playlist/Homesick - BoyWithUke - Lucid Dreams.flac,SUSPECT,"hard cutoff at ~20623Hz, steep 17.1dB/kHz -> likely transcoded from 256/224kbps MP3/AAC",44100,20623,22050,17.1
/home/adam/driveBig/Music/My Playlist/Heaven For Everyone - Queen - Made In Heaven (Deluxe Edition 2011 Remaster).flac,SUSPECT,"hard cutoff at ~20790Hz, steep 14.7dB/kHz -> likely transcoded from 256/224kbps MP3/AAC",44100,20790,22050,14.7
/home/adam/driveBig/Music/My Playlist/House of the Rising Sun - alt-J - Relaxer.flac,SUSPECT,"hard cutoff at ~20903Hz, steep 18.4dB/kHz -> likely transcoded from 320kbps (or near-transparent) MP3/lossy",44100,20903,22050,18.4
/home/adam/driveBig/Music/My Playlist/How Are You True - Cage The Elephant - Tell Me I'm Pretty.flac,SUSPECT,"hard cutoff at ~20946Hz, steep 14.2dB/kHz -> likely transcoded from 320kbps (or near-transparent) MP3/lossy",44100,20946,22050,14.2
/home/adam/driveBig/Music/My Playlist/How Long Have You Known - DIIV - Oshin.flac,SUSPECT,"hard cutoff at ~20177Hz, steep 12.5dB/kHz -> likely transcoded from 256/224kbps MP3/AAC",44100,20177,22050,12.5
/home/adam/driveBig/Music/My Playlist/How It Would End - Balu Brigada - I Should Be Home.flac,SUSPECT,"hard cutoff at ~20898Hz, steep 16.4dB/kHz -> likely transcoded from 320kbps (or near-transparent) MP3/lossy",44100,20898,22050,16.4
/home/adam/driveBig/Music/My Playlist/How Many More Times - Led Zeppelin - Led Zeppelin I.flac,SUSPECT,"hard cutoff at ~20710Hz, steep 14.8dB/kHz -> likely transcoded from 256/224kbps MP3/AAC",44100,20710,22050,14.8
/home/adam/driveBig/Music/My Playlist/Human - DIIV - Oshin.flac,SUSPECT,"hard cutoff at ~16010Hz, steep 13.7dB/kHz -> likely transcoded from 128kbps MP3",44100,16010,22050,13.7
/home/adam/driveBig/Music/My Playlist/Hump de Bump - Red Hot Chili Peppers - Stadium Arcadium.flac,SUSPECT,"hard cutoff at ~21119Hz, steep 15.1dB/kHz -> likely transcoded from 320kbps (or near-transparent) MP3/lossy",44100,21119,22050,15.1
/home/adam/driveBig/Music/My Playlist/Hunger of the Pine - alt-J - This Is All Yours.flac,SUSPECT,"hard cutoff at ~20607Hz, steep 13.9dB/kHz -> likely transcoded from 256/224kbps MP3/AAC",44100,20607,22050,13.9
/home/adam/driveBig/Music/My Playlist/Hungover You - Blink-182 - NINE.flac,SUSPECT,"hard cutoff at ~21097Hz, steep 27.0dB/kHz -> likely transcoded from 320kbps (or near-transparent) MP3/lossy",44100,21097,22050,27
/home/adam/driveBig/Music/My Playlist/Hunting High And Low - A-Ha.flac,SUSPECT,"hard cutoff at ~20623Hz, steep 21.9dB/kHz -> likely transcoded from 256/224kbps MP3/AAC",44100,20623,22050,21.9
/home/adam/driveBig/Music/My Playlist/Hypocrite - Cage The Elephant - Melophobia.flac,SUSPECT,"hard cutoff at ~21162Hz, steep 19.0dB/kHz -> likely transcoded from 320kbps (or near-transparent) MP3/lossy",44100,21162,22050,19
/home/adam/driveBig/Music/My Playlist/Hysteria - Def Leppard.flac,SUSPECT,"hard cutoff at ~20946Hz, steep 26.7dB/kHz -> likely transcoded from 320kbps (or near-transparent) MP3/lossy",44100,20946,22050,26.7
/home/adam/driveBig/Music/My Playlist/I Bleed - Pixies - Doolittle.flac,SUSPECT,"hard cutoff at ~20952Hz, steep 20.5dB/kHz -> likely transcoded from 320kbps (or near-transparent) MP3/lossy",44100,20952,22050,20.5
/home/adam/driveBig/Music/My Playlist/I Can See It in Your Eyes - Men at Work - Business As Usual.flac,SUSPECT,"hard cutoff at ~20591Hz, steep 17.9dB/kHz -> likely transcoded from 256/224kbps MP3/AAC",44100,20591,22050,17.9
/home/adam/driveBig/Music/My Playlist/I Can't Quit You Baby - Led Zeppelin - Led Zeppelin I.flac,SUSPECT,"hard cutoff at ~20634Hz, steep 14.3dB/kHz -> likely transcoded from 256/224kbps MP3/AAC",44100,20634,22050,14.3
/home/adam/driveBig/Music/My Playlist/I Could Die for You - Red Hot Chili Peppers - By the Way.flac,SUSPECT,"hard cutoff at ~21151Hz, steep 13.2dB/kHz -> likely transcoded from 320kbps (or near-transparent) MP3/lossy",44100,21151,22050,13.2
/home/adam/driveBig/Music/My Playlist/I Can't Stop - Flux Pavilion - Lines in Wax.flac,SUSPECT,"hard cutoff at ~21135Hz, steep 13.7dB/kHz -> likely transcoded from 320kbps (or near-transparent) MP3/lossy",44100,21135,22050,13.7
/home/adam/driveBig/Music/My Playlist/I Can’t Stand It - Eric Clapton - The Cream of Clapton.flac,SUSPECT,"hard cutoff at ~20457Hz, steep 16.5dB/kHz -> likely transcoded from 256/224kbps MP3/AAC",44100,20457,22050,16.5
/home/adam/driveBig/Music/My Playlist/I Got the Six - ZZ Top - Eliminator.flac,SUSPECT,"hard cutoff at ~21027Hz, steep 18.0dB/kHz -> likely transcoded from 320kbps (or near-transparent) MP3/lossy",44100,21027,22050,18
/home/adam/driveBig/Music/My Playlist/I Do It So Well - The Struts - YOUNG&DANGEROUS.flac,SUSPECT,"hard cutoff at ~21049Hz, steep 22.1dB/kHz -> likely transcoded from 320kbps (or near-transparent) MP3/lossy",44100,21049,22050,22.1
/home/adam/driveBig/Music/My Playlist/I Know It’s Over - The Smiths - The Queen Is Dead.flac,SUSPECT,"hard cutoff at ~20338Hz, steep 17.0dB/kHz -> likely transcoded from 256/224kbps MP3/AAC",44100,20338,22050,17
"/home/adam/driveBig/Music/My Playlist/If You Don't, Don't - Jimmy Eat World - Bleed American.flac",SUSPECT,"hard cutoff at ~20973Hz, steep 16.4dB/kHz -> likely transcoded from 320kbps (or near-transparent) MP3/lossy",44100,20973,22050,16.4
/home/adam/driveBig/Music/My Playlist/If You Want Blood (You've Got It) - AC-DC - Highway To Hell.flac,SUSPECT,"hard cutoff at ~20629Hz, steep 18.4dB/kHz -> likely transcoded from 256/224kbps MP3/AAC",44100,20629,22050,18.4
/home/adam/driveBig/Music/My Playlist/I'm A Believer - The Monkees - Greatest Hits.flac,SUSPECT,"hard cutoff at ~21092Hz, steep 16.1dB/kHz -> likely transcoded from 320kbps (or near-transparent) MP3/lossy",44100,21092,22050,16.1
/home/adam/driveBig/Music/My Playlist/Illest Of Our Time - Ren - Sick Boi.flac,SUSPECT,"hard cutoff at ~17130Hz, steep 27.8dB/kHz -> likely transcoded from 160kbps MP3",44100,17130,22050,27.8
/home/adam/driveBig/Music/My Playlist/I'm A Believer - The Monkees - Here They Come The Greatest Hits Of The Monkees.flac,SUSPECT,"hard cutoff at ~21113Hz, steep 17.0dB/kHz -> likely transcoded from 320kbps (or near-transparent) MP3/lossy",44100,21113,22050,17
/home/adam/driveBig/Music/My Playlist/I'm Not the One - The Cars - The Cars Greatest Hits.flac,SUSPECT,"hard cutoff at ~20489Hz, steep 17.4dB/kHz -> likely transcoded from 256/224kbps MP3/AAC",44100,20489,22050,17.4
/home/adam/driveBig/Music/My Playlist/I'm on my way - The Proclaimers.flac,SUSPECT,"hard cutoff at ~21076Hz, steep 20.4dB/kHz -> likely transcoded from 320kbps (or near-transparent) MP3/lossy",44100,21076,22050,20.4
/home/adam/driveBig/Music/My Playlist/100 Degrees - Rich Brian - The Sailor.flac,SUSPECT,"hard cutoff at ~21038Hz, steep 18.2dB/kHz -> likely transcoded from 320kbps (or near-transparent) MP3/lossy",44100,21038,22050,18.2
/home/adam/driveBig/Music/My Playlist/12345 - Em Beihold - Egg in the Backseat.flac,SUSPECT,"hard cutoff at ~20876Hz, steep 19.1dB/kHz -> likely transcoded from 320kbps (or near-transparent) MP3/lossy",44100,20876,22050,19.1
/home/adam/driveBig/Music/My Playlist/15 Step - Radiohead - In Rainbows.flac,SUSPECT,"hard cutoff at ~21167Hz, steep 19.7dB/kHz -> likely transcoded from 320kbps (or near-transparent) MP3/lossy",44100,21167,22050,19.7
/home/adam/driveBig/Music/My Playlist/In Dreams - Roy Orbison - The Essential Roy Orbison.flac,SUSPECT,"hard cutoff at ~21000Hz, steep 19.6dB/kHz -> likely transcoded from 320kbps (or near-transparent) MP3/lossy",44100,21000,22050,19.6
/home/adam/driveBig/Music/My Playlist/In Cold Blood - alt-J - Relaxer.flac,SUSPECT,"hard cutoff at ~20796Hz, steep 14.5dB/kHz -> likely transcoded from 256/224kbps MP3/AAC",44100,20796,22050,14.5
/home/adam/driveBig/Music/My Playlist/In Love With a Camera - The Struts - YOUNG&DANGEROUS.flac,SUSPECT,"hard cutoff at ~21033Hz, steep 19.6dB/kHz -> likely transcoded from 320kbps (or near-transparent) MP3/lossy",44100,21033,22050,19.6
/home/adam/driveBig/Music/My Playlist/Intro - alt-J - An Awesome Wave.flac,SUSPECT,"hard cutoff at ~20957Hz, steep 16.1dB/kHz -> likely transcoded from 320kbps (or near-transparent) MP3/lossy",44100,20957,22050,16.1
/home/adam/driveBig/Music/My Playlist/I Need You Tonight - ZZ Top - Eliminator.flac,SUSPECT,"hard cutoff at ~20984Hz, steep 16.2dB/kHz -> likely transcoded from 320kbps (or near-transparent) MP3/lossy",44100,20984,22050,16.2
/home/adam/driveBig/Music/My Playlist/I Only Said - My Bloody Valentine - Loveless.flac,SUSPECT,"hard cutoff at ~20640Hz, steep 15.5dB/kHz -> likely transcoded from 256/224kbps MP3/AAC",44100,20640,22050,15.5
"/home/adam/driveBig/Music/My Playlist/I Really Want to Stay At Your House - Rosa Walton - Cyberpunk 2077 - Radio, Vol. 2 (Original Soundtrack).flac",SUSPECT,"hard cutoff at ~20597Hz, steep 15.1dB/kHz -> likely transcoded from 256/224kbps MP3/AAC",44100,20597,22050,15.1
/home/adam/driveBig/Music/My Playlist/I See Red - Split Enz - The Living Enz.flac,SUSPECT,"hard cutoff at ~20618Hz, steep 18.4dB/kHz -> likely transcoded from 256/224kbps MP3/AAC",44100,20618,22050,18.4
/home/adam/driveBig/Music/My Playlist/I Shot the Sheriff - Eric Clapton - The Cream of Clapton.flac,SUSPECT,"hard cutoff at ~20704Hz, steep 22.7dB/kHz -> likely transcoded from 256/224kbps MP3/AAC",44100,20704,22050,22.7
/home/adam/driveBig/Music/My Playlist/I Should Be Home - Balu Brigada.flac,SUSPECT,"hard cutoff at ~20187Hz, steep 12.6dB/kHz -> likely transcoded from 256/224kbps MP3/AAC",44100,20187,22050,12.6
/home/adam/driveBig/Music/My Playlist/I Wanna Be Free - The Monkees - Greatest Hits.flac,SUSPECT,"hard cutoff at ~20941Hz, steep 12.6dB/kHz -> likely transcoded from 320kbps (or near-transparent) MP3/lossy",44100,20941,22050,12.6
/home/adam/driveBig/Music/My Playlist/I Was King - ONE OK ROCK - Ambitions.flac,SUSPECT,"hard cutoff at ~20968Hz, steep 17.4dB/kHz -> likely transcoded from 320kbps (or near-transparent) MP3/lossy",44100,20968,22050,17.4
/home/adam/driveBig/Music/My Playlist/I'm Yours - Jason Mraz - We Sing. We Dance. We Steal Things..flac,SUSPECT,"hard cutoff at ~20796Hz, steep 20.1dB/kHz -> likely transcoded from 256/224kbps MP3/AAC",44100,20796,22050,20.1
/home/adam/driveBig/Music/My Playlist/Immigrant Song - Led Zeppelin - Led Zeppelin III (Remaster).flac,SUSPECT,"hard cutoff at ~20823Hz, steep 19.4dB/kHz -> likely transcoded from 320kbps (or near-transparent) MP3/lossy",44100,20823,22050,19.4
/home/adam/driveBig/Music/My Playlist/It Could've Been You - Hannah Grae.flac,SUSPECT,"hard cutoff at ~20866Hz, steep 14.4dB/kHz -> likely transcoded from 320kbps (or near-transparent) MP3/lossy",44100,20866,22050,14.4
/home/adam/driveBig/Music/My Playlist/It's Just Forever - Cage The Elephant; Alison Mosshart - Melophobia.flac,SUSPECT,"hard cutoff at ~21103Hz, steep 17.7dB/kHz -> likely transcoded from 320kbps (or near-transparent) MP3/lossy",44100,21103,22050,17.7
/home/adam/driveBig/Music/My Playlist/It's for You - Player - The Best of Player.flac,SUSPECT,"hard cutoff at ~20704Hz, steep 12.2dB/kHz -> likely transcoded from 256/224kbps MP3/AAC",44100,20704,22050,12.2
/home/adam/driveBig/Music/My Playlist/I Wanna Be Yours - Arctic Monkeys - AM.flac,SUSPECT,"hard cutoff at ~20855Hz, steep 12.3dB/kHz -> likely transcoded from 320kbps (or near-transparent) MP3/lossy",44100,20855,22050,12.3
/home/adam/driveBig/Music/My Playlist/I Wanny Be Your Slave - Måneskin - Live At Toyosu Pit.flac,SUSPECT,"hard cutoff at ~19741Hz, steep 13.9dB/kHz -> likely transcoded from 256/224kbps MP3/AAC",44100,19741,22050,13.9
/home/adam/driveBig/Music/My Playlist/I Want It All - Arctic Monkeys - AM.flac,SUSPECT,"hard cutoff at ~20823Hz, steep 12.4dB/kHz -> likely transcoded from 320kbps (or near-transparent) MP3/lossy",44100,20823,22050,12.4
/home/adam/driveBig/Music/My Playlist/I Was Born to Love You - Queen - Made In Heaven (Deluxe Edition 2011 Remaster).flac,SUSPECT,"hard cutoff at ~20850Hz, steep 17.1dB/kHz -> likely transcoded from 320kbps (or near-transparent) MP3/lossy",44100,20850,22050,17.1
/home/adam/driveBig/Music/My Playlist/I’m Ready - AJR - Living Room.flac,SUSPECT,"hard cutoff at ~20731Hz, steep 15.5dB/kHz -> likely transcoded from 256/224kbps MP3/AAC",44100,20731,22050,15.5
/home/adam/driveBig/Music/My Playlist/Jigsaw Youth - Bikini Kill - The First Two Records.flac,SUSPECT,"hard cutoff at ~20806Hz, steep 14.0dB/kHz -> likely transcoded from 320kbps (or near-transparent) MP3/lossy",44100,20806,22050,14
/home/adam/driveBig/Music/My Playlist/Jigsaw Falling Into Place - Radiohead - In Rainbows.flac,SUSPECT,"hard cutoff at ~21000Hz, steep 18.3dB/kHz -> likely transcoded from 320kbps (or near-transparent) MP3/lossy",44100,21000,22050,18.3
/home/adam/driveBig/Music/My Playlist/Just Let Me Go - BoyWithUke - Melatonin Dreams.flac,SUSPECT,"hard cutoff at ~16301Hz, steep 15.8dB/kHz -> likely transcoded from 128kbps MP3",44100,16301,22050,15.8
/home/adam/driveBig/Music/My Playlist/Just Like Heaven - The Cure - Kiss Me Kiss Me Kiss Me.flac,SUSPECT,"hard cutoff at ~20715Hz, steep 21.0dB/kHz -> likely transcoded from 256/224kbps MP3/AAC",44100,20715,22050,21
/home/adam/driveBig/Music/My Playlist/Just My Imagination - The Cranberries - Bury The Hatchet.flac,SUSPECT,"hard cutoff at ~20833Hz, steep 12.3dB/kHz -> likely transcoded from 320kbps (or near-transparent) MP3/lossy",44100,20833,22050,12.3
/home/adam/driveBig/Music/My Playlist/Kicks - Barns Courtney - The Attractions of Youth.flac,SUSPECT,"hard cutoff at ~20580Hz, steep 14.2dB/kHz -> likely transcoded from 256/224kbps MP3/AAC",44100,20580,22050,14.2
/home/adam/driveBig/Music/My Playlist/Kids - Rich Brian - The Sailor.flac,SUSPECT,"hard cutoff at ~21043Hz, steep 20.8dB/kHz -> likely transcoded from 320kbps (or near-transparent) MP3/lossy",44100,21043,22050,20.8
/home/adam/driveBig/Music/My Playlist/Killing Strangers - Marilyn Manson - The Pale Emperor.flac,SUSPECT,"hard cutoff at ~20903Hz, steep 13.7dB/kHz -> likely transcoded from 320kbps (or near-transparent) MP3/lossy",44100,20903,22050,13.7
/home/adam/driveBig/Music/My Playlist/King Of Nothing - BoyWithUke - Lucid Dreams.flac,SUSPECT,"hard cutoff at ~21000Hz, steep 22.4dB/kHz -> likely transcoded from 320kbps (or near-transparent) MP3/lossy",44100,21000,22050,22.4
/home/adam/driveBig/Music/My Playlist/Knockin’ on Heaven’s Door - Eric Clapton - The Cream of Clapton.flac,SUSPECT,"hard cutoff at ~20801Hz, steep 25.0dB/kHz -> likely transcoded from 320kbps (or near-transparent) MP3/lossy",44100,20801,22050,25
/home/adam/driveBig/Music/My Playlist/Layla - Derek and the Dominos - The Cream of Clapton.flac,SUSPECT,"hard cutoff at ~20462Hz, steep 15.9dB/kHz -> likely transcoded from 256/224kbps MP3/AAC",44100,20462,22050,15.9
/home/adam/driveBig/Music/My Playlist/Lazy Gun (demo) - Jet - Get Born.flac,SUSPECT,"hard cutoff at ~20688Hz, steep 18.6dB/kHz -> likely transcoded from 256/224kbps MP3/AAC",44100,20688,22050,18.6
/home/adam/driveBig/Music/My Playlist/Le Parole Lontane - Måneskin - Live At Toyosu Pit.flac,SUSPECT,"hard cutoff at ~18938Hz, steep 12.5dB/kHz -> likely transcoded from 192kbps MP3",44100,18938,22050,12.5
/home/adam/driveBig/Music/My Playlist/Left Hand Free - alt-J - This Is All Yours.flac,SUSPECT,"hard cutoff at ~20715Hz, steep 17.1dB/kHz -> likely transcoded from 256/224kbps MP3/AAC",44100,20715,22050,17.1
/home/adam/driveBig/Music/My Playlist/Left Behind - grandson - Death of an Optimist.flac,SUSPECT,"hard cutoff at ~21059Hz, steep 21.4dB/kHz -> likely transcoded from 320kbps (or near-transparent) MP3/lossy",44100,21059,22050,21.4
/home/adam/driveBig/Music/My Playlist/Lego - Maple's Pet Dinosaur.flac,SUSPECT,"hard cutoff at ~15832Hz, steep 22.7dB/kHz -> likely transcoded from 128kbps MP3",44100,15832,22050,22.7
/home/adam/driveBig/Music/My Playlist/Intro - alt-J - This Is All Yours.flac,SUSPECT,"hard cutoff at ~20570Hz, steep 14.0dB/kHz -> likely transcoded from 256/224kbps MP3/AAC",44100,20570,22050,14
/home/adam/driveBig/Music/My Playlist/It's Nice To Be With You - The Monkees - Greatest Hits.flac,SUSPECT,"hard cutoff at ~20941Hz, steep 13.8dB/kHz -> likely transcoded from 320kbps (or near-transparent) MP3/lossy",44100,20941,22050,13.8
/home/adam/driveBig/Music/My Playlist/It Boy - bbno$.flac,SUSPECT,"hard cutoff at ~20295Hz, steep 13.4dB/kHz -> likely transcoded from 256/224kbps MP3/AAC",44100,20295,22050,13.4
/home/adam/driveBig/Music/My Playlist/It’s Only Natural - Red Hot Chili Peppers - Unlimited Love.flac,SUSPECT,"hard cutoff at ~21124Hz, steep 13.9dB/kHz -> likely transcoded from 320kbps (or near-transparent) MP3/lossy",44100,21124,22050,13.9
/home/adam/driveBig/Music/My Playlist/Just What I Needed - The Cars - The Cars Greatest Hits.flac,SUSPECT,"hard cutoff at ~20866Hz, steep 25.3dB/kHz -> likely transcoded from 320kbps (or near-transparent) MP3/lossy",44100,20866,22050,25.3
/home/adam/driveBig/Music/My Playlist/La La Love You - Pixies - Doolittle.flac,SUSPECT,"hard cutoff at ~21140Hz, steep 21.7dB/kHz -> likely transcoded from 320kbps (or near-transparent) MP3/lossy",44100,21140,22050,21.7
/home/adam/driveBig/Music/My Playlist/Let It Grow - Eric Clapton - The Cream of Clapton.flac,SUSPECT,"hard cutoff at ~20564Hz, steep 18.7dB/kHz -> likely transcoded from 256/224kbps MP3/AAC",44100,20564,22050,18.7
/home/adam/driveBig/Music/My Playlist/Let It Rock - Bon Jovi - Slippery When Wet.flac,SUSPECT,"hard cutoff at ~20828Hz, steep 15.3dB/kHz -> likely transcoded from 320kbps (or near-transparent) MP3/lossy",44100,20828,22050,15.3
/home/adam/driveBig/Music/My Playlist/Let You Down - NF - Perception.flac,SUSPECT,"hard cutoff at ~21054Hz, steep 21.1dB/kHz -> likely transcoded from 320kbps (or near-transparent) MP3/lossy",44100,21054,22050,21.1
"/home/adam/driveBig/Music/My Playlist/Let Me Put My Love Into You - AC,DC - Back in Black.flac",SUSPECT,"hard cutoff at ~20650Hz, steep 20.0dB/kHz -> likely transcoded from 256/224kbps MP3/AAC",44100,20650,22050,20
/home/adam/driveBig/Music/My Playlist/Letter for My Bed - BoyWithUke - Melatonin Dreams.flac,SUSPECT,"hard cutoff at ~16532Hz, steep 16.7dB/kHz -> likely transcoded from 128kbps MP3",44100,16532,22050,16.7
/home/adam/driveBig/Music/My Playlist/Let's Go - The Cars - The Cars Greatest Hits.flac,SUSPECT,"hard cutoff at ~20736Hz, steep 24.6dB/kHz -> likely transcoded from 256/224kbps MP3/AAC",44100,20736,22050,24.6
"/home/adam/driveBig/Music/My Playlist/Let's Make It - AC,DC - The Razors Edge.flac",SUSPECT,"hard cutoff at ~20618Hz, steep 13.1dB/kHz -> likely transcoded from 256/224kbps MP3/AAC",44100,20618,22050,13.1
/home/adam/driveBig/Music/My Playlist/Let’s Get The Party Started - Tom Morello; Bring Me The Horizon - The Atlas Underground Fire.flac,SUSPECT,"hard cutoff at ~21076Hz, steep 24.4dB/kHz -> likely transcoded from 320kbps (or near-transparent) MP3/lossy",44100,21076,22050,24.4
/home/adam/driveBig/Music/My Playlist/Liar - Bikini Kill - The First Two Records.flac,SUSPECT,"hard cutoff at ~20876Hz, steep 14.8dB/kHz -> likely transcoded from 320kbps (or near-transparent) MP3/lossy",44100,20876,22050,14.8
/home/adam/driveBig/Music/My Playlist/Life Is A Highway - Tom Cochrane - Mad Mad World.flac,SUSPECT,"hard cutoff at ~20774Hz, steep 12.3dB/kHz -> likely transcoded from 256/224kbps MP3/AAC",44100,20774,22050,12.3
/home/adam/driveBig/Music/My Playlist/Like A Stone - Audioslave - Audioslave.flac,SUSPECT,"hard cutoff at ~21070Hz, steep 13.5dB/kHz -> likely transcoded from 320kbps (or near-transparent) MP3/lossy",44100,21070,22050,13.5
/home/adam/driveBig/Music/My Playlist/Listen To The Band - The Monkees - Greatest Hits.flac,SUSPECT,"hard cutoff at ~21059Hz, steep 15.2dB/kHz -> likely transcoded from 320kbps (or near-transparent) MP3/lossy",44100,21059,22050,15.2
/home/adam/driveBig/Music/My Playlist/Little Monster - Royal Blood - Royal Blood.flac,SUSPECT,"hard cutoff at ~20801Hz, steep 14.2dB/kHz -> likely transcoded from 320kbps (or near-transparent) MP3/lossy",44100,20801,22050,14.2
/home/adam/driveBig/Music/My Playlist/Live in the Moment - Portugal. The Man - Woodstock.flac,SUSPECT,"hard cutoff at ~17856Hz, steep 14.6dB/kHz -> likely transcoded from 160kbps MP3",44100,17856,22050,14.6
/home/adam/driveBig/Music/My Playlist/Living A Boy's Adventure Tale - A-Ha - Hunting High And Low.flac,SUSPECT,"hard cutoff at ~20446Hz, steep 13.5dB/kHz -> likely transcoded from 256/224kbps MP3/AAC",44100,20446,22050,13.5
/home/adam/driveBig/Music/My Playlist/Loco - Ren - Sick Boi.flac,SUSPECT,"hard cutoff at ~17076Hz, steep 30.7dB/kHz -> likely transcoded from 160kbps MP3",44100,17076,22050,30.7
/home/adam/driveBig/Music/My Playlist/Loomer - My Bloody Valentine - Loveless.flac,SUSPECT,"hard cutoff at ~20462Hz, steep 13.7dB/kHz -> likely transcoded from 256/224kbps MP3/AAC",44100,20462,22050,13.7
/home/adam/driveBig/Music/My Playlist/Loser - 3 Doors Down - The Better Life.flac,SUSPECT,"hard cutoff at ~21167Hz, steep 13.6dB/kHz -> likely transcoded from 320kbps (or near-transparent) MP3/lossy",44100,21167,22050,13.6
/home/adam/driveBig/Music/My Playlist/Lost - BoyWithUke - Melatonin Dreams.flac,SUSPECT,"hard cutoff at ~16538Hz, steep 17.5dB/kHz -> likely transcoded from 128kbps MP3",44100,16538,22050,17.5
/home/adam/driveBig/Music/My Playlist/Lost All Faith - Ren - Sick Boi.flac,SUSPECT,"hard cutoff at ~17194Hz, steep 32.0dB/kHz -> likely transcoded from 160kbps MP3",44100,17194,22050,32
/home/adam/driveBig/Music/My Playlist/Loud And Clear - The Cranberries - Bury The Hatchet.flac,SUSPECT,"hard cutoff at ~20758Hz, steep 12.8dB/kHz -> likely transcoded from 256/224kbps MP3/AAC",44100,20758,22050,12.8
/home/adam/driveBig/Music/My Playlist/Love and Affection - Def Leppard - Hysteria.flac,SUSPECT,"hard cutoff at ~20796Hz, steep 20.5dB/kHz -> likely transcoded from 256/224kbps MP3/AAC",44100,20796,22050,20.5
"/home/adam/driveBig/Music/My Playlist/Love Hungry Man - AC,DC - Highway To Hell.flac",SUSPECT,"hard cutoff at ~20704Hz, steep 21.3dB/kHz -> likely transcoded from 256/224kbps MP3/AAC",44100,20704,22050,21.3
/home/adam/driveBig/Music/My Playlist/Love Bites - Def Leppard - Hysteria.flac,SUSPECT,"hard cutoff at ~21076Hz, steep 18.9dB/kHz -> likely transcoded from 320kbps (or near-transparent) MP3/lossy",44100,21076,22050,18.9
/home/adam/driveBig/Music/My Playlist/Love Is Reason - A-Ha - Hunting High And Low.flac,SUSPECT,"hard cutoff at ~20580Hz, steep 17.6dB/kHz -> likely transcoded from 256/224kbps MP3/AAC",44100,20580,22050,17.6
/home/adam/driveBig/Music/My Playlist/Love Me Better - Joji - Piss in the Wind.flac,SUSPECT,"hard cutoff at ~16031Hz, steep 13.2dB/kHz -> likely transcoded from 128kbps MP3",44100,16031,22050,13.2
"/home/adam/driveBig/Music/My Playlist/Love Music, Pt. 4 - Ren - Sick Boi.flac",SUSPECT,"hard cutoff at ~17183Hz, steep 31.2dB/kHz -> likely transcoded from 160kbps MP3",44100,17183,22050,31.2
/home/adam/driveBig/Music/My Playlist/Lovely - BoyWithUke - Melatonin Dreams.flac,SUSPECT,"hard cutoff at ~16564Hz, steep 16.4dB/kHz -> likely transcoded from 128kbps MP3",44100,16564,22050,16.4
/home/adam/driveBig/Music/My Playlist/Light My Way - Audioslave - Audioslave.flac,SUSPECT,"hard cutoff at ~21054Hz, steep 12.1dB/kHz -> likely transcoded from 320kbps (or near-transparent) MP3/lossy",44100,21054,22050,12.1
/home/adam/driveBig/Music/My Playlist/Machine Gun - Slowdive - Souvlaki.flac,SUSPECT,"hard cutoff at ~21135Hz, steep 13.0dB/kHz -> likely transcoded from 320kbps (or near-transparent) MP3/lossy",44100,21135,22050,13
/home/adam/driveBig/Music/My Playlist/Machine Gun Sun - Barns Courtney - Supernatural.flac,SUSPECT,"hard cutoff at ~20920Hz, steep 13.9dB/kHz -> likely transcoded from 320kbps (or near-transparent) MP3/lossy",44100,20920,22050,13.9
/home/adam/driveBig/Music/My Playlist/Magic - The Cars - The Cars Greatest Hits.flac,SUSPECT,"hard cutoff at ~20467Hz, steep 16.3dB/kHz -> likely transcoded from 256/224kbps MP3/AAC",44100,20467,22050,16.3
/home/adam/driveBig/Music/My Playlist/Mad Mind - Bad Nerves - Bad Nerves.flac,SUSPECT,"hard cutoff at ~20209Hz, steep 22.5dB/kHz -> likely transcoded from 256/224kbps MP3/AAC",44100,20209,22050,22.5
/home/adam/driveBig/Music/My Playlist/Mad Sounds - Arctic Monkeys - AM.flac,SUSPECT,"hard cutoff at ~20952Hz, steep 13.6dB/kHz -> likely transcoded from 320kbps (or near-transparent) MP3/lossy",44100,20952,22050,13.6
/home/adam/driveBig/Music/My Playlist/Make Believe - Joan Jett - Bad Reputation.flac,SUSPECT,"hard cutoff at ~20467Hz, steep 12.2dB/kHz -> likely transcoded from 256/224kbps MP3/AAC",44100,20467,22050,12.2
/home/adam/driveBig/Music/My Playlist/Mammamia - Måneskin - Live At Toyosu Pit.flac,SUSPECT,"hard cutoff at ~20338Hz, steep 15.9dB/kHz -> likely transcoded from 256/224kbps MP3/AAC",44100,20338,22050,15.9
/home/adam/driveBig/Music/My Playlist/Matilda - alt-J - An Awesome Wave.flac,SUSPECT,"hard cutoff at ~20796Hz, steep 12.8dB/kHz -> likely transcoded from 256/224kbps MP3/AAC",44100,20796,22050,12.8
/home/adam/driveBig/Music/My Playlist/Me and My Husband - Mitski - Be the Cowboy.flac,SUSPECT,"hard cutoff at ~21049Hz, steep 20.4dB/kHz -> likely transcoded from 320kbps (or near-transparent) MP3/lossy",44100,21049,22050,20.4
/home/adam/driveBig/Music/My Playlist/Memory Boy - Tigercub - Abstract Figures in the Dark.flac,SUSPECT,"hard cutoff at ~14137Hz, steep 15.1dB/kHz -> likely transcoded from very low bitrate (<128kbps) or heavily filtered source",44100,14137,22050,15.1
/home/adam/driveBig/Music/My Playlist/Migraine - BoyWithUke.flac,SUSPECT,"hard cutoff at ~20446Hz, steep 13.0dB/kHz -> likely transcoded from 256/224kbps MP3/AAC",44100,20446,22050,13
/home/adam/driveBig/Music/My Playlist/Mess Around - Cage The Elephant - Tell Me I'm Pretty.flac,SUSPECT,"hard cutoff at ~21140Hz, steep 19.1dB/kHz -> likely transcoded from 320kbps (or near-transparent) MP3/lossy",44100,21140,22050,19.1
/home/adam/driveBig/Music/My Playlist/Miss Gradenko - The Police - Synchronicity (2003 Remaster).flac,SUSPECT,"hard cutoff at ~20909Hz, steep 13.4dB/kHz -> likely transcoded from 320kbps (or near-transparent) MP3/lossy",44100,20909,22050,13.4
/home/adam/driveBig/Music/My Playlist/Misirlou - Dick Dale and His Del‐Tones - Pulp Fiction.flac,SUSPECT,"hard cutoff at ~21070Hz, steep 13.8dB/kHz -> likely transcoded from 320kbps (or near-transparent) MP3/lossy",44100,21070,22050,13.8
"/home/adam/driveBig/Music/My Playlist/Mistress for Christmas - AC,DC - The Razors Edge.flac",SUSPECT,"hard cutoff at ~20661Hz, steep 15.7dB/kHz -> likely transcoded from 256/224kbps MP3/AAC",44100,20661,22050,15.7
/home/adam/driveBig/Music/My Playlist/Monkey Gone to Heaven - Pixies - Doolittle.flac,SUSPECT,"hard cutoff at ~20839Hz, steep 19.2dB/kHz -> likely transcoded from 320kbps (or near-transparent) MP3/lossy",44100,20839,22050,19.2
"/home/adam/driveBig/Music/My Playlist/Moneytalks - AC,DC - The Razors Edge.flac",SUSPECT,"hard cutoff at ~20731Hz, steep 16.1dB/kHz -> likely transcoded from 256/224kbps MP3/AAC",44100,20731,22050,16.1
"/home/adam/driveBig/Music/My Playlist/Money Game, Pt. 3 - Ren - Sick Boi.flac",SUSPECT,"hard cutoff at ~17044Hz, steep 25.7dB/kHz -> likely transcoded from 160kbps MP3",44100,17044,22050,25.7
/home/adam/driveBig/Music/My Playlist/Move On (live at the Troubadour) - Jet - Get Born.flac,SUSPECT,"hard cutoff at ~20774Hz, steep 27.8dB/kHz -> likely transcoded from 256/224kbps MP3/AAC",44100,20774,22050,27.8
/home/adam/driveBig/Music/My Playlist/Motto - NF - Hope.flac,SUSPECT,"hard cutoff at ~21113Hz, steep 16.6dB/kHz -> likely transcoded from 320kbps (or near-transparent) MP3/lossy",44100,21113,22050,16.6
/home/adam/driveBig/Music/My Playlist/Mr. Blue Sky - Electric Light Orchestra - Out of the Blue.flac,SUSPECT,"hard cutoff at ~21011Hz, steep 15.2dB/kHz -> likely transcoded from 320kbps (or near-transparent) MP3/lossy",44100,21011,22050,15.2
/home/adam/driveBig/Music/My Playlist/Murder By Numbers - The Police - Synchronicity (2003 Remaster).flac,SUSPECT,"hard cutoff at ~20753Hz, steep 13.4dB/kHz -> likely transcoded from 256/224kbps MP3/AAC",44100,20753,22050,13.4
/home/adam/driveBig/Music/My Playlist/Ms - alt-J - An Awesome Wave.flac,SUSPECT,"hard cutoff at ~20941Hz, steep 14.6dB/kHz -> likely transcoded from 320kbps (or near-transparent) MP3/lossy",44100,20941,22050,14.6
/home/adam/driveBig/Music/My Playlist/Murderer - Ren - Sick Boi.flac,SUSPECT,"hard cutoff at ~17038Hz, steep 24.2dB/kHz -> likely transcoded from 160kbps MP3",44100,17038,22050,24.2
/home/adam/driveBig/Music/My Playlist/Mutt - Blink-182 - Enema of the State.flac,SUSPECT,"hard cutoff at ~20968Hz, steep 15.0dB/kHz -> likely transcoded from 320kbps (or near-transparent) MP3/lossy",44100,20968,22050,15
/home/adam/driveBig/Music/My Playlist/MX - Deftones - Around the Fur.flac,SUSPECT,"hard cutoff at ~20887Hz, steep 14.2dB/kHz -> likely transcoded from 320kbps (or near-transparent) MP3/lossy",44100,20887,22050,14.2
/home/adam/driveBig/Music/My Playlist/My Best Friend's Girl - The Cars - The Cars Greatest Hits.flac,SUSPECT,"hard cutoff at ~20855Hz, steep 23.9dB/kHz -> likely transcoded from 320kbps (or near-transparent) MP3/lossy",44100,20855,22050,23.9
/home/adam/driveBig/Music/My Playlist/My Lovely Man - Red Hot Chili Peppers - Blood Sugar Sex Magik.flac,SUSPECT,"hard cutoff at ~21140Hz, steep 15.0dB/kHz -> likely transcoded from 320kbps (or near-transparent) MP3/lossy",44100,21140,22050,15
/home/adam/driveBig/Music/My Playlist/Migraine - BoyWithUke - Lucid Dreams.flac,SUSPECT,"hard cutoff at ~20446Hz, steep 13.0dB/kHz -> likely transcoded from 256/224kbps MP3/AAC",44100,20446,22050,13
/home/adam/driveBig/Music/My Playlist/Monkey Wrench - Foo Fighters - The Colour And The Shape.flac,SUSPECT,"hard cutoff at ~20952Hz, steep 15.0dB/kHz -> likely transcoded from 320kbps (or near-transparent) MP3/lossy",44100,20952,22050,15
/home/adam/driveBig/Music/My Playlist/Mr. Grieves - Pixies - Doolittle.flac,SUSPECT,"hard cutoff at ~20930Hz, steep 18.3dB/kHz -> likely transcoded from 320kbps (or near-transparent) MP3/lossy",44100,20930,22050,18.3
/home/adam/driveBig/Music/My Playlist/More Than You Know - Blink-182 - One More Time... Part-2.flac,SUSPECT,"hard cutoff at ~20623Hz, steep 13.3dB/kHz -> likely transcoded from 256/224kbps MP3/AAC",44100,20623,22050,13.3
/home/adam/driveBig/Music/My Playlist/My Stick - Bad Lip Reading.flac,SUSPECT,"hard cutoff at ~20107Hz, steep 21.8dB/kHz -> likely transcoded from 256/224kbps MP3/AAC",44100,20107,22050,21.8
/home/adam/driveBig/Music/My Playlist/My Poor Brain - Foo Fighters - The Colour And The Shape.flac,SUSPECT,"hard cutoff at ~20850Hz, steep 12.7dB/kHz -> likely transcoded from 320kbps (or near-transparent) MP3/lossy",44100,20850,22050,12.7
/home/adam/driveBig/Music/My Playlist/Never Had No One Ever - The Smiths - The Queen Is Dead.flac,SUSPECT,"hard cutoff at ~20317Hz, steep 15.2dB/kHz -> likely transcoded from 256/224kbps MP3/AAC",44100,20317,22050,15.2
/home/adam/driveBig/Music/My Playlist/New Kid In Town - Eagles - Hotel California.flac,SUSPECT,"hard cutoff at ~20343Hz, steep 16.8dB/kHz -> likely transcoded from 256/224kbps MP3/AAC",44100,20343,22050,16.8
/home/adam/driveBig/Music/My Playlist/New Radio - Bikini Kill - The Singles.flac,SUSPECT,"hard cutoff at ~20930Hz, steep 13.7dB/kHz -> likely transcoded from 320kbps (or near-transparent) MP3/lossy",44100,20930,22050,13.7
/home/adam/driveBig/Music/My Playlist/Night Witch - Tom Morello; phem - The Atlas Underground Fire.flac,SUSPECT,"hard cutoff at ~20995Hz, steep 15.1dB/kHz -> likely transcoded from 320kbps (or near-transparent) MP3/lossy",44100,20995,22050,15.1
/home/adam/driveBig/Music/My Playlist/Nightmare Lullaby - Bernth.flac,SUSPECT,"hard cutoff at ~17011Hz, steep 21.5dB/kHz -> likely transcoded from 160kbps MP3",44100,17011,22050,21.5
/home/adam/driveBig/Music/My Playlist/NO FUN - Joji - Ballads 1.flac,SUSPECT,"hard cutoff at ~21065Hz, steep 19.8dB/kHz -> likely transcoded from 320kbps (or near-transparent) MP3/lossy",44100,21065,22050,19.8
/home/adam/driveBig/Music/My Playlist/No Heart to Speak Of - Blink-182 - NINE.flac,SUSPECT,"hard cutoff at ~21081Hz, steep 24.2dB/kHz -> likely transcoded from 320kbps (or near-transparent) MP3/lossy",44100,21081,22050,24.2
/home/adam/driveBig/Music/My Playlist/Nobody - Mitski - Be the Cowboy.flac,SUSPECT,"hard cutoff at ~21081Hz, steep 26.5dB/kHz -> likely transcoded from 320kbps (or near-transparent) MP3/lossy",44100,21081,22050,26.5
/home/adam/driveBig/Music/My Playlist/No. 1 Party Anthem - Arctic Monkeys - AM.flac,SUSPECT,"hard cutoff at ~21033Hz, steep 16.8dB/kHz -> likely transcoded from 320kbps (or near-transparent) MP3/lossy",44100,21033,22050,16.8
/home/adam/driveBig/Music/My Playlist/Not Another Christmas Song - Blink-182.flac,SUSPECT,"hard cutoff at ~21070Hz, steep 24.1dB/kHz -> likely transcoded from 320kbps (or near-transparent) MP3/lossy",44100,21070,22050,24.1
/home/adam/driveBig/Music/My Playlist/Not the One - Red Hot Chili Peppers - Unlimited Love.flac,SUSPECT,"hard cutoff at ~21081Hz, steep 13.3dB/kHz -> likely transcoded from 320kbps (or near-transparent) MP3/lossy",44100,21081,22050,13.3
/home/adam/driveBig/Music/My Playlist/Notorious - Duran Duran - Greatest.flac,SUSPECT,"hard cutoff at ~20527Hz, steep 17.9dB/kHz -> likely transcoded from 256/224kbps MP3/AAC",44100,20527,22050,17.9
/home/adam/driveBig/Music/My Playlist/Nude - Radiohead - In Rainbows.flac,SUSPECT,"hard cutoff at ~20893Hz, steep 14.5dB/kHz -> likely transcoded from 320kbps (or near-transparent) MP3/lossy",44100,20893,22050,14.5
/home/adam/driveBig/Music/My Playlist/Numb Little Bug (Piano Version) - Em Beihold.flac,SUSPECT,"hard cutoff at ~20317Hz, steep 16.1dB/kHz -> likely transcoded from 256/224kbps MP3/AAC",44100,20317,22050,16.1
/home/adam/driveBig/Music/My Playlist/Nugget - CAKE - Fashion Nugget.flac,SUSPECT,"hard cutoff at ~20839Hz, steep 12.7dB/kHz -> likely transcoded from 320kbps (or near-transparent) MP3/lossy",44100,20839,22050,12.7
/home/adam/driveBig/Music/My Playlist/Numb Little Bug - Em Beihold - Egg in the Backseat.flac,SUSPECT,"hard cutoff at ~20376Hz, steep 12.9dB/kHz -> likely transcoded from 256/224kbps MP3/AAC",44100,20376,22050,12.9
/home/adam/driveBig/Music/My Playlist/Numb Little Bug - Em Beihold.flac,SUSPECT,"hard cutoff at ~20403Hz, steep 12.7dB/kHz -> likely transcoded from 256/224kbps MP3/AAC",44100,20403,22050,12.7
/home/adam/driveBig/Music/My Playlist/Number One - Balu Brigada - I Should Be Home.flac,SUSPECT,"hard cutoff at ~20182Hz, steep 12.8dB/kHz -> likely transcoded from 256/224kbps MP3/AAC",44100,20182,22050,12.8
/home/adam/driveBig/Music/My Playlist/Number One - Balu Brigada - BALU.flac,SUSPECT,"hard cutoff at ~20182Hz, steep 12.8dB/kHz -> likely transcoded from 256/224kbps MP3/AAC",44100,20182,22050,12.8
/home/adam/driveBig/Music/My Playlist/Ode to Sleep - Twenty One Pilots - Vessel.flac,SUSPECT,"hard cutoff at ~21135Hz, steep 13.1dB/kHz -> likely transcoded from 320kbps (or near-transparent) MP3/lossy",44100,21135,22050,13.1
"/home/adam/driveBig/Music/My Playlist/Oh, Pretty Woman - Roy Orbison - The Essential Roy Orbison.flac",SUSPECT,"hard cutoff at ~20989Hz, steep 14.7dB/kHz -> likely transcoded from 320kbps (or near-transparent) MP3/lossy",44100,20989,22050,14.7
"/home/adam/driveBig/Music/My Playlist/Oh, Pretty Woman - Roy Orbison - The Very Best Of.flac",SUSPECT,"hard cutoff at ~20435Hz, steep 12.2dB/kHz -> likely transcoded from 256/224kbps MP3/AAC",44100,20435,22050,12.2
/home/adam/driveBig/Music/My Playlist/Old Friend - Mitski - Be the Cowboy.flac,SUSPECT,"hard cutoff at ~21027Hz, steep 18.7dB/kHz -> likely transcoded from 320kbps (or near-transparent) MP3/lossy",44100,21027,22050,18.7
/home/adam/driveBig/Music/My Playlist/One for the Road - Arctic Monkeys - AM.flac,SUSPECT,"hard cutoff at ~20973Hz, steep 16.5dB/kHz -> likely transcoded from 320kbps (or near-transparent) MP3/lossy",44100,20973,22050,16.5
/home/adam/driveBig/Music/My Playlist/One Way - Twenty One Pilots - Breach.flac,SUSPECT,"hard cutoff at ~20144Hz, steep 17.3dB/kHz -> likely transcoded from 256/224kbps MP3/AAC",44100,20144,22050,17.3
/home/adam/driveBig/Music/My Playlist/One Way Ticket - ONE OK ROCK - Ambitions.flac,SUSPECT,"hard cutoff at ~20979Hz, steep 17.1dB/kHz -> likely transcoded from 320kbps (or near-transparent) MP3/lossy",44100,20979,22050,17.1
/home/adam/driveBig/Music/My Playlist/One Way Traffic - Red Hot Chili Peppers - Unlimited Love.flac,SUSPECT,"hard cutoff at ~21146Hz, steep 14.9dB/kHz -> likely transcoded from 320kbps (or near-transparent) MP3/lossy",44100,21146,22050,14.9
/home/adam/driveBig/Music/My Playlist/One World - Dire Straits - Brothers in Arms.flac,SUSPECT,"hard cutoff at ~20381Hz, steep 21.8dB/kHz -> likely transcoded from 256/224kbps MP3/AAC",44100,20381,22050,21.8
/home/adam/driveBig/Music/My Playlist/Only Shallow - My Bloody Valentine - Loveless.flac,SUSPECT,"hard cutoff at ~20941Hz, steep 21.5dB/kHz -> likely transcoded from 320kbps (or near-transparent) MP3/lossy",44100,20941,22050,21.5
/home/adam/driveBig/Music/My Playlist/Only The Lonely - Roy Orbison - The Very Best Of.flac,SUSPECT,"hard cutoff at ~20645Hz, steep 14.9dB/kHz -> likely transcoded from 256/224kbps MP3/AAC",44100,20645,22050,14.9
"/home/adam/driveBig/Music/My Playlist/Night Prowler - AC,DC - Highway To Hell.flac",SUSPECT,"hard cutoff at ~20742Hz, steep 23.4dB/kHz -> likely transcoded from 256/224kbps MP3/AAC",44100,20742,22050,23.4
/home/adam/driveBig/Music/My Playlist/No. 13 Baby - Pixies - Doolittle.flac,SUSPECT,"hard cutoff at ~20973Hz, steep 20.8dB/kHz -> likely transcoded from 320kbps (or near-transparent) MP3/lossy",44100,20973,22050,20.8
/home/adam/driveBig/Music/My Playlist/New Shapes - Bad Nerves - Bad Nerves.flac,SUSPECT,"hard cutoff at ~20274Hz, steep 26.0dB/kHz -> likely transcoded from 256/224kbps MP3/AAC",44100,20274,22050,26
/home/adam/driveBig/Music/My Playlist/Oshin (Subsume) - DIIV - Oshin.flac,SUSPECT,"hard cutoff at ~16010Hz, steep 13.0dB/kHz -> likely transcoded from 128kbps MP3",44100,16010,22050,13
/home/adam/driveBig/Music/My Playlist/Out Of Reach - BoyWithUke.flac,SUSPECT,"hard cutoff at ~20645Hz, steep 19.4dB/kHz -> likely transcoded from 256/224kbps MP3/AAC",44100,20645,22050,19.4
/home/adam/driveBig/Music/My Playlist/Outro - NF - Perception.flac,SUSPECT,"hard cutoff at ~20979Hz, steep 13.1dB/kHz -> likely transcoded from 320kbps (or near-transparent) MP3/lossy",44100,20979,22050,13.1
/home/adam/driveBig/Music/My Playlist/Over My Head - James Marriott - Are We There Yet.flac,SUSPECT,"hard cutoff at ~20801Hz, steep 12.1dB/kHz -> likely transcoded from 320kbps (or near-transparent) MP3/lossy",44100,20801,22050,12.1
/home/adam/driveBig/Music/My Playlist/Pain Shopping - grandson - Death of an Optimist.flac,SUSPECT,"hard cutoff at ~20995Hz, steep 14.0dB/kHz -> likely transcoded from 320kbps (or near-transparent) MP3/lossy",44100,20995,22050,14
"/home/adam/driveBig/Music/My Playlist/Paint It, Black - The Rolling Stones - Aftermath.flac",SUSPECT,"hard cutoff at ~21070Hz, steep 13.2dB/kHz -> likely transcoded from 320kbps (or near-transparent) MP3/lossy",44100,21070,22050,13.2
/home/adam/driveBig/Music/My Playlist/Palace - Bad Nerves - Bad Nerves.flac,SUSPECT,"hard cutoff at ~20268Hz, steep 25.4dB/kHz -> likely transcoded from 256/224kbps MP3/AAC",44100,20268,22050,25.4
/home/adam/driveBig/Music/My Playlist/Parabola - Tool - Lateralus.flac,SUSPECT,"hard cutoff at ~21016Hz, steep 15.1dB/kHz -> likely transcoded from 320kbps (or near-transparent) MP3/lossy",44100,21016,22050,15.1
/home/adam/driveBig/Music/My Playlist/Paranoid - Black Sabbath - Dazed and Confused.flac,SUSPECT,"hard cutoff at ~20381Hz, steep 12.1dB/kHz -> likely transcoded from 256/224kbps MP3/AAC",44100,20381,22050,12.1
/home/adam/driveBig/Music/My Playlist/Part Time - Balu Brigada - Almost Feel Good Mixtape.flac,SUSPECT,"hard cutoff at ~20963Hz, steep 15.0dB/kHz -> likely transcoded from 320kbps (or near-transparent) MP3/lossy",44100,20963,22050,15
/home/adam/driveBig/Music/My Playlist/People - The Struts - YOUNG&DANGEROUS.flac,SUSPECT,"hard cutoff at ~21049Hz, steep 22.7dB/kHz -> likely transcoded from 320kbps (or near-transparent) MP3/lossy",44100,21049,22050,22.7
/home/adam/driveBig/Music/My Playlist/People Are Strange - The Doors - Strange Days.flac,SUSPECT,"hard cutoff at ~21135Hz, steep 17.7dB/kHz -> likely transcoded from 320kbps (or near-transparent) MP3/lossy",44100,21135,22050,17.7
/home/adam/driveBig/Music/My Playlist/People Just Love to Play With Words - Men at Work - Business As Usual.flac,SUSPECT,"hard cutoff at ~20656Hz, steep 19.0dB/kHz -> likely transcoded from 256/224kbps MP3/AAC",44100,20656,22050,19
/home/adam/driveBig/Music/My Playlist/Perfect World - Huey Lewis & The News - Greatest Hits.flac,SUSPECT,"hard cutoff at ~21011Hz, steep 14.0dB/kHz -> likely transcoded from 320kbps (or near-transparent) MP3/lossy",44100,21011,22050,14
/home/adam/driveBig/Music/My Playlist/PHOTOGRAPHIC MEMORY - Balu Brigada.flac,SUSPECT,"hard cutoff at ~15353Hz, steep 23.2dB/kHz -> likely transcoded from very low bitrate (<128kbps) or heavily filtered source",44100,15353,22050,23.2
/home/adam/driveBig/Music/My Playlist/Pink in the Night - Mitski - Be the Cowboy.flac,SUSPECT,"hard cutoff at ~20903Hz, steep 12.6dB/kHz -> likely transcoded from 320kbps (or near-transparent) MP3/lossy",44100,20903,22050,12.6
/home/adam/driveBig/Music/My Playlist/Pin the Grenade - Blink-182 - NINE.flac,SUSPECT,"hard cutoff at ~21092Hz, steep 25.4dB/kHz -> likely transcoded from 320kbps (or near-transparent) MP3/lossy",44100,21092,22050,25.4
/home/adam/driveBig/Music/My Playlist/Porcelain - Em Beihold - Egg in the Backseat.flac,SUSPECT,"hard cutoff at ~20430Hz, steep 14.0dB/kHz -> likely transcoded from 256/224kbps MP3/AAC",44100,20430,22050,14
/home/adam/driveBig/Music/My Playlist/Portuguese Knife Fight - Cage The Elephant - Tell Me I'm Pretty.flac,SUSPECT,"hard cutoff at ~20973Hz, steep 15.0dB/kHz -> likely transcoded from 320kbps (or near-transparent) MP3/lossy",44100,20973,22050,15
/home/adam/driveBig/Music/My Playlist/Poster Child - Red Hot Chili Peppers - Unlimited Love.flac,SUSPECT,"hard cutoff at ~21086Hz, steep 14.2dB/kHz -> likely transcoded from 320kbps (or near-transparent) MP3/lossy",44100,21086,22050,14.2
/home/adam/driveBig/Music/My Playlist/Pretty Maids All In A Row - Eagles - Hotel California.flac,SUSPECT,"hard cutoff at ~20343Hz, steep 14.5dB/kHz -> likely transcoded from 256/224kbps MP3/AAC",44100,20343,22050,14.5
/home/adam/driveBig/Music/My Playlist/Pour Some Sugar on Me - Def Leppard - Hysteria.flac,SUSPECT,"hard cutoff at ~20957Hz, steep 25.5dB/kHz -> likely transcoded from 320kbps (or near-transparent) MP3/lossy",44100,20957,22050,25.5
/home/adam/driveBig/Music/My Playlist/Pretty Boy - Joji; Lil Yachty - Nectar.flac,SUSPECT,"hard cutoff at ~20979Hz, steep 13.4dB/kHz -> likely transcoded from 320kbps (or near-transparent) MP3/lossy",44100,20979,22050,13.4
/home/adam/driveBig/Music/My Playlist/Primadonna Like Me - The Struts - YOUNG&DANGEROUS.flac,SUSPECT,"hard cutoff at ~21022Hz, steep 21.0dB/kHz -> likely transcoded from 320kbps (or near-transparent) MP3/lossy",44100,21022,22050,21
/home/adam/driveBig/Music/My Playlist/Princes Of The Universe - Queen - A Kind Of Magic (Deluxe Edition 2011 Remaster).flac,SUSPECT,"hard cutoff at ~20327Hz, steep 16.0dB/kHz -> likely transcoded from 256/224kbps MP3/AAC",44100,20327,22050,16
/home/adam/driveBig/Music/My Playlist/Promise - Violent Femmes - Violent Femmes.flac,SUSPECT,"hard cutoff at ~20489Hz, steep 15.3dB/kHz -> likely transcoded from 256/224kbps MP3/AAC",44100,20489,22050,15.3
/home/adam/driveBig/Music/My Playlist/Problematic - BoyWithUke - Lucid Dreams.flac,SUSPECT,"hard cutoff at ~20597Hz, steep 15.6dB/kHz -> likely transcoded from 256/224kbps MP3/AAC",44100,20597,22050,15.6
/home/adam/driveBig/Music/My Playlist/Promised You a Miracle - Simple Minds - New Gold Dream.flac,SUSPECT,"hard cutoff at ~20952Hz, steep 23.2dB/kHz -> likely transcoded from 320kbps (or near-transparent) MP3/lossy",44100,20952,22050,23.2
/home/adam/driveBig/Music/My Playlist/Promises - Eric Clapton - The Cream of Clapton.flac,SUSPECT,"hard cutoff at ~20543Hz, steep 18.6dB/kHz -> likely transcoded from 256/224kbps MP3/AAC",44100,20543,22050,18.6
/home/adam/driveBig/Music/My Playlist/Pusher - alt-J - This Is All Yours.flac,SUSPECT,"hard cutoff at ~20467Hz, steep 14.3dB/kHz -> likely transcoded from 256/224kbps MP3/AAC",44100,20467,22050,14.3
/home/adam/driveBig/Music/My Playlist/Quarantine - Blink-182.flac,SUSPECT,"hard cutoff at ~21076Hz, steep 23.3dB/kHz -> likely transcoded from 320kbps (or near-transparent) MP3/lossy",44100,21076,22050,23.3
/home/adam/driveBig/Music/My Playlist/R U Mine - Arctic Monkeys - AM.flac,SUSPECT,"hard cutoff at ~20903Hz, steep 13.9dB/kHz -> likely transcoded from 320kbps (or near-transparent) MP3/lossy",44100,20903,22050,13.9
/home/adam/driveBig/Music/My Playlist/Radio Punk - Bad Nerves - Bad Nerves.flac,SUSPECT,"hard cutoff at ~20343Hz, steep 26.4dB/kHz -> likely transcoded from 256/224kbps MP3/AAC",44100,20343,22050,26.4
/home/adam/driveBig/Music/My Playlist/Rain - Dragon - Body and the Beat.flac,SUSPECT,"hard cutoff at ~21086Hz, steep 25.7dB/kHz -> likely transcoded from 320kbps (or near-transparent) MP3/lossy",44100,21086,22050,25.7
/home/adam/driveBig/Music/My Playlist/Randy Scouse Git - The Monkees - Greatest Hits.flac,SUSPECT,"hard cutoff at ~20936Hz, steep 12.3dB/kHz -> likely transcoded from 320kbps (or near-transparent) MP3/lossy",44100,20936,22050,12.3
/home/adam/driveBig/Music/My Playlist/Rapapapa - Rich Brian; RZA - The Sailor.flac,SUSPECT,"hard cutoff at ~20995Hz, steep 15.3dB/kHz -> likely transcoded from 320kbps (or near-transparent) MP3/lossy",44100,20995,22050,15.3
/home/adam/driveBig/Music/My Playlist/Ransom - Blink-182 - NINE.flac,SUSPECT,"hard cutoff at ~21011Hz, steep 15.9dB/kHz -> likely transcoded from 320kbps (or near-transparent) MP3/lossy",44100,21011,22050,15.9
/home/adam/driveBig/Music/My Playlist/Paradise - Coldplay - Mylo Xyloto.flac,SUSPECT,"hard cutoff at ~21011Hz, steep 20.5dB/kHz -> likely transcoded from 320kbps (or near-transparent) MP3/lossy",44100,21011,22050,20.5
/home/adam/driveBig/Music/My Playlist/Radio Song - Jet - Get Born.flac,SUSPECT,"hard cutoff at ~21119Hz, steep 13.2dB/kHz -> likely transcoded from 320kbps (or near-transparent) MP3/lossy",44100,21119,22050,13.2
/home/adam/driveBig/Music/My Playlist/Recovery - Måneskin - Chosen.flac,SUSPECT,"hard cutoff at ~20753Hz, steep 18.7dB/kHz -> likely transcoded from 256/224kbps MP3/AAC",44100,20753,22050,18.7
/home/adam/driveBig/Music/My Playlist/Reckoner - Radiohead - In Rainbows.flac,SUSPECT,"hard cutoff at ~20726Hz, steep 13.2dB/kHz -> likely transcoded from 256/224kbps MP3/AAC",44100,20726,22050,13.2
/home/adam/driveBig/Music/My Playlist/Remember My Name - Mitski - Be the Cowboy.flac,SUSPECT,"hard cutoff at ~21049Hz, steep 20.4dB/kHz -> likely transcoded from 320kbps (or near-transparent) MP3/lossy",44100,21049,22050,20.4
/home/adam/driveBig/Music/My Playlist/Remember to Forget Me - Blink-182 - NINE.flac,SUSPECT,"hard cutoff at ~21016Hz, steep 17.0dB/kHz -> likely transcoded from 320kbps (or near-transparent) MP3/lossy",44100,21016,22050,17
/home/adam/driveBig/Music/My Playlist/Resist Psychic Death - Bikini Kill - The First Two Records.flac,SUSPECT,"hard cutoff at ~20672Hz, steep 12.9dB/kHz -> likely transcoded from 256/224kbps MP3/AAC",44100,20672,22050,12.9
/home/adam/driveBig/Music/My Playlist/Rich Friends - Portugal. The Man - Woodstock.flac,SUSPECT,"hard cutoff at ~18045Hz, steep 15.3dB/kHz -> likely transcoded from 160kbps MP3",44100,18045,22050,15.3
/home/adam/driveBig/Music/My Playlist/Rich Girl - Daryl Hall & John Oates - The Very Best of Daryl Hall & John Oates.flac,SUSPECT,"hard cutoff at ~20370Hz, steep 16.0dB/kHz -> likely transcoded from 256/224kbps MP3/AAC",44100,20370,22050,16
/home/adam/driveBig/Music/My Playlist/RIP - Joji - Ballads 1.flac,SUSPECT,"hard cutoff at ~20989Hz, steep 13.0dB/kHz -> likely transcoded from 320kbps (or near-transparent) MP3/lossy",44100,20989,22050,13
/home/adam/driveBig/Music/My Playlist/Ride Across The River - Dire Straits - Brothers in Arms.flac,SUSPECT,"hard cutoff at ~20311Hz, steep 16.4dB/kHz -> likely transcoded from 256/224kbps MP3/AAC",44100,20311,22050,16.4
/home/adam/driveBig/Music/My Playlist/Rio (US Edit) - Duran Duran - Greatest.flac,SUSPECT,"hard cutoff at ~20607Hz, steep 19.4dB/kHz -> likely transcoded from 256/224kbps MP3/AAC",44100,20607,22050,19.4
/home/adam/driveBig/Music/My Playlist/Riptide - grandson - Death of an Optimist.flac,SUSPECT,"hard cutoff at ~21054Hz, steep 18.5dB/kHz -> likely transcoded from 320kbps (or near-transparent) MP3/lossy",44100,21054,22050,18.5
/home/adam/driveBig/Music/My Playlist/Rockstar - BoyWithUke - Antisocial.flac,SUSPECT,"hard cutoff at ~20704Hz, steep 19.0dB/kHz -> likely transcoded from 256/224kbps MP3/AAC",44100,20704,22050,19
/home/adam/driveBig/Music/My Playlist/Rockstar - BoyWithUke - Lucid Dreams.flac,SUSPECT,"hard cutoff at ~20699Hz, steep 18.7dB/kHz -> likely transcoded from 256/224kbps MP3/AAC",44100,20699,22050,18.7
/home/adam/driveBig/Music/My Playlist/Rob A Bank - Confetti - Elephant In The Room.flac,SUSPECT,"hard cutoff at ~20123Hz, steep 18.4dB/kHz -> likely transcoded from 256/224kbps MP3/AAC",44100,20123,22050,18.4
/home/adam/driveBig/Music/My Playlist/Rockstar - BoyWithUke.flac,SUSPECT,"hard cutoff at ~20473Hz, steep 13.6dB/kHz -> likely transcoded from 256/224kbps MP3/AAC",44100,20473,22050,13.6
/home/adam/driveBig/Music/My Playlist/Roll Up - The Struts - Everybody Wants.flac,SUSPECT,"hard cutoff at ~20828Hz, steep 12.2dB/kHz -> likely transcoded from 320kbps (or near-transparent) MP3/lossy",44100,20828,22050,12.2
/home/adam/driveBig/Music/My Playlist/Route 9 - BoyWithUke - Melatonin Dreams.flac,SUSPECT,"hard cutoff at ~19348Hz, steep 13.6dB/kHz -> likely transcoded from 192kbps MP3",44100,19348,22050,13.6
/home/adam/driveBig/Music/My Playlist/Run Riot - Def Leppard - Hysteria.flac,SUSPECT,"hard cutoff at ~21054Hz, steep 20.7dB/kHz -> likely transcoded from 320kbps (or near-transparent) MP3/lossy",44100,21054,22050,20.7
/home/adam/driveBig/Music/My Playlist/Run Away - Blink-182 - NINE.flac,SUSPECT,"hard cutoff at ~21097Hz, steep 25.4dB/kHz -> likely transcoded from 320kbps (or near-transparent) MP3/lossy",44100,21097,22050,25.4
/home/adam/driveBig/Music/My Playlist/Running Scared - Roy Orbison - The Very Best Of.flac,SUSPECT,"hard cutoff at ~20602Hz, steep 14.2dB/kHz -> likely transcoded from 256/224kbps MP3/AAC",44100,20602,22050,14.2
/home/adam/driveBig/Music/My Playlist/Runaway - BoyWithUke - BoyWithUke - B Sides.flac,SUSPECT,"hard cutoff at ~21086Hz, steep 12.9dB/kHz -> likely transcoded from 320kbps (or near-transparent) MP3/lossy",44100,21086,22050,12.9
/home/adam/driveBig/Music/My Playlist/Running Out Of Days - 3 Doors Down - Away From the Sun.flac,SUSPECT,"hard cutoff at ~21027Hz, steep 12.0dB/kHz -> likely transcoded from 320kbps (or near-transparent) MP3/lossy",44100,21027,22050,12
/home/adam/driveBig/Music/My Playlist/Same Enemy - Daniel Champagne - The Heartland Hurricanes.flac,SUSPECT,"hard cutoff at ~21119Hz, steep 15.3dB/kHz -> likely transcoded from 320kbps (or near-transparent) MP3/lossy",44100,21119,22050,15.3
/home/adam/driveBig/Music/My Playlist/Sara Smile - Daryl Hall & John Oates - The Very Best of Daryl Hall & John Oates.flac,SUSPECT,"hard cutoff at ~20451Hz, steep 17.4dB/kHz -> likely transcoded from 256/224kbps MP3/AAC",44100,20451,22050,17.4
/home/adam/driveBig/Music/My Playlist/Say It Isn’t So - Daryl Hall & John Oates - The Very Best of Daryl Hall & John Oates.flac,SUSPECT,"hard cutoff at ~20333Hz, steep 12.6dB/kHz -> likely transcoded from 256/224kbps MP3/AAC",44100,20333,22050,12.6
/home/adam/driveBig/Music/My Playlist/Schism - Tool - Lateralus.flac,SUSPECT,"hard cutoff at ~20936Hz, steep 18.6dB/kHz -> likely transcoded from 320kbps (or near-transparent) MP3/lossy",44100,20936,22050,18.6
/home/adam/driveBig/Music/My Playlist/School’s Out - Alice Cooper - Dazed and Confused.flac,SUSPECT,"hard cutoff at ~20408Hz, steep 14.1dB/kHz -> likely transcoded from 256/224kbps MP3/AAC",44100,20408,22050,14.1
/home/adam/driveBig/Music/My Playlist/Screen - Twenty One Pilots - Vessel.flac,SUSPECT,"hard cutoff at ~20930Hz, steep 17.6dB/kHz -> likely transcoded from 320kbps (or near-transparent) MP3/lossy",44100,20930,22050,17.6
/home/adam/driveBig/Music/My Playlist/See You - Foo Fighters - The Colour And The Shape.flac,SUSPECT,"hard cutoff at ~21033Hz, steep 16.5dB/kHz -> likely transcoded from 320kbps (or near-transparent) MP3/lossy",44100,21033,22050,16.5
/home/adam/driveBig/Music/My Playlist/Semi-Automatic - Twenty One Pilots - Vessel.flac,SUSPECT,"hard cutoff at ~20801Hz, steep 16.5dB/kHz -> likely transcoded from 320kbps (or near-transparent) MP3/lossy",44100,20801,22050,16.5
/home/adam/driveBig/Music/My Playlist/Serenade - Bernth.flac,SUSPECT,"hard cutoff at ~20064Hz, steep 14.8dB/kHz -> likely transcoded from 256/224kbps MP3/AAC",44100,20064,22050,14.8
/home/adam/driveBig/Music/My Playlist/Seven Sins - Ren - Sick Boi.flac,SUSPECT,"hard cutoff at ~17076Hz, steep 29.7dB/kHz -> likely transcoded from 160kbps MP3",44100,17076,22050,29.7
/home/adam/driveBig/Music/My Playlist/Sh-Boom - The Chords.flac,SUSPECT,"hard cutoff at ~20543Hz, steep 17.4dB/kHz -> likely transcoded from 256/224kbps MP3/AAC",44100,20543,22050,17.4
/home/adam/driveBig/Music/My Playlist/Shake It Up - The Cars - The Cars Greatest Hits.flac,SUSPECT,"hard cutoff at ~20677Hz, steep 22.3dB/kHz -> likely transcoded from 256/224kbps MP3/AAC",44100,20677,22050,22.3
"/home/adam/driveBig/Music/My Playlist/Shake a Leg - AC,DC - Back in Black.flac",SUSPECT,"hard cutoff at ~20833Hz, steep 24.0dB/kHz -> likely transcoded from 320kbps (or near-transparent) MP3/lossy",44100,20833,22050,24
/home/adam/driveBig/Music/My Playlist/She's So Nice - Pink Guy - Pink Season.flac,SUSPECT,"hard cutoff at ~19972Hz, steep 14.7dB/kHz -> likely transcoded from 256/224kbps MP3/AAC",44100,19972,22050,14.7
"/home/adam/driveBig/Music/My Playlist/Rock And Roll Ain't Noise Pollution - AC,DC - Back in Black.flac",SUSPECT,"hard cutoff at ~20769Hz, steep 21.4dB/kHz -> likely transcoded from 256/224kbps MP3/AAC",44100,20769,22050,21.4
/home/adam/driveBig/Music/My Playlist/She’s a Lover - Red Hot Chili Peppers - Unlimited Love.flac,SUSPECT,"hard cutoff at ~21097Hz, steep 13.7dB/kHz -> likely transcoded from 320kbps (or near-transparent) MP3/lossy",44100,21097,22050,13.7
"/home/adam/driveBig/Music/My Playlist/Shoot to Thrill - AC,DC - Back in Black.flac",SUSPECT,"hard cutoff at ~20591Hz, steep 19.7dB/kHz -> likely transcoded from 256/224kbps MP3/AAC",44100,20591,22050,19.7
"/home/adam/driveBig/Music/My Playlist/Shot of Love - AC,DC - The Razors Edge.flac",SUSPECT,"hard cutoff at ~20532Hz, steep 14.3dB/kHz -> likely transcoded from 256/224kbps MP3/AAC",44100,20532,22050,14.3
/home/adam/driveBig/Music/My Playlist/Show Me How To Live - Audioslave - Audioslave.flac,SUSPECT,"hard cutoff at ~21054Hz, steep 12.5dB/kHz -> likely transcoded from 320kbps (or near-transparent) MP3/lossy",44100,21054,22050,12.5
"/home/adam/driveBig/Music/My Playlist/Sick Boi, Pt. 2 - Ren - Sick Boi.flac",SUSPECT,"hard cutoff at ~17194Hz, steep 24.5dB/kHz -> likely transcoded from 160kbps MP3",44100,17194,22050,24.5
/home/adam/driveBig/Music/My Playlist/Sick Boi - Ren.flac,SUSPECT,"hard cutoff at ~17119Hz, steep 24.7dB/kHz -> likely transcoded from 160kbps MP3",44100,17119,22050,24.7
/home/adam/driveBig/Music/My Playlist/Sideways - Balu Brigada.flac,SUSPECT,"hard cutoff at ~20424Hz, steep 16.7dB/kHz -> likely transcoded from 256/224kbps MP3/AAC",44100,20424,22050,16.7
/home/adam/driveBig/Music/My Playlist/Silver - Pixies - Doolittle.flac,SUSPECT,"hard cutoff at ~20817Hz, steep 17.4dB/kHz -> likely transcoded from 320kbps (or near-transparent) MP3/lossy",44100,20817,22050,17.4
/home/adam/driveBig/Music/My Playlist/Sing - Slowdive - Souvlaki.flac,SUSPECT,"hard cutoff at ~21065Hz, steep 14.7dB/kHz -> likely transcoded from 320kbps (or near-transparent) MP3/lossy",44100,21065,22050,14.7
/home/adam/driveBig/Music/My Playlist/Since You're Gone - The Cars - The Cars Greatest Hits.flac,SUSPECT,"hard cutoff at ~20672Hz, steep 21.1dB/kHz -> likely transcoded from 256/224kbps MP3/AAC",44100,20672,22050,21.1
/home/adam/driveBig/Music/My Playlist/Skin Trade (Radio Cut) - Duran Duran - Greatest.flac,SUSPECT,"hard cutoff at ~20419Hz, steep 17.9dB/kHz -> likely transcoded from 256/224kbps MP3/AAC",44100,20419,22050,17.9
/home/adam/driveBig/Music/My Playlist/Sleeping on Trains - James Marriott - Bitter Tongues.flac,SUSPECT,"hard cutoff at ~21043Hz, steep 17.6dB/kHz -> likely transcoded from 320kbps (or near-transparent) MP3/lossy",44100,21043,22050,17.6
/home/adam/driveBig/Music/My Playlist/Slice Of Heaven - Dave Dobbyn - Loyal.flac,SUSPECT,"hard cutoff at ~20473Hz, steep 16.4dB/kHz -> likely transcoded from 256/224kbps MP3/AAC",44100,20473,22050,16.4
/home/adam/driveBig/Music/My Playlist/SLOW DANCING IN THE DARK - Joji - Ballads 1.flac,SUSPECT,"hard cutoff at ~21049Hz, steep 22.4dB/kHz -> likely transcoded from 320kbps (or near-transparent) MP3/lossy",44100,21049,22050,22.4
/home/adam/driveBig/Music/My Playlist/Slow Ride - Foghat - Dazed and Confused.flac,SUSPECT,"hard cutoff at ~21103Hz, steep 20.7dB/kHz -> likely transcoded from 320kbps (or near-transparent) MP3/lossy",44100,21103,22050,20.7
/home/adam/driveBig/Music/My Playlist/Smack - 3 Doors Down - The Better Life.flac,SUSPECT,"hard cutoff at ~20871Hz, steep 15.1dB/kHz -> likely transcoded from 320kbps (or near-transparent) MP3/lossy",44100,20871,22050,15.1
/home/adam/driveBig/Music/My Playlist/Smooth Criminal - Michael Jackson - Bad.flac,SUSPECT,"hard cutoff at ~20785Hz, steep 12.2dB/kHz -> likely transcoded from 256/224kbps MP3/AAC",44100,20785,22050,12.2
/home/adam/driveBig/Music/My Playlist/So Cold - BoyWithUke - Melatonin Dreams.flac,SUSPECT,"hard cutoff at ~16683Hz, steep 25.1dB/kHz -> likely transcoded from 128kbps MP3",44100,16683,22050,25.1
/home/adam/driveBig/Music/My Playlist/So Cold - Balu Brigada - Sideways.flac,SUSPECT,"hard cutoff at ~21151Hz, steep 16.7dB/kHz -> likely transcoded from 320kbps (or near-transparent) MP3/lossy",44100,21151,22050,16.7
/home/adam/driveBig/Music/My Playlist/So Cold - Balu Brigada - BALU.flac,SUSPECT,"hard cutoff at ~21151Hz, steep 16.7dB/kHz -> likely transcoded from 320kbps (or near-transparent) MP3/lossy",44100,21151,22050,16.7
/home/adam/driveBig/Music/My Playlist/So Cold - Balu Brigada.flac,SUSPECT,"hard cutoff at ~21151Hz, steep 16.7dB/kHz -> likely transcoded from 320kbps (or near-transparent) MP3/lossy",44100,21151,22050,16.7
/home/adam/driveBig/Music/My Playlist/So Far Away - Dire Straits - Brothers in Arms.flac,SUSPECT,"hard cutoff at ~20349Hz, steep 19.3dB/kHz -> likely transcoded from 256/224kbps MP3/AAC",44100,20349,22050,19.3
/home/adam/driveBig/Music/My Playlist/Something Good - alt-J - An Awesome Wave.flac,SUSPECT,"hard cutoff at ~21054Hz, steep 15.1dB/kHz -> likely transcoded from 320kbps (or near-transparent) MP3/lossy",44100,21054,22050,15.1
/home/adam/driveBig/Music/My Playlist/Sometime - DIIV - Oshin.flac,SUSPECT,"hard cutoff at ~16021Hz, steep 12.6dB/kHz -> likely transcoded from 128kbps MP3",44100,16021,22050,12.6
/home/adam/driveBig/Music/My Playlist/Sometimes - My Bloody Valentine - Loveless.flac,SUSPECT,"hard cutoff at ~20413Hz, steep 13.4dB/kHz -> likely transcoded from 256/224kbps MP3/AAC",44100,20413,22050,13.4
/home/adam/driveBig/Music/My Playlist/Spin - Bad Bad Hats - Psychic Reader.flac,SUSPECT,"hard cutoff at ~21156Hz, steep 12.2dB/kHz -> likely transcoded from 320kbps (or near-transparent) MP3/lossy",44100,21156,22050,12.2
/home/adam/driveBig/Music/My Playlist/Stacked Actors - Foo Fighters - There Is Nothing Left To Lose.flac,SUSPECT,"hard cutoff at ~20747Hz, steep 12.1dB/kHz -> likely transcoded from 256/224kbps MP3/AAC",44100,20747,22050,12.1
/home/adam/driveBig/Music/My Playlist/Stardust Lullaby (Live) - Daniel Champagne; Benjamin Fowler - Stardust Lullaby.flac,SUSPECT,"hard cutoff at ~16042Hz, steep 25.0dB/kHz -> likely transcoded from 128kbps MP3",44100,16042,22050,25
"/home/adam/driveBig/Music/My Playlist/Shot Down In Flames - AC,DC - Highway To Hell.flac",SUSPECT,"hard cutoff at ~20871Hz, steep 23.3dB/kHz -> likely transcoded from 320kbps (or near-transparent) MP3/lossy",44100,20871,22050,23.3
/home/adam/driveBig/Music/My Playlist/Sir Psycho Sexy - Red Hot Chili Peppers - Blood Sugar Sex Magik.flac,SUSPECT,"hard cutoff at ~21103Hz, steep 13.3dB/kHz -> likely transcoded from 320kbps (or near-transparent) MP3/lossy",44100,21103,22050,13.3
/home/adam/driveBig/Music/My Playlist/Social Disease - Bon Jovi - Slippery When Wet.flac,SUSPECT,"hard cutoff at ~20941Hz, steep 18.2dB/kHz -> likely transcoded from 320kbps (or near-transparent) MP3/lossy",44100,20941,22050,18.2
/home/adam/driveBig/Music/My Playlist/Some Girls Are Bigger Than Others - The Smiths - The Queen Is Dead.flac,SUSPECT,"hard cutoff at ~20333Hz, steep 16.3dB/kHz -> likely transcoded from 256/224kbps MP3/AAC",44100,20333,22050,16.3
/home/adam/driveBig/Music/My Playlist/Strange Brew - Eric Clapton - The Cream of Clapton.flac,SUSPECT,"hard cutoff at ~20381Hz, steep 18.7dB/kHz -> likely transcoded from 256/224kbps MP3/AAC",44100,20381,22050,18.7
/home/adam/driveBig/Music/My Playlist/Stranglehold - Ted Nugent - Dazed and Confused.flac,SUSPECT,"hard cutoff at ~20790Hz, steep 20.3dB/kHz -> likely transcoded from 256/224kbps MP3/AAC",44100,20790,22050,20.3
/home/adam/driveBig/Music/My Playlist/Stressed Out - Twenty One Pilots - Blurryface.flac,SUSPECT,"hard cutoff at ~20989Hz, steep 25.5dB/kHz -> likely transcoded from 320kbps (or near-transparent) MP3/lossy",44100,20989,22050,25.5
/home/adam/driveBig/Music/My Playlist/Stuck in the Middle With You - Stealers Wheel - Stealers Wheel.flac,SUSPECT,"hard cutoff at ~15832Hz, steep 17.1dB/kHz -> likely transcoded from 128kbps MP3",44100,15832,22050,17.1
/home/adam/driveBig/Music/My Playlist/Submarines - The Lumineers - The Lumineers.flac,SUSPECT,"hard cutoff at ~20349Hz, steep 12.6dB/kHz -> likely transcoded from 256/224kbps MP3/AAC",44100,20349,22050,12.6
/home/adam/driveBig/Music/My Playlist/Suck My Left One - Bikini Kill - The First Two Records.flac,SUSPECT,"hard cutoff at ~20898Hz, steep 15.6dB/kHz -> likely transcoded from 320kbps (or near-transparent) MP3/lossy",44100,20898,22050,15.6
/home/adam/driveBig/Music/My Playlist/SugarCrash! - ElyOtto.flac,SUSPECT,"hard cutoff at ~19488Hz, steep 14.4dB/kHz -> likely transcoded from 192kbps MP3",44100,19488,22050,14.4
/home/adam/driveBig/Music/My Playlist/Suicide - Ren - Sick Boi.flac,SUSPECT,"hard cutoff at ~17038Hz, steep 23.7dB/kHz -> likely transcoded from 160kbps MP3",44100,17038,22050,23.7
/home/adam/driveBig/Music/My Playlist/Summer of '69 - Bryan Adams - Reckless.flac,SUSPECT,"hard cutoff at ~20419Hz, steep 27.1dB/kHz -> likely transcoded from 256/224kbps MP3/AAC",44100,20419,22050,27.1
/home/adam/driveBig/Music/My Playlist/Sunshine of Your Love - Eric Clapton - The Cream of Clapton.flac,SUSPECT,"hard cutoff at ~20623Hz, steep 19.4dB/kHz -> likely transcoded from 256/224kbps MP3/AAC",44100,20623,22050,19.4
/home/adam/driveBig/Music/My Playlist/Supermodel - Måneskin - Live At Toyosu Pit.flac,SUSPECT,"hard cutoff at ~19746Hz, steep 19.3dB/kHz -> likely transcoded from 256/224kbps MP3/AAC",44100,19746,22050,19.3
/home/adam/driveBig/Music/My Playlist/Supernatural - Barns Courtney.flac,SUSPECT,"hard cutoff at ~21038Hz, steep 16.1dB/kHz -> likely transcoded from 320kbps (or near-transparent) MP3/lossy",44100,21038,22050,16.1
/home/adam/driveBig/Music/My Playlist/Superstition - Stevie Wonder - The Definitive Collection.flac,SUSPECT,"hard cutoff at ~20322Hz, steep 18.1dB/kHz -> likely transcoded from 256/224kbps MP3/AAC",44100,20322,22050,18.1
/home/adam/driveBig/Music/My Playlist/Surf Rider - The Lively Ones - Pulp Fiction.flac,SUSPECT,"hard cutoff at ~21081Hz, steep 13.2dB/kHz -> likely transcoded from 320kbps (or near-transparent) MP3/lossy",44100,21081,22050,13.2
/home/adam/driveBig/Music/My Playlist/Swing Low Sweet Chariot - Eric Clapton - The Cream of Clapton.flac,SUSPECT,"hard cutoff at ~20790Hz, steep 13.3dB/kHz -> likely transcoded from 256/224kbps MP3/AAC",44100,20790,22050,13.3
/home/adam/driveBig/Music/My Playlist/Sweetie Little Jean - Cage The Elephant - Tell Me I'm Pretty.flac,SUSPECT,"hard cutoff at ~20946Hz, steep 13.5dB/kHz -> likely transcoded from 320kbps (or near-transparent) MP3/lossy",44100,20946,22050,13.5
/home/adam/driveBig/Music/My Playlist/Take It or Leave It (live in Hamburg) - Jet - Get Born.flac,SUSPECT,"hard cutoff at ~20984Hz, steep 15.6dB/kHz -> likely transcoded from 320kbps (or near-transparent) MP3/lossy",44100,20984,22050,15.6
/home/adam/driveBig/Music/My Playlist/Take It or Leave It - Cage The Elephant - Melophobia.flac,SUSPECT,"hard cutoff at ~21092Hz, steep 16.7dB/kHz -> likely transcoded from 320kbps (or near-transparent) MP3/lossy",44100,21092,22050,16.7
/home/adam/driveBig/Music/My Playlist/Take Me to Church - Hozier - Hozier.flac,SUSPECT,"hard cutoff at ~20968Hz, steep 18.0dB/kHz -> likely transcoded from 320kbps (or near-transparent) MP3/lossy",44100,20968,22050,18
/home/adam/driveBig/Music/My Playlist/Take On Me - A-Ha - Hunting High And Low.flac,SUSPECT,"hard cutoff at ~20785Hz, steep 24.0dB/kHz -> likely transcoded from 256/224kbps MP3/AAC",44100,20785,22050,24
/home/adam/driveBig/Music/My Playlist/Tatler Magazine - The Struts - YOUNG&DANGEROUS.flac,SUSPECT,"hard cutoff at ~21054Hz, steep 21.6dB/kHz -> likely transcoded from 320kbps (or near-transparent) MP3/lossy",44100,21054,22050,21.6
/home/adam/driveBig/Music/My Playlist/Tea In The Sahara - The Police - Synchronicity (2003 Remaster).flac,SUSPECT,"hard cutoff at ~20758Hz, steep 12.6dB/kHz -> likely transcoded from 256/224kbps MP3/AAC",44100,20758,22050,12.6
/home/adam/driveBig/Music/My Playlist/Tear In My Heart - Twenty One Pilots - Blurryface.flac,SUSPECT,"hard cutoff at ~20936Hz, steep 12.7dB/kHz -> likely transcoded from 320kbps (or near-transparent) MP3/lossy",44100,20936,22050,12.7
/home/adam/driveBig/Music/My Playlist/Tears in Heaven - Eric Clapton - Unplugged.flac,SUSPECT,"hard cutoff at ~21119Hz, steep 17.2dB/kHz -> likely transcoded from 320kbps (or near-transparent) MP3/lossy",44100,21119,22050,17.2
/home/adam/driveBig/Music/My Playlist/Telescope - Cage The Elephant - Melophobia.flac,SUSPECT,"hard cutoff at ~21140Hz, steep 19.7dB/kHz -> likely transcoded from 320kbps (or near-transparent) MP3/lossy",44100,21140,22050,19.7
/home/adam/driveBig/Music/My Playlist/Taking Off - ONE OK ROCK - Ambitions.flac,SUSPECT,"hard cutoff at ~20736Hz, steep 15.1dB/kHz -> likely transcoded from 256/224kbps MP3/AAC",44100,20736,22050,15.1
/home/adam/driveBig/Music/My Playlist/Tessellate - alt-J - An Awesome Wave.flac,SUSPECT,"hard cutoff at ~21038Hz, steep 16.5dB/kHz -> likely transcoded from 320kbps (or near-transparent) MP3/lossy",44100,21038,22050,16.5
"/home/adam/driveBig/Music/My Playlist/That Was Then, This Is Now - The Monkees - Greatest Hits.flac",SUSPECT,"hard cutoff at ~21049Hz, steep 15.0dB/kHz -> likely transcoded from 320kbps (or near-transparent) MP3/lossy",44100,21049,22050,15
/home/adam/driveBig/Music/My Playlist/TEST DRIVE - Joji - Ballads 1.flac,SUSPECT,"hard cutoff at ~20968Hz, steep 15.1dB/kHz -> likely transcoded from 320kbps (or near-transparent) MP3/lossy",44100,20968,22050,15.1
/home/adam/driveBig/Music/My Playlist/That's Right - Cage The Elephant - Tell Me I'm Pretty.flac,SUSPECT,"hard cutoff at ~20989Hz, steep 15.8dB/kHz -> likely transcoded from 320kbps (or near-transparent) MP3/lossy",44100,20989,22050,15.8
/home/adam/driveBig/Music/My Playlist/The Achilles List - Tom Morello; Damian 'Jr. Gong' Marley - The Atlas Underground Fire.flac,SUSPECT,"hard cutoff at ~21022Hz, steep 18.3dB/kHz -> likely transcoded from 320kbps (or near-transparent) MP3/lossy",44100,21022,22050,18.3
/home/adam/driveBig/Music/My Playlist/The Bends - Radiohead.flac,SUSPECT,"hard cutoff at ~21135Hz, steep 14.1dB/kHz -> likely transcoded from 320kbps (or near-transparent) MP3/lossy",44100,21135,22050,14.1
/home/adam/driveBig/Music/My Playlist/The Blue Sky - A-Ha - Hunting High And Low.flac,SUSPECT,"hard cutoff at ~20586Hz, steep 18.1dB/kHz -> likely transcoded from 256/224kbps MP3/AAC",44100,20586,22050,18.1
/home/adam/driveBig/Music/My Playlist/The Colour And The Shape - Foo Fighters.flac,SUSPECT,"hard cutoff at ~20844Hz, steep 17.5dB/kHz -> likely transcoded from 320kbps (or near-transparent) MP3/lossy",44100,20844,22050,17.5
/home/adam/driveBig/Music/My Playlist/The DJ Is Crying for Help - AJR.flac,SUSPECT,"hard cutoff at ~20419Hz, steep 13.4dB/kHz -> likely transcoded from 256/224kbps MP3/AAC",44100,20419,22050,13.4
/home/adam/driveBig/Music/My Playlist/The Dumb Song - AJR - The Maybe Man.flac,SUSPECT,"hard cutoff at ~21054Hz, steep 16.9dB/kHz -> likely transcoded from 320kbps (or near-transparent) MP3/lossy",44100,21054,22050,16.9
/home/adam/driveBig/Music/My Playlist/The First Time - Blink-182 - NINE.flac,SUSPECT,"hard cutoff at ~21081Hz, steep 22.9dB/kHz -> likely transcoded from 320kbps (or near-transparent) MP3/lossy",44100,21081,22050,22.9
/home/adam/driveBig/Music/My Playlist/The Girl I Knew Somewhere - The Monkees - Greatest Hits.flac,SUSPECT,"hard cutoff at ~20936Hz, steep 12.3dB/kHz -> likely transcoded from 320kbps (or near-transparent) MP3/lossy",44100,20936,22050,12.3
/home/adam/driveBig/Music/My Playlist/The Gospel of John Hurt - alt-J - This Is All Yours.flac,SUSPECT,"hard cutoff at ~20758Hz, steep 19.0dB/kHz -> likely transcoded from 256/224kbps MP3/AAC",44100,20758,22050,19
/home/adam/driveBig/Music/My Playlist/The Green and the Town - AJR - Living Room.flac,SUSPECT,"hard cutoff at ~21038Hz, steep 14.1dB/kHz -> likely transcoded from 320kbps (or near-transparent) MP3/lossy",44100,21038,22050,14.1
/home/adam/driveBig/Music/My Playlist/The Grudge - Tool - Lateralus.flac,SUSPECT,"hard cutoff at ~20866Hz, steep 12.4dB/kHz -> likely transcoded from 320kbps (or near-transparent) MP3/lossy",44100,20866,22050,12.4
/home/adam/driveBig/Music/My Playlist/The Heart of Rock & Roll - Huey Lewis & The News - Greatest Hits.flac,SUSPECT,"hard cutoff at ~20973Hz, steep 15.6dB/kHz -> likely transcoded from 320kbps (or near-transparent) MP3/lossy",44100,20973,22050,15.6
/home/adam/driveBig/Music/My Playlist/The Gypsy Moon - Daniel Champagne - The Heartland Hurricanes.flac,SUSPECT,"hard cutoff at ~21129Hz, steep 13.6dB/kHz -> likely transcoded from 320kbps (or near-transparent) MP3/lossy",44100,21129,22050,13.6
/home/adam/driveBig/Music/My Playlist/The Heavy Wing - Red Hot Chili Peppers - Unlimited Love.flac,SUSPECT,"hard cutoff at ~21043Hz, steep 12.1dB/kHz -> likely transcoded from 320kbps (or near-transparent) MP3/lossy",44100,21043,22050,12.1
/home/adam/driveBig/Music/My Playlist/The Hunger - Ren - Sick Boi.flac,SUSPECT,"hard cutoff at ~17044Hz, steep 25.7dB/kHz -> likely transcoded from 160kbps MP3",44100,17044,22050,25.7
/home/adam/driveBig/Music/My Playlist/The House Of The Rising Sun - The Animals.flac,SUSPECT,"hard cutoff at ~16177Hz, steep 26.9dB/kHz -> likely transcoded from 128kbps MP3",44100,16177,22050,26.9
/home/adam/driveBig/Music/My Playlist/The Judge - Twenty One Pilots - Blurryface.flac,SUSPECT,"hard cutoff at ~20995Hz, steep 12.4dB/kHz -> likely transcoded from 320kbps (or near-transparent) MP3/lossy",44100,20995,22050,12.4
/home/adam/driveBig/Music/My Playlist/The Lazy Song - Bruno Mars - Doo-Wops & Hooligans.flac,SUSPECT,"hard cutoff at ~20742Hz, steep 14.1dB/kHz -> likely transcoded from 256/224kbps MP3/AAC",44100,20742,22050,14.1
/home/adam/driveBig/Music/My Playlist/The Lovecats - The Cure - Greatest Hits.flac,SUSPECT,"hard cutoff at ~20586Hz, steep 18.9dB/kHz -> likely transcoded from 256/224kbps MP3/AAC",44100,20586,22050,18.9
/home/adam/driveBig/Music/My Playlist/The Man's Too Strong - Dire Straits - Brothers in Arms.flac,SUSPECT,"hard cutoff at ~20300Hz, steep 15.2dB/kHz -> likely transcoded from 256/224kbps MP3/AAC",44100,20300,22050,15.2
/home/adam/driveBig/Music/My Playlist/The Nightingale - Daniel Champagne - The Heartland Hurricanes.flac,SUSPECT,"hard cutoff at ~21119Hz, steep 14.4dB/kHz -> likely transcoded from 320kbps (or near-transparent) MP3/lossy",44100,21119,22050,14.4
/home/adam/driveBig/Music/My Playlist/The Patient - Tool - Lateralus.flac,SUSPECT,"hard cutoff at ~20979Hz, steep 15.2dB/kHz -> likely transcoded from 320kbps (or near-transparent) MP3/lossy",44100,20979,22050,15.2
/home/adam/driveBig/Music/My Playlist/The Power of Love - Huey Lewis & The News - Greatest Hits.flac,SUSPECT,"hard cutoff at ~20785Hz, steep 12.1dB/kHz -> likely transcoded from 256/224kbps MP3/AAC",44100,20785,22050,12.1
/home/adam/driveBig/Music/My Playlist/The Power of Equality - Red Hot Chili Peppers - Blood Sugar Sex Magik.flac,SUSPECT,"hard cutoff at ~21113Hz, steep 14.0dB/kHz -> likely transcoded from 320kbps (or near-transparent) MP3/lossy",44100,21113,22050,14
/home/adam/driveBig/Music/My Playlist/The Queen Is Dead - The Smiths.flac,SUSPECT,"hard cutoff at ~20290Hz, steep 12.9dB/kHz -> likely transcoded from 256/224kbps MP3/AAC",44100,20290,22050,12.9
/home/adam/driveBig/Music/My Playlist/The Reason This Is Happening - Red Vox - Realign.flac,SUSPECT,"hard cutoff at ~21022Hz, steep 16.0dB/kHz -> likely transcoded from 320kbps (or near-transparent) MP3/lossy",44100,21022,22050,16
"/home/adam/driveBig/Music/My Playlist/The Razors Edge - AC,DC.flac",SUSPECT,"hard cutoff at ~20521Hz, steep 14.1dB/kHz -> likely transcoded from 256/224kbps MP3/AAC",44100,20521,22050,14.1
/home/adam/driveBig/Music/My Playlist/The Run and Go - Twenty One Pilots - Vessel.flac,SUSPECT,"hard cutoff at ~20893Hz, steep 19.8dB/kHz -> likely transcoded from 320kbps (or near-transparent) MP3/lossy",44100,20893,22050,19.8
/home/adam/driveBig/Music/My Playlist/The Sailor - Rich Brian.flac,SUSPECT,"hard cutoff at ~21000Hz, steep 15.1dB/kHz -> likely transcoded from 320kbps (or near-transparent) MP3/lossy",44100,21000,22050,15.1
/home/adam/driveBig/Music/My Playlist/The War Inside - Tom Morello; Chris Stapleton - The Atlas Underground Fire.flac,SUSPECT,"hard cutoff at ~21076Hz, steep 16.5dB/kHz -> likely transcoded from 320kbps (or near-transparent) MP3/lossy",44100,21076,22050,16.5
/home/adam/driveBig/Music/My Playlist/The Boxer - Jerry Douglas - Babel.flac,SUSPECT,"hard cutoff at ~20968Hz, steep 13.9dB/kHz -> likely transcoded from 320kbps (or near-transparent) MP3/lossy",44100,20968,22050,13.9
/home/adam/driveBig/Music/My Playlist/The Middle - Jimmy Eat World - Bleed American.flac,SUSPECT,"hard cutoff at ~20973Hz, steep 17.1dB/kHz -> likely transcoded from 320kbps (or near-transparent) MP3/lossy",44100,20973,22050,17.1
/home/adam/driveBig/Music/My Playlist/The Safety Dance - Men Without Hats - Greatest Hats.flac,SUSPECT,"hard cutoff at ~21113Hz, steep 18.2dB/kHz -> likely transcoded from 320kbps (or near-transparent) MP3/lossy",44100,21113,22050,18.2
/home/adam/driveBig/Music/My Playlist/The Passenger - Iggy Pop - Lust For Life.flac,SUSPECT,"hard cutoff at ~20925Hz, steep 24.0dB/kHz -> likely transcoded from 320kbps (or near-transparent) MP3/lossy",44100,20925,22050,24
/home/adam/driveBig/Music/My Playlist/The Invisible Man - Queen - The Miracle (Deluxe Edition 2011 Remaster).flac,SUSPECT,"hard cutoff at ~20914Hz, steep 13.1dB/kHz -> likely transcoded from 320kbps (or near-transparent) MP3/lossy",44100,20914,22050,13.1
/home/adam/driveBig/Music/My Playlist/There Goes My Gun - Pixies - Doolittle.flac,SUSPECT,"hard cutoff at ~20828Hz, steep 18.1dB/kHz -> likely transcoded from 320kbps (or near-transparent) MP3/lossy",44100,20828,22050,18.1
/home/adam/driveBig/Music/My Playlist/There Is a Light That Never Goes Out - The Smiths - The Queen Is Dead.flac,SUSPECT,"hard cutoff at ~20338Hz, steep 17.0dB/kHz -> likely transcoded from 256/224kbps MP3/AAC",44100,20338,22050,17
/home/adam/driveBig/Music/My Playlist/These Are the Ways - Red Hot Chili Peppers - Unlimited Love.flac,SUSPECT,"hard cutoff at ~21092Hz, steep 13.7dB/kHz -> likely transcoded from 320kbps (or near-transparent) MP3/lossy",44100,21092,22050,13.7
/home/adam/driveBig/Music/My Playlist/This Is Not a Test - Bikini Kill - The First Two Records.flac,SUSPECT,"hard cutoff at ~20640Hz, steep 12.3dB/kHz -> likely transcoded from 256/224kbps MP3/AAC",44100,20640,22050,12.3
/home/adam/driveBig/Music/My Playlist/This is What Falling in Love Feels Like - Jvke - This is What ____ Feels Like.flac,SUSPECT,"hard cutoff at ~21070Hz, steep 12.3dB/kHz -> likely transcoded from 320kbps (or near-transparent) MP3/lossy",44100,21070,22050,12.3
/home/adam/driveBig/Music/My Playlist/Throw Away Your Television - Red Hot Chili Peppers - By the Way.flac,SUSPECT,"hard cutoff at ~21108Hz, steep 15.2dB/kHz -> likely transcoded from 320kbps (or near-transparent) MP3/lossy",44100,21108,22050,15.2
"/home/adam/driveBig/Music/My Playlist/Thunderstruck - AC,DC - The Razors Edge.flac",SUSPECT,"hard cutoff at ~20704Hz, steep 12.7dB/kHz -> likely transcoded from 256/224kbps MP3/AAC",44100,20704,22050,12.7
/home/adam/driveBig/Music/My Playlist/Thunder Of Your Heart (Live) - Daniel Champagne; Kiah Gossner.flac,SUSPECT,"hard cutoff at ~20069Hz, steep 21.0dB/kHz -> likely transcoded from 256/224kbps MP3/AAC",44100,20069,22050,21
/home/adam/driveBig/Music/My Playlist/Tick Tock - Joji - Nectar.flac,SUSPECT,"hard cutoff at ~20989Hz, steep 15.4dB/kHz -> likely transcoded from 320kbps (or near-transparent) MP3/lossy",44100,20989,22050,15.4
/home/adam/driveBig/Music/My Playlist/Ticks & Leeches - Tool - Lateralus.flac,SUSPECT,"hard cutoff at ~21000Hz, steep 17.9dB/kHz -> likely transcoded from 320kbps (or near-transparent) MP3/lossy",44100,21000,22050,17.9
/home/adam/driveBig/Music/My Playlist/Ticket To Heaven - 3 Doors Down - Away From the Sun.flac,SUSPECT,"hard cutoff at ~21097Hz, steep 12.7dB/kHz -> likely transcoded from 320kbps (or near-transparent) MP3/lossy",44100,21097,22050,12.7
/home/adam/driveBig/Music/My Playlist/To The Kill - Violent Femmes - Violent Femmes.flac,SUSPECT,"hard cutoff at ~20392Hz, steep 13.4dB/kHz -> likely transcoded from 256/224kbps MP3/AAC",44100,20392,22050,13.4
/home/adam/driveBig/Music/My Playlist/Too Bad on Your Birthday - Joan Jett - Bad Reputation.flac,SUSPECT,"hard cutoff at ~20543Hz, steep 13.2dB/kHz -> likely transcoded from 256/224kbps MP3/AAC",44100,20543,22050,13.2
/home/adam/driveBig/Music/My Playlist/Too Much Love Will Kill You - Queen - Made In Heaven (Deluxe Edition 2011 Remaster).flac,SUSPECT,"hard cutoff at ~21070Hz, steep 14.1dB/kHz -> likely transcoded from 320kbps (or near-transparent) MP3/lossy",44100,21070,22050,14.1
/home/adam/driveBig/Music/My Playlist/Too Precious - Em Beihold - Egg in the Backseat.flac,SUSPECT,"hard cutoff at ~20527Hz, steep 17.6dB/kHz -> likely transcoded from 256/224kbps MP3/AAC",44100,20527,22050,17.6
"/home/adam/driveBig/Music/My Playlist/Touch Too Much - AC,DC - Highway To Hell.flac",SUSPECT,"hard cutoff at ~20796Hz, steep 25.4dB/kHz -> likely transcoded from 256/224kbps MP3/AAC",44100,20796,22050,25.4
/home/adam/driveBig/Music/My Playlist/Touch Me - Måneskin - Live At Toyosu Pit.flac,SUSPECT,"hard cutoff at ~19708Hz, steep 14.7dB/kHz -> likely transcoded from 256/224kbps MP3/AAC",44100,19708,22050,14.7
/home/adam/driveBig/Music/My Playlist/Touchy Feely Fool - AJR - The Maybe Man.flac,SUSPECT,"hard cutoff at ~20683Hz, steep 16.4dB/kHz -> likely transcoded from 256/224kbps MP3/AAC",44100,20683,22050,16.4
/home/adam/driveBig/Music/My Playlist/Train Of Thought - A-Ha - Hunting High And Low.flac,SUSPECT,"hard cutoff at ~20666Hz, steep 23.3dB/kHz -> likely transcoded from 256/224kbps MP3/AAC",44100,20666,22050,23.3
/home/adam/driveBig/Music/My Playlist/Trouble - Cage The Elephant - Tell Me I'm Pretty.flac,SUSPECT,"hard cutoff at ~20973Hz, steep 15.3dB/kHz -> likely transcoded from 320kbps (or near-transparent) MP3/lossy",44100,20973,22050,15.3
/home/adam/driveBig/Music/My Playlist/TV Dinners - ZZ Top - Eliminator.flac,SUSPECT,"hard cutoff at ~20855Hz, steep 14.0dB/kHz -> likely transcoded from 320kbps (or near-transparent) MP3/lossy",44100,20855,22050,14
/home/adam/driveBig/Music/My Playlist/Tonight She Comes - The Cars - The Cars Greatest Hits.flac,SUSPECT,"hard cutoff at ~20564Hz, steep 18.0dB/kHz -> likely transcoded from 256/224kbps MP3/AAC",44100,20564,22050,18
/home/adam/driveBig/Music/My Playlist/Touch and Go - The Cars - The Cars Greatest Hits.flac,SUSPECT,"hard cutoff at ~20844Hz, steep 25.9dB/kHz -> likely transcoded from 320kbps (or near-transparent) MP3/lossy",44100,20844,22050,25.9
/home/adam/driveBig/Music/My Playlist/Two Slow Dancers - Mitski - Be the Cowboy.flac,SUSPECT,"hard cutoff at ~20984Hz, steep 15.3dB/kHz -> likely transcoded from 320kbps (or near-transparent) MP3/lossy",44100,20984,22050,15.3
/home/adam/driveBig/Music/My Playlist/Ugly - Violent Femmes - Violent Femmes.flac,SUSPECT,"hard cutoff at ~20806Hz, steep 12.8dB/kHz -> likely transcoded from 320kbps (or near-transparent) MP3/lossy",44100,20806,22050,12.8
/home/adam/driveBig/Music/My Playlist/Underground - Men at Work - Business As Usual.flac,SUSPECT,"hard cutoff at ~20548Hz, steep 17.8dB/kHz -> likely transcoded from 256/224kbps MP3/AAC",44100,20548,22050,17.8
/home/adam/driveBig/Music/My Playlist/Uninvited - Ren - Sick Boi.flac,SUSPECT,"hard cutoff at ~17076Hz, steep 26.0dB/kHz -> likely transcoded from 160kbps MP3",44100,17076,22050,26
/home/adam/driveBig/Music/My Playlist/Up In Arms - Foo Fighters - The Colour And The Shape.flac,SUSPECT,"hard cutoff at ~20920Hz, steep 13.8dB/kHz -> likely transcoded from 320kbps (or near-transparent) MP3/lossy",44100,20920,22050,13.8
/home/adam/driveBig/Music/My Playlist/Upgrade - Joji - Nectar.flac,SUSPECT,"hard cutoff at ~20812Hz, steep 12.2dB/kHz -> likely transcoded from 320kbps (or near-transparent) MP3/lossy",44100,20812,22050,12.2
/home/adam/driveBig/Music/My Playlist/Vacant - Rich Brian - The Sailor.flac,SUSPECT,"hard cutoff at ~21006Hz, steep 13.9dB/kHz -> likely transcoded from 320kbps (or near-transparent) MP3/lossy",44100,21006,22050,13.9
/home/adam/driveBig/Music/My Playlist/Valleri - The Monkees - Greatest Hits.flac,SUSPECT,"hard cutoff at ~21016Hz, steep 14.9dB/kHz -> likely transcoded from 320kbps (or near-transparent) MP3/lossy",44100,21016,22050,14.9
/home/adam/driveBig/Music/My Playlist/Vicar in a Tutu - The Smiths - The Queen Is Dead.flac,SUSPECT,"hard cutoff at ~20392Hz, steep 21.8dB/kHz -> likely transcoded from 256/224kbps MP3/AAC",44100,20392,22050,21.8
/home/adam/driveBig/Music/My Playlist/Victim Of Love - Eagles - Hotel California.flac,SUSPECT,"hard cutoff at ~20343Hz, steep 16.6dB/kHz -> likely transcoded from 256/224kbps MP3/AAC",44100,20343,22050,16.6
/home/adam/driveBig/Music/My Playlist/Voice of the Voiceless - Rage Against the Machine - The Battle Of Los Angeles.flac,SUSPECT,"hard cutoff at ~21097Hz, steep 13.2dB/kHz -> likely transcoded from 320kbps (or near-transparent) MP3/lossy",44100,21097,22050,13.2
/home/adam/driveBig/Music/My Playlist/Wait - DIIV - Oshin.flac,SUSPECT,"hard cutoff at ~16005Hz, steep 14.4dB/kHz -> likely transcoded from 128kbps MP3",44100,16005,22050,14.4
/home/adam/driveBig/Music/My Playlist/Wake Me Up Before You Go-Go - Wham! - Make It Big.flac,SUSPECT,"hard cutoff at ~20489Hz, steep 16.1dB/kHz -> likely transcoded from 256/224kbps MP3/AAC",44100,20489,22050,16.1
"/home/adam/driveBig/Music/My Playlist/Walk All Over You - AC,DC - Highway To Hell.flac",SUSPECT,"hard cutoff at ~20882Hz, steep 23.8dB/kHz -> likely transcoded from 320kbps (or near-transparent) MP3/lossy",44100,20882,22050,23.8
/home/adam/driveBig/Music/My Playlist/Walk of Life - Dire Straits - Brothers in Arms.flac,SUSPECT,"hard cutoff at ~20419Hz, steep 21.4dB/kHz -> likely transcoded from 256/224kbps MP3/AAC",44100,20419,22050,21.4
/home/adam/driveBig/Music/My Playlist/WANTED U - Joji - Ballads 1.flac,SUSPECT,"hard cutoff at ~21006Hz, steep 15.2dB/kHz -> likely transcoded from 320kbps (or near-transparent) MP3/lossy",44100,21006,22050,15.2
/home/adam/driveBig/Music/My Playlist/Warm Tape - Red Hot Chili Peppers - By the Way.flac,SUSPECT,"hard cutoff at ~21151Hz, steep 13.4dB/kHz -> likely transcoded from 320kbps (or near-transparent) MP3/lossy",44100,21151,22050,13.4
/home/adam/driveBig/Music/My Playlist/Warm Foothills - alt-J - This Is All Yours.flac,SUSPECT,"hard cutoff at ~20715Hz, steep 16.9dB/kHz -> likely transcoded from 256/224kbps MP3/AAC",44100,20715,22050,16.9
/home/adam/driveBig/Music/My Playlist/Washing Machine Heart - Mitski - Be the Cowboy.flac,SUSPECT,"hard cutoff at ~21043Hz, steep 19.6dB/kHz -> likely transcoded from 320kbps (or near-transparent) MP3/lossy",44100,21043,22050,19.6
/home/adam/driveBig/Music/My Playlist/Waste a Moment - Kings of Leon - WALLS.flac,SUSPECT,"hard cutoff at ~20112Hz, steep 13.0dB/kHz -> likely transcoded from 256/224kbps MP3/AAC",44100,20112,22050,13
/home/adam/driveBig/Music/My Playlist/Wave of Mutilation - Pixies - Doolittle.flac,SUSPECT,"hard cutoff at ~21006Hz, steep 22.5dB/kHz -> likely transcoded from 320kbps (or near-transparent) MP3/lossy",44100,21006,22050,22.5
/home/adam/driveBig/Music/My Playlist/Waterworks - Bernth.flac,SUSPECT,"hard cutoff at ~17011Hz, steep 18.5dB/kHz -> likely transcoded from 160kbps MP3",44100,17011,22050,18.5
/home/adam/driveBig/Music/My Playlist/We Fall Again - Pink Guy - Pink Season.flac,SUSPECT,"hard cutoff at ~17813Hz, steep 18.9dB/kHz -> likely transcoded from 160kbps MP3",44100,17813,22050,18.9
/home/adam/driveBig/Music/My Playlist/Weak - AJR - The Click (Deluxe Edition).flac,SUSPECT,"hard cutoff at ~20806Hz, steep 13.3dB/kHz -> likely transcoded from 320kbps (or near-transparent) MP3/lossy",44100,20806,22050,13.3
/home/adam/driveBig/Music/My Playlist/Weather With You - Crowded House - Woodface.flac,SUSPECT,"hard cutoff at ~21049Hz, steep 14.6dB/kHz -> likely transcoded from 320kbps (or near-transparent) MP3/lossy",44100,21049,22050,14.6
/home/adam/driveBig/Music/My Playlist/Wendy Clear - Blink-182 - Enema of the State.flac,SUSPECT,"hard cutoff at ~21011Hz, steep 15.8dB/kHz -> likely transcoded from 320kbps (or near-transparent) MP3/lossy",44100,21011,22050,15.8
/home/adam/driveBig/Music/My Playlist/Welcome to the Jungle - Guns N' Roses - Appetite for Destruction.flac,SUSPECT,"hard cutoff at ~20806Hz, steep 15.5dB/kHz -> likely transcoded from 320kbps (or near-transparent) MP3/lossy",44100,20806,22050,15.5
"/home/adam/driveBig/Music/My Playlist/What Do You Do for Money Honey - AC,DC - Back in Black.flac",SUSPECT,"hard cutoff at ~20747Hz, steep 21.4dB/kHz -> likely transcoded from 256/224kbps MP3/AAC",44100,20747,22050,21.4
/home/adam/driveBig/Music/My Playlist/What You Like - Wallows - Nothing Happens.flac,SUSPECT,"hard cutoff at ~20715Hz, steep 18.9dB/kHz -> likely transcoded from 256/224kbps MP3/AAC",44100,20715,22050,18.9
/home/adam/driveBig/Music/My Playlist/What You Want - My Bloody Valentine - Loveless.flac,SUSPECT,"hard cutoff at ~20419Hz, steep 14.0dB/kHz -> likely transcoded from 256/224kbps MP3/AAC",44100,20419,22050,14
/home/adam/driveBig/Music/My Playlist/What You Want - Ren - Sick Boi.flac,SUSPECT,"hard cutoff at ~17027Hz, steep 21.3dB/kHz -> likely transcoded from 160kbps MP3",44100,17027,22050,21.3
/home/adam/driveBig/Music/My Playlist/What's My Age Again - Blink-182 - Enema of the State.flac,SUSPECT,"hard cutoff at ~21038Hz, steep 15.8dB/kHz -> likely transcoded from 320kbps (or near-transparent) MP3/lossy",44100,21038,22050,15.8
"/home/adam/driveBig/Music/My Playlist/When It Rains, It Pours - Bernth - When It Rains.flac",SUSPECT,"hard cutoff at ~17006Hz, steep 15.4dB/kHz -> likely transcoded from 160kbps MP3",44100,17006,22050,15.4
/home/adam/driveBig/Music/My Playlist/Veronica - Red Hot Chili Peppers - Unlimited Love.flac,SUSPECT,"hard cutoff at ~21108Hz, steep 13.7dB/kHz -> likely transcoded from 320kbps (or near-transparent) MP3/lossy",44100,21108,22050,13.7
/home/adam/driveBig/Music/My Playlist/Wasted Days - Bad Nerves - Bad Nerves.flac,SUSPECT,"hard cutoff at ~20182Hz, steep 23.0dB/kHz -> likely transcoded from 256/224kbps MP3/AAC",44100,20182,22050,23
/home/adam/driveBig/Music/My Playlist/When I Grow Up - NF - The Search.flac,SUSPECT,"hard cutoff at ~20607Hz, steep 20.1dB/kHz -> likely transcoded from 256/224kbps MP3/AAC",44100,20607,22050,20.1
/home/adam/driveBig/Music/My Playlist/White Boy - Bikini Kill - The First Two Records.flac,SUSPECT,"hard cutoff at ~20720Hz, steep 13.1dB/kHz -> likely transcoded from 256/224kbps MP3/AAC",44100,20720,22050,13.1
/home/adam/driveBig/Music/My Playlist/White Braids & Pillow Chair - Red Hot Chili Peppers - Unlimited Love.flac,SUSPECT,"hard cutoff at ~21086Hz, steep 13.9dB/kHz -> likely transcoded from 320kbps (or near-transparent) MP3/lossy",44100,21086,22050,13.9
/home/adam/driveBig/Music/My Playlist/White Room - Eric Clapton - The Cream of Clapton.flac,SUSPECT,"hard cutoff at ~20623Hz, steep 21.0dB/kHz -> likely transcoded from 256/224kbps MP3/AAC",44100,20623,22050,21
/home/adam/driveBig/Music/My Playlist/Who Am I - The Struts - YOUNG&DANGEROUS.flac,SUSPECT,"hard cutoff at ~21049Hz, steep 23.9dB/kHz -> likely transcoded from 320kbps (or near-transparent) MP3/lossy",44100,21049,22050,23.9
/home/adam/driveBig/Music/My Playlist/Who Can It Be Now - Men at Work - Business As Usual.flac,SUSPECT,"hard cutoff at ~20699Hz, steep 21.9dB/kHz -> likely transcoded from 256/224kbps MP3/AAC",44100,20699,22050,21.9
/home/adam/driveBig/Music/My Playlist/WHY AM I STILL IN LA - Joji - Ballads 1.flac,SUSPECT,"hard cutoff at ~20973Hz, steep 12.4dB/kHz -> likely transcoded from 320kbps (or near-transparent) MP3/lossy",44100,20973,22050,12.4
/home/adam/driveBig/Music/My Playlist/Why Didn't You Stop Me - Mitski - Be the Cowboy.flac,SUSPECT,"hard cutoff at ~21038Hz, steep 19.1dB/kHz -> likely transcoded from 320kbps (or near-transparent) MP3/lossy",44100,21038,22050,19.1
/home/adam/driveBig/Music/My Playlist/Why Not Smile - R.E.M. - Up (25th Anniversary Edition).flac,SUSPECT,"hard cutoff at ~21027Hz, steep 12.7dB/kHz -> likely transcoded from 320kbps (or near-transparent) MP3/lossy",44100,21027,22050,12.7
/home/adam/driveBig/Music/My Playlist/Why'd You Only Call Me When You're High - Arctic Monkeys - AM.flac,SUSPECT,"hard cutoff at ~21097Hz, steep 17.5dB/kHz -> likely transcoded from 320kbps (or near-transparent) MP3/lossy",44100,21097,22050,17.5
/home/adam/driveBig/Music/My Playlist/Wicked Ways - Ren - Sick Boi.flac,SUSPECT,"hard cutoff at ~17162Hz, steep 26.5dB/kHz -> likely transcoded from 160kbps MP3",44100,17162,22050,26.5
/home/adam/driveBig/Music/My Playlist/Why Worry - Dire Straits - Brothers in Arms.flac,SUSPECT,"hard cutoff at ~20268Hz, steep 14.2dB/kHz -> likely transcoded from 256/224kbps MP3/AAC",44100,20268,22050,14.2
/home/adam/driveBig/Music/My Playlist/Wind Up - Foo Fighters - The Colour And The Shape.flac,SUSPECT,"hard cutoff at ~20833Hz, steep 13.4dB/kHz -> likely transcoded from 320kbps (or near-transparent) MP3/lossy",44100,20833,22050,13.4
/home/adam/driveBig/Music/My Playlist/Women - Def Leppard - Hysteria.flac,SUSPECT,"hard cutoff at ~20806Hz, steep 16.6dB/kHz -> likely transcoded from 320kbps (or near-transparent) MP3/lossy",44100,20806,22050,16.6
/home/adam/driveBig/Music/My Playlist/Wonderful Tonight - Eric Clapton - The Cream of Clapton.flac,SUSPECT,"hard cutoff at ~20597Hz, steep 20.6dB/kHz -> likely transcoded from 256/224kbps MP3/AAC",44100,20597,22050,20.6
/home/adam/driveBig/Music/My Playlist/Wouldn't It Be Nice - The Beach Boys - Wouldn't it be nice (Remastered 1999).flac,SUSPECT,"hard cutoff at ~20650Hz, steep 15.5dB/kHz -> likely transcoded from 256/224kbps MP3/AAC",44100,20650,22050,15.5
"/home/adam/driveBig/Music/My Playlist/Wow, I'm Not Crazy - AJR - Neotheater.flac",SUSPECT,"hard cutoff at ~21022Hz, steep 13.1dB/kHz -> likely transcoded from 320kbps (or near-transparent) MP3/lossy",44100,21022,22050,13.1
/home/adam/driveBig/Music/My Playlist/Wrapped Around Your Finger - The Police - Synchronicity (2003 Remaster).flac,SUSPECT,"hard cutoff at ~20995Hz, steep 15.1dB/kHz -> likely transcoded from 320kbps (or near-transparent) MP3/lossy",44100,20995,22050,15.1
/home/adam/driveBig/Music/My Playlist/Yes I'm A Mess - AJR.flac,SUSPECT,"hard cutoff at ~20564Hz, steep 12.6dB/kHz -> likely transcoded from 256/224kbps MP3/AAC",44100,20564,22050,12.6
/home/adam/driveBig/Music/My Playlist/Yellow - Rich Brian; Bekon - The Sailor.flac,SUSPECT,"hard cutoff at ~21006Hz, steep 15.9dB/kHz -> likely transcoded from 320kbps (or near-transparent) MP3/lossy",44100,21006,22050,15.9
/home/adam/driveBig/Music/My Playlist/YMCA - Village People - Can't Stop the Music (Original Soundtrack 1980).flac,SUSPECT,"hard cutoff at ~20920Hz, steep 17.2dB/kHz -> likely transcoded from 320kbps (or near-transparent) MP3/lossy",44100,20920,22050,17.2
/home/adam/driveBig/Music/My Playlist/You And Me - The Cranberries - Bury The Hatchet.flac,SUSPECT,"hard cutoff at ~20920Hz, steep 13.8dB/kHz -> likely transcoded from 320kbps (or near-transparent) MP3/lossy",44100,20920,22050,13.8
/home/adam/driveBig/Music/My Playlist/You And I - Barns Courtney - 404.flac,SUSPECT,"hard cutoff at ~20483Hz, steep 12.6dB/kHz -> likely transcoded from 256/224kbps MP3/AAC",44100,20483,22050,12.6
/home/adam/driveBig/Music/My Playlist/You Don't Know What You've Got - Joan Jett - Bad Reputation.flac,SUSPECT,"hard cutoff at ~20629Hz, steep 14.9dB/kHz -> likely transcoded from 256/224kbps MP3/AAC",44100,20629,22050,14.9
/home/adam/driveBig/Music/My Playlist/You Might Think - The Cars - The Cars Greatest Hits.flac,SUSPECT,"hard cutoff at ~20548Hz, steep 17.0dB/kHz -> likely transcoded from 256/224kbps MP3/AAC",44100,20548,22050,17
/home/adam/driveBig/Music/My Playlist/You Shook Me - Led Zeppelin - Led Zeppelin I.flac,SUSPECT,"hard cutoff at ~20736Hz, steep 16.2dB/kHz -> likely transcoded from 256/224kbps MP3/AAC",44100,20736,22050,16.2
/home/adam/driveBig/Music/My Playlist/You Spin Me Round (Like A Record) - Dead Or Alive - 'Youthquake'.flac,SUSPECT,"hard cutoff at ~20435Hz, steep 15.2dB/kHz -> likely transcoded from 256/224kbps MP3/AAC",44100,20435,22050,15.2
/home/adam/driveBig/Music/My Playlist/You Were Right (demo) - Jet - Get Born.flac,SUSPECT,"hard cutoff at ~20742Hz, steep 21.9dB/kHz -> likely transcoded from 256/224kbps MP3/AAC",44100,20742,22050,21.9
/home/adam/driveBig/Music/My Playlist/Young Stars - The Struts - Everybody Wants.flac,SUSPECT,"hard cutoff at ~21151Hz, steep 16.7dB/kHz -> likely transcoded from 320kbps (or near-transparent) MP3/lossy",44100,21151,22050,16.7
/home/adam/driveBig/Music/My Playlist/Your House - Jimmy Eat World - Bleed American.flac,SUSPECT,"hard cutoff at ~20833Hz, steep 12.5dB/kHz -> likely transcoded from 320kbps (or near-transparent) MP3/lossy",44100,20833,22050,12.5
/home/adam/driveBig/Music/My Playlist/Your Time Is Gonna Come - Led Zeppelin - Led Zeppelin I.flac,SUSPECT,"hard cutoff at ~20893Hz, steep 19.4dB/kHz -> likely transcoded from 320kbps (or near-transparent) MP3/lossy",44100,20893,22050,19.4
/home/adam/driveBig/Music/My Playlist/Your Man - Joji - Nectar.flac,SUSPECT,"hard cutoff at ~20989Hz, steep 15.4dB/kHz -> likely transcoded from 320kbps (or near-transparent) MP3/lossy",44100,20989,22050,15.4
/home/adam/driveBig/Music/My Playlist/Your Latest Trick - Dire Straits - Brothers in Arms.flac,SUSPECT,"hard cutoff at ~20333Hz, steep 17.9dB/kHz -> likely transcoded from 256/224kbps MP3/AAC",44100,20333,22050,17.9
/home/adam/driveBig/Music/My Playlist/(Theme From) The Monkees - The Monkees - Greatest Hits.flac,SUSPECT,"hard cutoff at ~21059Hz, steep 14.4dB/kHz -> likely transcoded from 320kbps (or near-transparent) MP3/lossy",44100,21059,22050,14.4
/home/adam/driveBig/Music/My Playlist/Identity - grandson - Death of an Optimist.flac,SUSPECT,"hard cutoff at ~21054Hz, steep 22.5dB/kHz -> likely transcoded from 320kbps (or near-transparent) MP3/lossy",44100,21054,22050,22.5
/home/adam/driveBig/Music/My Playlist/idtwcbf (friends) - BoyWithUke - Antisocial.flac,SUSPECT,"hard cutoff at ~20640Hz, steep 18.3dB/kHz -> likely transcoded from 256/224kbps MP3/AAC",44100,20640,22050,18.3
/home/adam/driveBig/Music/My Playlist/If I Could Only Flag Her Down - ZZ Top - Eliminator.flac,SUSPECT,"hard cutoff at ~20903Hz, steep 14.4dB/kHz -> likely transcoded from 320kbps (or near-transparent) MP3/lossy",44100,20903,22050,14.4
/home/adam/driveBig/Music/My Playlist/A Pearl - Mitski - Be the Cowboy.flac,SUSPECT,"hard cutoff at ~20968Hz, steep 15.9dB/kHz -> likely transcoded from 320kbps (or near-transparent) MP3/lossy",44100,20968,22050,15.9
/home/adam/driveBig/Music/My Playlist/A Praise Chorus - Jimmy Eat World - Bleed American.flac,SUSPECT,"hard cutoff at ~20968Hz, steep 16.7dB/kHz -> likely transcoded from 320kbps (or near-transparent) MP3/lossy",44100,20968,22050,16.7
/home/adam/driveBig/Music/My Playlist/A View to a Kill - Duran Duran - Greatest.flac,SUSPECT,"hard cutoff at ~20263Hz, steep 12.4dB/kHz -> likely transcoded from 256/224kbps MP3/AAC",44100,20263,22050,12.4
/home/adam/driveBig/Music/My Playlist/On Some Emo Shit - Blink-182 - NINE.flac,SUSPECT,"hard cutoff at ~21006Hz, steep 16.7dB/kHz -> likely transcoded from 320kbps (or near-transparent) MP3/lossy",44100,21006,22050,16.7
/home/adam/driveBig/Music/My Playlist/Pleader - alt-J - Relaxer.flac,SUSPECT,"hard cutoff at ~20963Hz, steep 20.4dB/kHz -> likely transcoded from 320kbps (or near-transparent) MP3/lossy",44100,20963,22050,20.4
/home/adam/driveBig/Music/My Playlist/Please Do Not Go - Violent Femmes - Violent Femmes.flac,SUSPECT,"hard cutoff at ~20392Hz, steep 13.9dB/kHz -> likely transcoded from 256/224kbps MP3/AAC",44100,20392,22050,13.9
/home/adam/driveBig/Music/My Playlist/Destroyer - Of Monsters and Men - Tíu.flac,SUSPECT,"hard cutoff at ~20946Hz, steep 12.8dB/kHz -> likely transcoded from 320kbps (or near-transparent) MP3/lossy",44100,20946,22050,12.8
/home/adam/driveBig/Music/My Playlist/Don't Abuse Me - Joan Jett - Bad Reputation.flac,SUSPECT,"hard cutoff at ~20602Hz, steep 14.1dB/kHz -> likely transcoded from 256/224kbps MP3/AAC",44100,20602,22050,14.1
/home/adam/driveBig/Music/My Playlist/Don't Dream It's Over - Crowded House - Alle 40 Goed (80's Volume 2) CD2.flac,SUSPECT,"hard cutoff at ~20290Hz, steep 13.2dB/kHz -> likely transcoded from 256/224kbps MP3/AAC",44100,20290,22050,13.2
/home/adam/driveBig/Music/My Playlist/I Was Made For Lovin' You - Kiss - Dynasty.flac,SUSPECT,"hard cutoff at ~21027Hz, steep 21.0dB/kHz -> likely transcoded from 320kbps (or near-transparent) MP3/lossy",44100,21027,22050,21
/home/adam/driveBig/Music/My Playlist/I Wish - BoyWithUke - Melatonin Dreams.flac,SUSPECT,"hard cutoff at ~19380Hz, steep 17.0dB/kHz -> likely transcoded from 192kbps MP3",44100,19380,22050,17
/home/adam/driveBig/Music/My Playlist/Low Rider - War - Dazed and Confused.flac,SUSPECT,"hard cutoff at ~20656Hz, steep 13.2dB/kHz -> likely transcoded from 256/224kbps MP3/AAC",44100,20656,22050,13.2
/home/adam/driveBig/Music/My Playlist/Lucid (interlude) - BoyWithUke - Lucid Dreams.flac,SUSPECT,"hard cutoff at ~20435Hz, steep 14.7dB/kHz -> likely transcoded from 256/224kbps MP3/AAC",44100,20435,22050,14.7
/home/adam/driveBig/Music/My Playlist/Zoning Out - BoyWithUke - Melatonin Dreams.flac,SUSPECT,"hard cutoff at ~16694Hz, steep 22.6dB/kHz -> likely transcoded from 128kbps MP3",44100,16694,22050,22.6
/home/adam/driveBig/Music/My Playlist/Ziti E Buoni - Måneskin - Live At Toyosu Pit.flac,SUSPECT,"hard cutoff at ~19574Hz, steep 13.9dB/kHz -> likely transcoded from 256/224kbps MP3/AAC",44100,19574,22050,13.9
/home/adam/driveBig/Music/My Playlist/Tuesday’s Gone - Lynyrd Skynyrd - Dazed and Confused.flac,SUSPECT,"hard cutoff at ~20634Hz, steep 13.9dB/kHz -> likely transcoded from 256/224kbps MP3/AAC",44100,20634,22050,13.9
/home/adam/driveBig/Music/My Playlist/Try And Love Again - Eagles - Hotel California.flac,SUSPECT,"hard cutoff at ~20354Hz, steep 17.2dB/kHz -> likely transcoded from 256/224kbps MP3/AAC",44100,20354,22050,17.2
/home/adam/driveBig/Music/My Playlist/Indigo - Daniel Champagne.flac,SUSPECT,"hard cutoff at ~20187Hz, steep 21.9dB/kHz -> likely transcoded from 256/224kbps MP3/AAC",44100,20187,22050,21.9
/home/adam/driveBig/Music/My Playlist/ATTENTION - Joji - Ballads 1.flac,SUSPECT,"hard cutoff at ~16031Hz, steep 15.3dB/kHz -> likely transcoded from 128kbps MP3",44100,16031,22050,15.3
"/home/adam/driveBig/Music/My Playlist/Frankly, Mr. Shankly - The Smiths - The Queen Is Dead.flac",SUSPECT,"hard cutoff at ~20387Hz, steep 19.6dB/kHz -> likely transcoded from 256/224kbps MP3/AAC",44100,20387,22050,19.6
/home/adam/driveBig/Music/My Playlist/Freak Like You - The Struts - YOUNG&DANGEROUS.flac,SUSPECT,"hard cutoff at ~21038Hz, steep 20.3dB/kHz -> likely transcoded from 320kbps (or near-transparent) MP3/lossy",44100,21038,22050,20.3
/home/adam/driveBig/Music/My Playlist/Golden - Barns Courtney.flac,SUSPECT,"hard cutoff at ~20882Hz, steep 19.7dB/kHz -> likely transcoded from 320kbps (or near-transparent) MP3/lossy",44100,20882,22050,19.7
/home/adam/driveBig/Music/My Playlist/Golden - Barns Courtney - Supernatural.flac,SUSPECT,"hard cutoff at ~20882Hz, steep 19.7dB/kHz -> likely transcoded from 320kbps (or near-transparent) MP3/lossy",44100,20882,22050,19.7
/home/adam/driveBig/Music/My Playlist/I Feel Free - Eric Clapton - The Cream of Clapton.flac,SUSPECT,"hard cutoff at ~20661Hz, steep 21.1dB/kHz -> likely transcoded from 256/224kbps MP3/AAC",44100,20661,22050,21.1
"/home/adam/driveBig/Music/My Playlist/Irgendwie, Irgendwo, Irgendwann - Nena - 99 Luftballons.flac",SUSPECT,"hard cutoff at ~20876Hz, steep 16.1dB/kHz -> likely transcoded from 320kbps (or near-transparent) MP3/lossy",44100,20876,22050,16.1
/home/adam/driveBig/Music/My Playlist/It's the End of the World As We Know It (And I Feel Fine) - R.E.M. - Document (R.E.M. No. 5).flac,SUSPECT,"hard cutoff at ~20618Hz, steep 14.4dB/kHz -> likely transcoded from 256/224kbps MP3/AAC",44100,20618,22050,14.4
/home/adam/driveBig/Music/My Playlist/It's Over - Roy Orbison - The Very Best Of.flac,SUSPECT,"hard cutoff at ~20440Hz, steep 12.1dB/kHz -> likely transcoded from 256/224kbps MP3/AAC",44100,20440,22050,12.1
/home/adam/driveBig/Music/My Playlist/Last Beat - Bad Nerves - Bad Nerves.flac,SUSPECT,"hard cutoff at ~20295Hz, steep 25.6dB/kHz -> likely transcoded from 256/224kbps MP3/AAC",44100,20295,22050,25.6
/home/adam/driveBig/Music/My Playlist/Last Stop - This Town - Eels - Meet the Eels - Essential Eels.flac,SUSPECT,"hard cutoff at ~21151Hz, steep 13.5dB/kHz -> likely transcoded from 320kbps (or near-transparent) MP3/lossy",44100,21151,22050,13.5
/home/adam/driveBig/Music/My Playlist/Lateralus - Tool.flac,SUSPECT,"hard cutoff at ~20882Hz, steep 17.1dB/kHz -> likely transcoded from 320kbps (or near-transparent) MP3/lossy",44100,20882,22050,17.1
/home/adam/driveBig/Music/My Playlist/Last Year - Alt-J; Marika Hackman - Relaxer.flac,SUSPECT,"hard cutoff at ~20876Hz, steep 18.1dB/kHz -> likely transcoded from 320kbps (or near-transparent) MP3/lossy",44100,20876,22050,18.1
/home/adam/driveBig/Music/My Playlist/More Than You Know - Blink-182 - One More Time....flac,SUSPECT,"hard cutoff at ~20602Hz, steep 13.3dB/kHz -> likely transcoded from 256/224kbps MP3/AAC",44100,20602,22050,13.3
/home/adam/driveBig/Music/My Playlist/Mysterious Girl - Damiano David - FUNNY little FEARS.flac,SUSPECT,"hard cutoff at ~21022Hz, steep 13.2dB/kHz -> likely transcoded from 320kbps (or near-transparent) MP3/lossy",44100,21022,22050,13.2
/home/adam/driveBig/Music/My Playlist/Nara - alt-J - This Is All Yours.flac,SUSPECT,"hard cutoff at ~20747Hz, steep 18.1dB/kHz -> likely transcoded from 256/224kbps MP3/AAC",44100,20747,22050,18.1
/home/adam/driveBig/Music/My Playlist/Son of a Preacher Man - Dusty Springfield - Pulp Fiction.flac,SUSPECT,"hard cutoff at ~20720Hz, steep 13.6dB/kHz -> likely transcoded from 256/224kbps MP3/AAC",44100,20720,22050,13.6
/home/adam/driveBig/Music/My Playlist/National Treasure - Barns Courtney - Supernatural.flac,SUSPECT,"hard cutoff at ~20833Hz, steep 12.8dB/kHz -> likely transcoded from 320kbps (or near-transparent) MP3/lossy",44100,20833,22050,12.8
/home/adam/driveBig/Music/My Playlist/Soon - My Bloody Valentine - Loveless.flac,SUSPECT,"hard cutoff at ~20478Hz, steep 13.9dB/kHz -> likely transcoded from 256/224kbps MP3/AAC",44100,20478,22050,13.9
/home/adam/driveBig/Music/My Playlist/Working for the Man - Roy Orbison - The Essential Roy Orbison.flac,SUSPECT,"hard cutoff at ~21108Hz, steep 16.5dB/kHz -> likely transcoded from 320kbps (or near-transparent) MP3/lossy",44100,21108,22050,16.5
/home/adam/driveBig/Music/My Playlist/Dissolve Me - alt-J - An Awesome Wave.flac,SUSPECT,"hard cutoff at ~21108Hz, steep 18.7dB/kHz -> likely transcoded from 320kbps (or near-transparent) MP3/lossy",44100,21108,22050,18.7
/home/adam/driveBig/Music/My Playlist/Do I Wanna Know - Arctic Monkeys - AM.flac,SUSPECT,"hard cutoff at ~21076Hz, steep 17.3dB/kHz -> likely transcoded from 320kbps (or near-transparent) MP3/lossy",44100,21076,22050,17.3
/home/adam/driveBig/Music/My Playlist/Fade to Black - Daniel Champagne - The Heartland Hurricanes.flac,SUSPECT,"hard cutoff at ~21135Hz, steep 16.7dB/kHz -> likely transcoded from 320kbps (or near-transparent) MP3/lossy",44100,21135,22050,16.7
/home/adam/driveBig/Music/My Playlist/Fairly Local - Twenty One Pilots - Blurryface.flac,SUSPECT,"hard cutoff at ~21151Hz, steep 16.6dB/kHz -> likely transcoded from 320kbps (or near-transparent) MP3/lossy",44100,21151,22050,16.6
/home/adam/driveBig/Music/My Playlist/Mary Go Round - The Struts - Everybody Wants.flac,SUSPECT,"hard cutoff at ~20963Hz, steep 18.7dB/kHz -> likely transcoded from 320kbps (or near-transparent) MP3/lossy",44100,20963,22050,18.7
/home/adam/driveBig/Music/My Playlist/Mary on a Cross - Ghost - Seven Inches of Satanic Panic.flac,SUSPECT,"hard cutoff at ~21162Hz, steep 13.5dB/kHz -> likely transcoded from 320kbps (or near-transparent) MP3/lossy",44100,21162,22050,13.5
/home/adam/driveBig/Music/My Playlist/Rock and Roll All Nite - Kiss - Dazed and Confused.flac,SUSPECT,"hard cutoff at ~20720Hz, steep 22.1dB/kHz -> likely transcoded from 256/224kbps MP3/AAC",44100,20720,22050,22.1
"/home/adam/driveBig/Music/My Playlist/Mary, Mary - The Monkees - Greatest Hits.flac",SUSPECT,"hard cutoff at ~21070Hz, steep 17.5dB/kHz -> likely transcoded from 320kbps (or near-transparent) MP3/lossy",44100,21070,22050,17.5
/home/adam/driveBig/Music/My Playlist/Mascara - Deftones - Around the Fur.flac,SUSPECT,"hard cutoff at ~20860Hz, steep 12.7dB/kHz -> likely transcoded from 320kbps (or near-transparent) MP3/lossy",44100,20860,22050,12.7
/home/adam/driveBig/Music/My Playlist/Masochist - Ren - Sick Boi.flac,SUSPECT,"hard cutoff at ~17194Hz, steep 27.7dB/kHz -> likely transcoded from 160kbps MP3",44100,17194,22050,27.7
"/home/adam/driveBig/Music/My Playlist/Rock Your Heart Out - AC,DC - The Razors Edge.flac",SUSPECT,"hard cutoff at ~20672Hz, steep 15.5dB/kHz -> likely transcoded from 256/224kbps MP3/AAC",44100,20672,22050,15.5
/home/adam/driveBig/Music/My Playlist/The Boy With the Thorn in His Side - The Smiths - The Queen Is Dead.flac,SUSPECT,"hard cutoff at ~20354Hz, steep 18.2dB/kHz -> likely transcoded from 256/224kbps MP3/AAC",44100,20354,22050,18.2
/home/adam/driveBig/Music/My Playlist/Rocket - Def Leppard - Hysteria.flac,SUSPECT,"hard cutoff at ~20812Hz, steep 19.0dB/kHz -> likely transcoded from 320kbps (or near-transparent) MP3/lossy",44100,20812,22050,19
/home/adam/driveBig/Music/My Playlist/Blue Light - Mitski - Be the Cowboy.flac,SUSPECT,"hard cutoff at ~21027Hz, steep 19.2dB/kHz -> likely transcoded from 320kbps (or near-transparent) MP3/lossy",44100,21027,22050,19.2
/home/adam/driveBig/Music/My Playlist/Body Talks - The Struts - YOUNG&DANGEROUS.flac,SUSPECT,"hard cutoff at ~20995Hz, steep 16.8dB/kHz -> likely transcoded from 320kbps (or near-transparent) MP3/lossy",44100,20995,22050,16.8
/home/adam/driveBig/Music/My Playlist/Bodys - Car Seat Headrest - Twin Fantasy.flac,SUSPECT,"hard cutoff at ~20957Hz, steep 14.0dB/kHz -> likely transcoded from 320kbps (or near-transparent) MP3/lossy",44100,20957,22050,14
/home/adam/driveBig/Music/My Playlist/Bodysnatchers - Radiohead - In Rainbows.flac,SUSPECT,"hard cutoff at ~21086Hz, steep 19.5dB/kHz -> likely transcoded from 320kbps (or near-transparent) MP3/lossy",44100,21086,22050,19.5
/home/adam/driveBig/Music/My Playlist/Jack & Diane - John Mellencamp - American Fool.flac,SUSPECT,"hard cutoff at ~20666Hz, steep 24.3dB/kHz -> likely transcoded from 256/224kbps MP3/AAC",44100,20666,22050,24.3
/home/adam/driveBig/Music/My Playlist/Jaded (feat. Alex Gaskarth) - ONE OK ROCK - Ambitions.flac,SUSPECT,"hard cutoff at ~21000Hz, steep 12.1dB/kHz -> likely transcoded from 320kbps (or near-transparent) MP3/lossy",44100,21000,22050,12.1
/home/adam/driveBig/Music/My Playlist/London Girls - Barns Courtney - 404.flac,SUSPECT,"hard cutoff at ~20397Hz, steep 12.4dB/kHz -> likely transcoded from 256/224kbps MP3/AAC",44100,20397,22050,12.4
/home/adam/driveBig/Music/My Playlist/Lonely Boy - The Black Keys - El Camino.flac,SUSPECT,"hard cutoff at ~20973Hz, steep 14.9dB/kHz -> likely transcoded from 320kbps (or near-transparent) MP3/lossy",44100,20973,22050,14.9
/home/adam/driveBig/Music/My Playlist/Lonesome Love - Mitski - Be the Cowboy.flac,SUSPECT,"hard cutoff at ~21006Hz, steep 19.9dB/kHz -> likely transcoded from 320kbps (or near-transparent) MP3/lossy",44100,21006,22050,19.9
/home/adam/driveBig/Music/My Playlist/When You Sleep - My Bloody Valentine - Loveless.flac,SUSPECT,"hard cutoff at ~20537Hz, steep 14.2dB/kHz -> likely transcoded from 256/224kbps MP3/AAC",44100,20537,22050,14.2
/home/adam/driveBig/Music/My Playlist/Somebody New - The Struts - YOUNG&DANGEROUS.flac,SUSPECT,"hard cutoff at ~21033Hz, steep 20.5dB/kHz -> likely transcoded from 320kbps (or near-transparent) MP3/lossy",44100,21033,22050,20.5
/home/adam/driveBig/Music/My Playlist/Where Does The Time Go - Rich Brian; Joji - The Sailor.flac,SUSPECT,"hard cutoff at ~21038Hz, steep 19.2dB/kHz -> likely transcoded from 320kbps (or near-transparent) MP3/lossy",44100,21038,22050,19.2
/home/adam/driveBig/Music/My Playlist/Where Has Everyone Gone - James Marriott - Bitter Tongues.flac,SUSPECT,"hard cutoff at ~20381Hz, steep 16.1dB/kHz -> likely transcoded from 256/224kbps MP3/AAC",44100,20381,22050,16.1
/home/adam/driveBig/Music/My Playlist/Wooly Bully - Joan Jett - Bad Reputation.flac,SUSPECT,"hard cutoff at ~20532Hz, steep 13.1dB/kHz -> likely transcoded from 256/224kbps MP3/AAC",44100,20532,22050,13.1
