path,verdict,detail,samplerate,cutoff_hz,nyquist_hz,slope_db_per_khz
/home/adam/driveBig/Music/Lofi/10.05 MB.flac,GRADUAL_ROLLOFF,"rolloff at ~15940Hz but gentle (1.7dB/kHz) - could be an old master/analog source, not necessarily transcoded",44100,15940,22050,1.7
/home/adam/driveBig/Music/Lofi/10.03 MB.flac,GRADUAL_ROLLOFF,"rolloff at ~19767Hz but gentle (8.0dB/kHz) - could be an old master/analog source, not necessarily transcoded",44100,19767,22050,8.0
/home/adam/driveBig/Music/Lofi/18.64 MB.flac,GRADUAL_ROLLOFF,"rolloff at ~9162Hz but gentle (4.1dB/kHz) - could be an old master/analog source, not necessarily transcoded",44100,9162,22050,4.1
/home/adam/driveBig/Music/Lofi/10.12 MB.flac,GRADUAL_ROLLOFF,"rolloff at ~20941Hz but gentle (9.5dB/kHz) - could be an old master/analog source, not necessarily transcoded",44100,20941,22050,9.5
/home/adam/driveBig/Music/Lofi/23.01 MB.flac,GRADUAL_ROLLOFF,"rolloff at ~5335Hz but gentle (5.4dB/kHz) - could be an old master/analog source, not necessarily transcoded",44100,5335,22050,5.4
/home/adam/driveBig/Music/Lofi/19.85 MB.flac,GRADUAL_ROLLOFF,"rolloff at ~17388Hz but gentle (1.5dB/kHz) - could be an old master/analog source, not necessarily transcoded",44100,17388,22050,1.5
/home/adam/driveBig/Music/Lofi/10.13 MB.flac,GRADUAL_ROLLOFF,"rolloff at ~15450Hz but gentle (2.1dB/kHz) - could be an old master/analog source, not necessarily transcoded",44100,15450,22050,2.1
/home/adam/driveBig/Music/Lofi/3.76 MB.flac,GRADUAL_ROLLOFF,"rolloff at ~12317Hz but gentle (4.2dB/kHz) - could be an old master/analog source, not necessarily transcoded",44100,12317,22050,4.2
/home/adam/driveBig/Music/Lofi/7.53 MB.flac,GRADUAL_ROLLOFF,"rolloff at ~16101Hz but gentle (2.8dB/kHz) - could be an old master/analog source, not necessarily transcoded",44100,16101,22050,2.8
/home/adam/driveBig/Music/Lofi/7.89 MB.flac,SUSPECT,"hard cutoff at ~10094Hz, steep 12.6dB/kHz -> likely transcoded from very low bitrate (<128kbps) or heavily filtered source",44100,10094,22050,12.6
/home/adam/driveBig/Music/Lofi/7.94 MB.flac,GRADUAL_ROLLOFF,"rolloff at ~11526Hz but gentle (5.3dB/kHz) - could be an old master/analog source, not necessarily transcoded",44100,11526,22050,5.3
/home/adam/driveBig/Music/Lofi/6.38 MB.flac,GRADUAL_ROLLOFF,"rolloff at ~6234Hz but gentle (5.0dB/kHz) - could be an old master/analog source, not necessarily transcoded",44100,6234,22050,5.0
/home/adam/driveBig/Music/Lofi/7.95 MB.flac,GRADUAL_ROLLOFF,"rolloff at ~15994Hz but gentle (1.2dB/kHz) - could be an old master/analog source, not necessarily transcoded",44100,15994,22050,1.2
/home/adam/driveBig/Music/Lofi/7.60 MB.flac,GRADUAL_ROLLOFF,"rolloff at ~15563Hz but gentle (1.6dB/kHz) - could be an old master/analog source, not necessarily transcoded",44100,15563,22050,1.6
/home/adam/driveBig/Music/Lofi/29.50 MB.flac,GRADUAL_ROLLOFF,"rolloff at ~15875Hz but gentle (5.2dB/kHz) - could be an old master/analog source, not necessarily transcoded",44100,15875,22050,5.2
/home/adam/driveBig/Music/Lofi/8.22 MB.flac,GRADUAL_ROLLOFF,"rolloff at ~19052Hz but gentle (2.1dB/kHz) - could be an old master/analog source, not necessarily transcoded",44100,19052,22050,2.1
/home/adam/driveBig/Music/Lofi/8.01 MB.flac,GRADUAL_ROLLOFF,"rolloff at ~11445Hz but gentle (1.1dB/kHz) - could be an old master/analog source, not necessarily transcoded",44100,11445,22050,1.1
/home/adam/driveBig/Music/Lofi/8.04 MB.flac,GRADUAL_ROLLOFF,"rolloff at ~20209Hz but gentle (2.3dB/kHz) - could be an old master/analog source, not necessarily transcoded",44100,20209,22050,2.3
/home/adam/driveBig/Music/Lofi/8.33 MB.flac,GRADUAL_ROLLOFF,"rolloff at ~8796Hz but gentle (3.6dB/kHz) - could be an old master/analog source, not necessarily transcoded",44100,8796,22050,3.6
/home/adam/driveBig/Music/Lofi/8.36 MB.flac,GRADUAL_ROLLOFF,"rolloff at ~10255Hz but gentle (2.8dB/kHz) - could be an old master/analog source, not necessarily transcoded",44100,10255,22050,2.8
/home/adam/driveBig/Music/Lofi/8.45 MB.flac,GRADUAL_ROLLOFF,"rolloff at ~8296Hz but gentle (1.4dB/kHz) - could be an old master/analog source, not necessarily transcoded",44100,8296,22050,1.4
/home/adam/driveBig/Music/Lofi/8.51 MB.flac,GRADUAL_ROLLOFF,"rolloff at ~11488Hz but gentle (2.7dB/kHz) - could be an old master/analog source, not necessarily transcoded",44100,11488,22050,2.7
/home/adam/driveBig/Music/Lofi/8.32 MB.flac,GRADUAL_ROLLOFF,"rolloff at ~13022Hz but gentle (1.3dB/kHz) - could be an old master/analog source, not necessarily transcoded",44100,13022,22050,1.3
/home/adam/driveBig/Music/Lofi/8.13 MB.flac,GRADUAL_ROLLOFF,"rolloff at ~19202Hz but gentle (5.0dB/kHz) - could be an old master/analog source, not necessarily transcoded",44100,19202,22050,5.0
/home/adam/driveBig/Music/Lofi/8.56 MB.flac,GRADUAL_ROLLOFF,"rolloff at ~9631Hz but gentle (7.6dB/kHz) - could be an old master/analog source, not necessarily transcoded",44100,9631,22050,7.6
/home/adam/driveBig/Music/Lofi/8.87 MB.flac,GRADUAL_ROLLOFF,"rolloff at ~16387Hz but gentle (3.8dB/kHz) - could be an old master/analog source, not necessarily transcoded",44100,16387,22050,3.8
/home/adam/driveBig/Music/Lofi/8.86 MB.flac,GRADUAL_ROLLOFF,"rolloff at ~15961Hz but gentle (0.2dB/kHz) - could be an old master/analog source, not necessarily transcoded",44100,15961,22050,0.2
/home/adam/driveBig/Music/Lofi/8.73 MB.flac,GRADUAL_ROLLOFF,"rolloff at ~20004Hz but gentle (1.1dB/kHz) - could be an old master/analog source, not necessarily transcoded",44100,20004,22050,1.1
/home/adam/driveBig/Music/Lofi/8.94 MB.flac,GRADUAL_ROLLOFF,"rolloff at ~13480Hz but gentle (1.6dB/kHz) - could be an old master/analog source, not necessarily transcoded",44100,13480,22050,1.6
/home/adam/driveBig/Music/Lofi/8.76 MB.flac,GRADUAL_ROLLOFF,"rolloff at ~17232Hz but gentle (0.9dB/kHz) - could be an old master/analog source, not necessarily transcoded",44100,17232,22050,0.9
/home/adam/driveBig/Music/Lofi/Breathing Hyometer - Progfox - Rain World- Downpour- Original Soundtrack.flac,SUSPECT,"hard cutoff at ~16715Hz, steep 28.3dB/kHz -> likely transcoded from 128kbps MP3",44100,16715,22050,28.3
/home/adam/driveBig/Music/Lofi/Biome Fest - C418 - Minecraft - Volume Beta.flac,GRADUAL_ROLLOFF,"rolloff at ~5254Hz but gentle (0.9dB/kHz) - could be an old master/analog source, not necessarily transcoded",44100,5254,22050,0.9
/home/adam/driveBig/Music/Lofi/Bio-Engineering - James Primate; Lydia Primate - Rain World OST.flac,CLEAN,content extends to 21555Hz (Nyquist 22050Hz) - looks genuine,44100,21555,22050,38.5
/home/adam/driveBig/Music/Lofi/8.83 MB.flac,GRADUAL_ROLLOFF,"rolloff at ~15725Hz but gentle (1.7dB/kHz) - could be an old master/analog source, not necessarily transcoded",44100,15725,22050,1.7
/home/adam/driveBig/Music/Lofi/Black Moonlight - James Primate - Rain World OST.flac,SUSPECT,"hard cutoff at ~21113Hz, steep 12.3dB/kHz -> likely transcoded from 320kbps (or near-transparent) MP3/lossy",44100,21113,22050,12.3
/home/adam/driveBig/Music/Lofi/8.61 MB.flac,GRADUAL_ROLLOFF,"rolloff at ~14212Hz but gentle (2.1dB/kHz) - could be an old master/analog source, not necessarily transcoded",44100,14212,22050,2.1
/home/adam/driveBig/Music/Lofi/Blind Spots - C418 - Minecraft - Volume Beta.flac,GRADUAL_ROLLOFF,"rolloff at ~9432Hz but gentle (1.3dB/kHz) - could be an old master/analog source, not necessarily transcoded",44100,9432,22050,1.3
/home/adam/driveBig/Music/Lofi/Blocks - C418 - Minecraft - Volume Beta.flac,GRADUAL_ROLLOFF,"rolloff at ~12527Hz but gentle (1.4dB/kHz) - could be an old master/analog source, not necessarily transcoded",44100,12527,22050,1.4
/home/adam/driveBig/Music/Lofi/Bloom - Progfox - Rain World- Downpour- Original Soundtrack.flac,SUSPECT,"hard cutoff at ~16177Hz, steep 14.5dB/kHz -> likely transcoded from 128kbps MP3",44100,16177,22050,14.5
/home/adam/driveBig/Music/Lofi/Children of the Ruins - Nightmargin; Eliza Velasquez - Oneshot- Original Game Soundtrack.flac,GRADUAL_ROLLOFF,"rolloff at ~16010Hz but gentle (9.2dB/kHz) - could be an old master/analog source, not necessarily transcoded",44100,16010,22050,9.2
/home/adam/driveBig/Music/Lofi/12.16 MB.flac,GRADUAL_ROLLOFF,"rolloff at ~12925Hz but gentle (2.7dB/kHz) - could be an old master/analog source, not necessarily transcoded",44100,12925,22050,2.7
/home/adam/driveBig/Music/Lofi/12.23 MB.flac,GRADUAL_ROLLOFF,"rolloff at ~20812Hz but gentle (8.7dB/kHz) - could be an old master/analog source, not necessarily transcoded",44100,20812,22050,8.7
/home/adam/driveBig/Music/Lofi/12.32 MB.flac,GRADUAL_ROLLOFF,"rolloff at ~5857Hz but gentle (1.2dB/kHz) - could be an old master/analog source, not necessarily transcoded",44100,5857,22050,1.2
/home/adam/driveBig/Music/Lofi/Chilblain Grace - Ongomato - Rain World- Downpour- Original Soundtrack.flac,SUSPECT,"hard cutoff at ~16753Hz, steep 26.7dB/kHz -> likely transcoded from 128kbps MP3",44100,16753,22050,26.7
/home/adam/driveBig/Music/Lofi/12.45 MB.flac,GRADUAL_ROLLOFF,"rolloff at ~18319Hz but gentle (4.2dB/kHz) - could be an old master/analog source, not necessarily transcoded",44100,18319,22050,4.2
/home/adam/driveBig/Music/Lofi/12.38 MB.flac,GRADUAL_ROLLOFF,"rolloff at ~14050Hz but gentle (0.2dB/kHz) - could be an old master/analog source, not necessarily transcoded",44100,14050,22050,0.2
/home/adam/driveBig/Music/Lofi/12.49 MB.flac,GRADUAL_ROLLOFF,"rolloff at ~15208Hz but gentle (3.7dB/kHz) - could be an old master/analog source, not necessarily transcoded",44100,15208,22050,3.7
/home/adam/driveBig/Music/Lofi/Cat - C418 - Minecraft - Volume Alpha.flac,GRADUAL_ROLLOFF,"rolloff at ~10729Hz but gentle (0.2dB/kHz) - could be an old master/analog source, not necessarily transcoded",44100,10729,22050,0.2
/home/adam/driveBig/Music/Lofi/12.46 MB.flac,GRADUAL_ROLLOFF,"rolloff at ~15741Hz but gentle (3.2dB/kHz) - could be an old master/analog source, not necessarily transcoded",44100,15741,22050,3.2
/home/adam/driveBig/Music/Lofi/12.60 MB.flac,GRADUAL_ROLLOFF,"rolloff at ~20096Hz but gentle (10.7dB/kHz) - could be an old master/analog source, not necessarily transcoded",44100,20096,22050,10.7
/home/adam/driveBig/Music/Lofi/12.71 MB.flac,GRADUAL_ROLLOFF,"rolloff at ~16817Hz but gentle (1.1dB/kHz) - could be an old master/analog source, not necessarily transcoded",44100,16817,22050,1.1
/home/adam/driveBig/Music/Lofi/12.72 MB.flac,GRADUAL_ROLLOFF,"rolloff at ~18508Hz but gentle (10.0dB/kHz) - could be an old master/analog source, not necessarily transcoded",44100,18508,22050,10.0
/home/adam/driveBig/Music/Lofi/12.76 MB.flac,GRADUAL_ROLLOFF,"rolloff at ~18039Hz but gentle (0.9dB/kHz) - could be an old master/analog source, not necessarily transcoded",44100,18039,22050,0.9
/home/adam/driveBig/Music/Lofi/12.86 MB.flac,GRADUAL_ROLLOFF,"rolloff at ~14960Hz but gentle (4.2dB/kHz) - could be an old master/analog source, not necessarily transcoded",44100,14960,22050,4.2
/home/adam/driveBig/Music/Lofi/12.79 MB.flac,GRADUAL_ROLLOFF,"rolloff at ~19994Hz but gentle (6.7dB/kHz) - could be an old master/analog source, not necessarily transcoded",44100,19994,22050,6.7
/home/adam/driveBig/Music/Lofi/12.87 MB.flac,GRADUAL_ROLLOFF,"rolloff at ~13727Hz but gentle (2.3dB/kHz) - could be an old master/analog source, not necessarily transcoded",44100,13727,22050,2.3
/home/adam/driveBig/Music/Lofi/12.83 MB.flac,GRADUAL_ROLLOFF,"rolloff at ~18459Hz but gentle (6.6dB/kHz) - could be an old master/analog source, not necessarily transcoded",44100,18459,22050,6.6
/home/adam/driveBig/Music/Lofi/12.91 MB.flac,GRADUAL_ROLLOFF,"rolloff at ~19708Hz but gentle (2.1dB/kHz) - could be an old master/analog source, not necessarily transcoded",44100,19708,22050,2.1
/home/adam/driveBig/Music/Lofi/12.94 MB.flac,GRADUAL_ROLLOFF,"rolloff at ~18691Hz but gentle (2.8dB/kHz) - could be an old master/analog source, not necessarily transcoded",44100,18691,22050,2.8
/home/adam/driveBig/Music/Lofi/13.00 MB.flac,GRADUAL_ROLLOFF,"rolloff at ~19202Hz but gentle (0.4dB/kHz) - could be an old master/analog source, not necessarily transcoded",44100,19202,22050,0.4
/home/adam/driveBig/Music/Lofi/13.12 MB.flac,GRADUAL_ROLLOFF,"rolloff at ~17415Hz but gentle (3.4dB/kHz) - could be an old master/analog source, not necessarily transcoded",44100,17415,22050,3.4
/home/adam/driveBig/Music/Lofi/13.16 MB.flac,GRADUAL_ROLLOFF,"rolloff at ~12737Hz but gentle (2.0dB/kHz) - could be an old master/analog source, not necessarily transcoded",44100,12737,22050,2.0
/home/adam/driveBig/Music/Lofi/13.08 MB.flac,GRADUAL_ROLLOFF,"rolloff at ~15848Hz but gentle (4.5dB/kHz) - could be an old master/analog source, not necessarily transcoded",44100,15848,22050,4.5
/home/adam/driveBig/Music/Lofi/13.10 MB.flac,GRADUAL_ROLLOFF,"rolloff at ~16726Hz but gentle (3.9dB/kHz) - could be an old master/analog source, not necessarily transcoded",44100,16726,22050,3.9
/home/adam/driveBig/Music/Lofi/13.31 MB_.flac,GRADUAL_ROLLOFF,"rolloff at ~19154Hz but gentle (2.7dB/kHz) - could be an old master/analog source, not necessarily transcoded",44100,19154,22050,2.7
/home/adam/driveBig/Music/Lofi/13.36 MB.flac,GRADUAL_ROLLOFF,"rolloff at ~14040Hz but gentle (5.8dB/kHz) - could be an old master/analog source, not necessarily transcoded",44100,14040,22050,5.8
/home/adam/driveBig/Music/Lofi/13.31 MB.flac,GRADUAL_ROLLOFF,"rolloff at ~18190Hz but gentle (2.6dB/kHz) - could be an old master/analog source, not necessarily transcoded",44100,18190,22050,2.6
/home/adam/driveBig/Music/Lofi/13.72 MB.flac,GRADUAL_ROLLOFF,"rolloff at ~18637Hz but gentle (3.9dB/kHz) - could be an old master/analog source, not necessarily transcoded",44100,18637,22050,3.9
/home/adam/driveBig/Music/Lofi/13.80 MB.flac,GRADUAL_ROLLOFF,"rolloff at ~20548Hz but gentle (6.9dB/kHz) - could be an old master/analog source, not necessarily transcoded",44100,20548,22050,6.9
/home/adam/driveBig/Music/Lofi/13.82 MB.flac,GRADUAL_ROLLOFF,"rolloff at ~11536Hz but gentle (0.9dB/kHz) - could be an old master/analog source, not necessarily transcoded",44100,11536,22050,0.9
/home/adam/driveBig/Music/Lofi/13.42 MB.flac,GRADUAL_ROLLOFF,"rolloff at ~19439Hz but gentle (3.5dB/kHz) - could be an old master/analog source, not necessarily transcoded",44100,19439,22050,3.5
/home/adam/driveBig/Music/Lofi/Library Stroll - Nightmargin; Eliza Velasquez - Oneshot- Original Game Soundtrack.flac,GRADUAL_ROLLOFF,"rolloff at ~15515Hz but gentle (4.6dB/kHz) - could be an old master/analog source, not necessarily transcoded",44100,15515,22050,4.6
/home/adam/driveBig/Music/Lofi/Kayava - James Primate - Rain World OST.flac,CLEAN,content extends to 21345Hz (Nyquist 22050Hz) - looks genuine,44100,21345,22050,21.1
/home/adam/driveBig/Music/Lofi/IT’S TIME TO FIGHT CRIME - Nightmargin; Eliza Velasquez - Oneshot- Original Game Soundtrack.flac,GRADUAL_ROLLOFF,"rolloff at ~15956Hz but gentle (5.0dB/kHz) - could be an old master/analog source, not necessarily transcoded",44100,15956,22050,5.0
/home/adam/driveBig/Music/Lofi/Ki - C418 - Minecraft - Volume Beta.flac,GRADUAL_ROLLOFF,"rolloff at ~11380Hz but gentle (0.9dB/kHz) - could be an old master/analog source, not necessarily transcoded",44100,11380,22050,0.9
/home/adam/driveBig/Music/Lofi/I’m Here - Michael Shirt - Oneshot- Original Game Soundtrack.flac,GRADUAL_ROLLOFF,"rolloff at ~12026Hz but gentle (-0.0dB/kHz) - could be an old master/analog source, not necessarily transcoded",44100,12026,22050,-0.0
/home/adam/driveBig/Music/Lofi/Key - C418 - Minecraft - Volume Alpha.flac,SUSPECT,"hard cutoff at ~2826Hz, steep 18.8dB/kHz -> likely transcoded from very low bitrate (<128kbps) or heavily filtered source",44100,2826,22050,18.8
/home/adam/driveBig/Music/Lofi/Kyoto - C418 - Minecraft - Volume Beta.flac,GRADUAL_ROLLOFF,"rolloff at ~4161Hz but gentle (4.9dB/kHz) - could be an old master/analog source, not necessarily transcoded",44100,4161,22050,4.9
/home/adam/driveBig/Music/Lofi/Lovely Arps - James Primate - Rain World OST.flac,SUSPECT,"hard cutoff at ~19364Hz, steep 17.8dB/kHz -> likely transcoded from 192kbps MP3",44100,19364,22050,17.8
/home/adam/driveBig/Music/Lofi/Mellohi - C418 - Minecraft - Volume Beta.flac,GRADUAL_ROLLOFF,"rolloff at ~12522Hz but gentle (4.2dB/kHz) - could be an old master/analog source, not necessarily transcoded",44100,12522,22050,4.2
/home/adam/driveBig/Music/Lofi/Library Nap - Nightmargin; Eliza Velasquez - Oneshot- Original Game Soundtrack.flac,SUSPECT,"hard cutoff at ~16796Hz, steep 27.1dB/kHz -> likely transcoded from 128kbps MP3",44100,16796,22050,27.1
/home/adam/driveBig/Music/Lofi/Landmarks - Intikus - Rain World- Downpour- Original Soundtrack.flac,SUSPECT,"hard cutoff at ~16101Hz, steep 22.6dB/kHz -> likely transcoded from 128kbps MP3",44100,16101,22050,22.6
/home/adam/driveBig/Music/Lofi/Living Mice - C418 - Minecraft - Volume Alpha.flac,GRADUAL_ROLLOFF,"rolloff at ~10169Hz but gentle (2.2dB/kHz) - could be an old master/analog source, not necessarily transcoded",44100,10169,22050,2.2
/home/adam/driveBig/Music/Lofi/Mall - C418 - Minecraft - Volume Beta.flac,GRADUAL_ROLLOFF,"rolloff at ~7074Hz but gentle (7.4dB/kHz) - could be an old master/analog source, not necessarily transcoded",44100,7074,22050,7.4
/home/adam/driveBig/Music/Lofi/Lost City - Progfox - Rain World- Downpour- Original Soundtrack.flac,GRADUAL_ROLLOFF,"rolloff at ~13119Hz but gentle (7.7dB/kHz) - could be an old master/analog source, not necessarily transcoded",44100,13119,22050,7.7
/home/adam/driveBig/Music/Lofi/Metal Canopy - Progfox - Rain World- Downpour- Original Soundtrack.flac,GRADUAL_ROLLOFF,"rolloff at ~16554Hz but gentle (11.9dB/kHz) - could be an old master/analog source, not necessarily transcoded",44100,16554,22050,11.9
/home/adam/driveBig/Music/Lofi/Minecraft - C418 - Minecraft - Volume Alpha.flac,GRADUAL_ROLLOFF,"rolloff at ~6670Hz but gentle (1.0dB/kHz) - could be an old master/analog source, not necessarily transcoded",44100,6670,22050,1.0
/home/adam/driveBig/Music/Lofi/Mice on Venus - C418 - Minecraft - Volume Alpha.flac,GRADUAL_ROLLOFF,"rolloff at ~13211Hz but gentle (2.6dB/kHz) - could be an old master/analog source, not necessarily transcoded",44100,13211,22050,2.6
/home/adam/driveBig/Music/Lofi/Moog City - C418 - Minecraft - Volume Alpha.flac,GRADUAL_ROLLOFF,"rolloff at ~9119Hz but gentle (0.5dB/kHz) - could be an old master/analog source, not necessarily transcoded",44100,9119,22050,0.5
/home/adam/driveBig/Music/Lofi/The Coast - James Primate - Rain World OST.flac,GRADUAL_ROLLOFF,"rolloff at ~10008Hz but gentle (-0.6dB/kHz) - could be an old master/analog source, not necessarily transcoded",44100,10008,22050,-0.6
/home/adam/driveBig/Music/Lofi/Moog City 2 - C418 - Minecraft - Volume Beta.flac,GRADUAL_ROLLOFF,"rolloff at ~3531Hz but gentle (5.6dB/kHz) - could be an old master/analog source, not necessarily transcoded",44100,3531,22050,5.6
/home/adam/driveBig/Music/Lofi/The Tower - Nightmargin; Eliza Velasquez - Oneshot- Original Game Soundtrack.flac,GRADUAL_ROLLOFF,"rolloff at ~16010Hz but gentle (7.9dB/kHz) - could be an old master/analog source, not necessarily transcoded",44100,16010,22050,7.9
/home/adam/driveBig/Music/Lofi/The End - C418 - Minecraft - Volume Beta.flac,GRADUAL_ROLLOFF,"rolloff at ~7025Hz but gentle (2.4dB/kHz) - could be an old master/analog source, not necessarily transcoded",44100,7025,22050,2.4
/home/adam/driveBig/Music/Lofi/The Prophecy - Nightmargin; Eliza Velasquez - Oneshot- Original Game Soundtrack.flac,GRADUAL_ROLLOFF,"rolloff at ~8005Hz but gentle (2.6dB/kHz) - could be an old master/analog source, not necessarily transcoded",44100,8005,22050,2.6
/home/adam/driveBig/Music/Lofi/Threat - Farm Arrays - James Primate - Rain World OST.flac,CLEAN,content extends to 21517Hz (Nyquist 22050Hz) - looks genuine,44100,21517,22050,30.3
/home/adam/driveBig/Music/Lofi/Threat - Garbage Wastes - James Primate - Rain World OST.flac,CLEAN,content extends to 21479Hz (Nyquist 22050Hz) - looks genuine,44100,21479,22050,30.2
/home/adam/driveBig/Music/Lofi/Threat - Chimney Canopy - James Primate - Rain World OST.flac,CLEAN,content extends to 21522Hz (Nyquist 22050Hz) - looks genuine,44100,21522,22050,33.4
/home/adam/driveBig/Music/Lofi/Threat - Heavy Industrial - James Primate - Rain World OST.flac,CLEAN,content extends to 21533Hz (Nyquist 22050Hz) - looks genuine,44100,21533,22050,35.9
/home/adam/driveBig/Music/Lofi/Threat - Metropolis (day) - Connor Skidmore - Rain World- Downpour- Original Soundtrack.flac,SUSPECT,"hard cutoff at ~16672Hz, steep 29.5dB/kHz -> likely transcoded from 128kbps MP3",44100,16672,22050,29.5
/home/adam/driveBig/Music/Lofi/Threat - Looks to the Moon - Connor Skidmore - Rain World- Downpour- Original Soundtrack.flac,SUSPECT,"hard cutoff at ~16823Hz, steep 36.5dB/kHz -> likely transcoded from 128kbps MP3",44100,16823,22050,36.5
/home/adam/driveBig/Music/Lofi/Threat - Outskirts - James Primate - Rain World OST.flac,CLEAN,content extends to 21469Hz (Nyquist 22050Hz) - looks genuine,44100,21469,22050,31.1
/home/adam/driveBig/Music/Lofi/Threat - Outer Expanse - Ongomato; Connor Skidmore - Rain World- Downpour- Original Soundtrack.flac,SUSPECT,"hard cutoff at ~16823Hz, steep 35.3dB/kHz -> likely transcoded from 128kbps MP3",44100,16823,22050,35.3
/home/adam/driveBig/Music/Lofi/Threat - Metropolis (night) - Connor Skidmore - Rain World- Downpour- Original Soundtrack.flac,SUSPECT,"hard cutoff at ~16791Hz, steep 31.6dB/kHz -> likely transcoded from 128kbps MP3",44100,16791,22050,31.6
/home/adam/driveBig/Music/Lofi/Threat - Sky Islands - James Primate - Rain World OST.flac,CLEAN,content extends to 21544Hz (Nyquist 22050Hz) - looks genuine,44100,21544,22050,38.7
/home/adam/driveBig/Music/Lofi/Threat - Pipe Yard - Connor Skidmore - Rain World- Downpour- Original Soundtrack.flac,SUSPECT,"hard cutoff at ~16505Hz, steep 14.8dB/kHz -> likely transcoded from 128kbps MP3",44100,16505,22050,14.8
/home/adam/driveBig/Music/Lofi/Threat - Shoreline - James Primate - Rain World OST.flac,CLEAN,content extends to 21463Hz (Nyquist 22050Hz) - looks genuine,44100,21463,22050,22.9
/home/adam/driveBig/Music/Lofi/Threat - Rubicon (unused) - Connor Skidmore - Rain World- Downpour- Original Soundtrack.flac,SUSPECT,"hard cutoff at ~16828Hz, steep 33.8dB/kHz -> likely transcoded from 128kbps MP3",44100,16828,22050,33.8
/home/adam/driveBig/Music/Lofi/10.16 MB.flac,GRADUAL_ROLLOFF,"rolloff at ~9442Hz but gentle (1.8dB/kHz) - could be an old master/analog source, not necessarily transcoded",44100,9442,22050,1.8
/home/adam/driveBig/Music/Lofi/10.97 MB_.flac,GRADUAL_ROLLOFF,"rolloff at ~9405Hz but gentle (8.4dB/kHz) - could be an old master/analog source, not necessarily transcoded",44100,9405,22050,8.4
/home/adam/driveBig/Music/Lofi/13.84 MB.flac,GRADUAL_ROLLOFF,"rolloff at ~19019Hz but gentle (0.5dB/kHz) - could be an old master/analog source, not necessarily transcoded",44100,19019,22050,0.5
/home/adam/driveBig/Music/Lofi/12.10 MB.flac,GRADUAL_ROLLOFF,"rolloff at ~16371Hz but gentle (3.0dB/kHz) - could be an old master/analog source, not necessarily transcoded",44100,16371,22050,3.0
/home/adam/driveBig/Music/Lofi/18.61 MB.flac,GRADUAL_ROLLOFF,"rolloff at ~20618Hz but gentle (9.1dB/kHz) - could be an old master/analog source, not necessarily transcoded",44100,20618,22050,9.1
/home/adam/driveBig/Music/Lofi/8.94 MB_.flac,GRADUAL_ROLLOFF,"rolloff at ~13194Hz but gentle (2.0dB/kHz) - could be an old master/analog source, not necessarily transcoded",44100,13194,22050,2.0
/home/adam/driveBig/Music/Lofi/9.67 MB.flac,GRADUAL_ROLLOFF,"rolloff at ~11719Hz but gentle (2.1dB/kHz) - could be an old master/analog source, not necessarily transcoded",44100,11719,22050,2.1
/home/adam/driveBig/Music/Lofi/Beginning 2 - C418 - Minecraft - Volume Beta.flac,GRADUAL_ROLLOFF,"rolloff at ~2514Hz but gentle (3.8dB/kHz) - could be an old master/analog source, not necessarily transcoded",44100,2514,22050,3.8
/home/adam/driveBig/Music/Lofi/Chirp - C418 - Minecraft - Volume Beta.flac,GRADUAL_ROLLOFF,"rolloff at ~9663Hz but gentle (2.7dB/kHz) - could be an old master/analog source, not necessarily transcoded",44100,9663,22050,2.7
/home/adam/driveBig/Music/Lofi/Moondown (Theme II) - James Primate - Rain World OST.flac,GRADUAL_ROLLOFF,"rolloff at ~13980Hz but gentle (0.6dB/kHz) - could be an old master/analog source, not necessarily transcoded",44100,13980,22050,0.6
/home/adam/driveBig/Music/Lofi/Dreiton - C418 - Minecraft - Volume Beta.flac,GRADUAL_ROLLOFF,"rolloff at ~9873Hz but gentle (2.4dB/kHz) - could be an old master/analog source, not necessarily transcoded",44100,9873,22050,2.4
/home/adam/driveBig/Music/Lofi/Intro - C418 - Minecraft - Volume Beta.flac,GRADUAL_ROLLOFF,"rolloff at ~19703Hz but gentle (1.2dB/kHz) - could be an old master/analog source, not necessarily transcoded",44100,19703,22050,1.2
/home/adam/driveBig/Music/Lofi/The Captain - James Primate - Rain World OST.flac,SUSPECT,"hard cutoff at ~19310Hz, steep 22.1dB/kHz -> likely transcoded from 192kbps MP3",44100,19310,22050,22.1
/home/adam/driveBig/Music/Lofi/Oxygène - C418 - Minecraft - Volume Alpha.flac,GRADUAL_ROLLOFF,"rolloff at ~15908Hz but gentle (1.6dB/kHz) - could be an old master/analog source, not necessarily transcoded",44100,15908,22050,1.6
/home/adam/driveBig/Music/Lofi/Fading Light - Connor Skidmore - Rain World- Downpour- Original Soundtrack.flac,SUSPECT,"hard cutoff at ~16834Hz, steep 36.7dB/kHz -> likely transcoded from 128kbps MP3",44100,16834,22050,36.7
/home/adam/driveBig/Music/Lofi/Frost Reaper - Connor Skidmore - Rain World- Downpour- Original Soundtrack.flac,SUSPECT,"hard cutoff at ~16796Hz, steep 31.6dB/kHz -> likely transcoded from 128kbps MP3",44100,16796,22050,31.6
/home/adam/driveBig/Music/Lofi/On Little Cat Feet (ground) - Nightmargin; Eliza Velasquez - Oneshot- Original Game Soundtrack.flac,SUSPECT,"hard cutoff at ~16634Hz, steep 17.8dB/kHz -> likely transcoded from 128kbps MP3",44100,16634,22050,17.8
/home/adam/driveBig/Music/Lofi/Raindeer Ride - Lydia Primate - Rain World OST.flac,GRADUAL_ROLLOFF,"rolloff at ~18497Hz but gentle (0.5dB/kHz) - could be an old master/analog source, not necessarily transcoded",44100,18497,22050,0.5
/home/adam/driveBig/Music/Lofi/Threat - Superstructure - James Primate - Rain World OST.flac,CLEAN,content extends to 21173Hz (Nyquist 22050Hz) - looks genuine,44100,21173,22050,12.5
/home/adam/driveBig/Music/Lofi/Sheer Ice Torrent - Connor Skidmore - Rain World- Downpour- Original Soundtrack.flac,SUSPECT,"hard cutoff at ~16177Hz, steep 22.8dB/kHz -> likely transcoded from 128kbps MP3",44100,16177,22050,22.8
/home/adam/driveBig/Music/Lofi/10.19 MB.flac,GRADUAL_ROLLOFF,"rolloff at ~13313Hz but gentle (4.8dB/kHz) - could be an old master/analog source, not necessarily transcoded",44100,13313,22050,4.8
/home/adam/driveBig/Music/Lofi/Vast Unlife - Connor Skidmore - Rain World- Downpour- Original Soundtrack.flac,SUSPECT,"hard cutoff at ~16747Hz, steep 26.0dB/kHz -> likely transcoded from 128kbps MP3",44100,16747,22050,26.0
/home/adam/driveBig/Music/Lofi/10.63 MB.flac,GRADUAL_ROLLOFF,"rolloff at ~10514Hz but gentle (0.1dB/kHz) - could be an old master/analog source, not necessarily transcoded",44100,10514,22050,0.1
/home/adam/driveBig/Music/Lofi/10.64 MB.flac,GRADUAL_ROLLOFF,"rolloff at ~19261Hz but gentle (8.3dB/kHz) - could be an old master/analog source, not necessarily transcoded",44100,19261,22050,8.3
/home/adam/driveBig/Music/Lofi/10.47 MB.flac,GRADUAL_ROLLOFF,"rolloff at ~19692Hz but gentle (3.6dB/kHz) - could be an old master/analog source, not necessarily transcoded",44100,19692,22050,3.6
/home/adam/driveBig/Music/Lofi/10.70 MB.flac,GRADUAL_ROLLOFF,"rolloff at ~15703Hz but gentle (5.1dB/kHz) - could be an old master/analog source, not necessarily transcoded",44100,15703,22050,5.1
/home/adam/driveBig/Music/Lofi/10.64 MB_.flac,GRADUAL_ROLLOFF,"rolloff at ~15735Hz but gentle (3.4dB/kHz) - could be an old master/analog source, not necessarily transcoded",44100,15735,22050,3.4
/home/adam/driveBig/Music/Lofi/10.66 MB.flac,GRADUAL_ROLLOFF,"rolloff at ~15827Hz but gentle (4.6dB/kHz) - could be an old master/analog source, not necessarily transcoded",44100,15827,22050,4.6
/home/adam/driveBig/Music/Lofi/10.67 MB.flac,GRADUAL_ROLLOFF,"rolloff at ~10837Hz but gentle (3.5dB/kHz) - could be an old master/analog source, not necessarily transcoded",44100,10837,22050,3.5
/home/adam/driveBig/Music/Lofi/10.75 MB.flac,GRADUAL_ROLLOFF,"rolloff at ~20053Hz but gentle (9.9dB/kHz) - could be an old master/analog source, not necessarily transcoded",44100,20053,22050,9.9
/home/adam/driveBig/Music/Lofi/10.83 MB.flac,GRADUAL_ROLLOFF,"rolloff at ~13200Hz but gentle (4.7dB/kHz) - could be an old master/analog source, not necessarily transcoded",44100,13200,22050,4.7
/home/adam/driveBig/Music/Lofi/10.81 MB.flac,GRADUAL_ROLLOFF,"rolloff at ~20107Hz but gentle (6.6dB/kHz) - could be an old master/analog source, not necessarily transcoded",44100,20107,22050,6.6
/home/adam/driveBig/Music/Lofi/10.84 MB.flac,GRADUAL_ROLLOFF,"rolloff at ~18605Hz but gentle (2.0dB/kHz) - could be an old master/analog source, not necessarily transcoded",44100,18605,22050,2.0
/home/adam/driveBig/Music/Lofi/10.94 MB.flac,GRADUAL_ROLLOFF,"rolloff at ~17587Hz but gentle (0.5dB/kHz) - could be an old master/analog source, not necessarily transcoded",44100,17587,22050,0.5
/home/adam/driveBig/Music/Lofi/10.84 MB_.flac,GRADUAL_ROLLOFF,"rolloff at ~19552Hz but gentle (3.7dB/kHz) - could be an old master/analog source, not necessarily transcoded",44100,19552,22050,3.7
/home/adam/driveBig/Music/Lofi/10.97 MB.flac,GRADUAL_ROLLOFF,"rolloff at ~19816Hz but gentle (1.5dB/kHz) - could be an old master/analog source, not necessarily transcoded",44100,19816,22050,1.5
/home/adam/driveBig/Music/Lofi/10.88 MB.flac,GRADUAL_ROLLOFF,"rolloff at ~14513Hz but gentle (6.8dB/kHz) - could be an old master/analog source, not necessarily transcoded",44100,14513,22050,6.8
/home/adam/driveBig/Music/Lofi/Dripping Time - James Primate - Rain World OST.flac,SUSPECT,"hard cutoff at ~19321Hz, steep 14.3dB/kHz -> likely transcoded from 192kbps MP3",44100,19321,22050,14.3
/home/adam/driveBig/Music/Lofi/Factory - Nightmargin; Eliza Velasquez - Oneshot- Original Game Soundtrack.flac,SUSPECT,"hard cutoff at ~16801Hz, steep 31.3dB/kHz -> likely transcoded from 128kbps MP3",44100,16801,22050,31.3
/home/adam/driveBig/Music/Lofi/ELSE I - James Primate; Lydia Primate - Rain World OST.flac,GRADUAL_ROLLOFF,"rolloff at ~15918Hz but gentle (2.6dB/kHz) - could be an old master/analog source, not necessarily transcoded",44100,15918,22050,2.6
/home/adam/driveBig/Music/Lofi/Eleven - C418 - Minecraft - Volume Beta.flac,GRADUAL_ROLLOFF,"rolloff at ~5303Hz but gentle (3.3dB/kHz) - could be an old master/analog source, not necessarily transcoded",44100,5303,22050,3.3
/home/adam/driveBig/Music/Lofi/ELSE VI - James Primate; Lydia Primate - Rain World OST.flac,GRADUAL_ROLLOFF,"rolloff at ~13238Hz but gentle (1.1dB/kHz) - could be an old master/analog source, not necessarily transcoded",44100,13238,22050,1.1
/home/adam/driveBig/Music/Lofi/Droopy Likes Ricochet - C418 - Minecraft - Volume Alpha.flac,GRADUAL_ROLLOFF,"rolloff at ~14992Hz but gentle (2.6dB/kHz) - could be an old master/analog source, not necessarily transcoded",44100,14992,22050,2.6
/home/adam/driveBig/Music/Lofi/Droopy Likes Your Face - C418 - Minecraft - Volume Alpha.flac,GRADUAL_ROLLOFF,"rolloff at ~16209Hz but gentle (0.1dB/kHz) - could be an old master/analog source, not necessarily transcoded",44100,16209,22050,0.1
/home/adam/driveBig/Music/Lofi/9.01 MB.flac,GRADUAL_ROLLOFF,"rolloff at ~14643Hz but gentle (1.9dB/kHz) - could be an old master/analog source, not necessarily transcoded",44100,14643,22050,1.9
/home/adam/driveBig/Music/Lofi/Dry Hands - C418 - Minecraft - Volume Alpha.flac,GRADUAL_ROLLOFF,"rolloff at ~6374Hz but gentle (2.4dB/kHz) - could be an old master/analog source, not necessarily transcoded",44100,6374,22050,2.4
/home/adam/driveBig/Music/Lofi/9.03 MB.flac,GRADUAL_ROLLOFF,"rolloff at ~14653Hz but gentle (2.7dB/kHz) - could be an old master/analog source, not necessarily transcoded",44100,14653,22050,2.7
/home/adam/driveBig/Music/Lofi/9.18 MB.flac,GRADUAL_ROLLOFF,"rolloff at ~7892Hz but gentle (3.6dB/kHz) - could be an old master/analog source, not necessarily transcoded",44100,7892,22050,3.6
/home/adam/driveBig/Music/Lofi/9.11 MB.flac,GRADUAL_ROLLOFF,"rolloff at ~12468Hz but gentle (1.4dB/kHz) - could be an old master/analog source, not necessarily transcoded",44100,12468,22050,1.4
/home/adam/driveBig/Music/Lofi/9.09 MB.flac,GRADUAL_ROLLOFF,"rolloff at ~15827Hz but gentle (5.6dB/kHz) - could be an old master/analog source, not necessarily transcoded",44100,15827,22050,5.6
/home/adam/driveBig/Music/Lofi/9.24 MB.flac,GRADUAL_ROLLOFF,"rolloff at ~13205Hz but gentle (1.3dB/kHz) - could be an old master/analog source, not necessarily transcoded",44100,13205,22050,1.3
/home/adam/driveBig/Music/Lofi/Excuse - C418 - Minecraft - Volume Alpha.flac,GRADUAL_ROLLOFF,"rolloff at ~3984Hz but gentle (2.4dB/kHz) - could be an old master/analog source, not necessarily transcoded",44100,3984,22050,2.4
/home/adam/driveBig/Music/Lofi/Eyes of Iron - Connor Skidmore - Rain World- Downpour- Original Soundtrack.flac,SUSPECT,"hard cutoff at ~16785Hz, steep 29.0dB/kHz -> likely transcoded from 128kbps MP3",44100,16785,22050,29.0
/home/adam/driveBig/Music/Lofi/9.27 MB.flac,GRADUAL_ROLLOFF,"rolloff at ~9458Hz but gentle (2.7dB/kHz) - could be an old master/analog source, not necessarily transcoded",44100,9458,22050,2.7
/home/adam/driveBig/Music/Lofi/9.33 MB.flac,GRADUAL_ROLLOFF,"rolloff at ~13663Hz but gentle (0.9dB/kHz) - could be an old master/analog source, not necessarily transcoded",44100,13663,22050,0.9
/home/adam/driveBig/Music/Lofi/9.53 MB.flac,GRADUAL_ROLLOFF,"rolloff at ~16198Hz but gentle (1.8dB/kHz) - could be an old master/analog source, not necessarily transcoded",44100,16198,22050,1.8
/home/adam/driveBig/Music/Lofi/9.48 MB.flac,GRADUAL_ROLLOFF,"rolloff at ~16548Hz but gentle (2.5dB/kHz) - could be an old master/analog source, not necessarily transcoded",44100,16548,22050,2.5
/home/adam/driveBig/Music/Lofi/9.54 MB.flac,GRADUAL_ROLLOFF,"rolloff at ~19794Hz but gentle (3.9dB/kHz) - could be an old master/analog source, not necessarily transcoded",44100,19794,22050,3.9
/home/adam/driveBig/Music/Lofi/9.59 MB.flac,GRADUAL_ROLLOFF,"rolloff at ~14729Hz but gentle (1.2dB/kHz) - could be an old master/analog source, not necessarily transcoded",44100,14729,22050,1.2
/home/adam/driveBig/Music/Lofi/9.64 MB.flac,GRADUAL_ROLLOFF,"rolloff at ~12758Hz but gentle (1.2dB/kHz) - could be an old master/analog source, not necessarily transcoded",44100,12758,22050,1.2
/home/adam/driveBig/Music/Lofi/9.61 MB.flac,GRADUAL_ROLLOFF,"rolloff at ~17964Hz but gentle (3.6dB/kHz) - could be an old master/analog source, not necessarily transcoded",44100,17964,22050,3.6
/home/adam/driveBig/Music/Lofi/14.06 MB.flac,GRADUAL_ROLLOFF,"rolloff at ~15735Hz but gentle (4.5dB/kHz) - could be an old master/analog source, not necessarily transcoded",44100,15735,22050,4.5
/home/adam/driveBig/Music/Lofi/14.09 MB.flac,GRADUAL_ROLLOFF,"rolloff at ~20483Hz but gentle (7.8dB/kHz) - could be an old master/analog source, not necessarily transcoded",44100,20483,22050,7.8
/home/adam/driveBig/Music/Lofi/9.65 MB.flac,GRADUAL_ROLLOFF,"rolloff at ~17722Hz but gentle (0.5dB/kHz) - could be an old master/analog source, not necessarily transcoded",44100,17722,22050,0.5
/home/adam/driveBig/Music/Lofi/14.20 MB.flac,GRADUAL_ROLLOFF,"rolloff at ~15106Hz but gentle (1.3dB/kHz) - could be an old master/analog source, not necessarily transcoded",44100,15106,22050,1.3
/home/adam/driveBig/Music/Lofi/13.86 MB.flac,GRADUAL_ROLLOFF,"rolloff at ~12904Hz but gentle (1.7dB/kHz) - could be an old master/analog source, not necessarily transcoded",44100,12904,22050,1.7
/home/adam/driveBig/Music/Lofi/13.97 MB.flac,GRADUAL_ROLLOFF,"rolloff at ~18276Hz but gentle (2.1dB/kHz) - could be an old master/analog source, not necessarily transcoded",44100,18276,22050,2.1
/home/adam/driveBig/Music/Lofi/14.22 MB.flac,GRADUAL_ROLLOFF,"rolloff at ~14244Hz but gentle (-0.3dB/kHz) - could be an old master/analog source, not necessarily transcoded",44100,14244,22050,-0.3
/home/adam/driveBig/Music/Lofi/14.10 MB.flac,GRADUAL_ROLLOFF,"rolloff at ~14341Hz but gentle (10.0dB/kHz) - could be an old master/analog source, not necessarily transcoded",44100,14341,22050,10.0
/home/adam/driveBig/Music/Lofi/14.23 MB.flac,GRADUAL_ROLLOFF,"rolloff at ~19105Hz but gentle (5.9dB/kHz) - could be an old master/analog source, not necessarily transcoded",44100,19105,22050,5.9
/home/adam/driveBig/Music/Lofi/14.29 MB.flac,GRADUAL_ROLLOFF,"rolloff at ~10395Hz but gentle (0.4dB/kHz) - could be an old master/analog source, not necessarily transcoded",44100,10395,22050,0.4
/home/adam/driveBig/Music/Lofi/14.61 MB.flac,GRADUAL_ROLLOFF,"rolloff at ~14492Hz but gentle (2.3dB/kHz) - could be an old master/analog source, not necessarily transcoded",44100,14492,22050,2.3
/home/adam/driveBig/Music/Lofi/14.26 MB.flac,GRADUAL_ROLLOFF,"rolloff at ~18023Hz but gentle (2.7dB/kHz) - could be an old master/analog source, not necessarily transcoded",44100,18023,22050,2.7
/home/adam/driveBig/Music/Lofi/14.72 MB.flac,GRADUAL_ROLLOFF,"rolloff at ~10853Hz but gentle (4.3dB/kHz) - could be an old master/analog source, not necessarily transcoded",44100,10853,22050,4.3
/home/adam/driveBig/Music/Lofi/14.80 MB.flac,GRADUAL_ROLLOFF,"rolloff at ~19531Hz but gentle (2.7dB/kHz) - could be an old master/analog source, not necessarily transcoded",44100,19531,22050,2.7
/home/adam/driveBig/Music/Lofi/14.92 MB.flac,GRADUAL_ROLLOFF,"rolloff at ~17781Hz but gentle (4.1dB/kHz) - could be an old master/analog source, not necessarily transcoded",44100,17781,22050,4.1
/home/adam/driveBig/Music/Lofi/14.95 MB.flac,CLEAN,content extends to 21296Hz (Nyquist 22050Hz) - looks genuine,44100,21296,22050,10.5
/home/adam/driveBig/Music/Lofi/15.13 MB.flac,GRADUAL_ROLLOFF,"rolloff at ~18858Hz but gentle (11.1dB/kHz) - could be an old master/analog source, not necessarily transcoded",44100,18858,22050,11.1
/home/adam/driveBig/Music/Lofi/15.04 MB.flac,GRADUAL_ROLLOFF,"rolloff at ~16791Hz but gentle (2.4dB/kHz) - could be an old master/analog source, not necessarily transcoded",44100,16791,22050,2.4
/home/adam/driveBig/Music/Lofi/15.76 MB.flac,GRADUAL_ROLLOFF,"rolloff at ~17792Hz but gentle (3.2dB/kHz) - could be an old master/analog source, not necessarily transcoded",44100,17792,22050,3.2
/home/adam/driveBig/Music/Lofi/15.32 MB.flac,CLEAN,content extends to 21221Hz (Nyquist 22050Hz) - looks genuine,44100,21221,22050,11.7
/home/adam/driveBig/Music/Lofi/16.05 MB.flac,GRADUAL_ROLLOFF,"rolloff at ~20274Hz but gentle (2.8dB/kHz) - could be an old master/analog source, not necessarily transcoded",44100,20274,22050,2.8
/home/adam/driveBig/Music/Lofi/16.15 MB.flac,GRADUAL_ROLLOFF,"rolloff at ~17070Hz but gentle (2.7dB/kHz) - could be an old master/analog source, not necessarily transcoded",44100,17070,22050,2.7
/home/adam/driveBig/Music/Lofi/16.47 MB.flac,SUSPECT,"hard cutoff at ~21065Hz, steep 12.2dB/kHz -> likely transcoded from 320kbps (or near-transparent) MP3/lossy",44100,21065,22050,12.2
/home/adam/driveBig/Music/Lofi/15.77 MB.flac,GRADUAL_ROLLOFF,"rolloff at ~13674Hz but gentle (1.4dB/kHz) - could be an old master/analog source, not necessarily transcoded",44100,13674,22050,1.4
/home/adam/driveBig/Music/Lofi/17.56 MB.flac,GRADUAL_ROLLOFF,"rolloff at ~12511Hz but gentle (1.4dB/kHz) - could be an old master/analog source, not necessarily transcoded",44100,12511,22050,1.4
/home/adam/driveBig/Music/Lofi/16.49 MB.flac,SUSPECT,"hard cutoff at ~21049Hz, steep 13.7dB/kHz -> likely transcoded from 320kbps (or near-transparent) MP3/lossy",44100,21049,22050,13.7
/home/adam/driveBig/Music/Lofi/Mud Pits - James Primate - Rain World OST.flac,GRADUAL_ROLLOFF,"rolloff at ~20801Hz but gentle (7.9dB/kHz) - could be an old master/analog source, not necessarily transcoded",44100,20801,22050,7.9
/home/adam/driveBig/Music/Lofi/17.57 MB.flac,GRADUAL_ROLLOFF,"rolloff at ~18685Hz but gentle (2.8dB/kHz) - could be an old master/analog source, not necessarily transcoded",44100,18685,22050,2.8
/home/adam/driveBig/Music/Lofi/Mutation - C418 - Minecraft - Volume Beta.flac,GRADUAL_ROLLOFF,"rolloff at ~2514Hz but gentle (7.2dB/kHz) - could be an old master/analog source, not necessarily transcoded",44100,2514,22050,7.2
/home/adam/driveBig/Music/Lofi/11.04 MB.flac,GRADUAL_ROLLOFF,"rolloff at ~15854Hz but gentle (1.2dB/kHz) - could be an old master/analog source, not necessarily transcoded",44100,15854,22050,1.2
/home/adam/driveBig/Music/Lofi/10.97 MB__.flac,GRADUAL_ROLLOFF,"rolloff at ~16839Hz but gentle (2.2dB/kHz) - could be an old master/analog source, not necessarily transcoded",44100,16839,22050,2.2
/home/adam/driveBig/Music/Lofi/My Burden Is Light - Nightmargin; Eliza Velasquez - Oneshot- Original Game Soundtrack.flac,GRADUAL_ROLLOFF,"rolloff at ~15364Hz but gentle (9.5dB/kHz) - could be an old master/analog source, not necessarily transcoded",44100,15364,22050,9.5
/home/adam/driveBig/Music/Lofi/11.20 MB.flac,GRADUAL_ROLLOFF,"rolloff at ~20715Hz but gentle (4.9dB/kHz) - could be an old master/analog source, not necessarily transcoded",44100,20715,22050,4.9
/home/adam/driveBig/Music/Lofi/11.15 MB.flac,GRADUAL_ROLLOFF,"rolloff at ~19052Hz but gentle (7.7dB/kHz) - could be an old master/analog source, not necessarily transcoded",44100,19052,22050,7.7
/home/adam/driveBig/Music/Lofi/11.10 MB.flac,GRADUAL_ROLLOFF,"rolloff at ~15805Hz but gentle (5.7dB/kHz) - could be an old master/analog source, not necessarily transcoded",44100,15805,22050,5.7
/home/adam/driveBig/Music/Lofi/New Else VIII - James Primate; Lydia Esrig - Rain World- Downpour- Original Soundtrack.flac,SUSPECT,"hard cutoff at ~16500Hz, steep 16.1dB/kHz -> likely transcoded from 128kbps MP3",44100,16500,22050,16.1
/home/adam/driveBig/Music/Lofi/11.32 MB.flac,GRADUAL_ROLLOFF,"rolloff at ~14147Hz but gentle (1.2dB/kHz) - could be an old master/analog source, not necessarily transcoded",44100,14147,22050,1.2
/home/adam/driveBig/Music/Lofi/11.04 MB_.flac,SUSPECT,"hard cutoff at ~20069Hz, steep 16.4dB/kHz -> likely transcoded from 256/224kbps MP3/AAC",44100,20069,22050,16.4
/home/adam/driveBig/Music/Lofi/Navigate - Nightmargin; Eliza Velasquez - Oneshot- Original Game Soundtrack.flac,SUSPECT,"hard cutoff at ~16424Hz, steep 12.4dB/kHz -> likely transcoded from 128kbps MP3",44100,16424,22050,12.4
/home/adam/driveBig/Music/Lofi/Niko and the World Machine - Nightmargin; Eliza Velasquez - Oneshot- Original Game Soundtrack.flac,GRADUAL_ROLLOFF,"rolloff at ~15412Hz but gentle (-0.8dB/kHz) - could be an old master/analog source, not necessarily transcoded",44100,15412,22050,-0.8
/home/adam/driveBig/Music/Lofi/Not Your Rain - Ongomato - Rain World- Downpour- Original Soundtrack.flac,SUSPECT,"hard cutoff at ~16828Hz, steep 35.9dB/kHz -> likely transcoded from 128kbps MP3",44100,16828,22050,35.9
/home/adam/driveBig/Music/Lofi/Obverse of the Old Wind - Ongomato - Rain World- Downpour- Original Soundtrack.flac,SUSPECT,"hard cutoff at ~16774Hz, steep 28.4dB/kHz -> likely transcoded from 128kbps MP3",44100,16774,22050,28.4
/home/adam/driveBig/Music/Lofi/11.35 MB.flac,GRADUAL_ROLLOFF,"rolloff at ~17760Hz but gentle (3.2dB/kHz) - could be an old master/analog source, not necessarily transcoded",44100,17760,22050,3.2
/home/adam/driveBig/Music/Lofi/11.35 MB_.flac,GRADUAL_ROLLOFF,"rolloff at ~20645Hz but gentle (6.1dB/kHz) - could be an old master/analog source, not necessarily transcoded",44100,20645,22050,6.1
/home/adam/driveBig/Music/Lofi/11.48 MB.flac,GRADUAL_ROLLOFF,"rolloff at ~19046Hz but gentle (1.7dB/kHz) - could be an old master/analog source, not necessarily transcoded",44100,19046,22050,1.7
/home/adam/driveBig/Music/Lofi/11.56 MB.flac,GRADUAL_ROLLOFF,"rolloff at ~15999Hz but gentle (3.3dB/kHz) - could be an old master/analog source, not necessarily transcoded",44100,15999,22050,3.3
/home/adam/driveBig/Music/Lofi/11.54 MB.flac,GRADUAL_ROLLOFF,"rolloff at ~10971Hz but gentle (2.2dB/kHz) - could be an old master/analog source, not necessarily transcoded",44100,10971,22050,2.2
/home/adam/driveBig/Music/Lofi/11.65 MB.flac,GRADUAL_ROLLOFF,"rolloff at ~17054Hz but gentle (2.3dB/kHz) - could be an old master/analog source, not necessarily transcoded",44100,17054,22050,2.3
/home/adam/driveBig/Music/Lofi/11.64 MB.flac,GRADUAL_ROLLOFF,"rolloff at ~14271Hz but gentle (3.8dB/kHz) - could be an old master/analog source, not necessarily transcoded",44100,14271,22050,3.8
/home/adam/driveBig/Music/Lofi/11.71 MB_.flac,GRADUAL_ROLLOFF,"rolloff at ~17792Hz but gentle (0.8dB/kHz) - could be an old master/analog source, not necessarily transcoded",44100,17792,22050,0.8
/home/adam/driveBig/Music/Lofi/11.71 MB.flac,GRADUAL_ROLLOFF,"rolloff at ~20230Hz but gentle (5.2dB/kHz) - could be an old master/analog source, not necessarily transcoded",44100,20230,22050,5.2
/home/adam/driveBig/Music/Lofi/11.98 MB.flac,GRADUAL_ROLLOFF,"rolloff at ~21146Hz but gentle (11.8dB/kHz) - could be an old master/analog source, not necessarily transcoded",44100,21146,22050,11.8
/home/adam/driveBig/Music/Lofi/11.85 MB.flac,GRADUAL_ROLLOFF,"rolloff at ~16015Hz but gentle (11.6dB/kHz) - could be an old master/analog source, not necessarily transcoded",44100,16015,22050,11.6
/home/adam/driveBig/Music/Lofi/11.85 MB_.flac,GRADUAL_ROLLOFF,"rolloff at ~17576Hz but gentle (2.0dB/kHz) - could be an old master/analog source, not necessarily transcoded",44100,17576,22050,2.0
/home/adam/driveBig/Music/Lofi/11.75 MB.flac,GRADUAL_ROLLOFF,"rolloff at ~16424Hz but gentle (9.9dB/kHz) - could be an old master/analog source, not necessarily transcoded",44100,16424,22050,9.9
/home/adam/driveBig/Music/Lofi/9.74 MB.flac,GRADUAL_ROLLOFF,"rolloff at ~10067Hz but gentle (2.8dB/kHz) - could be an old master/analog source, not necessarily transcoded",44100,10067,22050,2.8
/home/adam/driveBig/Music/Lofi/9.81 MB.flac,GRADUAL_ROLLOFF,"rolloff at ~13162Hz but gentle (1.6dB/kHz) - could be an old master/analog source, not necessarily transcoded",44100,13162,22050,1.6
/home/adam/driveBig/Music/Lofi/9.82 MB.flac,GRADUAL_ROLLOFF,"rolloff at ~13830Hz but gentle (4.4dB/kHz) - could be an old master/analog source, not necessarily transcoded",44100,13830,22050,4.4
/home/adam/driveBig/Music/Lofi/9.85 MB.flac,GRADUAL_ROLLOFF,"rolloff at ~16683Hz but gentle (1.1dB/kHz) - could be an old master/analog source, not necessarily transcoded",44100,16683,22050,1.1
/home/adam/driveBig/Music/Lofi/9.94 MB.flac,GRADUAL_ROLLOFF,"rolloff at ~18750Hz but gentle (0.2dB/kHz) - could be an old master/analog source, not necessarily transcoded",44100,18750,22050,0.2
/home/adam/driveBig/Music/Lofi/9.95 MB.flac,GRADUAL_ROLLOFF,"rolloff at ~20365Hz but gentle (6.7dB/kHz) - could be an old master/analog source, not necessarily transcoded",44100,20365,22050,6.7
/home/adam/driveBig/Music/Lofi/9.98 MB.flac,GRADUAL_ROLLOFF,"rolloff at ~15730Hz but gentle (2.9dB/kHz) - could be an old master/analog source, not necessarily transcoded",44100,15730,22050,2.9
/home/adam/driveBig/Music/Lofi/9.95 MB_.flac,GRADUAL_ROLLOFF,"rolloff at ~14449Hz but gentle (2.5dB/kHz) - could be an old master/analog source, not necessarily transcoded",44100,14449,22050,2.5
/home/adam/driveBig/Music/Lofi/9.96 MB.flac,GRADUAL_ROLLOFF,"rolloff at ~14390Hz but gentle (2.5dB/kHz) - could be an old master/analog source, not necessarily transcoded",44100,14390,22050,2.5
/home/adam/driveBig/Music/Lofi/All Thats Lefts - James Primate - Rain World OST.flac,CLEAN,content extends to 21307Hz (Nyquist 22050Hz) - looks genuine,44100,21307,22050,21.0
/home/adam/driveBig/Music/Lofi/Abandoned Factory - Nightmargin; Eliza Velasquez - Oneshot- Original Game Soundtrack.flac,GRADUAL_ROLLOFF,"rolloff at ~16586Hz but gentle (11.3dB/kHz) - could be an old master/analog source, not necessarily transcoded",44100,16586,22050,11.3
/home/adam/driveBig/Music/Lofi/A God’s Machine - Nightmargin; Eliza Velasquez - Oneshot- Original Game Soundtrack.flac,GRADUAL_ROLLOFF,"rolloff at ~19724Hz but gentle (0.8dB/kHz) - could be an old master/analog source, not necessarily transcoded",44100,19724,22050,0.8
/home/adam/driveBig/Music/Lofi/Aria Math - C418 - Minecraft - Volume Beta.flac,GRADUAL_ROLLOFF,"rolloff at ~13657Hz but gentle (1.0dB/kHz) - could be an old master/analog source, not necessarily transcoded",44100,13657,22050,1.0
/home/adam/driveBig/Music/Lofi/Alpha - C418 - Minecraft - Volume Beta.flac,GRADUAL_ROLLOFF,"rolloff at ~4425Hz but gentle (3.3dB/kHz) - could be an old master/analog source, not necessarily transcoded",44100,4425,22050,3.3
/home/adam/driveBig/Music/Lofi/Accidented Condition - Ongomato - Rain World- Downpour- Original Soundtrack.flac,SUSPECT,"hard cutoff at ~16263Hz, steep 13.5dB/kHz -> likely transcoded from 128kbps MP3",44100,16263,22050,13.5
/home/adam/driveBig/Music/Lofi/Ballad of the Cats - C418 - Minecraft - Volume Beta.flac,GRADUAL_ROLLOFF,"rolloff at ~5006Hz but gentle (6.0dB/kHz) - could be an old master/analog source, not necessarily transcoded",44100,5006,22050,6.0
/home/adam/driveBig/Music/Lofi/Ascent - Progfox - Rain World- Downpour- Original Soundtrack.flac,SUSPECT,"hard cutoff at ~16721Hz, steep 25.4dB/kHz -> likely transcoded from 128kbps MP3",44100,16721,22050,25.4
/home/adam/driveBig/Music/Lofi/Aquaphobia - Progfox - Rain World- Downpour- Original Soundtrack.flac,GRADUAL_ROLLOFF,"rolloff at ~16010Hz but gentle (10.5dB/kHz) - could be an old master/analog source, not necessarily transcoded",44100,16010,22050,10.5
/home/adam/driveBig/Music/Lofi/Alula - Nightmargin; Eliza Velasquez - Oneshot- Original Game Soundtrack.flac,SUSPECT,"hard cutoff at ~16204Hz, steep 12.8dB/kHz -> likely transcoded from 128kbps MP3",44100,16204,22050,12.8
/home/adam/driveBig/Music/Lofi/Ancient - Progfox - Rain World- Downpour- Original Soundtrack.flac,SUSPECT,"hard cutoff at ~16753Hz, steep 29.7dB/kHz -> likely transcoded from 128kbps MP3",44100,16753,22050,29.7
/home/adam/driveBig/Music/Lofi/Beginning - C418 - Minecraft - Volume Alpha.flac,GRADUAL_ROLLOFF,"rolloff at ~7935Hz but gentle (1.2dB/kHz) - could be an old master/analog source, not necessarily transcoded",44100,7935,22050,1.2
/home/adam/driveBig/Music/Lofi/Chris - C418 - Minecraft - Volume Alpha.flac,GRADUAL_ROLLOFF,"rolloff at ~12592Hz but gentle (0.5dB/kHz) - could be an old master/analog source, not necessarily transcoded",44100,12592,22050,0.5
/home/adam/driveBig/Music/Lofi/Concrete Halls - C418 - Minecraft - Volume Beta.flac,GRADUAL_ROLLOFF,"rolloff at ~6196Hz but gentle (1.9dB/kHz) - could be an old master/analog source, not necessarily transcoded",44100,6196,22050,1.9
/home/adam/driveBig/Music/Lofi/Countdown - Nightmargin; Eliza Velasquez - Oneshot- Original Game Soundtrack.flac,GRADUAL_ROLLOFF,"rolloff at ~16511Hz but gentle (11.1dB/kHz) - could be an old master/analog source, not necessarily transcoded",44100,16511,22050,11.1
/home/adam/driveBig/Music/Lofi/Deep Light (Theme IV) - James Primate - Rain World OST.flac,GRADUAL_ROLLOFF,"rolloff at ~2686Hz but gentle (10.5dB/kHz) - could be an old master/analog source, not necessarily transcoded",44100,2686,22050,10.5
/home/adam/driveBig/Music/Lofi/Clark - C418 - Minecraft - Volume Alpha.flac,GRADUAL_ROLLOFF,"rolloff at ~7590Hz but gentle (2.6dB/kHz) - could be an old master/analog source, not necessarily transcoded",44100,7590,22050,2.6
/home/adam/driveBig/Music/Lofi/Deep Energy - James Primate; Lydia Primate - Rain World OST.flac,CLEAN,content extends to 21318Hz (Nyquist 22050Hz) - looks genuine,44100,21318,22050,17.1
/home/adam/driveBig/Music/Lofi/Danny - C418 - Minecraft - Volume Alpha.flac,GRADUAL_ROLLOFF,"rolloff at ~6282Hz but gentle (0.2dB/kHz) - could be an old master/analog source, not necessarily transcoded",44100,6282,22050,0.2
/home/adam/driveBig/Music/Lofi/Dark Stairwell - Nightmargin; Eliza Velasquez - Oneshot- Original Game Soundtrack.flac,GRADUAL_ROLLOFF,"rolloff at ~10454Hz but gentle (11.4dB/kHz) - could be an old master/analog source, not necessarily transcoded",44100,10454,22050,11.4
/home/adam/driveBig/Music/Lofi/Daze - Progfox; Connor Skidmore - Rain World- Downpour- Original Soundtrack.flac,SUSPECT,"hard cutoff at ~16021Hz, steep 12.4dB/kHz -> likely transcoded from 128kbps MP3",44100,16021,22050,12.4
/home/adam/driveBig/Music/Lofi/Distant Water - Nightmargin; Eliza Velasquez - Oneshot- Original Game Soundtrack.flac,GRADUAL_ROLLOFF,"rolloff at ~10088Hz but gentle (0.8dB/kHz) - could be an old master/analog source, not necessarily transcoded",44100,10088,22050,0.8
/home/adam/driveBig/Music/Lofi/Distant - Nightmargin; Eliza Velasquez - Oneshot- Original Game Soundtrack.flac,GRADUAL_ROLLOFF,"rolloff at ~10632Hz but gentle (2.3dB/kHz) - could be an old master/analog source, not necessarily transcoded",44100,10632,22050,2.3
/home/adam/driveBig/Music/Lofi/Dog - C418 - Minecraft - Volume Alpha.flac,GRADUAL_ROLLOFF,"rolloff at ~10804Hz but gentle (2.2dB/kHz) - could be an old master/analog source, not necessarily transcoded",44100,10804,22050,2.2
/home/adam/driveBig/Music/Lofi/Far - C418 - Minecraft - Volume Beta.flac,GRADUAL_ROLLOFF,"rolloff at ~8425Hz but gentle (2.9dB/kHz) - could be an old master/analog source, not necessarily transcoded",44100,8425,22050,2.9
/home/adam/driveBig/Music/Lofi/Flake - C418 - Minecraft - Volume Beta.flac,GRADUAL_ROLLOFF,"rolloff at ~13523Hz but gentle (0.6dB/kHz) - could be an old master/analog source, not necessarily transcoded",44100,13523,22050,0.6
/home/adam/driveBig/Music/Lofi/Floating Trees - C418 - Minecraft - Volume Beta.flac,GRADUAL_ROLLOFF,"rolloff at ~3327Hz but gentle (2.7dB/kHz) - could be an old master/analog source, not necessarily transcoded",44100,3327,22050,2.7
/home/adam/driveBig/Music/Lofi/Door - C418 - Minecraft - Volume Alpha.flac,GRADUAL_ROLLOFF,"rolloff at ~11370Hz but gentle (2.0dB/kHz) - could be an old master/analog source, not necessarily transcoded",44100,11370,22050,2.0
/home/adam/driveBig/Music/Lofi/Downpour - James Primate; Lydia Esrig - Rain World- Downpour- Original Soundtrack.flac,GRADUAL_ROLLOFF,"rolloff at ~15095Hz but gentle (1.7dB/kHz) - could be an old master/analog source, not necessarily transcoded",44100,15095,22050,1.7
/home/adam/driveBig/Music/Lofi/Flicker - Bwarch - Rain World- Downpour- Original Soundtrack.flac,GRADUAL_ROLLOFF,"rolloff at ~15908Hz but gentle (8.6dB/kHz) - could be an old master/analog source, not necessarily transcoded",44100,15908,22050,8.6
/home/adam/driveBig/Music/Lofi/Floes - James Primate - Rain World OST.flac,CLEAN,content extends to 21555Hz (Nyquist 22050Hz) - looks genuine,44100,21555,22050,36.2
/home/adam/driveBig/Music/Lofi/Flooded Ruins - Nightmargin; Eliza Velasquez - Oneshot- Original Game Soundtrack.flac,SUSPECT,"hard cutoff at ~16769Hz, steep 24.9dB/kHz -> likely transcoded from 128kbps MP3",44100,16769,22050,24.9
/home/adam/driveBig/Music/Lofi/Flux - Connor Skidmore - Rain World- Downpour- Original Soundtrack.flac,SUSPECT,"hard cutoff at ~16866Hz, steep 38.8dB/kHz -> likely transcoded from 128kbps MP3",44100,16866,22050,38.8
/home/adam/driveBig/Music/Lofi/Frosted Festival - Progfox - Rain World- Downpour- Original Soundtrack.flac,SUSPECT,"hard cutoff at ~16543Hz, steep 18.7dB/kHz -> likely transcoded from 128kbps MP3",44100,16543,22050,18.7
/home/adam/driveBig/Music/Lofi/Garbage Worms - Lydia Primate - Rain World OST.flac,CLEAN,content extends to 21436Hz (Nyquist 22050Hz) - looks genuine,44100,21436,22050,24.5
/home/adam/driveBig/Music/Lofi/Fragments - Progfox - Rain World- Downpour- Original Soundtrack.flac,SUSPECT,"hard cutoff at ~16559Hz, steep 25.3dB/kHz -> likely transcoded from 128kbps MP3",44100,16559,22050,25.3
/home/adam/driveBig/Music/Lofi/Fragile - Progfox - Rain World- Downpour- Original Soundtrack.flac,SUSPECT,"hard cutoff at ~16855Hz, steep 37.9dB/kHz -> likely transcoded from 128kbps MP3",44100,16855,22050,37.9
/home/adam/driveBig/Music/Lofi/Grumblebum - James Primate - Rain World OST.flac,GRADUAL_ROLLOFF,"rolloff at ~14992Hz but gentle (1.2dB/kHz) - could be an old master/analog source, not necessarily transcoded",44100,14992,22050,1.2
/home/adam/driveBig/Music/Lofi/GREY CLOUD - James Primate - Rain World OST.flac,GRADUAL_ROLLOFF,"rolloff at ~19116Hz but gentle (0.5dB/kHz) - could be an old master/analog source, not necessarily transcoded",44100,19116,22050,0.5
/home/adam/driveBig/Music/Lofi/Haunt Muskie - C418 - Minecraft - Volume Beta.flac,GRADUAL_ROLLOFF,"rolloff at ~6342Hz but gentle (1.3dB/kHz) - could be an old master/analog source, not necessarily transcoded",44100,6342,22050,1.3
/home/adam/driveBig/Music/Lofi/Garden - Progfox - Rain World- Downpour- Original Soundtrack.flac,SUSPECT,"hard cutoff at ~16021Hz, steep 19.4dB/kHz -> likely transcoded from 128kbps MP3",44100,16021,22050,19.4
/home/adam/driveBig/Music/Lofi/Haggstrom - C418 - Minecraft - Volume Alpha.flac,GRADUAL_ROLLOFF,"rolloff at ~7924Hz but gentle (0.3dB/kHz) - could be an old master/analog source, not necessarily transcoded",44100,7924,22050,0.3
/home/adam/driveBig/Music/Lofi/Geothermal - Nightmargin; Eliza Velasquez - Oneshot- Original Game Soundtrack.flac,GRADUAL_ROLLOFF,"rolloff at ~16559Hz but gentle (11.7dB/kHz) - could be an old master/analog source, not necessarily transcoded",44100,16559,22050,11.7
/home/adam/driveBig/Music/Lofi/Into the Light - Nightmargin; Eliza Velasquez - Oneshot- Original Game Soundtrack.flac,GRADUAL_ROLLOFF,"rolloff at ~9507Hz but gentle (1.8dB/kHz) - could be an old master/analog source, not necessarily transcoded",44100,9507,22050,1.8
/home/adam/driveBig/Music/Lofi/Random Gods (Theme III) - James Primate - Rain World OST.flac,GRADUAL_ROLLOFF,"rolloff at ~10487Hz but gentle (1.8dB/kHz) - could be an old master/analog source, not necessarily transcoded",44100,10487,22050,1.8
/home/adam/driveBig/Music/Lofi/Random Fate - Progfox - Rain World- Downpour- Original Soundtrack.flac,GRADUAL_ROLLOFF,"rolloff at ~13103Hz but gentle (5.2dB/kHz) - could be an old master/analog source, not necessarily transcoded",44100,13103,22050,5.2
/home/adam/driveBig/Music/Lofi/Ram - Eliza Velasquez - Oneshot- Original Game Soundtrack.flac,GRADUAL_ROLLOFF,"rolloff at ~16010Hz but gentle (6.8dB/kHz) - could be an old master/analog source, not necessarily transcoded",44100,16010,22050,6.8
/home/adam/driveBig/Music/Lofi/Indoors - Nightmargin; Eliza Velasquez - Oneshot- Original Game Soundtrack.flac,SUSPECT,"hard cutoff at ~16468Hz, steep 15.9dB/kHz -> likely transcoded from 128kbps MP3",44100,16468,22050,15.9
/home/adam/driveBig/Music/Lofi/Reflection of the Moon - Connor Skidmore - Rain World- Downpour- Original Soundtrack.flac,SUSPECT,"hard cutoff at ~16451Hz, steep 18.3dB/kHz -> likely transcoded from 128kbps MP3",44100,16451,22050,18.3
/home/adam/driveBig/Music/Lofi/Satellite - Connor Skidmore - Rain World- Downpour- Original Soundtrack.flac,SUSPECT,"hard cutoff at ~16101Hz, steep 26.2dB/kHz -> likely transcoded from 128kbps MP3",44100,16101,22050,26.2
/home/adam/driveBig/Music/Lofi/Passages - James Primate - Rain World OST.flac,GRADUAL_ROLLOFF,"rolloff at ~6708Hz but gentle (2.3dB/kHz) - could be an old master/analog source, not necessarily transcoded",44100,6708,22050,2.3
/home/adam/driveBig/Music/Lofi/OneShot Trailer - Nightmargin; Eliza Velasquez - Oneshot- Original Game Soundtrack.flac,SUSPECT,"hard cutoff at ~16640Hz, steep 14.9dB/kHz -> likely transcoded from 128kbps MP3",44100,16640,22050,14.9
/home/adam/driveBig/Music/Lofi/Self Contained Universe - Nightmargin; Eliza Velasquez - Oneshot- Original Game Soundtrack.flac,GRADUAL_ROLLOFF,"rolloff at ~16005Hz but gentle (6.2dB/kHz) - could be an old master/analog source, not necessarily transcoded",44100,16005,22050,6.2
/home/adam/driveBig/Music/Lofi/Self Contained Universe (reprise) - Nightmargin; Eliza Velasquez - Oneshot- Original Game Soundtrack.flac,GRADUAL_ROLLOFF,"rolloff at ~16306Hz but gentle (9.9dB/kHz) - could be an old master/analog source, not necessarily transcoded",44100,16306,22050,9.9
/home/adam/driveBig/Music/Lofi/Rowbot - Eliza Velasquez - Oneshot- Original Game Soundtrack.flac,SUSPECT,"hard cutoff at ~16064Hz, steep 17.1dB/kHz -> likely transcoded from 128kbps MP3",44100,16064,22050,17.1
/home/adam/driveBig/Music/Lofi/Scapeless Doubt - Ongomato - Rain World- Downpour- Original Soundtrack.flac,SUSPECT,"hard cutoff at ~16532Hz, steep 26.6dB/kHz -> likely transcoded from 128kbps MP3",44100,16532,22050,26.6
/home/adam/driveBig/Music/Lofi/Orange Lizard - Progfox - Rain World- Downpour- Original Soundtrack.flac,SUSPECT,"hard cutoff at ~16607Hz, steep 15.8dB/kHz -> likely transcoded from 128kbps MP3",44100,16607,22050,15.8
/home/adam/driveBig/Music/Lofi/Pictures of the Past - James Primate - Rain World OST.flac,GRADUAL_ROLLOFF,"rolloff at ~8619Hz but gentle (0.6dB/kHz) - could be an old master/analog source, not necessarily transcoded",44100,8619,22050,0.6
/home/adam/driveBig/Music/Lofi/On Little Cat Feet - Nightmargin; Eliza Velasquez - Oneshot- Original Game Soundtrack.flac,GRADUAL_ROLLOFF,"rolloff at ~15999Hz but gentle (11.6dB/kHz) - could be an old master/analog source, not necessarily transcoded",44100,15999,22050,11.6
/home/adam/driveBig/Music/Lofi/Open Skies - Progfox - Rain World- Downpour- Original Soundtrack.flac,GRADUAL_ROLLOFF,"rolloff at ~14223Hz but gentle (0.5dB/kHz) - could be an old master/analog source, not necessarily transcoded",44100,14223,22050,0.5
/home/adam/driveBig/Music/Lofi/Overcast - Progfox - Rain World- Downpour- Original Soundtrack.flac,SUSPECT,"hard cutoff at ~16015Hz, steep 15.1dB/kHz -> likely transcoded from 128kbps MP3",44100,16015,22050,15.1
/home/adam/driveBig/Music/Lofi/Onto a New Dawn - Connor Skidmore - Rain World- Downpour- Original Soundtrack.flac,SUSPECT,"hard cutoff at ~16785Hz, steep 28.0dB/kHz -> likely transcoded from 128kbps MP3",44100,16785,22050,28.0
/home/adam/driveBig/Music/Lofi/Phosphor - Nightmargin; Eliza Velasquez - Oneshot- Original Game Soundtrack.flac,GRADUAL_ROLLOFF,"rolloff at ~15504Hz but gentle (-1.3dB/kHz) - could be an old master/analog source, not necessarily transcoded",44100,15504,22050,-1.3
/home/adam/driveBig/Music/Lofi/Outro Theme - Progfox - Rain World- Downpour- Original Soundtrack.flac,GRADUAL_ROLLOFF,"rolloff at ~10357Hz but gentle (4.7dB/kHz) - could be an old master/analog source, not necessarily transcoded",44100,10357,22050,4.7
/home/adam/driveBig/Music/Lofi/Overskog - Intikus - Rain World- Downpour- Original Soundtrack.flac,SUSPECT,"hard cutoff at ~16834Hz, steep 39.5dB/kHz -> likely transcoded from 128kbps MP3",44100,16834,22050,39.5
/home/adam/driveBig/Music/Lofi/Simple Secrets - Nightmargin; Eliza Velasquez - Oneshot- Original Game Soundtrack.flac,SKIP,too short to analyze,,,,
/home/adam/driveBig/Music/Lofi/Pulse - James Primate - Rain World OST.flac,GRADUAL_ROLLOFF,"rolloff at ~8463Hz but gentle (1.2dB/kHz) - could be an old master/analog source, not necessarily transcoded",44100,8463,22050,1.2
/home/adam/driveBig/Music/Lofi/Pretty - Eliza Velasquez - Oneshot- Original Game Soundtrack.flac,SUSPECT,"hard cutoff at ~16591Hz, steep 17.1dB/kHz -> likely transcoded from 128kbps MP3",44100,16591,22050,17.1
/home/adam/driveBig/Music/Lofi/Sun - Nightmargin; Eliza Velasquez - Oneshot- Original Game Soundtrack.flac,SUSPECT,"hard cutoff at ~16026Hz, steep 14.5dB/kHz -> likely transcoded from 128kbps MP3",44100,16026,22050,14.5
"/home/adam/driveBig/Music/Lofi/Pretty nice day, huh… - Nightmargin; Eliza Velasquez - Oneshot- Original Game Soundtrack.flac",SUSPECT,"hard cutoff at ~16177Hz, steep 17.3dB/kHz -> likely transcoded from 128kbps MP3",44100,16177,22050,17.3
/home/adam/driveBig/Music/Lofi/Pretty Bad - Eliza Velasquez - Oneshot- Original Game Soundtrack.flac,SUSPECT,"hard cutoff at ~16026Hz, steep 12.7dB/kHz -> likely transcoded from 128kbps MP3",44100,16026,22050,12.7
/home/adam/driveBig/Music/Lofi/Stargazer - James Primate - Rain World OST.flac,GRADUAL_ROLLOFF,"rolloff at ~13442Hz but gentle (-1.7dB/kHz) - could be an old master/analog source, not necessarily transcoded",44100,13442,22050,-1.7
/home/adam/driveBig/Music/Lofi/Rain - Progfox - Rain World- Downpour- Original Soundtrack.flac,SUSPECT,"hard cutoff at ~16785Hz, steep 32.6dB/kHz -> likely transcoded from 128kbps MP3",44100,16785,22050,32.6
/home/adam/driveBig/Music/Lofi/Someplace I Know - Nightmargin; Eliza Velasquez - Oneshot- Original Game Soundtrack.flac,GRADUAL_ROLLOFF,"rolloff at ~16010Hz but gentle (7.8dB/kHz) - could be an old master/analog source, not necessarily transcoded",44100,16010,22050,7.8
/home/adam/driveBig/Music/Lofi/Puzzle Solved - Nightmargin; Eliza Velasquez - Oneshot- Original Game Soundtrack.flac,GRADUAL_ROLLOFF,"rolloff at ~13528Hz but gentle (2.6dB/kHz) - could be an old master/analog source, not necessarily transcoded",44100,13528,22050,2.6
/home/adam/driveBig/Music/Lofi/Stone Heads - James Primate - Rain World OST.flac,SUSPECT,"hard cutoff at ~19461Hz, steep 18.9dB/kHz -> likely transcoded from 192kbps MP3",44100,19461,22050,18.9
/home/adam/driveBig/Music/Lofi/Silverpoint - Nightmargin; Eliza Velasquez - Oneshot- Original Game Soundtrack.flac,SUSPECT,"hard cutoff at ~17323Hz, steep 18.6dB/kHz -> likely transcoded from 160kbps MP3",44100,17323,22050,18.6
/home/adam/driveBig/Music/Lofi/Stal - C418 - Minecraft - Volume Beta.flac,GRADUAL_ROLLOFF,"rolloff at ~15412Hz but gentle (2.4dB/kHz) - could be an old master/analog source, not necessarily transcoded",44100,15412,22050,2.4
/home/adam/driveBig/Music/Lofi/Strad - C418 - Minecraft - Volume Beta.flac,GRADUAL_ROLLOFF,"rolloff at ~13921Hz but gentle (-0.1dB/kHz) - could be an old master/analog source, not necessarily transcoded",44100,13921,22050,-0.1
/home/adam/driveBig/Music/Lofi/Sonder - Nightmargin; Eliza Velasquez - Oneshot- Original Game Soundtrack.flac,SUSPECT,"hard cutoff at ~16543Hz, steep 23.1dB/kHz -> likely transcoded from 128kbps MP3",44100,16543,22050,23.1
/home/adam/driveBig/Music/Lofi/Sundown (Theme I) - James Primate - Rain World OST.flac,GRADUAL_ROLLOFF,"rolloff at ~18798Hz but gentle (1.3dB/kHz) - could be an old master/analog source, not necessarily transcoded",44100,18798,22050,1.3
/home/adam/driveBig/Music/Lofi/Subwoofer Lullaby - C418 - Minecraft - Volume Alpha.flac,GRADUAL_ROLLOFF,"rolloff at ~9851Hz but gentle (-0.0dB/kHz) - could be an old master/analog source, not necessarily transcoded",44100,9851,22050,-0.0
/home/adam/driveBig/Music/Lofi/Sparkling Pendulum - Ongomato - Rain World- Downpour- Original Soundtrack.flac,SUSPECT,"hard cutoff at ~16747Hz, steep 25.0dB/kHz -> likely transcoded from 128kbps MP3",44100,16747,22050,25.0
/home/adam/driveBig/Music/Lofi/Underhang - James Primate - Rain World OST.flac,GRADUAL_ROLLOFF,"rolloff at ~6761Hz but gentle (1.4dB/kHz) - could be an old master/analog source, not necessarily transcoded",44100,6761,22050,1.4
/home/adam/driveBig/Music/Lofi/Triptrap - Intikus - Rain World- Downpour- Original Soundtrack.flac,SUSPECT,"hard cutoff at ~16715Hz, steep 26.5dB/kHz -> likely transcoded from 128kbps MP3",44100,16715,22050,26.5
/home/adam/driveBig/Music/Lofi/Sweden - C418 - Minecraft - Volume Alpha.flac,GRADUAL_ROLLOFF,"rolloff at ~6621Hz but gentle (2.1dB/kHz) - could be an old master/analog source, not necessarily transcoded",44100,6621,22050,2.1
/home/adam/driveBig/Music/Lofi/Taswell - C418 - Minecraft - Volume Beta.flac,GRADUAL_ROLLOFF,"rolloff at ~6465Hz but gentle (-1.0dB/kHz) - could be an old master/analog source, not necessarily transcoded",44100,6465,22050,-1.0
/home/adam/driveBig/Music/Lofi/Unseen Lands - James Primate - Rain World OST.flac,GRADUAL_ROLLOFF,"rolloff at ~4441Hz but gentle (3.8dB/kHz) - could be an old master/analog source, not necessarily transcoded",44100,4441,22050,3.8
/home/adam/driveBig/Music/Lofi/Urban Jungle - James Primate - Rain World OST.flac,CLEAN,content extends to 21296Hz (Nyquist 22050Hz) - looks genuine,44100,21296,22050,15.9
/home/adam/driveBig/Music/Lofi/Threat - Waterfront Complex - James Primate; Lydia Esrig; Connor Skidmore - Rain World- Downpour- Original Soundtrack.flac,SUSPECT,"hard cutoff at ~16704Hz, steep 27.2dB/kHz -> likely transcoded from 128kbps MP3",44100,16704,22050,27.2
/home/adam/driveBig/Music/Lofi/Thanks for Everything - Nightmargin; Eliza Velasquez - Oneshot- Original Game Soundtrack.flac,GRADUAL_ROLLOFF,"rolloff at ~16651Hz but gentle (11.1dB/kHz) - could be an old master/analog source, not necessarily transcoded",44100,16651,22050,11.1
/home/adam/driveBig/Music/Lofi/To Dream - Nightmargin; Eliza Velasquez - Oneshot- Original Game Soundtrack.flac,SUSPECT,"hard cutoff at ~13808Hz, steep 14.0dB/kHz -> likely transcoded from very low bitrate (<128kbps) or heavily filtered source",44100,13808,22050,14.0
/home/adam/driveBig/Music/Lofi/Task - James Primate; Lydia Esrig - Rain World- Downpour- Original Soundtrack.flac,SUSPECT,"hard cutoff at ~16791Hz, steep 30.2dB/kHz -> likely transcoded from 128kbps MP3",44100,16791,22050,30.2
/home/adam/driveBig/Music/Lofi/Together - James Primate; Lydia Esrig - Rain World- Downpour- Original Soundtrack.flac,SUSPECT,"hard cutoff at ~16263Hz, steep 14.5dB/kHz -> likely transcoded from 128kbps MP3",44100,16263,22050,14.5
/home/adam/driveBig/Music/Lofi/To Sleep - Nightmargin; Eliza Velasquez - Oneshot- Original Game Soundtrack.flac,SUSPECT,"hard cutoff at ~16403Hz, steep 14.7dB/kHz -> likely transcoded from 128kbps MP3",44100,16403,22050,14.7
/home/adam/driveBig/Music/Lofi/Veiled Northstar - Connor Skidmore - Rain World- Downpour- Original Soundtrack.flac,SUSPECT,"hard cutoff at ~16570Hz, steep 26.5dB/kHz -> likely transcoded from 128kbps MP3",44100,16570,22050,26.5
/home/adam/driveBig/Music/Lofi/Trusted Component - Progfox - Rain World- Downpour- Original Soundtrack.flac,SUSPECT,"hard cutoff at ~16710Hz, steep 22.1dB/kHz -> likely transcoded from 128kbps MP3",44100,16710,22050,22.1
/home/adam/driveBig/Music/Lofi/Wait - C418 - Minecraft - Volume Beta.flac,GRADUAL_ROLLOFF,"rolloff at ~3725Hz but gentle (6.4dB/kHz) - could be an old master/analog source, not necessarily transcoded",44100,3725,22050,6.4
/home/adam/driveBig/Music/Lofi/Ward - C418 - Minecraft - Volume Beta.flac,GRADUAL_ROLLOFF,"rolloff at ~12322Hz but gentle (-3.2dB/kHz) - could be an old master/analog source, not necessarily transcoded",44100,12322,22050,-3.2
/home/adam/driveBig/Music/Lofi/Weyuon - James Primate - Rain World OST.flac,CLEAN,content extends to 21479Hz (Nyquist 22050Hz) - looks genuine,44100,21479,22050,32.2
/home/adam/driveBig/Music/Lofi/Warmth - C418 - Minecraft - Volume Beta.flac,GRADUAL_ROLLOFF,"rolloff at ~5249Hz but gentle (5.0dB/kHz) - could be an old master/analog source, not necessarily transcoded",44100,5249,22050,5.0
/home/adam/driveBig/Music/Lofi/Wandering Cut - Progfox - Rain World- Downpour- Original Soundtrack.flac,SUSPECT,"hard cutoff at ~16451Hz, steep 20.6dB/kHz -> likely transcoded from 128kbps MP3",44100,16451,22050,20.6
/home/adam/driveBig/Music/Lofi/Wet Hands - C418 - Minecraft - Volume Alpha.flac,GRADUAL_ROLLOFF,"rolloff at ~4527Hz but gentle (5.3dB/kHz) - could be an old master/analog source, not necessarily transcoded",44100,4527,22050,5.3
/home/adam/driveBig/Music/Lofi/White Lizard - Lydia Primate - Rain World OST.flac,SUSPECT,"hard cutoff at ~21167Hz, steep 12.8dB/kHz -> likely transcoded from 320kbps (or near-transparent) MP3/lossy",44100,21167,22050,12.8
/home/adam/driveBig/Music/Lofi/Weathered Steps - Connor Skidmore - Rain World- Downpour- Original Soundtrack.flac,SUSPECT,"hard cutoff at ~16554Hz, steep 25.3dB/kHz -> likely transcoded from 128kbps MP3",44100,16554,22050,25.3
/home/adam/driveBig/Music/My Playlist/(Druun) - DIIV - Oshin.flac,SUSPECT,"hard cutoff at ~16015Hz, steep 13.1dB/kHz -> likely transcoded from 128kbps MP3",44100,16015,22050,13.1
/home/adam/driveBig/Music/My Playlist/(A Slide In) New Drugs - King Krule - The Ooz.flac,GRADUAL_ROLLOFF,"rolloff at ~13286Hz but gentle (3.9dB/kHz) - could be an old master/analog source, not necessarily transcoded",44100,13286,22050,3.9
/home/adam/driveBig/Music/My Playlist/'39 - Queen - A Night At The Opera (Deluxe Edition 2011 Remaster).flac,GRADUAL_ROLLOFF,"rolloff at ~18513Hz but gentle (3.6dB/kHz) - could be an old master/analog source, not necessarily transcoded",44100,18513,22050,3.6
"/home/adam/driveBig/Music/My Playlist/(Druun, Part II) - DIIV - Oshin.flac",GRADUAL_ROLLOFF,"rolloff at ~16284Hz but gentle (6.0dB/kHz) - could be an old master/analog source, not necessarily transcoded",44100,16284,22050,6.0
/home/adam/driveBig/Music/My Playlist/(Guitar) - alt-J - An Awesome Wave.flac,SUSPECT,"hard cutoff at ~21086Hz, steep 15.1dB/kHz -> likely transcoded from 320kbps (or near-transparent) MP3/lossy",44100,21086,22050,15.1
/home/adam/driveBig/Music/My Playlist/'99' - Barns Courtney - 404.flac,SUSPECT,"hard cutoff at ~20763Hz, steep 16.6dB/kHz -> likely transcoded from 256/224kbps MP3/AAC",44100,20763,22050,16.6
/home/adam/driveBig/Music/Lofi/Wired - Progfox - Rain World- Downpour- Original Soundtrack.flac,SUSPECT,"hard cutoff at ~16031Hz, steep 14.5dB/kHz -> likely transcoded from 128kbps MP3",44100,16031,22050,14.5
path,verdict,detail,samplerate,cutoff_hz,nyquist_hz,slope_db_per_khz
/home/adam/driveBig/Music/Lofi/10.03 MB.flac,GRADUAL_ROLLOFF,"rolloff at ~19767Hz but gentle (8.0dB/kHz) - could be an old master/analog source, not necessarily transcoded",44100,19767,22050,8.0
/home/adam/driveBig/Music/Lofi/10.13 MB.flac,GRADUAL_ROLLOFF,"rolloff at ~15450Hz but gentle (2.1dB/kHz) - could be an old master/analog source, not necessarily transcoded",44100,15450,22050,2.1
/home/adam/driveBig/Music/Lofi/10.05 MB.flac,GRADUAL_ROLLOFF,"rolloff at ~15940Hz but gentle (1.7dB/kHz) - could be an old master/analog source, not necessarily transcoded",44100,15940,22050,1.7
/home/adam/driveBig/Music/Lofi/18.64 MB.flac,GRADUAL_ROLLOFF,"rolloff at ~9162Hz but gentle (4.1dB/kHz) - could be an old master/analog source, not necessarily transcoded",44100,9162,22050,4.1
/home/adam/driveBig/Music/Lofi/23.01 MB.flac,GRADUAL_ROLLOFF,"rolloff at ~5335Hz but gentle (5.4dB/kHz) - could be an old master/analog source, not necessarily transcoded",44100,5335,22050,5.4
/home/adam/driveBig/Music/Lofi/10.12 MB.flac,GRADUAL_ROLLOFF,"rolloff at ~20941Hz but gentle (9.5dB/kHz) - could be an old master/analog source, not necessarily transcoded",44100,20941,22050,9.5
/home/adam/driveBig/Music/Lofi/3.76 MB.flac,GRADUAL_ROLLOFF,"rolloff at ~12317Hz but gentle (4.2dB/kHz) - could be an old master/analog source, not necessarily transcoded",44100,12317,22050,4.2
/home/adam/driveBig/Music/Lofi/7.94 MB.flac,GRADUAL_ROLLOFF,"rolloff at ~11526Hz but gentle (5.3dB/kHz) - could be an old master/analog source, not necessarily transcoded",44100,11526,22050,5.3
/home/adam/driveBig/Music/Lofi/19.85 MB.flac,GRADUAL_ROLLOFF,"rolloff at ~17388Hz but gentle (1.5dB/kHz) - could be an old master/analog source, not necessarily transcoded",44100,17388,22050,1.5
/home/adam/driveBig/Music/Lofi/7.60 MB.flac,GRADUAL_ROLLOFF,"rolloff at ~15563Hz but gentle (1.6dB/kHz) - could be an old master/analog source, not necessarily transcoded",44100,15563,22050,1.6
/home/adam/driveBig/Music/Lofi/29.50 MB.flac,GRADUAL_ROLLOFF,"rolloff at ~15875Hz but gentle (5.2dB/kHz) - could be an old master/analog source, not necessarily transcoded",44100,15875,22050,5.2
/home/adam/driveBig/Music/Lofi/7.53 MB.flac,GRADUAL_ROLLOFF,"rolloff at ~16101Hz but gentle (2.8dB/kHz) - could be an old master/analog source, not necessarily transcoded",44100,16101,22050,2.8
/home/adam/driveBig/Music/Lofi/6.38 MB.flac,GRADUAL_ROLLOFF,"rolloff at ~6234Hz but gentle (5.0dB/kHz) - could be an old master/analog source, not necessarily transcoded",44100,6234,22050,5.0
/home/adam/driveBig/Music/Lofi/7.89 MB.flac,SUSPECT,"hard cutoff at ~10094Hz, steep 12.6dB/kHz -> likely transcoded from very low bitrate (<128kbps) or heavily filtered source",44100,10094,22050,12.6
/home/adam/driveBig/Music/Lofi/7.95 MB.flac,GRADUAL_ROLLOFF,"rolloff at ~15994Hz but gentle (1.2dB/kHz) - could be an old master/analog source, not necessarily transcoded",44100,15994,22050,1.2
/home/adam/driveBig/Music/Lofi/8.22 MB.flac,GRADUAL_ROLLOFF,"rolloff at ~19052Hz but gentle (2.1dB/kHz) - could be an old master/analog source, not necessarily transcoded",44100,19052,22050,2.1
/home/adam/driveBig/Music/Lofi/8.01 MB.flac,GRADUAL_ROLLOFF,"rolloff at ~11445Hz but gentle (1.1dB/kHz) - could be an old master/analog source, not necessarily transcoded",44100,11445,22050,1.1
/home/adam/driveBig/Music/Lofi/8.32 MB.flac,GRADUAL_ROLLOFF,"rolloff at ~13022Hz but gentle (1.3dB/kHz) - could be an old master/analog source, not necessarily transcoded",44100,13022,22050,1.3
/home/adam/driveBig/Music/Lofi/8.04 MB.flac,GRADUAL_ROLLOFF,"rolloff at ~20209Hz but gentle (2.3dB/kHz) - could be an old master/analog source, not necessarily transcoded",44100,20209,22050,2.3
/home/adam/driveBig/Music/Lofi/8.51 MB.flac,GRADUAL_ROLLOFF,"rolloff at ~11488Hz but gentle (2.7dB/kHz) - could be an old master/analog source, not necessarily transcoded",44100,11488,22050,2.7
/home/adam/driveBig/Music/Lofi/8.13 MB.flac,GRADUAL_ROLLOFF,"rolloff at ~19202Hz but gentle (5.0dB/kHz) - could be an old master/analog source, not necessarily transcoded",44100,19202,22050,5.0
/home/adam/driveBig/Music/Lofi/8.36 MB.flac,GRADUAL_ROLLOFF,"rolloff at ~10255Hz but gentle (2.8dB/kHz) - could be an old master/analog source, not necessarily transcoded",44100,10255,22050,2.8
/home/adam/driveBig/Music/Lofi/8.73 MB.flac,GRADUAL_ROLLOFF,"rolloff at ~20004Hz but gentle (1.1dB/kHz) - could be an old master/analog source, not necessarily transcoded",44100,20004,22050,1.1
/home/adam/driveBig/Music/Lofi/8.61 MB.flac,GRADUAL_ROLLOFF,"rolloff at ~14212Hz but gentle (2.1dB/kHz) - could be an old master/analog source, not necessarily transcoded",44100,14212,22050,2.1
/home/adam/driveBig/Music/Lofi/8.45 MB.flac,GRADUAL_ROLLOFF,"rolloff at ~8296Hz but gentle (1.4dB/kHz) - could be an old master/analog source, not necessarily transcoded",44100,8296,22050,1.4
/home/adam/driveBig/Music/Lofi/8.33 MB.flac,GRADUAL_ROLLOFF,"rolloff at ~8796Hz but gentle (3.6dB/kHz) - could be an old master/analog source, not necessarily transcoded",44100,8796,22050,3.6
/home/adam/driveBig/Music/Lofi/8.56 MB.flac,GRADUAL_ROLLOFF,"rolloff at ~9631Hz but gentle (7.6dB/kHz) - could be an old master/analog source, not necessarily transcoded",44100,9631,22050,7.6
/home/adam/driveBig/Music/Lofi/8.76 MB.flac,GRADUAL_ROLLOFF,"rolloff at ~17232Hz but gentle (0.9dB/kHz) - could be an old master/analog source, not necessarily transcoded",44100,17232,22050,0.9
/home/adam/driveBig/Music/Lofi/8.86 MB.flac,GRADUAL_ROLLOFF,"rolloff at ~15961Hz but gentle (0.2dB/kHz) - could be an old master/analog source, not necessarily transcoded",44100,15961,22050,0.2
/home/adam/driveBig/Music/Lofi/Breathing Hyometer - Progfox - Rain World- Downpour- Original Soundtrack.flac,SUSPECT,"hard cutoff at ~16715Hz, steep 28.3dB/kHz -> likely transcoded from 128kbps MP3",44100,16715,22050,28.3
/home/adam/driveBig/Music/Lofi/8.87 MB.flac,GRADUAL_ROLLOFF,"rolloff at ~16387Hz but gentle (3.8dB/kHz) - could be an old master/analog source, not necessarily transcoded",44100,16387,22050,3.8
/home/adam/driveBig/Music/Lofi/Black Moonlight - James Primate - Rain World OST.flac,SUSPECT,"hard cutoff at ~21113Hz, steep 12.3dB/kHz -> likely transcoded from 320kbps (or near-transparent) MP3/lossy",44100,21113,22050,12.3
/home/adam/driveBig/Music/Lofi/8.83 MB.flac,GRADUAL_ROLLOFF,"rolloff at ~15725Hz but gentle (1.7dB/kHz) - could be an old master/analog source, not necessarily transcoded",44100,15725,22050,1.7
/home/adam/driveBig/Music/Lofi/Biome Fest - C418 - Minecraft - Volume Beta.flac,GRADUAL_ROLLOFF,"rolloff at ~5254Hz but gentle (0.9dB/kHz) - could be an old master/analog source, not necessarily transcoded",44100,5254,22050,0.9
/home/adam/driveBig/Music/Lofi/8.94 MB.flac,GRADUAL_ROLLOFF,"rolloff at ~13480Hz but gentle (1.6dB/kHz) - could be an old master/analog source, not necessarily transcoded",44100,13480,22050,1.6
/home/adam/driveBig/Music/Lofi/Blocks - C418 - Minecraft - Volume Beta.flac,GRADUAL_ROLLOFF,"rolloff at ~12527Hz but gentle (1.4dB/kHz) - could be an old master/analog source, not necessarily transcoded",44100,12527,22050,1.4
/home/adam/driveBig/Music/Lofi/Bio-Engineering - James Primate; Lydia Primate - Rain World OST.flac,CLEAN,content extends to 21555Hz (Nyquist 22050Hz) - looks genuine,44100,21555,22050,38.5
/home/adam/driveBig/Music/Lofi/Blind Spots - C418 - Minecraft - Volume Beta.flac,GRADUAL_ROLLOFF,"rolloff at ~9432Hz but gentle (1.3dB/kHz) - could be an old master/analog source, not necessarily transcoded",44100,9432,22050,1.3
/home/adam/driveBig/Music/Lofi/Bloom - Progfox - Rain World- Downpour- Original Soundtrack.flac,SUSPECT,"hard cutoff at ~16177Hz, steep 14.5dB/kHz -> likely transcoded from 128kbps MP3",44100,16177,22050,14.5
/home/adam/driveBig/Music/Lofi/Cat - C418 - Minecraft - Volume Alpha.flac,GRADUAL_ROLLOFF,"rolloff at ~10729Hz but gentle (0.2dB/kHz) - could be an old master/analog source, not necessarily transcoded",44100,10729,22050,0.2
/home/adam/driveBig/Music/Lofi/Children of the Ruins - Nightmargin; Eliza Velasquez - Oneshot- Original Game Soundtrack.flac,GRADUAL_ROLLOFF,"rolloff at ~16010Hz but gentle (9.2dB/kHz) - could be an old master/analog source, not necessarily transcoded",44100,16010,22050,9.2
/home/adam/driveBig/Music/Lofi/12.32 MB.flac,GRADUAL_ROLLOFF,"rolloff at ~5857Hz but gentle (1.2dB/kHz) - could be an old master/analog source, not necessarily transcoded",44100,5857,22050,1.2
/home/adam/driveBig/Music/Lofi/Chilblain Grace - Ongomato - Rain World- Downpour- Original Soundtrack.flac,SUSPECT,"hard cutoff at ~16753Hz, steep 26.7dB/kHz -> likely transcoded from 128kbps MP3",44100,16753,22050,26.7
/home/adam/driveBig/Music/Lofi/12.16 MB.flac,GRADUAL_ROLLOFF,"rolloff at ~12925Hz but gentle (2.7dB/kHz) - could be an old master/analog source, not necessarily transcoded",44100,12925,22050,2.7
/home/adam/driveBig/Music/Lofi/12.23 MB.flac,GRADUAL_ROLLOFF,"rolloff at ~20812Hz but gentle (8.7dB/kHz) - could be an old master/analog source, not necessarily transcoded",44100,20812,22050,8.7
/home/adam/driveBig/Music/Lofi/12.49 MB.flac,GRADUAL_ROLLOFF,"rolloff at ~15208Hz but gentle (3.7dB/kHz) - could be an old master/analog source, not necessarily transcoded",44100,15208,22050,3.7
/home/adam/driveBig/Music/Lofi/12.45 MB.flac,GRADUAL_ROLLOFF,"rolloff at ~18319Hz but gentle (4.2dB/kHz) - could be an old master/analog source, not necessarily transcoded",44100,18319,22050,4.2
/home/adam/driveBig/Music/Lofi/12.46 MB.flac,GRADUAL_ROLLOFF,"rolloff at ~15741Hz but gentle (3.2dB/kHz) - could be an old master/analog source, not necessarily transcoded",44100,15741,22050,3.2
/home/adam/driveBig/Music/Lofi/12.72 MB.flac,GRADUAL_ROLLOFF,"rolloff at ~18508Hz but gentle (10.0dB/kHz) - could be an old master/analog source, not necessarily transcoded",44100,18508,22050,10.0
/home/adam/driveBig/Music/Lofi/12.60 MB.flac,GRADUAL_ROLLOFF,"rolloff at ~20096Hz but gentle (10.7dB/kHz) - could be an old master/analog source, not necessarily transcoded",44100,20096,22050,10.7
/home/adam/driveBig/Music/Lofi/12.71 MB.flac,GRADUAL_ROLLOFF,"rolloff at ~16817Hz but gentle (1.1dB/kHz) - could be an old master/analog source, not necessarily transcoded",44100,16817,22050,1.1
/home/adam/driveBig/Music/Lofi/12.83 MB.flac,GRADUAL_ROLLOFF,"rolloff at ~18459Hz but gentle (6.6dB/kHz) - could be an old master/analog source, not necessarily transcoded",44100,18459,22050,6.6
/home/adam/driveBig/Music/Lofi/12.38 MB.flac,GRADUAL_ROLLOFF,"rolloff at ~14050Hz but gentle (0.2dB/kHz) - could be an old master/analog source, not necessarily transcoded",44100,14050,22050,0.2
/home/adam/driveBig/Music/Lofi/12.79 MB.flac,GRADUAL_ROLLOFF,"rolloff at ~19994Hz but gentle (6.7dB/kHz) - could be an old master/analog source, not necessarily transcoded",44100,19994,22050,6.7
/home/adam/driveBig/Music/Lofi/12.86 MB.flac,GRADUAL_ROLLOFF,"rolloff at ~14960Hz but gentle (4.2dB/kHz) - could be an old master/analog source, not necessarily transcoded",44100,14960,22050,4.2
/home/adam/driveBig/Music/Lofi/12.76 MB.flac,GRADUAL_ROLLOFF,"rolloff at ~18039Hz but gentle (0.9dB/kHz) - could be an old master/analog source, not necessarily transcoded",44100,18039,22050,0.9
/home/adam/driveBig/Music/Lofi/12.87 MB.flac,GRADUAL_ROLLOFF,"rolloff at ~13727Hz but gentle (2.3dB/kHz) - could be an old master/analog source, not necessarily transcoded",44100,13727,22050,2.3
/home/adam/driveBig/Music/Lofi/13.00 MB.flac,GRADUAL_ROLLOFF,"rolloff at ~19202Hz but gentle (0.4dB/kHz) - could be an old master/analog source, not necessarily transcoded",44100,19202,22050,0.4
/home/adam/driveBig/Music/Lofi/12.91 MB.flac,GRADUAL_ROLLOFF,"rolloff at ~19708Hz but gentle (2.1dB/kHz) - could be an old master/analog source, not necessarily transcoded",44100,19708,22050,2.1
/home/adam/driveBig/Music/Lofi/13.08 MB.flac,GRADUAL_ROLLOFF,"rolloff at ~15848Hz but gentle (4.5dB/kHz) - could be an old master/analog source, not necessarily transcoded",44100,15848,22050,4.5
/home/adam/driveBig/Music/Lofi/13.12 MB.flac,GRADUAL_ROLLOFF,"rolloff at ~17415Hz but gentle (3.4dB/kHz) - could be an old master/analog source, not necessarily transcoded",44100,17415,22050,3.4
/home/adam/driveBig/Music/Lofi/12.94 MB.flac,GRADUAL_ROLLOFF,"rolloff at ~18691Hz but gentle (2.8dB/kHz) - could be an old master/analog source, not necessarily transcoded",44100,18691,22050,2.8
/home/adam/driveBig/Music/Lofi/13.16 MB.flac,GRADUAL_ROLLOFF,"rolloff at ~12737Hz but gentle (2.0dB/kHz) - could be an old master/analog source, not necessarily transcoded",44100,12737,22050,2.0
/home/adam/driveBig/Music/Lofi/13.42 MB.flac,GRADUAL_ROLLOFF,"rolloff at ~19439Hz but gentle (3.5dB/kHz) - could be an old master/analog source, not necessarily transcoded",44100,19439,22050,3.5
/home/adam/driveBig/Music/Lofi/13.10 MB.flac,GRADUAL_ROLLOFF,"rolloff at ~16726Hz but gentle (3.9dB/kHz) - could be an old master/analog source, not necessarily transcoded",44100,16726,22050,3.9
/home/adam/driveBig/Music/Lofi/13.31 MB_.flac,GRADUAL_ROLLOFF,"rolloff at ~19154Hz but gentle (2.7dB/kHz) - could be an old master/analog source, not necessarily transcoded",44100,19154,22050,2.7
/home/adam/driveBig/Music/Lofi/13.36 MB.flac,GRADUAL_ROLLOFF,"rolloff at ~14040Hz but gentle (5.8dB/kHz) - could be an old master/analog source, not necessarily transcoded",44100,14040,22050,5.8
/home/adam/driveBig/Music/Lofi/13.80 MB.flac,GRADUAL_ROLLOFF,"rolloff at ~20548Hz but gentle (6.9dB/kHz) - could be an old master/analog source, not necessarily transcoded",44100,20548,22050,6.9
/home/adam/driveBig/Music/Lofi/13.72 MB.flac,GRADUAL_ROLLOFF,"rolloff at ~18637Hz but gentle (3.9dB/kHz) - could be an old master/analog source, not necessarily transcoded",44100,18637,22050,3.9
/home/adam/driveBig/Music/Lofi/Library Stroll - Nightmargin; Eliza Velasquez - Oneshot- Original Game Soundtrack.flac,GRADUAL_ROLLOFF,"rolloff at ~15515Hz but gentle (4.6dB/kHz) - could be an old master/analog source, not necessarily transcoded",44100,15515,22050,4.6
/home/adam/driveBig/Music/Lofi/13.31 MB.flac,GRADUAL_ROLLOFF,"rolloff at ~18190Hz but gentle (2.6dB/kHz) - could be an old master/analog source, not necessarily transcoded",44100,18190,22050,2.6
/home/adam/driveBig/Music/Lofi/13.82 MB.flac,GRADUAL_ROLLOFF,"rolloff at ~11536Hz but gentle (0.9dB/kHz) - could be an old master/analog source, not necessarily transcoded",44100,11536,22050,0.9
/home/adam/driveBig/Music/Lofi/I’m Here - Michael Shirt - Oneshot- Original Game Soundtrack.flac,GRADUAL_ROLLOFF,"rolloff at ~12026Hz but gentle (-0.0dB/kHz) - could be an old master/analog source, not necessarily transcoded",44100,12026,22050,-0.0
/home/adam/driveBig/Music/Lofi/Key - C418 - Minecraft - Volume Alpha.flac,SUSPECT,"hard cutoff at ~2826Hz, steep 18.8dB/kHz -> likely transcoded from very low bitrate (<128kbps) or heavily filtered source",44100,2826,22050,18.8
/home/adam/driveBig/Music/Lofi/Kayava - James Primate - Rain World OST.flac,CLEAN,content extends to 21345Hz (Nyquist 22050Hz) - looks genuine,44100,21345,22050,21.1
/home/adam/driveBig/Music/Lofi/IT’S TIME TO FIGHT CRIME - Nightmargin; Eliza Velasquez - Oneshot- Original Game Soundtrack.flac,GRADUAL_ROLLOFF,"rolloff at ~15956Hz but gentle (5.0dB/kHz) - could be an old master/analog source, not necessarily transcoded",44100,15956,22050,5.0
/home/adam/driveBig/Music/Lofi/Ki - C418 - Minecraft - Volume Beta.flac,GRADUAL_ROLLOFF,"rolloff at ~11380Hz but gentle (0.9dB/kHz) - could be an old master/analog source, not necessarily transcoded",44100,11380,22050,0.9
/home/adam/driveBig/Music/Lofi/Lovely Arps - James Primate - Rain World OST.flac,SUSPECT,"hard cutoff at ~19364Hz, steep 17.8dB/kHz -> likely transcoded from 192kbps MP3",44100,19364,22050,17.8
/home/adam/driveBig/Music/Lofi/Kyoto - C418 - Minecraft - Volume Beta.flac,GRADUAL_ROLLOFF,"rolloff at ~4161Hz but gentle (4.9dB/kHz) - could be an old master/analog source, not necessarily transcoded",44100,4161,22050,4.9
/home/adam/driveBig/Music/Lofi/Living Mice - C418 - Minecraft - Volume Alpha.flac,GRADUAL_ROLLOFF,"rolloff at ~10169Hz but gentle (2.2dB/kHz) - could be an old master/analog source, not necessarily transcoded",44100,10169,22050,2.2
/home/adam/driveBig/Music/Lofi/Library Nap - Nightmargin; Eliza Velasquez - Oneshot- Original Game Soundtrack.flac,SUSPECT,"hard cutoff at ~16796Hz, steep 27.1dB/kHz -> likely transcoded from 128kbps MP3",44100,16796,22050,27.1
/home/adam/driveBig/Music/Lofi/Lost City - Progfox - Rain World- Downpour- Original Soundtrack.flac,GRADUAL_ROLLOFF,"rolloff at ~13119Hz but gentle (7.7dB/kHz) - could be an old master/analog source, not necessarily transcoded",44100,13119,22050,7.7
/home/adam/driveBig/Music/Lofi/Landmarks - Intikus - Rain World- Downpour- Original Soundtrack.flac,SUSPECT,"hard cutoff at ~16101Hz, steep 22.6dB/kHz -> likely transcoded from 128kbps MP3",44100,16101,22050,22.6
/home/adam/driveBig/Music/Lofi/Mall - C418 - Minecraft - Volume Beta.flac,GRADUAL_ROLLOFF,"rolloff at ~7074Hz but gentle (7.4dB/kHz) - could be an old master/analog source, not necessarily transcoded",44100,7074,22050,7.4
/home/adam/driveBig/Music/Lofi/Mellohi - C418 - Minecraft - Volume Beta.flac,GRADUAL_ROLLOFF,"rolloff at ~12522Hz but gentle (4.2dB/kHz) - could be an old master/analog source, not necessarily transcoded",44100,12522,22050,4.2
/home/adam/driveBig/Music/Lofi/Metal Canopy - Progfox - Rain World- Downpour- Original Soundtrack.flac,GRADUAL_ROLLOFF,"rolloff at ~16554Hz but gentle (11.9dB/kHz) - could be an old master/analog source, not necessarily transcoded",44100,16554,22050,11.9
/home/adam/driveBig/Music/Lofi/Minecraft - C418 - Minecraft - Volume Alpha.flac,GRADUAL_ROLLOFF,"rolloff at ~6670Hz but gentle (1.0dB/kHz) - could be an old master/analog source, not necessarily transcoded",44100,6670,22050,1.0
/home/adam/driveBig/Music/Lofi/The Coast - James Primate - Rain World OST.flac,GRADUAL_ROLLOFF,"rolloff at ~10008Hz but gentle (-0.6dB/kHz) - could be an old master/analog source, not necessarily transcoded",44100,10008,22050,-0.6
/home/adam/driveBig/Music/Lofi/The Prophecy - Nightmargin; Eliza Velasquez - Oneshot- Original Game Soundtrack.flac,GRADUAL_ROLLOFF,"rolloff at ~8005Hz but gentle (2.6dB/kHz) - could be an old master/analog source, not necessarily transcoded",44100,8005,22050,2.6
/home/adam/driveBig/Music/Lofi/Mice on Venus - C418 - Minecraft - Volume Alpha.flac,GRADUAL_ROLLOFF,"rolloff at ~13211Hz but gentle (2.6dB/kHz) - could be an old master/analog source, not necessarily transcoded",44100,13211,22050,2.6
/home/adam/driveBig/Music/Lofi/Moog City 2 - C418 - Minecraft - Volume Beta.flac,GRADUAL_ROLLOFF,"rolloff at ~3531Hz but gentle (5.6dB/kHz) - could be an old master/analog source, not necessarily transcoded",44100,3531,22050,5.6
/home/adam/driveBig/Music/Lofi/The Tower - Nightmargin; Eliza Velasquez - Oneshot- Original Game Soundtrack.flac,GRADUAL_ROLLOFF,"rolloff at ~16010Hz but gentle (7.9dB/kHz) - could be an old master/analog source, not necessarily transcoded",44100,16010,22050,7.9
/home/adam/driveBig/Music/Lofi/The End - C418 - Minecraft - Volume Beta.flac,GRADUAL_ROLLOFF,"rolloff at ~7025Hz but gentle (2.4dB/kHz) - could be an old master/analog source, not necessarily transcoded",44100,7025,22050,2.4
/home/adam/driveBig/Music/Lofi/Threat - Chimney Canopy - James Primate - Rain World OST.flac,CLEAN,content extends to 21522Hz (Nyquist 22050Hz) - looks genuine,44100,21522,22050,33.4
/home/adam/driveBig/Music/Lofi/Threat - Heavy Industrial - James Primate - Rain World OST.flac,CLEAN,content extends to 21533Hz (Nyquist 22050Hz) - looks genuine,44100,21533,22050,35.9
/home/adam/driveBig/Music/Lofi/Threat - Farm Arrays - James Primate - Rain World OST.flac,CLEAN,content extends to 21517Hz (Nyquist 22050Hz) - looks genuine,44100,21517,22050,30.3
/home/adam/driveBig/Music/Lofi/Threat - Garbage Wastes - James Primate - Rain World OST.flac,CLEAN,content extends to 21479Hz (Nyquist 22050Hz) - looks genuine,44100,21479,22050,30.2
/home/adam/driveBig/Music/Lofi/Threat - Metropolis (night) - Connor Skidmore - Rain World- Downpour- Original Soundtrack.flac,SUSPECT,"hard cutoff at ~16791Hz, steep 31.6dB/kHz -> likely transcoded from 128kbps MP3",44100,16791,22050,31.6
/home/adam/driveBig/Music/Lofi/Moog City - C418 - Minecraft - Volume Alpha.flac,GRADUAL_ROLLOFF,"rolloff at ~9119Hz but gentle (0.5dB/kHz) - could be an old master/analog source, not necessarily transcoded",44100,9119,22050,0.5
/home/adam/driveBig/Music/Lofi/Threat - Metropolis (day) - Connor Skidmore - Rain World- Downpour- Original Soundtrack.flac,SUSPECT,"hard cutoff at ~16672Hz, steep 29.5dB/kHz -> likely transcoded from 128kbps MP3",44100,16672,22050,29.5
/home/adam/driveBig/Music/Lofi/Threat - Outskirts - James Primate - Rain World OST.flac,CLEAN,content extends to 21469Hz (Nyquist 22050Hz) - looks genuine,44100,21469,22050,31.1
/home/adam/driveBig/Music/Lofi/Threat - Outer Expanse - Ongomato; Connor Skidmore - Rain World- Downpour- Original Soundtrack.flac,SUSPECT,"hard cutoff at ~16823Hz, steep 35.3dB/kHz -> likely transcoded from 128kbps MP3",44100,16823,22050,35.3
/home/adam/driveBig/Music/Lofi/Threat - Shoreline - James Primate - Rain World OST.flac,CLEAN,content extends to 21463Hz (Nyquist 22050Hz) - looks genuine,44100,21463,22050,22.9
/home/adam/driveBig/Music/Lofi/Threat - Rubicon (unused) - Connor Skidmore - Rain World- Downpour- Original Soundtrack.flac,SUSPECT,"hard cutoff at ~16828Hz, steep 33.8dB/kHz -> likely transcoded from 128kbps MP3",44100,16828,22050,33.8
/home/adam/driveBig/Music/Lofi/Threat - Pipe Yard - Connor Skidmore - Rain World- Downpour- Original Soundtrack.flac,SUSPECT,"hard cutoff at ~16505Hz, steep 14.8dB/kHz -> likely transcoded from 128kbps MP3",44100,16505,22050,14.8
/home/adam/driveBig/Music/Lofi/10.16 MB.flac,GRADUAL_ROLLOFF,"rolloff at ~9442Hz but gentle (1.8dB/kHz) - could be an old master/analog source, not necessarily transcoded",44100,9442,22050,1.8
/home/adam/driveBig/Music/Lofi/Threat - Looks to the Moon - Connor Skidmore - Rain World- Downpour- Original Soundtrack.flac,SUSPECT,"hard cutoff at ~16823Hz, steep 36.5dB/kHz -> likely transcoded from 128kbps MP3",44100,16823,22050,36.5
/home/adam/driveBig/Music/Lofi/13.84 MB.flac,GRADUAL_ROLLOFF,"rolloff at ~19019Hz but gentle (0.5dB/kHz) - could be an old master/analog source, not necessarily transcoded",44100,19019,22050,0.5
/home/adam/driveBig/Music/Lofi/12.10 MB.flac,GRADUAL_ROLLOFF,"rolloff at ~16371Hz but gentle (3.0dB/kHz) - could be an old master/analog source, not necessarily transcoded",44100,16371,22050,3.0
/home/adam/driveBig/Music/Lofi/8.94 MB_.flac,GRADUAL_ROLLOFF,"rolloff at ~13194Hz but gentle (2.0dB/kHz) - could be an old master/analog source, not necessarily transcoded",44100,13194,22050,2.0
/home/adam/driveBig/Music/Lofi/Threat - Sky Islands - James Primate - Rain World OST.flac,CLEAN,content extends to 21544Hz (Nyquist 22050Hz) - looks genuine,44100,21544,22050,38.7
/home/adam/driveBig/Music/Lofi/9.67 MB.flac,GRADUAL_ROLLOFF,"rolloff at ~11719Hz but gentle (2.1dB/kHz) - could be an old master/analog source, not necessarily transcoded",44100,11719,22050,2.1
/home/adam/driveBig/Music/Lofi/18.61 MB.flac,GRADUAL_ROLLOFF,"rolloff at ~20618Hz but gentle (9.1dB/kHz) - could be an old master/analog source, not necessarily transcoded",44100,20618,22050,9.1
/home/adam/driveBig/Music/Lofi/10.97 MB_.flac,GRADUAL_ROLLOFF,"rolloff at ~9405Hz but gentle (8.4dB/kHz) - could be an old master/analog source, not necessarily transcoded",44100,9405,22050,8.4
/home/adam/driveBig/Music/Lofi/Beginning 2 - C418 - Minecraft - Volume Beta.flac,GRADUAL_ROLLOFF,"rolloff at ~2514Hz but gentle (3.8dB/kHz) - could be an old master/analog source, not necessarily transcoded",44100,2514,22050,3.8
/home/adam/driveBig/Music/Lofi/Chirp - C418 - Minecraft - Volume Beta.flac,GRADUAL_ROLLOFF,"rolloff at ~9663Hz but gentle (2.7dB/kHz) - could be an old master/analog source, not necessarily transcoded",44100,9663,22050,2.7
/home/adam/driveBig/Music/Lofi/Dreiton - C418 - Minecraft - Volume Beta.flac,GRADUAL_ROLLOFF,"rolloff at ~9873Hz but gentle (2.4dB/kHz) - could be an old master/analog source, not necessarily transcoded",44100,9873,22050,2.4
/home/adam/driveBig/Music/Lofi/Fading Light - Connor Skidmore - Rain World- Downpour- Original Soundtrack.flac,SUSPECT,"hard cutoff at ~16834Hz, steep 36.7dB/kHz -> likely transcoded from 128kbps MP3",44100,16834,22050,36.7
/home/adam/driveBig/Music/Lofi/Frost Reaper - Connor Skidmore - Rain World- Downpour- Original Soundtrack.flac,SUSPECT,"hard cutoff at ~16796Hz, steep 31.6dB/kHz -> likely transcoded from 128kbps MP3",44100,16796,22050,31.6
/home/adam/driveBig/Music/Lofi/Oxygène - C418 - Minecraft - Volume Alpha.flac,GRADUAL_ROLLOFF,"rolloff at ~15908Hz but gentle (1.6dB/kHz) - could be an old master/analog source, not necessarily transcoded",44100,15908,22050,1.6
/home/adam/driveBig/Music/Lofi/Moondown (Theme II) - James Primate - Rain World OST.flac,GRADUAL_ROLLOFF,"rolloff at ~13980Hz but gentle (0.6dB/kHz) - could be an old master/analog source, not necessarily transcoded",44100,13980,22050,0.6
/home/adam/driveBig/Music/Lofi/On Little Cat Feet (ground) - Nightmargin; Eliza Velasquez - Oneshot- Original Game Soundtrack.flac,SUSPECT,"hard cutoff at ~16634Hz, steep 17.8dB/kHz -> likely transcoded from 128kbps MP3",44100,16634,22050,17.8
/home/adam/driveBig/Music/Lofi/The Captain - James Primate - Rain World OST.flac,SUSPECT,"hard cutoff at ~19310Hz, steep 22.1dB/kHz -> likely transcoded from 192kbps MP3",44100,19310,22050,22.1
/home/adam/driveBig/Music/Lofi/Sheer Ice Torrent - Connor Skidmore - Rain World- Downpour- Original Soundtrack.flac,SUSPECT,"hard cutoff at ~16177Hz, steep 22.8dB/kHz -> likely transcoded from 128kbps MP3",44100,16177,22050,22.8
/home/adam/driveBig/Music/Lofi/Threat - Superstructure - James Primate - Rain World OST.flac,CLEAN,content extends to 21173Hz (Nyquist 22050Hz) - looks genuine,44100,21173,22050,12.5
/home/adam/driveBig/Music/Lofi/Vast Unlife - Connor Skidmore - Rain World- Downpour- Original Soundtrack.flac,SUSPECT,"hard cutoff at ~16747Hz, steep 26.0dB/kHz -> likely transcoded from 128kbps MP3",44100,16747,22050,26.0
/home/adam/driveBig/Music/Lofi/10.19 MB.flac,GRADUAL_ROLLOFF,"rolloff at ~13313Hz but gentle (4.8dB/kHz) - could be an old master/analog source, not necessarily transcoded",44100,13313,22050,4.8
/home/adam/driveBig/Music/Lofi/10.47 MB.flac,GRADUAL_ROLLOFF,"rolloff at ~19692Hz but gentle (3.6dB/kHz) - could be an old master/analog source, not necessarily transcoded",44100,19692,22050,3.6
/home/adam/driveBig/Music/Lofi/Intro - C418 - Minecraft - Volume Beta.flac,GRADUAL_ROLLOFF,"rolloff at ~19703Hz but gentle (1.2dB/kHz) - could be an old master/analog source, not necessarily transcoded",44100,19703,22050,1.2
/home/adam/driveBig/Music/Lofi/10.63 MB.flac,GRADUAL_ROLLOFF,"rolloff at ~10514Hz but gentle (0.1dB/kHz) - could be an old master/analog source, not necessarily transcoded",44100,10514,22050,0.1
/home/adam/driveBig/Music/Lofi/Raindeer Ride - Lydia Primate - Rain World OST.flac,GRADUAL_ROLLOFF,"rolloff at ~18497Hz but gentle (0.5dB/kHz) - could be an old master/analog source, not necessarily transcoded",44100,18497,22050,0.5
/home/adam/driveBig/Music/Lofi/10.64 MB_.flac,GRADUAL_ROLLOFF,"rolloff at ~15735Hz but gentle (3.4dB/kHz) - could be an old master/analog source, not necessarily transcoded",44100,15735,22050,3.4
/home/adam/driveBig/Music/Lofi/10.64 MB.flac,GRADUAL_ROLLOFF,"rolloff at ~19261Hz but gentle (8.3dB/kHz) - could be an old master/analog source, not necessarily transcoded",44100,19261,22050,8.3
/home/adam/driveBig/Music/Lofi/10.70 MB.flac,GRADUAL_ROLLOFF,"rolloff at ~15703Hz but gentle (5.1dB/kHz) - could be an old master/analog source, not necessarily transcoded",44100,15703,22050,5.1
/home/adam/driveBig/Music/Lofi/10.66 MB.flac,GRADUAL_ROLLOFF,"rolloff at ~15827Hz but gentle (4.6dB/kHz) - could be an old master/analog source, not necessarily transcoded",44100,15827,22050,4.6
/home/adam/driveBig/Music/Lofi/10.88 MB.flac,GRADUAL_ROLLOFF,"rolloff at ~14513Hz but gentle (6.8dB/kHz) - could be an old master/analog source, not necessarily transcoded",44100,14513,22050,6.8
/home/adam/driveBig/Music/Lofi/10.81 MB.flac,GRADUAL_ROLLOFF,"rolloff at ~20107Hz but gentle (6.6dB/kHz) - could be an old master/analog source, not necessarily transcoded",44100,20107,22050,6.6
/home/adam/driveBig/Music/Lofi/10.67 MB.flac,GRADUAL_ROLLOFF,"rolloff at ~10837Hz but gentle (3.5dB/kHz) - could be an old master/analog source, not necessarily transcoded",44100,10837,22050,3.5
/home/adam/driveBig/Music/Lofi/10.84 MB.flac,GRADUAL_ROLLOFF,"rolloff at ~18605Hz but gentle (2.0dB/kHz) - could be an old master/analog source, not necessarily transcoded",44100,18605,22050,2.0
/home/adam/driveBig/Music/Lofi/10.83 MB.flac,GRADUAL_ROLLOFF,"rolloff at ~13200Hz but gentle (4.7dB/kHz) - could be an old master/analog source, not necessarily transcoded",44100,13200,22050,4.7
/home/adam/driveBig/Music/Lofi/10.75 MB.flac,GRADUAL_ROLLOFF,"rolloff at ~20053Hz but gentle (9.9dB/kHz) - could be an old master/analog source, not necessarily transcoded",44100,20053,22050,9.9
/home/adam/driveBig/Music/Lofi/10.84 MB_.flac,GRADUAL_ROLLOFF,"rolloff at ~19552Hz but gentle (3.7dB/kHz) - could be an old master/analog source, not necessarily transcoded",44100,19552,22050,3.7
/home/adam/driveBig/Music/Lofi/10.97 MB.flac,GRADUAL_ROLLOFF,"rolloff at ~19816Hz but gentle (1.5dB/kHz) - could be an old master/analog source, not necessarily transcoded",44100,19816,22050,1.5
/home/adam/driveBig/Music/Lofi/Droopy Likes Ricochet - C418 - Minecraft - Volume Alpha.flac,GRADUAL_ROLLOFF,"rolloff at ~14992Hz but gentle (2.6dB/kHz) - could be an old master/analog source, not necessarily transcoded",44100,14992,22050,2.6
/home/adam/driveBig/Music/Lofi/Factory - Nightmargin; Eliza Velasquez - Oneshot- Original Game Soundtrack.flac,SUSPECT,"hard cutoff at ~16801Hz, steep 31.3dB/kHz -> likely transcoded from 128kbps MP3",44100,16801,22050,31.3
/home/adam/driveBig/Music/Lofi/Dripping Time - James Primate - Rain World OST.flac,SUSPECT,"hard cutoff at ~19321Hz, steep 14.3dB/kHz -> likely transcoded from 192kbps MP3",44100,19321,22050,14.3
/home/adam/driveBig/Music/Lofi/10.94 MB.flac,GRADUAL_ROLLOFF,"rolloff at ~17587Hz but gentle (0.5dB/kHz) - could be an old master/analog source, not necessarily transcoded",44100,17587,22050,0.5
/home/adam/driveBig/Music/Lofi/Excuse - C418 - Minecraft - Volume Alpha.flac,GRADUAL_ROLLOFF,"rolloff at ~3984Hz but gentle (2.4dB/kHz) - could be an old master/analog source, not necessarily transcoded",44100,3984,22050,2.4
/home/adam/driveBig/Music/Lofi/Eleven - C418 - Minecraft - Volume Beta.flac,GRADUAL_ROLLOFF,"rolloff at ~5303Hz but gentle (3.3dB/kHz) - could be an old master/analog source, not necessarily transcoded",44100,5303,22050,3.3
/home/adam/driveBig/Music/Lofi/Droopy Likes Your Face - C418 - Minecraft - Volume Alpha.flac,GRADUAL_ROLLOFF,"rolloff at ~16209Hz but gentle (0.1dB/kHz) - could be an old master/analog source, not necessarily transcoded",44100,16209,22050,0.1
/home/adam/driveBig/Music/Lofi/ELSE VI - James Primate; Lydia Primate - Rain World OST.flac,GRADUAL_ROLLOFF,"rolloff at ~13238Hz but gentle (1.1dB/kHz) - could be an old master/analog source, not necessarily transcoded",44100,13238,22050,1.1
/home/adam/driveBig/Music/Lofi/9.03 MB.flac,GRADUAL_ROLLOFF,"rolloff at ~14653Hz but gentle (2.7dB/kHz) - could be an old master/analog source, not necessarily transcoded",44100,14653,22050,2.7
/home/adam/driveBig/Music/Lofi/9.11 MB.flac,GRADUAL_ROLLOFF,"rolloff at ~12468Hz but gentle (1.4dB/kHz) - could be an old master/analog source, not necessarily transcoded",44100,12468,22050,1.4
/home/adam/driveBig/Music/Lofi/Eyes of Iron - Connor Skidmore - Rain World- Downpour- Original Soundtrack.flac,SUSPECT,"hard cutoff at ~16785Hz, steep 29.0dB/kHz -> likely transcoded from 128kbps MP3",44100,16785,22050,29.0
/home/adam/driveBig/Music/Lofi/9.01 MB.flac,GRADUAL_ROLLOFF,"rolloff at ~14643Hz but gentle (1.9dB/kHz) - could be an old master/analog source, not necessarily transcoded",44100,14643,22050,1.9
/home/adam/driveBig/Music/Lofi/9.09 MB.flac,GRADUAL_ROLLOFF,"rolloff at ~15827Hz but gentle (5.6dB/kHz) - could be an old master/analog source, not necessarily transcoded",44100,15827,22050,5.6
/home/adam/driveBig/Music/Lofi/Dry Hands - C418 - Minecraft - Volume Alpha.flac,GRADUAL_ROLLOFF,"rolloff at ~6374Hz but gentle (2.4dB/kHz) - could be an old master/analog source, not necessarily transcoded",44100,6374,22050,2.4
/home/adam/driveBig/Music/Lofi/ELSE I - James Primate; Lydia Primate - Rain World OST.flac,GRADUAL_ROLLOFF,"rolloff at ~15918Hz but gentle (2.6dB/kHz) - could be an old master/analog source, not necessarily transcoded",44100,15918,22050,2.6
/home/adam/driveBig/Music/Lofi/9.18 MB.flac,GRADUAL_ROLLOFF,"rolloff at ~7892Hz but gentle (3.6dB/kHz) - could be an old master/analog source, not necessarily transcoded",44100,7892,22050,3.6
/home/adam/driveBig/Music/Lofi/9.33 MB.flac,GRADUAL_ROLLOFF,"rolloff at ~13663Hz but gentle (0.9dB/kHz) - could be an old master/analog source, not necessarily transcoded",44100,13663,22050,0.9
/home/adam/driveBig/Music/Lofi/9.48 MB.flac,GRADUAL_ROLLOFF,"rolloff at ~16548Hz but gentle (2.5dB/kHz) - could be an old master/analog source, not necessarily transcoded",44100,16548,22050,2.5
/home/adam/driveBig/Music/Lofi/9.27 MB.flac,GRADUAL_ROLLOFF,"rolloff at ~9458Hz but gentle (2.7dB/kHz) - could be an old master/analog source, not necessarily transcoded",44100,9458,22050,2.7
/home/adam/driveBig/Music/Lofi/9.53 MB.flac,GRADUAL_ROLLOFF,"rolloff at ~16198Hz but gentle (1.8dB/kHz) - could be an old master/analog source, not necessarily transcoded",44100,16198,22050,1.8
/home/adam/driveBig/Music/Lofi/9.24 MB.flac,GRADUAL_ROLLOFF,"rolloff at ~13205Hz but gentle (1.3dB/kHz) - could be an old master/analog source, not necessarily transcoded",44100,13205,22050,1.3
/home/adam/driveBig/Music/Lofi/9.65 MB.flac,GRADUAL_ROLLOFF,"rolloff at ~17722Hz but gentle (0.5dB/kHz) - could be an old master/analog source, not necessarily transcoded",44100,17722,22050,0.5
/home/adam/driveBig/Music/Lofi/9.54 MB.flac,GRADUAL_ROLLOFF,"rolloff at ~19794Hz but gentle (3.9dB/kHz) - could be an old master/analog source, not necessarily transcoded",44100,19794,22050,3.9
/home/adam/driveBig/Music/Lofi/9.64 MB.flac,GRADUAL_ROLLOFF,"rolloff at ~12758Hz but gentle (1.2dB/kHz) - could be an old master/analog source, not necessarily transcoded",44100,12758,22050,1.2
/home/adam/driveBig/Music/Lofi/13.86 MB.flac,GRADUAL_ROLLOFF,"rolloff at ~12904Hz but gentle (1.7dB/kHz) - could be an old master/analog source, not necessarily transcoded",44100,12904,22050,1.7
/home/adam/driveBig/Music/Lofi/9.61 MB.flac,GRADUAL_ROLLOFF,"rolloff at ~17964Hz but gentle (3.6dB/kHz) - could be an old master/analog source, not necessarily transcoded",44100,17964,22050,3.6
/home/adam/driveBig/Music/Lofi/13.97 MB.flac,GRADUAL_ROLLOFF,"rolloff at ~18276Hz but gentle (2.1dB/kHz) - could be an old master/analog source, not necessarily transcoded",44100,18276,22050,2.1
/home/adam/driveBig/Music/Lofi/14.06 MB.flac,GRADUAL_ROLLOFF,"rolloff at ~15735Hz but gentle (4.5dB/kHz) - could be an old master/analog source, not necessarily transcoded",44100,15735,22050,4.5
/home/adam/driveBig/Music/Lofi/9.59 MB.flac,GRADUAL_ROLLOFF,"rolloff at ~14729Hz but gentle (1.2dB/kHz) - could be an old master/analog source, not necessarily transcoded",44100,14729,22050,1.2
/home/adam/driveBig/Music/Lofi/14.09 MB.flac,GRADUAL_ROLLOFF,"rolloff at ~20483Hz but gentle (7.8dB/kHz) - could be an old master/analog source, not necessarily transcoded",44100,20483,22050,7.8
/home/adam/driveBig/Music/Lofi/14.20 MB.flac,GRADUAL_ROLLOFF,"rolloff at ~15106Hz but gentle (1.3dB/kHz) - could be an old master/analog source, not necessarily transcoded",44100,15106,22050,1.3
/home/adam/driveBig/Music/Lofi/14.10 MB.flac,GRADUAL_ROLLOFF,"rolloff at ~14341Hz but gentle (10.0dB/kHz) - could be an old master/analog source, not necessarily transcoded",44100,14341,22050,10.0
/home/adam/driveBig/Music/Lofi/14.29 MB.flac,GRADUAL_ROLLOFF,"rolloff at ~10395Hz but gentle (0.4dB/kHz) - could be an old master/analog source, not necessarily transcoded",44100,10395,22050,0.4
/home/adam/driveBig/Music/Lofi/14.72 MB.flac,GRADUAL_ROLLOFF,"rolloff at ~10853Hz but gentle (4.3dB/kHz) - could be an old master/analog source, not necessarily transcoded",44100,10853,22050,4.3
/home/adam/driveBig/Music/Lofi/14.61 MB.flac,GRADUAL_ROLLOFF,"rolloff at ~14492Hz but gentle (2.3dB/kHz) - could be an old master/analog source, not necessarily transcoded",44100,14492,22050,2.3
/home/adam/driveBig/Music/Lofi/14.26 MB.flac,GRADUAL_ROLLOFF,"rolloff at ~18023Hz but gentle (2.7dB/kHz) - could be an old master/analog source, not necessarily transcoded",44100,18023,22050,2.7
/home/adam/driveBig/Music/Lofi/14.22 MB.flac,GRADUAL_ROLLOFF,"rolloff at ~14244Hz but gentle (-0.3dB/kHz) - could be an old master/analog source, not necessarily transcoded",44100,14244,22050,-0.3
/home/adam/driveBig/Music/Lofi/15.04 MB.flac,GRADUAL_ROLLOFF,"rolloff at ~16791Hz but gentle (2.4dB/kHz) - could be an old master/analog source, not necessarily transcoded",44100,16791,22050,2.4
/home/adam/driveBig/Music/Lofi/14.80 MB.flac,GRADUAL_ROLLOFF,"rolloff at ~19531Hz but gentle (2.7dB/kHz) - could be an old master/analog source, not necessarily transcoded",44100,19531,22050,2.7
/home/adam/driveBig/Music/Lofi/14.95 MB.flac,CLEAN,content extends to 21296Hz (Nyquist 22050Hz) - looks genuine,44100,21296,22050,10.5
/home/adam/driveBig/Music/Lofi/15.13 MB.flac,GRADUAL_ROLLOFF,"rolloff at ~18858Hz but gentle (11.1dB/kHz) - could be an old master/analog source, not necessarily transcoded",44100,18858,22050,11.1
/home/adam/driveBig/Music/Lofi/14.23 MB.flac,GRADUAL_ROLLOFF,"rolloff at ~19105Hz but gentle (5.9dB/kHz) - could be an old master/analog source, not necessarily transcoded",44100,19105,22050,5.9
/home/adam/driveBig/Music/Lofi/15.32 MB.flac,CLEAN,content extends to 21221Hz (Nyquist 22050Hz) - looks genuine,44100,21221,22050,11.7
/home/adam/driveBig/Music/Lofi/14.92 MB.flac,GRADUAL_ROLLOFF,"rolloff at ~17781Hz but gentle (4.1dB/kHz) - could be an old master/analog source, not necessarily transcoded",44100,17781,22050,4.1
/home/adam/driveBig/Music/Lofi/15.76 MB.flac,GRADUAL_ROLLOFF,"rolloff at ~17792Hz but gentle (3.2dB/kHz) - could be an old master/analog source, not necessarily transcoded",44100,17792,22050,3.2
/home/adam/driveBig/Music/Lofi/16.15 MB.flac,GRADUAL_ROLLOFF,"rolloff at ~17070Hz but gentle (2.7dB/kHz) - could be an old master/analog source, not necessarily transcoded",44100,17070,22050,2.7
/home/adam/driveBig/Music/Lofi/16.47 MB.flac,SUSPECT,"hard cutoff at ~21065Hz, steep 12.2dB/kHz -> likely transcoded from 320kbps (or near-transparent) MP3/lossy",44100,21065,22050,12.2
/home/adam/driveBig/Music/Lofi/15.77 MB.flac,GRADUAL_ROLLOFF,"rolloff at ~13674Hz but gentle (1.4dB/kHz) - could be an old master/analog source, not necessarily transcoded",44100,13674,22050,1.4
/home/adam/driveBig/Music/Lofi/16.49 MB.flac,SUSPECT,"hard cutoff at ~21049Hz, steep 13.7dB/kHz -> likely transcoded from 320kbps (or near-transparent) MP3/lossy",44100,21049,22050,13.7
/home/adam/driveBig/Music/Lofi/16.05 MB.flac,GRADUAL_ROLLOFF,"rolloff at ~20274Hz but gentle (2.8dB/kHz) - could be an old master/analog source, not necessarily transcoded",44100,20274,22050,2.8
/home/adam/driveBig/Music/Lofi/Mud Pits - James Primate - Rain World OST.flac,GRADUAL_ROLLOFF,"rolloff at ~20801Hz but gentle (7.9dB/kHz) - could be an old master/analog source, not necessarily transcoded",44100,20801,22050,7.9
/home/adam/driveBig/Music/Lofi/17.57 MB.flac,GRADUAL_ROLLOFF,"rolloff at ~18685Hz but gentle (2.8dB/kHz) - could be an old master/analog source, not necessarily transcoded",44100,18685,22050,2.8
/home/adam/driveBig/Music/Lofi/Mutation - C418 - Minecraft - Volume Beta.flac,GRADUAL_ROLLOFF,"rolloff at ~2514Hz but gentle (7.2dB/kHz) - could be an old master/analog source, not necessarily transcoded",44100,2514,22050,7.2
/home/adam/driveBig/Music/Lofi/17.56 MB.flac,GRADUAL_ROLLOFF,"rolloff at ~12511Hz but gentle (1.4dB/kHz) - could be an old master/analog source, not necessarily transcoded",44100,12511,22050,1.4
/home/adam/driveBig/Music/Lofi/Navigate - Nightmargin; Eliza Velasquez - Oneshot- Original Game Soundtrack.flac,SUSPECT,"hard cutoff at ~16424Hz, steep 12.4dB/kHz -> likely transcoded from 128kbps MP3",44100,16424,22050,12.4
/home/adam/driveBig/Music/Lofi/Not Your Rain - Ongomato - Rain World- Downpour- Original Soundtrack.flac,SUSPECT,"hard cutoff at ~16828Hz, steep 35.9dB/kHz -> likely transcoded from 128kbps MP3",44100,16828,22050,35.9
/home/adam/driveBig/Music/Lofi/10.97 MB__.flac,GRADUAL_ROLLOFF,"rolloff at ~16839Hz but gentle (2.2dB/kHz) - could be an old master/analog source, not necessarily transcoded",44100,16839,22050,2.2
/home/adam/driveBig/Music/Lofi/New Else VIII - James Primate; Lydia Esrig - Rain World- Downpour- Original Soundtrack.flac,SUSPECT,"hard cutoff at ~16500Hz, steep 16.1dB/kHz -> likely transcoded from 128kbps MP3",44100,16500,22050,16.1
/home/adam/driveBig/Music/Lofi/11.04 MB_.flac,SUSPECT,"hard cutoff at ~20069Hz, steep 16.4dB/kHz -> likely transcoded from 256/224kbps MP3/AAC",44100,20069,22050,16.4
/home/adam/driveBig/Music/Lofi/11.04 MB.flac,GRADUAL_ROLLOFF,"rolloff at ~15854Hz but gentle (1.2dB/kHz) - could be an old master/analog source, not necessarily transcoded",44100,15854,22050,1.2
/home/adam/driveBig/Music/Lofi/Obverse of the Old Wind - Ongomato - Rain World- Downpour- Original Soundtrack.flac,SUSPECT,"hard cutoff at ~16774Hz, steep 28.4dB/kHz -> likely transcoded from 128kbps MP3",44100,16774,22050,28.4
/home/adam/driveBig/Music/Lofi/My Burden Is Light - Nightmargin; Eliza Velasquez - Oneshot- Original Game Soundtrack.flac,GRADUAL_ROLLOFF,"rolloff at ~15364Hz but gentle (9.5dB/kHz) - could be an old master/analog source, not necessarily transcoded",44100,15364,22050,9.5
/home/adam/driveBig/Music/Lofi/11.10 MB.flac,GRADUAL_ROLLOFF,"rolloff at ~15805Hz but gentle (5.7dB/kHz) - could be an old master/analog source, not necessarily transcoded",44100,15805,22050,5.7
/home/adam/driveBig/Music/Lofi/Niko and the World Machine - Nightmargin; Eliza Velasquez - Oneshot- Original Game Soundtrack.flac,GRADUAL_ROLLOFF,"rolloff at ~15412Hz but gentle (-0.8dB/kHz) - could be an old master/analog source, not necessarily transcoded",44100,15412,22050,-0.8
/home/adam/driveBig/Music/Lofi/11.20 MB.flac,GRADUAL_ROLLOFF,"rolloff at ~20715Hz but gentle (4.9dB/kHz) - could be an old master/analog source, not necessarily transcoded",44100,20715,22050,4.9
/home/adam/driveBig/Music/Lofi/11.32 MB.flac,GRADUAL_ROLLOFF,"rolloff at ~14147Hz but gentle (1.2dB/kHz) - could be an old master/analog source, not necessarily transcoded",44100,14147,22050,1.2
/home/adam/driveBig/Music/Lofi/11.35 MB_.flac,GRADUAL_ROLLOFF,"rolloff at ~20645Hz but gentle (6.1dB/kHz) - could be an old master/analog source, not necessarily transcoded",44100,20645,22050,6.1
/home/adam/driveBig/Music/Lofi/11.48 MB.flac,GRADUAL_ROLLOFF,"rolloff at ~19046Hz but gentle (1.7dB/kHz) - could be an old master/analog source, not necessarily transcoded",44100,19046,22050,1.7
/home/adam/driveBig/Music/Lofi/11.35 MB.flac,GRADUAL_ROLLOFF,"rolloff at ~17760Hz but gentle (3.2dB/kHz) - could be an old master/analog source, not necessarily transcoded",44100,17760,22050,3.2
/home/adam/driveBig/Music/Lofi/11.56 MB.flac,GRADUAL_ROLLOFF,"rolloff at ~15999Hz but gentle (3.3dB/kHz) - could be an old master/analog source, not necessarily transcoded",44100,15999,22050,3.3
/home/adam/driveBig/Music/Lofi/11.15 MB.flac,GRADUAL_ROLLOFF,"rolloff at ~19052Hz but gentle (7.7dB/kHz) - could be an old master/analog source, not necessarily transcoded",44100,19052,22050,7.7
/home/adam/driveBig/Music/Lofi/11.54 MB.flac,GRADUAL_ROLLOFF,"rolloff at ~10971Hz but gentle (2.2dB/kHz) - could be an old master/analog source, not necessarily transcoded",44100,10971,22050,2.2
/home/adam/driveBig/Music/Lofi/11.64 MB.flac,GRADUAL_ROLLOFF,"rolloff at ~14271Hz but gentle (3.8dB/kHz) - could be an old master/analog source, not necessarily transcoded",44100,14271,22050,3.8
/home/adam/driveBig/Music/Lofi/11.71 MB_.flac,GRADUAL_ROLLOFF,"rolloff at ~17792Hz but gentle (0.8dB/kHz) - could be an old master/analog source, not necessarily transcoded",44100,17792,22050,0.8
/home/adam/driveBig/Music/Lofi/11.65 MB.flac,GRADUAL_ROLLOFF,"rolloff at ~17054Hz but gentle (2.3dB/kHz) - could be an old master/analog source, not necessarily transcoded",44100,17054,22050,2.3
/home/adam/driveBig/Music/Lofi/11.71 MB.flac,GRADUAL_ROLLOFF,"rolloff at ~20230Hz but gentle (5.2dB/kHz) - could be an old master/analog source, not necessarily transcoded",44100,20230,22050,5.2
/home/adam/driveBig/Music/Lofi/11.75 MB.flac,GRADUAL_ROLLOFF,"rolloff at ~16424Hz but gentle (9.9dB/kHz) - could be an old master/analog source, not necessarily transcoded",44100,16424,22050,9.9
/home/adam/driveBig/Music/Lofi/11.85 MB_.flac,GRADUAL_ROLLOFF,"rolloff at ~17576Hz but gentle (2.0dB/kHz) - could be an old master/analog source, not necessarily transcoded",44100,17576,22050,2.0
/home/adam/driveBig/Music/Lofi/11.85 MB.flac,GRADUAL_ROLLOFF,"rolloff at ~16015Hz but gentle (11.6dB/kHz) - could be an old master/analog source, not necessarily transcoded",44100,16015,22050,11.6
/home/adam/driveBig/Music/Lofi/11.98 MB.flac,GRADUAL_ROLLOFF,"rolloff at ~21146Hz but gentle (11.8dB/kHz) - could be an old master/analog source, not necessarily transcoded",44100,21146,22050,11.8
/home/adam/driveBig/Music/Lofi/9.85 MB.flac,GRADUAL_ROLLOFF,"rolloff at ~16683Hz but gentle (1.1dB/kHz) - could be an old master/analog source, not necessarily transcoded",44100,16683,22050,1.1
/home/adam/driveBig/Music/Lofi/9.74 MB.flac,GRADUAL_ROLLOFF,"rolloff at ~10067Hz but gentle (2.8dB/kHz) - could be an old master/analog source, not necessarily transcoded",44100,10067,22050,2.8
/home/adam/driveBig/Music/Lofi/9.82 MB.flac,GRADUAL_ROLLOFF,"rolloff at ~13830Hz but gentle (4.4dB/kHz) - could be an old master/analog source, not necessarily transcoded",44100,13830,22050,4.4
/home/adam/driveBig/Music/Lofi/9.81 MB.flac,GRADUAL_ROLLOFF,"rolloff at ~13162Hz but gentle (1.6dB/kHz) - could be an old master/analog source, not necessarily transcoded",44100,13162,22050,1.6
/home/adam/driveBig/Music/Lofi/9.95 MB.flac,GRADUAL_ROLLOFF,"rolloff at ~20365Hz but gentle (6.7dB/kHz) - could be an old master/analog source, not necessarily transcoded",44100,20365,22050,6.7
/home/adam/driveBig/Music/Lofi/9.94 MB.flac,GRADUAL_ROLLOFF,"rolloff at ~18750Hz but gentle (0.2dB/kHz) - could be an old master/analog source, not necessarily transcoded",44100,18750,22050,0.2
/home/adam/driveBig/Music/Lofi/9.95 MB_.flac,GRADUAL_ROLLOFF,"rolloff at ~14449Hz but gentle (2.5dB/kHz) - could be an old master/analog source, not necessarily transcoded",44100,14449,22050,2.5
/home/adam/driveBig/Music/Lofi/9.96 MB.flac,GRADUAL_ROLLOFF,"rolloff at ~14390Hz but gentle (2.5dB/kHz) - could be an old master/analog source, not necessarily transcoded",44100,14390,22050,2.5
/home/adam/driveBig/Music/Lofi/9.98 MB.flac,GRADUAL_ROLLOFF,"rolloff at ~15730Hz but gentle (2.9dB/kHz) - could be an old master/analog source, not necessarily transcoded",44100,15730,22050,2.9
/home/adam/driveBig/Music/Lofi/Alpha - C418 - Minecraft - Volume Beta.flac,GRADUAL_ROLLOFF,"rolloff at ~4425Hz but gentle (3.3dB/kHz) - could be an old master/analog source, not necessarily transcoded",44100,4425,22050,3.3
/home/adam/driveBig/Music/Lofi/Accidented Condition - Ongomato - Rain World- Downpour- Original Soundtrack.flac,SUSPECT,"hard cutoff at ~16263Hz, steep 13.5dB/kHz -> likely transcoded from 128kbps MP3",44100,16263,22050,13.5
/home/adam/driveBig/Music/Lofi/A God’s Machine - Nightmargin; Eliza Velasquez - Oneshot- Original Game Soundtrack.flac,GRADUAL_ROLLOFF,"rolloff at ~19724Hz but gentle (0.8dB/kHz) - could be an old master/analog source, not necessarily transcoded",44100,19724,22050,0.8
/home/adam/driveBig/Music/Lofi/Abandoned Factory - Nightmargin; Eliza Velasquez - Oneshot- Original Game Soundtrack.flac,GRADUAL_ROLLOFF,"rolloff at ~16586Hz but gentle (11.3dB/kHz) - could be an old master/analog source, not necessarily transcoded",44100,16586,22050,11.3
/home/adam/driveBig/Music/Lofi/All Thats Lefts - James Primate - Rain World OST.flac,CLEAN,content extends to 21307Hz (Nyquist 22050Hz) - looks genuine,44100,21307,22050,21.0
/home/adam/driveBig/Music/Lofi/Aquaphobia - Progfox - Rain World- Downpour- Original Soundtrack.flac,GRADUAL_ROLLOFF,"rolloff at ~16010Hz but gentle (10.5dB/kHz) - could be an old master/analog source, not necessarily transcoded",44100,16010,22050,10.5
/home/adam/driveBig/Music/Lofi/Alula - Nightmargin; Eliza Velasquez - Oneshot- Original Game Soundtrack.flac,SUSPECT,"hard cutoff at ~16204Hz, steep 12.8dB/kHz -> likely transcoded from 128kbps MP3",44100,16204,22050,12.8
/home/adam/driveBig/Music/Lofi/Aria Math - C418 - Minecraft - Volume Beta.flac,GRADUAL_ROLLOFF,"rolloff at ~13657Hz but gentle (1.0dB/kHz) - could be an old master/analog source, not necessarily transcoded",44100,13657,22050,1.0
/home/adam/driveBig/Music/Lofi/Beginning - C418 - Minecraft - Volume Alpha.flac,GRADUAL_ROLLOFF,"rolloff at ~7935Hz but gentle (1.2dB/kHz) - could be an old master/analog source, not necessarily transcoded",44100,7935,22050,1.2
/home/adam/driveBig/Music/Lofi/Ancient - Progfox - Rain World- Downpour- Original Soundtrack.flac,SUSPECT,"hard cutoff at ~16753Hz, steep 29.7dB/kHz -> likely transcoded from 128kbps MP3",44100,16753,22050,29.7
/home/adam/driveBig/Music/Lofi/Ballad of the Cats - C418 - Minecraft - Volume Beta.flac,GRADUAL_ROLLOFF,"rolloff at ~5006Hz but gentle (6.0dB/kHz) - could be an old master/analog source, not necessarily transcoded",44100,5006,22050,6.0
/home/adam/driveBig/Music/Lofi/Chris - C418 - Minecraft - Volume Alpha.flac,GRADUAL_ROLLOFF,"rolloff at ~12592Hz but gentle (0.5dB/kHz) - could be an old master/analog source, not necessarily transcoded",44100,12592,22050,0.5
/home/adam/driveBig/Music/Lofi/Countdown - Nightmargin; Eliza Velasquez - Oneshot- Original Game Soundtrack.flac,GRADUAL_ROLLOFF,"rolloff at ~16511Hz but gentle (11.1dB/kHz) - could be an old master/analog source, not necessarily transcoded",44100,16511,22050,11.1
/home/adam/driveBig/Music/Lofi/Clark - C418 - Minecraft - Volume Alpha.flac,GRADUAL_ROLLOFF,"rolloff at ~7590Hz but gentle (2.6dB/kHz) - could be an old master/analog source, not necessarily transcoded",44100,7590,22050,2.6
/home/adam/driveBig/Music/Lofi/Danny - C418 - Minecraft - Volume Alpha.flac,GRADUAL_ROLLOFF,"rolloff at ~6282Hz but gentle (0.2dB/kHz) - could be an old master/analog source, not necessarily transcoded",44100,6282,22050,0.2
/home/adam/driveBig/Music/Lofi/Daze - Progfox; Connor Skidmore - Rain World- Downpour- Original Soundtrack.flac,SUSPECT,"hard cutoff at ~16021Hz, steep 12.4dB/kHz -> likely transcoded from 128kbps MP3",44100,16021,22050,12.4
/home/adam/driveBig/Music/Lofi/Concrete Halls - C418 - Minecraft - Volume Beta.flac,GRADUAL_ROLLOFF,"rolloff at ~6196Hz but gentle (1.9dB/kHz) - could be an old master/analog source, not necessarily transcoded",44100,6196,22050,1.9
/home/adam/driveBig/Music/Lofi/Ascent - Progfox - Rain World- Downpour- Original Soundtrack.flac,SUSPECT,"hard cutoff at ~16721Hz, steep 25.4dB/kHz -> likely transcoded from 128kbps MP3",44100,16721,22050,25.4
/home/adam/driveBig/Music/Lofi/Dark Stairwell - Nightmargin; Eliza Velasquez - Oneshot- Original Game Soundtrack.flac,GRADUAL_ROLLOFF,"rolloff at ~10454Hz but gentle (11.4dB/kHz) - could be an old master/analog source, not necessarily transcoded",44100,10454,22050,11.4
/home/adam/driveBig/Music/Lofi/Deep Light (Theme IV) - James Primate - Rain World OST.flac,GRADUAL_ROLLOFF,"rolloff at ~2686Hz but gentle (10.5dB/kHz) - could be an old master/analog source, not necessarily transcoded",44100,2686,22050,10.5
/home/adam/driveBig/Music/Lofi/Distant - Nightmargin; Eliza Velasquez - Oneshot- Original Game Soundtrack.flac,GRADUAL_ROLLOFF,"rolloff at ~10632Hz but gentle (2.3dB/kHz) - could be an old master/analog source, not necessarily transcoded",44100,10632,22050,2.3
/home/adam/driveBig/Music/Lofi/Distant Water - Nightmargin; Eliza Velasquez - Oneshot- Original Game Soundtrack.flac,GRADUAL_ROLLOFF,"rolloff at ~10088Hz but gentle (0.8dB/kHz) - could be an old master/analog source, not necessarily transcoded",44100,10088,22050,0.8
/home/adam/driveBig/Music/Lofi/Deep Energy - James Primate; Lydia Primate - Rain World OST.flac,CLEAN,content extends to 21318Hz (Nyquist 22050Hz) - looks genuine,44100,21318,22050,17.1
/home/adam/driveBig/Music/Lofi/Door - C418 - Minecraft - Volume Alpha.flac,GRADUAL_ROLLOFF,"rolloff at ~11370Hz but gentle (2.0dB/kHz) - could be an old master/analog source, not necessarily transcoded",44100,11370,22050,2.0
/home/adam/driveBig/Music/Lofi/Dog - C418 - Minecraft - Volume Alpha.flac,GRADUAL_ROLLOFF,"rolloff at ~10804Hz but gentle (2.2dB/kHz) - could be an old master/analog source, not necessarily transcoded",44100,10804,22050,2.2
/home/adam/driveBig/Music/Lofi/Flake - C418 - Minecraft - Volume Beta.flac,GRADUAL_ROLLOFF,"rolloff at ~13523Hz but gentle (0.6dB/kHz) - could be an old master/analog source, not necessarily transcoded",44100,13523,22050,0.6
/home/adam/driveBig/Music/Lofi/Downpour - James Primate; Lydia Esrig - Rain World- Downpour- Original Soundtrack.flac,GRADUAL_ROLLOFF,"rolloff at ~15095Hz but gentle (1.7dB/kHz) - could be an old master/analog source, not necessarily transcoded",44100,15095,22050,1.7
/home/adam/driveBig/Music/Lofi/Far - C418 - Minecraft - Volume Beta.flac,GRADUAL_ROLLOFF,"rolloff at ~8425Hz but gentle (2.9dB/kHz) - could be an old master/analog source, not necessarily transcoded",44100,8425,22050,2.9
/home/adam/driveBig/Music/Lofi/Floes - James Primate - Rain World OST.flac,CLEAN,content extends to 21555Hz (Nyquist 22050Hz) - looks genuine,44100,21555,22050,36.2
/home/adam/driveBig/Music/Lofi/Flooded Ruins - Nightmargin; Eliza Velasquez - Oneshot- Original Game Soundtrack.flac,SUSPECT,"hard cutoff at ~16769Hz, steep 24.9dB/kHz -> likely transcoded from 128kbps MP3",44100,16769,22050,24.9
/home/adam/driveBig/Music/Lofi/Flicker - Bwarch - Rain World- Downpour- Original Soundtrack.flac,GRADUAL_ROLLOFF,"rolloff at ~15908Hz but gentle (8.6dB/kHz) - could be an old master/analog source, not necessarily transcoded",44100,15908,22050,8.6
/home/adam/driveBig/Music/Lofi/Flux - Connor Skidmore - Rain World- Downpour- Original Soundtrack.flac,SUSPECT,"hard cutoff at ~16866Hz, steep 38.8dB/kHz -> likely transcoded from 128kbps MP3",44100,16866,22050,38.8
/home/adam/driveBig/Music/Lofi/Fragments - Progfox - Rain World- Downpour- Original Soundtrack.flac,SUSPECT,"hard cutoff at ~16559Hz, steep 25.3dB/kHz -> likely transcoded from 128kbps MP3",44100,16559,22050,25.3
/home/adam/driveBig/Music/Lofi/Garbage Worms - Lydia Primate - Rain World OST.flac,CLEAN,content extends to 21436Hz (Nyquist 22050Hz) - looks genuine,44100,21436,22050,24.5
/home/adam/driveBig/Music/Lofi/Fragile - Progfox - Rain World- Downpour- Original Soundtrack.flac,SUSPECT,"hard cutoff at ~16855Hz, steep 37.9dB/kHz -> likely transcoded from 128kbps MP3",44100,16855,22050,37.9
/home/adam/driveBig/Music/Lofi/GREY CLOUD - James Primate - Rain World OST.flac,GRADUAL_ROLLOFF,"rolloff at ~19116Hz but gentle (0.5dB/kHz) - could be an old master/analog source, not necessarily transcoded",44100,19116,22050,0.5
/home/adam/driveBig/Music/Lofi/Garden - Progfox - Rain World- Downpour- Original Soundtrack.flac,SUSPECT,"hard cutoff at ~16021Hz, steep 19.4dB/kHz -> likely transcoded from 128kbps MP3",44100,16021,22050,19.4
/home/adam/driveBig/Music/Lofi/Floating Trees - C418 - Minecraft - Volume Beta.flac,GRADUAL_ROLLOFF,"rolloff at ~3327Hz but gentle (2.7dB/kHz) - could be an old master/analog source, not necessarily transcoded",44100,3327,22050,2.7
/home/adam/driveBig/Music/Lofi/Grumblebum - James Primate - Rain World OST.flac,GRADUAL_ROLLOFF,"rolloff at ~14992Hz but gentle (1.2dB/kHz) - could be an old master/analog source, not necessarily transcoded",44100,14992,22050,1.2
/home/adam/driveBig/Music/Lofi/Frosted Festival - Progfox - Rain World- Downpour- Original Soundtrack.flac,SUSPECT,"hard cutoff at ~16543Hz, steep 18.7dB/kHz -> likely transcoded from 128kbps MP3",44100,16543,22050,18.7
/home/adam/driveBig/Music/Lofi/Haggstrom - C418 - Minecraft - Volume Alpha.flac,GRADUAL_ROLLOFF,"rolloff at ~7924Hz but gentle (0.3dB/kHz) - could be an old master/analog source, not necessarily transcoded",44100,7924,22050,0.3
/home/adam/driveBig/Music/Lofi/Haunt Muskie - C418 - Minecraft - Volume Beta.flac,GRADUAL_ROLLOFF,"rolloff at ~6342Hz but gentle (1.3dB/kHz) - could be an old master/analog source, not necessarily transcoded",44100,6342,22050,1.3
/home/adam/driveBig/Music/Lofi/Geothermal - Nightmargin; Eliza Velasquez - Oneshot- Original Game Soundtrack.flac,GRADUAL_ROLLOFF,"rolloff at ~16559Hz but gentle (11.7dB/kHz) - could be an old master/analog source, not necessarily transcoded",44100,16559,22050,11.7
/home/adam/driveBig/Music/Lofi/Indoors - Nightmargin; Eliza Velasquez - Oneshot- Original Game Soundtrack.flac,SUSPECT,"hard cutoff at ~16468Hz, steep 15.9dB/kHz -> likely transcoded from 128kbps MP3",44100,16468,22050,15.9
/home/adam/driveBig/Music/Lofi/Reflection of the Moon - Connor Skidmore - Rain World- Downpour- Original Soundtrack.flac,SUSPECT,"hard cutoff at ~16451Hz, steep 18.3dB/kHz -> likely transcoded from 128kbps MP3",44100,16451,22050,18.3
/home/adam/driveBig/Music/Lofi/Ram - Eliza Velasquez - Oneshot- Original Game Soundtrack.flac,GRADUAL_ROLLOFF,"rolloff at ~16010Hz but gentle (6.8dB/kHz) - could be an old master/analog source, not necessarily transcoded",44100,16010,22050,6.8
/home/adam/driveBig/Music/Lofi/Random Gods (Theme III) - James Primate - Rain World OST.flac,GRADUAL_ROLLOFF,"rolloff at ~10487Hz but gentle (1.8dB/kHz) - could be an old master/analog source, not necessarily transcoded",44100,10487,22050,1.8
/home/adam/driveBig/Music/Lofi/Random Fate - Progfox - Rain World- Downpour- Original Soundtrack.flac,GRADUAL_ROLLOFF,"rolloff at ~13103Hz but gentle (5.2dB/kHz) - could be an old master/analog source, not necessarily transcoded",44100,13103,22050,5.2
/home/adam/driveBig/Music/Lofi/Into the Light - Nightmargin; Eliza Velasquez - Oneshot- Original Game Soundtrack.flac,GRADUAL_ROLLOFF,"rolloff at ~9507Hz but gentle (1.8dB/kHz) - could be an old master/analog source, not necessarily transcoded",44100,9507,22050,1.8
/home/adam/driveBig/Music/Lofi/Satellite - Connor Skidmore - Rain World- Downpour- Original Soundtrack.flac,SUSPECT,"hard cutoff at ~16101Hz, steep 26.2dB/kHz -> likely transcoded from 128kbps MP3",44100,16101,22050,26.2
/home/adam/driveBig/Music/Lofi/Self Contained Universe (reprise) - Nightmargin; Eliza Velasquez - Oneshot- Original Game Soundtrack.flac,GRADUAL_ROLLOFF,"rolloff at ~16306Hz but gentle (9.9dB/kHz) - could be an old master/analog source, not necessarily transcoded",44100,16306,22050,9.9
/home/adam/driveBig/Music/Lofi/OneShot Trailer - Nightmargin; Eliza Velasquez - Oneshot- Original Game Soundtrack.flac,SUSPECT,"hard cutoff at ~16640Hz, steep 14.9dB/kHz -> likely transcoded from 128kbps MP3",44100,16640,22050,14.9
/home/adam/driveBig/Music/Lofi/On Little Cat Feet - Nightmargin; Eliza Velasquez - Oneshot- Original Game Soundtrack.flac,GRADUAL_ROLLOFF,"rolloff at ~15999Hz but gentle (11.6dB/kHz) - could be an old master/analog source, not necessarily transcoded",44100,15999,22050,11.6
/home/adam/driveBig/Music/Lofi/Scapeless Doubt - Ongomato - Rain World- Downpour- Original Soundtrack.flac,SUSPECT,"hard cutoff at ~16532Hz, steep 26.6dB/kHz -> likely transcoded from 128kbps MP3",44100,16532,22050,26.6
/home/adam/driveBig/Music/Lofi/Rowbot - Eliza Velasquez - Oneshot- Original Game Soundtrack.flac,SUSPECT,"hard cutoff at ~16064Hz, steep 17.1dB/kHz -> likely transcoded from 128kbps MP3",44100,16064,22050,17.1
/home/adam/driveBig/Music/Lofi/Onto a New Dawn - Connor Skidmore - Rain World- Downpour- Original Soundtrack.flac,SUSPECT,"hard cutoff at ~16785Hz, steep 28.0dB/kHz -> likely transcoded from 128kbps MP3",44100,16785,22050,28.0
/home/adam/driveBig/Music/Lofi/Open Skies - Progfox - Rain World- Downpour- Original Soundtrack.flac,GRADUAL_ROLLOFF,"rolloff at ~14223Hz but gentle (0.5dB/kHz) - could be an old master/analog source, not necessarily transcoded",44100,14223,22050,0.5
/home/adam/driveBig/Music/Lofi/Simple Secrets - Nightmargin; Eliza Velasquez - Oneshot- Original Game Soundtrack.flac,SKIP,too short to analyze,,,,
/home/adam/driveBig/Music/Lofi/Orange Lizard - Progfox - Rain World- Downpour- Original Soundtrack.flac,SUSPECT,"hard cutoff at ~16607Hz, steep 15.8dB/kHz -> likely transcoded from 128kbps MP3",44100,16607,22050,15.8
/home/adam/driveBig/Music/Lofi/Passages - James Primate - Rain World OST.flac,GRADUAL_ROLLOFF,"rolloff at ~6708Hz but gentle (2.3dB/kHz) - could be an old master/analog source, not necessarily transcoded",44100,6708,22050,2.3
/home/adam/driveBig/Music/Lofi/Self Contained Universe - Nightmargin; Eliza Velasquez - Oneshot- Original Game Soundtrack.flac,GRADUAL_ROLLOFF,"rolloff at ~16005Hz but gentle (6.2dB/kHz) - could be an old master/analog source, not necessarily transcoded",44100,16005,22050,6.2
/home/adam/driveBig/Music/Lofi/Outro Theme - Progfox - Rain World- Downpour- Original Soundtrack.flac,GRADUAL_ROLLOFF,"rolloff at ~10357Hz but gentle (4.7dB/kHz) - could be an old master/analog source, not necessarily transcoded",44100,10357,22050,4.7
/home/adam/driveBig/Music/Lofi/Overskog - Intikus - Rain World- Downpour- Original Soundtrack.flac,SUSPECT,"hard cutoff at ~16834Hz, steep 39.5dB/kHz -> likely transcoded from 128kbps MP3",44100,16834,22050,39.5
/home/adam/driveBig/Music/Lofi/Pictures of the Past - James Primate - Rain World OST.flac,GRADUAL_ROLLOFF,"rolloff at ~8619Hz but gentle (0.6dB/kHz) - could be an old master/analog source, not necessarily transcoded",44100,8619,22050,0.6
/home/adam/driveBig/Music/Lofi/Phosphor - Nightmargin; Eliza Velasquez - Oneshot- Original Game Soundtrack.flac,GRADUAL_ROLLOFF,"rolloff at ~15504Hz but gentle (-1.3dB/kHz) - could be an old master/analog source, not necessarily transcoded",44100,15504,22050,-1.3
/home/adam/driveBig/Music/Lofi/Overcast - Progfox - Rain World- Downpour- Original Soundtrack.flac,SUSPECT,"hard cutoff at ~16015Hz, steep 15.1dB/kHz -> likely transcoded from 128kbps MP3",44100,16015,22050,15.1
/home/adam/driveBig/Music/Lofi/Pretty - Eliza Velasquez - Oneshot- Original Game Soundtrack.flac,SUSPECT,"hard cutoff at ~16591Hz, steep 17.1dB/kHz -> likely transcoded from 128kbps MP3",44100,16591,22050,17.1
/home/adam/driveBig/Music/Lofi/Pretty Bad - Eliza Velasquez - Oneshot- Original Game Soundtrack.flac,SUSPECT,"hard cutoff at ~16026Hz, steep 12.7dB/kHz -> likely transcoded from 128kbps MP3",44100,16026,22050,12.7
/home/adam/driveBig/Music/Lofi/Pulse - James Primate - Rain World OST.flac,GRADUAL_ROLLOFF,"rolloff at ~8463Hz but gentle (1.2dB/kHz) - could be an old master/analog source, not necessarily transcoded",44100,8463,22050,1.2
/home/adam/driveBig/Music/Lofi/Sun - Nightmargin; Eliza Velasquez - Oneshot- Original Game Soundtrack.flac,SUSPECT,"hard cutoff at ~16026Hz, steep 14.5dB/kHz -> likely transcoded from 128kbps MP3",44100,16026,22050,14.5
"/home/adam/driveBig/Music/Lofi/Pretty nice day, huh… - Nightmargin; Eliza Velasquez - Oneshot- Original Game Soundtrack.flac",SUSPECT,"hard cutoff at ~16177Hz, steep 17.3dB/kHz -> likely transcoded from 128kbps MP3",44100,16177,22050,17.3
/home/adam/driveBig/Music/Lofi/Silverpoint - Nightmargin; Eliza Velasquez - Oneshot- Original Game Soundtrack.flac,SUSPECT,"hard cutoff at ~17323Hz, steep 18.6dB/kHz -> likely transcoded from 160kbps MP3",44100,17323,22050,18.6
/home/adam/driveBig/Music/Lofi/Someplace I Know - Nightmargin; Eliza Velasquez - Oneshot- Original Game Soundtrack.flac,GRADUAL_ROLLOFF,"rolloff at ~16010Hz but gentle (7.8dB/kHz) - could be an old master/analog source, not necessarily transcoded",44100,16010,22050,7.8
/home/adam/driveBig/Music/Lofi/Sonder - Nightmargin; Eliza Velasquez - Oneshot- Original Game Soundtrack.flac,SUSPECT,"hard cutoff at ~16543Hz, steep 23.1dB/kHz -> likely transcoded from 128kbps MP3",44100,16543,22050,23.1
/home/adam/driveBig/Music/Lofi/Rain - Progfox - Rain World- Downpour- Original Soundtrack.flac,SUSPECT,"hard cutoff at ~16785Hz, steep 32.6dB/kHz -> likely transcoded from 128kbps MP3",44100,16785,22050,32.6
